unique_id,id,rel_path,source,dataset_version,split,fps_src,n_frames_src,dur_src_s,target,event_frame,event_time_s,fps_embed,timing,weather,ego_involve,bins_10fps_50
C-TR-000001,000001,training/positive/000001.mp4,DAD,20fps5s,train,20.000,100,5.000,1,,5.000,20,,,,
C-TR-000002,000002,training/positive/000002.mp4,DAD,20fps5s,train,20.000,100,5.000,1,,5.000,20,,,,
C-TR-000003,000003,training/positive/000003.mp4,DAD,20fps5s,train,20.000,100,5.000,1,,5.000,20,,,,
C-TR-000004,000004,training/positive/000004.mp4,DAD,20fps5s,val,20.000,100,5.000,1,,5.000,20,,,,
C-TR-000005,000005,training/positive/000005.mp4,DAD,20fps5s,train,20.000,100,5.000,1,,5.000,20,,,,
C-TR-000006,000006,training/positive/000006.mp4,DAD,20fps5s,train,20.000,100,5.000,1,,5.000,20,,,,
C-TR-000007,000007,training/positive/000007.mp4,DAD,20fps5s,train,20.000,100,5.000,1,,5.000,20,,,,
C-TR-000008,000008,training/positive/000008.mp4,DAD,20fps5s,train,20.000,100,5.000,1,,5.000,20,,,,
C-TR-000009,000009,training/positive/000009.mp4,DAD,20fps5s,train,20.000,100,5.000,1,,5.000,20,,,,
C-TR-000010,000010,training/positive/000010.mp4,DAD,20fps5s,train,20.000,100,5.000,1,,5.000,20,,,,
C-TR-000011,000011,training/positive/000011.mp4,DAD,20fps5s,train,20.000,100,5.000,1,,5.000,20,,,,
C-TR-000012,000012,training/positive/000012.mp4,DAD,20fps5s,train,20.000,100,5.000,1,,5.000,20,,,,
C-TR-000013,000013,training/positive/000013.mp4,DAD,20fps5s,val,20.000,100,5.000,1,,5.000,20,,,,
C-TR-000014,000014,training/positive/000014.mp4,DAD,20fps5s,val,20.000,100,5.000,1,,5.000,20,,,,
C-TR-000015,000015,training/positive/000015.mp4,DAD,20fps5s,train,20.000,100,5.000,1,,5.000,20,,,,
C-TR-000016,000016,training/positive/000016.mp4,DAD,20fps5s,val,20.000,100,5.000,1,,5.000,20,,,,
C-TR-000017,000017,training/positive/000017.mp4,DAD,20fps5s,val,20.000,100,5.000,1,,5.000,20,,,,
C-TR-000018,000018,training/positive/000018.mp4,DAD,20fps5s,train,20.000,100,5.000,1,,5.000,20,,,,
C-TR-000019,000019,training/positive/000019.mp4,DAD,20fps5s,train,20.000,100,5.000,1,,5.000,20,,,,
C-TR-000020,000020,training/positive/000020.mp4,DAD,20fps5s,train,20.000,100,5.000,1,,5.000,20,,,,
C-TR-000021,000021,training/positive/000021.mp4,DAD,20fps5s,train,20.000,100,5.000,1,,5.000,20,,,,
C-TR-000022,000022,training/positive/000022.mp4,DAD,20fps5s,train,20.000,100,5.000,1,,5.000,20,,,,
C-TR-000023,000023,training/positive/000023.mp4,DAD,20fps5s,val,20.000,100,5.000,1,,5.000,20,,,,
C-TR-000024,000024,training/positive/000024.mp4,DAD,20fps5s,val,20.000,100,5.000,1,,5.000,20,,,,
C-TR-000025,000025,training/positive/000025.mp4,DAD,20fps5s,train,20.000,100,5.000,1,,5.000,20,,,,
C-TR-000026,000026,training/positive/000026.mp4,DAD,20fps5s,train,20.000,100,5.000,1,,5.000,20,,,,
C-TR-000027,000027,training/positive/000027.mp4,DAD,20fps5s,train,20.000,100,5.000,1,,5.000,20,,,,
C-TR-000028,000028,training/positive/000028.mp4,DAD,20fps5s,train,20.000,100,5.000,1,,5.000,20,,,,
C-TR-000029,000029,training/positive/000029.mp4,DAD,20fps5s,train,20.000,100,5.000,1,,5.000,20,,,,
C-TR-000030,000030,training/positive/000030.mp4,DAD,20fps5s,train,20.000,100,5.000,1,,5.000,20,,,,
C-TR-000031,000031,training/positive/000031.mp4,DAD,20fps5s,train,20.000,100,5.000,1,,5.000,20,,,,
C-TR-000032,000032,training/positive/000032.mp4,DAD,20fps5s,train,20.000,100,5.000,1,,5.000,20,,,,
C-TR-000033,000033,training/positive/000033.mp4,DAD,20fps5s,train,20.000,100,5.000,1,,5.000,20,,,,
C-TR-000034,000034,training/positive/000034.mp4,DAD,20fps5s,train,20.000,100,5.000,1,,5.000,20,,,,
C-TR-000035,000035,training/positive/000035.mp4,DAD,20fps5s,train,20.000,100,5.000,1,,5.000,20,,,,
C-TR-000036,000036,training/positive/000036.mp4,DAD,20fps5s,val,20.000,100,5.000,1,,5.000,20,,,,
C-TR-000037,000037,training/positive/000037.mp4,DAD,20fps5s,train,20.000,100,5.000,1,,5.000,20,,,,
C-TR-000038,000038,training/positive/000038.mp4,DAD,20fps5s,train,20.000,100,5.000,1,,5.000,20,,,,
C-TR-000039,000039,training/positive/000039.mp4,DAD,20fps5s,train,20.000,100,5.000,1,,5.000,20,,,,
C-TR-000040,000040,training/positive/000040.mp4,DAD,20fps5s,train,20.000,100,5.000,1,,5.000,20,,,,
C-TR-000041,000041,training/positive/000041.mp4,DAD,20fps5s,val,20.000,100,5.000,1,,5.000,20,,,,
C-TR-000042,000042,training/positive/000042.mp4,DAD,20fps5s,train,20.000,100,5.000,1,,5.000,20,,,,
C-TR-000043,000043,training/positive/000043.mp4,DAD,20fps5s,train,20.000,100,5.000,1,,5.000,20,,,,
C-TR-000044,000044,training/positive/000044.mp4,DAD,20fps5s,train,20.000,100,5.000,1,,5.000,20,,,,
C-TR-000045,000045,training/positive/000045.mp4,DAD,20fps5s,val,20.000,100,5.000,1,,5.000,20,,,,
C-TR-000046,000046,training/positive/000046.mp4,DAD,20fps5s,train,20.000,100,5.000,1,,5.000,20,,,,
C-TR-000047,000047,training/positive/000047.mp4,DAD,20fps5s,train,20.000,100,5.000,1,,5.000,20,,,,
C-TR-000048,000048,training/positive/000048.mp4,DAD,20fps5s,val,20.000,100,5.000,1,,5.000,20,,,,
C-TR-000049,000049,training/positive/000049.mp4,DAD,20fps5s,train,20.000,100,5.000,1,,5.000,20,,,,
C-TR-000050,000050,training/positive/000050.mp4,DAD,20fps5s,val,20.000,100,5.000,1,,5.000,20,,,,
C-TR-000051,000051,training/positive/000051.mp4,DAD,20fps5s,train,20.000,100,5.000,1,,5.000,20,,,,
C-TR-000052,000052,training/positive/000052.mp4,DAD,20fps5s,val,20.000,100,5.000,1,,5.000,20,,,,
C-TR-000053,000053,training/positive/000053.mp4,DAD,20fps5s,val,20.000,100,5.000,1,,5.000,20,,,,
C-TR-000054,000054,training/positive/000054.mp4,DAD,20fps5s,train,20.000,100,5.000,1,,5.000,20,,,,
C-TR-000055,000055,training/positive/000055.mp4,DAD,20fps5s,train,20.000,100,5.000,1,,5.000,20,,,,
C-TR-000056,000056,training/positive/000056.mp4,DAD,20fps5s,train,20.000,100,5.000,1,,5.000,20,,,,
C-TR-000057,000057,training/positive/000057.mp4,DAD,20fps5s,train,20.000,100,5.000,1,,5.000,20,,,,
C-TR-000058,000058,training/positive/000058.mp4,DAD,20fps5s,val,20.000,100,5.000,1,,5.000,20,,,,
C-TR-000059,000059,training/positive/000059.mp4,DAD,20fps5s,train,20.000,100,5.000,1,,5.000,20,,,,
C-TR-000060,000060,training/positive/000060.mp4,DAD,20fps5s,train,20.000,100,5.000,1,,5.000,20,,,,
C-TR-000061,000061,training/positive/000061.mp4,DAD,20fps5s,train,20.000,100,5.000,1,,5.000,20,,,,
C-TR-000062,000062,training/positive/000062.mp4,DAD,20fps5s,train,20.000,100,5.000,1,,5.000,20,,,,
C-TR-000063,000063,training/positive/000063.mp4,DAD,20fps5s,train,20.000,100,5.000,1,,5.000,20,,,,
C-TR-000064,000064,training/positive/000064.mp4,DAD,20fps5s,val,20.000,100,5.000,1,,5.000,20,,,,
C-TR-000065,000065,training/positive/000065.mp4,DAD,20fps5s,train,20.000,100,5.000,1,,5.000,20,,,,
C-TR-000066,000066,training/positive/000066.mp4,DAD,20fps5s,train,20.000,100,5.000,1,,5.000,20,,,,
C-TR-000067,000067,training/positive/000067.mp4,DAD,20fps5s,train,20.000,100,5.000,1,,5.000,20,,,,
C-TR-000068,000068,training/positive/000068.mp4,DAD,20fps5s,train,20.000,100,5.000,1,,5.000,20,,,,
C-TR-000069,000069,training/positive/000069.mp4,DAD,20fps5s,train,20.000,100,5.000,1,,5.000,20,,,,
C-TR-000070,000070,training/positive/000070.mp4,DAD,20fps5s,train,20.000,100,5.000,1,,5.000,20,,,,
C-TR-000071,000071,training/positive/000071.mp4,DAD,20fps5s,train,20.000,100,5.000,1,,5.000,20,,,,
C-TR-000072,000072,training/positive/000072.mp4,DAD,20fps5s,val,20.000,100,5.000,1,,5.000,20,,,,
C-TR-000073,000073,training/positive/000073.mp4,DAD,20fps5s,train,20.000,100,5.000,1,,5.000,20,,,,
C-TR-000074,000074,training/positive/000074.mp4,DAD,20fps5s,train,20.000,100,5.000,1,,5.000,20,,,,
C-TR-000075,000075,training/positive/000075.mp4,DAD,20fps5s,train,20.000,100,5.000,1,,5.000,20,,,,
C-TR-000076,000076,training/positive/000076.mp4,DAD,20fps5s,train,20.000,100,5.000,1,,5.000,20,,,,
C-TR-000077,000077,training/positive/000077.mp4,DAD,20fps5s,train,20.000,100,5.000,1,,5.000,20,,,,
C-TR-000078,000078,training/positive/000078.mp4,DAD,20fps5s,train,20.000,100,5.000,1,,5.000,20,,,,
C-TR-000079,000079,training/positive/000079.mp4,DAD,20fps5s,train,20.000,100,5.000,1,,5.000,20,,,,
C-TR-000080,000080,training/positive/000080.mp4,DAD,20fps5s,val,20.000,100,5.000,1,,5.000,20,,,,
C-TR-000081,000081,training/positive/000081.mp4,DAD,20fps5s,train,20.000,100,5.000,1,,5.000,20,,,,
C-TR-000082,000082,training/positive/000082.mp4,DAD,20fps5s,val,20.000,100,5.000,1,,5.000,20,,,,
C-TR-000083,000083,training/positive/000083.mp4,DAD,20fps5s,train,20.000,100,5.000,1,,5.000,20,,,,
C-TR-000084,000084,training/positive/000084.mp4,DAD,20fps5s,val,20.000,100,5.000,1,,5.000,20,,,,
C-TR-000085,000085,training/positive/000085.mp4,DAD,20fps5s,train,20.000,100,5.000,1,,5.000,20,,,,
C-TR-000086,000086,training/positive/000086.mp4,DAD,20fps5s,train,20.000,100,5.000,1,,5.000,20,,,,
C-TR-000087,000087,training/positive/000087.mp4,DAD,20fps5s,train,20.000,100,5.000,1,,5.000,20,,,,
C-TR-000088,000088,training/positive/000088.mp4,DAD,20fps5s,train,20.000,100,5.000,1,,5.000,20,,,,
C-TR-000089,000089,training/positive/000089.mp4,DAD,20fps5s,train,20.000,100,5.000,1,,5.000,20,,,,
C-TR-000090,000090,training/positive/000090.mp4,DAD,20fps5s,train,20.000,100,5.000,1,,5.000,20,,,,
C-TR-000091,000091,training/positive/000091.mp4,DAD,20fps5s,train,20.000,100,5.000,1,,5.000,20,,,,
C-TR-000092,000092,training/positive/000092.mp4,DAD,20fps5s,train,20.000,100,5.000,1,,5.000,20,,,,
C-TR-000093,000093,training/positive/000093.mp4,DAD,20fps5s,train,20.000,100,5.000,1,,5.000,20,,,,
C-TR-000094,000094,training/positive/000094.mp4,DAD,20fps5s,train,20.000,100,5.000,1,,5.000,20,,,,
C-TR-000095,000095,training/positive/000095.mp4,DAD,20fps5s,train,20.000,100,5.000,1,,5.000,20,,,,
C-TR-000096,000096,training/positive/000096.mp4,DAD,20fps5s,train,20.000,100,5.000,1,,5.000,20,,,,
C-TR-000097,000097,training/positive/000097.mp4,DAD,20fps5s,train,20.000,100,5.000,1,,5.000,20,,,,
C-TR-000098,000098,training/positive/000098.mp4,DAD,20fps5s,train,20.000,100,5.000,1,,5.000,20,,,,
C-TR-000099,000099,training/positive/000099.mp4,DAD,20fps5s,val,20.000,100,5.000,1,,5.000,20,,,,
C-TR-000100,000100,training/positive/000100.mp4,DAD,20fps5s,train,20.000,100,5.000,1,,5.000,20,,,,
C-TR-000101,000101,training/positive/000101.mp4,DAD,20fps5s,train,20.000,100,5.000,1,,5.000,20,,,,
C-TR-000102,000102,training/positive/000102.mp4,DAD,20fps5s,val,20.000,100,5.000,1,,5.000,20,,,,
C-TR-000103,000103,training/positive/000103.mp4,DAD,20fps5s,train,20.000,100,5.000,1,,5.000,20,,,,
C-TR-000104,000104,training/positive/000104.mp4,DAD,20fps5s,train,20.000,100,5.000,1,,5.000,20,,,,
C-TR-000105,000105,training/positive/000105.mp4,DAD,20fps5s,train,20.000,100,5.000,1,,5.000,20,,,,
C-TR-000106,000106,training/positive/000106.mp4,DAD,20fps5s,train,20.000,100,5.000,1,,5.000,20,,,,
C-TR-000107,000107,training/positive/000107.mp4,DAD,20fps5s,train,20.000,100,5.000,1,,5.000,20,,,,
C-TR-000108,000108,training/positive/000108.mp4,DAD,20fps5s,val,20.000,100,5.000,1,,5.000,20,,,,
C-TR-000109,000109,training/positive/000109.mp4,DAD,20fps5s,train,20.000,100,5.000,1,,5.000,20,,,,
C-TR-000110,000110,training/positive/000110.mp4,DAD,20fps5s,train,20.000,100,5.000,1,,5.000,20,,,,
C-TR-000111,000111,training/positive/000111.mp4,DAD,20fps5s,val,20.000,100,5.000,1,,5.000,20,,,,
C-TR-000112,000112,training/positive/000112.mp4,DAD,20fps5s,val,20.000,100,5.000,1,,5.000,20,,,,
C-TR-000113,000113,training/positive/000113.mp4,DAD,20fps5s,val,20.000,100,5.000,1,,5.000,20,,,,
C-TR-000114,000114,training/positive/000114.mp4,DAD,20fps5s,train,20.000,100,5.000,1,,5.000,20,,,,
C-TR-000115,000115,training/positive/000115.mp4,DAD,20fps5s,val,20.000,100,5.000,1,,5.000,20,,,,
C-TR-000116,000116,training/positive/000116.mp4,DAD,20fps5s,train,20.000,100,5.000,1,,5.000,20,,,,
C-TR-000117,000117,training/positive/000117.mp4,DAD,20fps5s,val,20.000,100,5.000,1,,5.000,20,,,,
C-TR-000118,000118,training/positive/000118.mp4,DAD,20fps5s,train,20.000,100,5.000,1,,5.000,20,,,,
C-TR-000119,000119,training/positive/000119.mp4,DAD,20fps5s,train,20.000,100,5.000,1,,5.000,20,,,,
C-TR-000120,000120,training/positive/000120.mp4,DAD,20fps5s,val,20.000,100,5.000,1,,5.000,20,,,,
C-TR-000121,000121,training/positive/000121.mp4,DAD,20fps5s,train,20.000,100,5.000,1,,5.000,20,,,,
C-TR-000122,000122,training/positive/000122.mp4,DAD,20fps5s,train,20.000,100,5.000,1,,5.000,20,,,,
C-TR-000123,000123,training/positive/000123.mp4,DAD,20fps5s,train,20.000,100,5.000,1,,5.000,20,,,,
C-TR-000124,000124,training/positive/000124.mp4,DAD,20fps5s,train,20.000,100,5.000,1,,5.000,20,,,,
C-TR-000125,000125,training/positive/000125.mp4,DAD,20fps5s,train,20.000,100,5.000,1,,5.000,20,,,,
C-TR-000126,000126,training/positive/000126.mp4,DAD,20fps5s,val,20.000,100,5.000,1,,5.000,20,,,,
C-TR-000127,000127,training/positive/000127.mp4,DAD,20fps5s,train,20.000,100,5.000,1,,5.000,20,,,,
C-TR-000128,000128,training/positive/000128.mp4,DAD,20fps5s,train,20.000,100,5.000,1,,5.000,20,,,,
C-TR-000129,000129,training/positive/000129.mp4,DAD,20fps5s,train,20.000,100,5.000,1,,5.000,20,,,,
C-TR-000130,000130,training/positive/000130.mp4,DAD,20fps5s,train,20.000,100,5.000,1,,5.000,20,,,,
C-TR-000131,000131,training/positive/000131.mp4,DAD,20fps5s,train,20.000,100,5.000,1,,5.000,20,,,,
C-TR-000132,000132,training/positive/000132.mp4,DAD,20fps5s,train,20.000,100,5.000,1,,5.000,20,,,,
C-TR-000133,000133,training/positive/000133.mp4,DAD,20fps5s,train,20.000,100,5.000,1,,5.000,20,,,,
C-TR-000134,000134,training/positive/000134.mp4,DAD,20fps5s,train,20.000,100,5.000,1,,5.000,20,,,,
C-TR-000135,000135,training/positive/000135.mp4,DAD,20fps5s,train,20.000,100,5.000,1,,5.000,20,,,,
C-TR-000136,000136,training/positive/000136.mp4,DAD,20fps5s,val,20.000,100,5.000,1,,5.000,20,,,,
C-TR-000137,000137,training/positive/000137.mp4,DAD,20fps5s,val,20.000,100,5.000,1,,5.000,20,,,,
C-TR-000138,000138,training/positive/000138.mp4,DAD,20fps5s,train,20.000,100,5.000,1,,5.000,20,,,,
C-TR-000139,000139,training/positive/000139.mp4,DAD,20fps5s,train,20.000,100,5.000,1,,5.000,20,,,,
C-TR-000140,000140,training/positive/000140.mp4,DAD,20fps5s,train,20.000,100,5.000,1,,5.000,20,,,,
C-TR-000141,000141,training/positive/000141.mp4,DAD,20fps5s,val,20.000,100,5.000,1,,5.000,20,,,,
C-TR-000142,000142,training/positive/000142.mp4,DAD,20fps5s,train,20.000,100,5.000,1,,5.000,20,,,,
C-TR-000143,000143,training/positive/000143.mp4,DAD,20fps5s,val,20.000,100,5.000,1,,5.000,20,,,,
C-TR-000144,000144,training/positive/000144.mp4,DAD,20fps5s,train,20.000,100,5.000,1,,5.000,20,,,,
C-TR-000145,000145,training/positive/000145.mp4,DAD,20fps5s,train,20.000,100,5.000,1,,5.000,20,,,,
C-TR-000146,000146,training/positive/000146.mp4,DAD,20fps5s,train,20.000,100,5.000,1,,5.000,20,,,,
C-TR-000147,000147,training/positive/000147.mp4,DAD,20fps5s,train,20.000,100,5.000,1,,5.000,20,,,,
C-TR-000148,000148,training/positive/000148.mp4,DAD,20fps5s,train,20.000,100,5.000,1,,5.000,20,,,,
C-TR-000149,000149,training/positive/000149.mp4,DAD,20fps5s,val,20.000,100,5.000,1,,5.000,20,,,,
C-TR-000150,000150,training/positive/000150.mp4,DAD,20fps5s,train,20.000,100,5.000,1,,5.000,20,,,,
C-TR-000151,000151,training/positive/000151.mp4,DAD,20fps5s,val,20.000,100,5.000,1,,5.000,20,,,,
C-TR-000152,000152,training/positive/000152.mp4,DAD,20fps5s,train,20.000,100,5.000,1,,5.000,20,,,,
C-TR-000153,000153,training/positive/000153.mp4,DAD,20fps5s,train,20.000,100,5.000,1,,5.000,20,,,,
C-TR-000154,000154,training/positive/000154.mp4,DAD,20fps5s,train,20.000,100,5.000,1,,5.000,20,,,,
C-TR-000155,000155,training/positive/000155.mp4,DAD,20fps5s,train,20.000,100,5.000,1,,5.000,20,,,,
C-TR-000156,000156,training/positive/000156.mp4,DAD,20fps5s,train,20.000,100,5.000,1,,5.000,20,,,,
C-TR-000157,000157,training/positive/000157.mp4,DAD,20fps5s,train,20.000,100,5.000,1,,5.000,20,,,,
C-TR-000158,000158,training/positive/000158.mp4,DAD,20fps5s,train,20.000,100,5.000,1,,5.000,20,,,,
C-TR-000159,000159,training/positive/000159.mp4,DAD,20fps5s,train,20.000,100,5.000,1,,5.000,20,,,,
C-TR-000160,000160,training/positive/000160.mp4,DAD,20fps5s,train,20.000,100,5.000,1,,5.000,20,,,,
C-TR-000161,000161,training/positive/000161.mp4,DAD,20fps5s,train,20.000,100,5.000,1,,5.000,20,,,,
C-TR-000162,000162,training/positive/000162.mp4,DAD,20fps5s,train,20.000,100,5.000,1,,5.000,20,,,,
C-TR-000163,000163,training/positive/000163.mp4,DAD,20fps5s,train,20.000,100,5.000,1,,5.000,20,,,,
C-TR-000164,000164,training/positive/000164.mp4,DAD,20fps5s,train,20.000,100,5.000,1,,5.000,20,,,,
C-TR-000165,000165,training/positive/000165.mp4,DAD,20fps5s,train,20.000,100,5.000,1,,5.000,20,,,,
C-TR-000166,000166,training/positive/000166.mp4,DAD,20fps5s,train,20.000,100,5.000,1,,5.000,20,,,,
C-TR-000167,000167,training/positive/000167.mp4,DAD,20fps5s,train,20.000,100,5.000,1,,5.000,20,,,,
C-TR-000168,000168,training/positive/000168.mp4,DAD,20fps5s,train,20.000,100,5.000,1,,5.000,20,,,,
C-TR-000169,000169,training/positive/000169.mp4,DAD,20fps5s,train,20.000,100,5.000,1,,5.000,20,,,,
C-TR-000170,000170,training/positive/000170.mp4,DAD,20fps5s,train,20.000,100,5.000,1,,5.000,20,,,,
C-TR-000171,000171,training/positive/000171.mp4,DAD,20fps5s,train,20.000,100,5.000,1,,5.000,20,,,,
C-TR-000172,000172,training/positive/000172.mp4,DAD,20fps5s,train,20.000,100,5.000,1,,5.000,20,,,,
C-TR-000173,000173,training/positive/000173.mp4,DAD,20fps5s,val,20.000,100,5.000,1,,5.000,20,,,,
C-TR-000174,000174,training/positive/000174.mp4,DAD,20fps5s,train,20.000,100,5.000,1,,5.000,20,,,,
C-TR-000175,000175,training/positive/000175.mp4,DAD,20fps5s,val,20.000,100,5.000,1,,5.000,20,,,,
C-TR-000176,000176,training/positive/000176.mp4,DAD,20fps5s,train,20.000,100,5.000,1,,5.000,20,,,,
C-TR-000177,000177,training/positive/000177.mp4,DAD,20fps5s,val,20.000,100,5.000,1,,5.000,20,,,,
C-TR-000178,000178,training/positive/000178.mp4,DAD,20fps5s,train,20.000,100,5.000,1,,5.000,20,,,,
C-TR-000179,000179,training/positive/000179.mp4,DAD,20fps5s,train,20.000,100,5.000,1,,5.000,20,,,,
C-TR-000180,000180,training/positive/000180.mp4,DAD,20fps5s,train,20.000,100,5.000,1,,5.000,20,,,,
C-TR-000181,000181,training/positive/000181.mp4,DAD,20fps5s,train,20.000,100,5.000,1,,5.000,20,,,,
C-TR-000182,000182,training/positive/000182.mp4,DAD,20fps5s,val,20.000,100,5.000,1,,5.000,20,,,,
C-TR-000183,000183,training/positive/000183.mp4,DAD,20fps5s,train,20.000,100,5.000,1,,5.000,20,,,,
C-TR-000184,000184,training/positive/000184.mp4,DAD,20fps5s,val,20.000,100,5.000,1,,5.000,20,,,,
C-TR-000185,000185,training/positive/000185.mp4,DAD,20fps5s,train,20.000,100,5.000,1,,5.000,20,,,,
C-TR-000186,000186,training/positive/000186.mp4,DAD,20fps5s,val,20.000,100,5.000,1,,5.000,20,,,,
C-TR-000187,000187,training/positive/000187.mp4,DAD,20fps5s,val,20.000,100,5.000,1,,5.000,20,,,,
C-TR-000188,000188,training/positive/000188.mp4,DAD,20fps5s,train,20.000,100,5.000,1,,5.000,20,,,,
C-TR-000189,000189,training/positive/000189.mp4,DAD,20fps5s,train,20.000,100,5.000,1,,5.000,20,,,,
C-TR-000190,000190,training/positive/000190.mp4,DAD,20fps5s,val,20.000,100,5.000,1,,5.000,20,,,,
C-TR-000191,000191,training/positive/000191.mp4,DAD,20fps5s,train,20.000,100,5.000,1,,5.000,20,,,,
C-TR-000192,000192,training/positive/000192.mp4,DAD,20fps5s,train,20.000,100,5.000,1,,5.000,20,,,,
C-TR-000193,000193,training/positive/000193.mp4,DAD,20fps5s,train,20.000,100,5.000,1,,5.000,20,,,,
C-TR-000194,000194,training/positive/000194.mp4,DAD,20fps5s,val,20.000,100,5.000,1,,5.000,20,,,,
C-TR-000195,000195,training/positive/000195.mp4,DAD,20fps5s,val,20.000,100,5.000,1,,5.000,20,,,,
C-TR-000196,000196,training/positive/000196.mp4,DAD,20fps5s,train,20.000,100,5.000,1,,5.000,20,,,,
C-TR-000197,000197,training/positive/000197.mp4,DAD,20fps5s,train,20.000,100,5.000,1,,5.000,20,,,,
C-TR-000198,000198,training/positive/000198.mp4,DAD,20fps5s,train,20.000,100,5.000,1,,5.000,20,,,,
C-TR-000199,000199,training/positive/000199.mp4,DAD,20fps5s,train,20.000,100,5.000,1,,5.000,20,,,,
C-TR-000200,000200,training/positive/000200.mp4,DAD,20fps5s,train,20.000,100,5.000,1,,5.000,20,,,,
C-TR-000201,000201,training/positive/000201.mp4,DAD,20fps5s,train,20.000,100,5.000,1,,5.000,20,,,,
C-TR-000202,000202,training/positive/000202.mp4,DAD,20fps5s,train,20.000,100,5.000,1,,5.000,20,,,,
C-TR-000203,000203,training/positive/000203.mp4,DAD,20fps5s,train,20.000,100,5.000,1,,5.000,20,,,,
C-TR-000204,000204,training/positive/000204.mp4,DAD,20fps5s,train,20.000,100,5.000,1,,5.000,20,,,,
C-TR-000205,000205,training/positive/000205.mp4,DAD,20fps5s,train,20.000,100,5.000,1,,5.000,20,,,,
C-TR-000206,000206,training/positive/000206.mp4,DAD,20fps5s,train,20.000,100,5.000,1,,5.000,20,,,,
C-TR-000207,000207,training/positive/000207.mp4,DAD,20fps5s,train,20.000,100,5.000,1,,5.000,20,,,,
C-TR-000208,000208,training/positive/000208.mp4,DAD,20fps5s,train,20.000,100,5.000,1,,5.000,20,,,,
C-TR-000209,000209,training/positive/000209.mp4,DAD,20fps5s,train,20.000,100,5.000,1,,5.000,20,,,,
C-TR-000210,000210,training/positive/000210.mp4,DAD,20fps5s,train,20.000,100,5.000,1,,5.000,20,,,,
C-TR-000211,000211,training/positive/000211.mp4,DAD,20fps5s,train,20.000,100,5.000,1,,5.000,20,,,,
C-TR-000212,000212,training/positive/000212.mp4,DAD,20fps5s,train,20.000,100,5.000,1,,5.000,20,,,,
C-TR-000213,000213,training/positive/000213.mp4,DAD,20fps5s,train,20.000,100,5.000,1,,5.000,20,,,,
C-TR-000214,000214,training/positive/000214.mp4,DAD,20fps5s,train,20.000,100,5.000,1,,5.000,20,,,,
C-TR-000215,000215,training/positive/000215.mp4,DAD,20fps5s,val,20.000,100,5.000,1,,5.000,20,,,,
C-TR-000216,000216,training/positive/000216.mp4,DAD,20fps5s,train,20.000,100,5.000,1,,5.000,20,,,,
C-TR-000217,000217,training/positive/000217.mp4,DAD,20fps5s,val,20.000,100,5.000,1,,5.000,20,,,,
C-TR-000218,000218,training/positive/000218.mp4,DAD,20fps5s,train,20.000,100,5.000,1,,5.000,20,,,,
C-TR-000219,000219,training/positive/000219.mp4,DAD,20fps5s,train,20.000,100,5.000,1,,5.000,20,,,,
C-TR-000220,000220,training/positive/000220.mp4,DAD,20fps5s,train,20.000,100,5.000,1,,5.000,20,,,,
C-TR-000221,000221,training/positive/000221.mp4,DAD,20fps5s,train,20.000,100,5.000,1,,5.000,20,,,,
C-TR-000222,000222,training/positive/000222.mp4,DAD,20fps5s,train,20.000,100,5.000,1,,5.000,20,,,,
C-TR-000223,000223,training/positive/000223.mp4,DAD,20fps5s,train,20.000,100,5.000,1,,5.000,20,,,,
C-TR-000224,000224,training/positive/000224.mp4,DAD,20fps5s,train,20.000,100,5.000,1,,5.000,20,,,,
C-TR-000225,000225,training/positive/000225.mp4,DAD,20fps5s,train,20.000,100,5.000,1,,5.000,20,,,,
C-TR-000226,000226,training/positive/000226.mp4,DAD,20fps5s,train,20.000,100,5.000,1,,5.000,20,,,,
C-TR-000227,000227,training/positive/000227.mp4,DAD,20fps5s,train,20.000,100,5.000,1,,5.000,20,,,,
C-TR-000228,000228,training/positive/000228.mp4,DAD,20fps5s,train,20.000,100,5.000,1,,5.000,20,,,,
C-TR-000229,000229,training/positive/000229.mp4,DAD,20fps5s,train,20.000,100,5.000,1,,5.000,20,,,,
C-TR-000230,000230,training/positive/000230.mp4,DAD,20fps5s,val,20.000,100,5.000,1,,5.000,20,,,,
C-TR-000231,000231,training/positive/000231.mp4,DAD,20fps5s,train,20.000,100,5.000,1,,5.000,20,,,,
C-TR-000232,000232,training/positive/000232.mp4,DAD,20fps5s,train,20.000,100,5.000,1,,5.000,20,,,,
C-TR-000233,000233,training/positive/000233.mp4,DAD,20fps5s,val,20.000,100,5.000,1,,5.000,20,,,,
C-TR-000234,000234,training/positive/000234.mp4,DAD,20fps5s,train,20.000,100,5.000,1,,5.000,20,,,,
C-TR-000235,000235,training/positive/000235.mp4,DAD,20fps5s,train,20.000,100,5.000,1,,5.000,20,,,,
C-TR-000236,000236,training/positive/000236.mp4,DAD,20fps5s,val,20.000,100,5.000,1,,5.000,20,,,,
C-TR-000237,000237,training/positive/000237.mp4,DAD,20fps5s,train,20.000,100,5.000,1,,5.000,20,,,,
C-TR-000238,000238,training/positive/000238.mp4,DAD,20fps5s,train,20.000,100,5.000,1,,5.000,20,,,,
C-TR-000239,000239,training/positive/000239.mp4,DAD,20fps5s,train,20.000,100,5.000,1,,5.000,20,,,,
C-TR-000240,000240,training/positive/000240.mp4,DAD,20fps5s,train,20.000,100,5.000,1,,5.000,20,,,,
C-TR-000241,000241,training/positive/000241.mp4,DAD,20fps5s,train,20.000,100,5.000,1,,5.000,20,,,,
C-TR-000242,000242,training/positive/000242.mp4,DAD,20fps5s,train,20.000,100,5.000,1,,5.000,20,,,,
C-TR-000243,000243,training/positive/000243.mp4,DAD,20fps5s,train,20.000,100,5.000,1,,5.000,20,,,,
C-TR-000244,000244,training/positive/000244.mp4,DAD,20fps5s,train,20.000,100,5.000,1,,5.000,20,,,,
C-TR-000245,000245,training/positive/000245.mp4,DAD,20fps5s,train,20.000,100,5.000,1,,5.000,20,,,,
C-TR-000246,000246,training/positive/000246.mp4,DAD,20fps5s,train,20.000,100,5.000,1,,5.000,20,,,,
C-TR-000247,000247,training/positive/000247.mp4,DAD,20fps5s,train,20.000,100,5.000,1,,5.000,20,,,,
C-TR-000248,000248,training/positive/000248.mp4,DAD,20fps5s,train,20.000,100,5.000,1,,5.000,20,,,,
C-TR-000249,000249,training/positive/000249.mp4,DAD,20fps5s,train,20.000,100,5.000,1,,5.000,20,,,,
C-TR-000250,000250,training/positive/000250.mp4,DAD,20fps5s,train,20.000,100,5.000,1,,5.000,20,,,,
C-TR-000251,000251,training/positive/000251.mp4,DAD,20fps5s,train,20.000,100,5.000,1,,5.000,20,,,,
C-TR-000252,000252,training/positive/000252.mp4,DAD,20fps5s,train,20.000,100,5.000,1,,5.000,20,,,,
C-TR-000253,000253,training/positive/000253.mp4,DAD,20fps5s,train,20.000,100,5.000,1,,5.000,20,,,,
C-TR-000254,000254,training/positive/000254.mp4,DAD,20fps5s,train,20.000,100,5.000,1,,5.000,20,,,,
C-TR-000255,000255,training/positive/000255.mp4,DAD,20fps5s,train,20.000,100,5.000,1,,5.000,20,,,,
C-TR-000256,000256,training/positive/000256.mp4,DAD,20fps5s,train,20.000,100,5.000,1,,5.000,20,,,,
C-TR-000257,000257,training/positive/000257.mp4,DAD,20fps5s,train,20.000,100,5.000,1,,5.000,20,,,,
C-TR-000258,000258,training/positive/000258.mp4,DAD,20fps5s,train,20.000,100,5.000,1,,5.000,20,,,,
C-TR-000259,000259,training/positive/000259.mp4,DAD,20fps5s,val,20.000,100,5.000,1,,5.000,20,,,,
C-TR-000260,000260,training/positive/000260.mp4,DAD,20fps5s,train,20.000,100,5.000,1,,5.000,20,,,,
C-TR-000261,000261,training/positive/000261.mp4,DAD,20fps5s,train,20.000,100,5.000,1,,5.000,20,,,,
C-TR-000262,000262,training/positive/000262.mp4,DAD,20fps5s,train,20.000,100,5.000,1,,5.000,20,,,,
C-TR-000263,000263,training/positive/000263.mp4,DAD,20fps5s,train,20.000,100,5.000,1,,5.000,20,,,,
C-TR-000264,000264,training/positive/000264.mp4,DAD,20fps5s,train,20.000,100,5.000,1,,5.000,20,,,,
C-TR-000265,000265,training/positive/000265.mp4,DAD,20fps5s,train,20.000,100,5.000,1,,5.000,20,,,,
C-TR-000266,000266,training/positive/000266.mp4,DAD,20fps5s,train,20.000,100,5.000,1,,5.000,20,,,,
C-TR-000267,000267,training/positive/000267.mp4,DAD,20fps5s,train,20.000,100,5.000,1,,5.000,20,,,,
C-TR-000268,000268,training/positive/000268.mp4,DAD,20fps5s,train,20.000,100,5.000,1,,5.000,20,,,,
C-TR-000269,000269,training/positive/000269.mp4,DAD,20fps5s,train,20.000,100,5.000,1,,5.000,20,,,,
C-TR-000270,000270,training/positive/000270.mp4,DAD,20fps5s,train,20.000,100,5.000,1,,5.000,20,,,,
C-TR-000271,000271,training/positive/000271.mp4,DAD,20fps5s,train,20.000,100,5.000,1,,5.000,20,,,,
C-TR-000272,000272,training/positive/000272.mp4,DAD,20fps5s,train,20.000,100,5.000,1,,5.000,20,,,,
C-TR-000273,000273,training/positive/000273.mp4,DAD,20fps5s,train,20.000,100,5.000,1,,5.000,20,,,,
C-TR-000274,000274,training/positive/000274.mp4,DAD,20fps5s,train,20.000,100,5.000,1,,5.000,20,,,,
C-TR-000275,000275,training/positive/000275.mp4,DAD,20fps5s,val,20.000,100,5.000,1,,5.000,20,,,,
C-TR-000276,000276,training/positive/000276.mp4,DAD,20fps5s,train,20.000,100,5.000,1,,5.000,20,,,,
C-TR-000277,000277,training/positive/000277.mp4,DAD,20fps5s,train,20.000,100,5.000,1,,5.000,20,,,,
C-TR-000278,000278,training/positive/000278.mp4,DAD,20fps5s,train,20.000,100,5.000,1,,5.000,20,,,,
C-TR-000279,000279,training/positive/000279.mp4,DAD,20fps5s,train,20.000,100,5.000,1,,5.000,20,,,,
C-TR-000280,000280,training/positive/000280.mp4,DAD,20fps5s,val,20.000,100,5.000,1,,5.000,20,,,,
C-TR-000281,000281,training/positive/000281.mp4,DAD,20fps5s,train,20.000,100,5.000,1,,5.000,20,,,,
C-TR-000282,000282,training/positive/000282.mp4,DAD,20fps5s,train,20.000,100,5.000,1,,5.000,20,,,,
C-TR-000283,000283,training/positive/000283.mp4,DAD,20fps5s,val,20.000,100,5.000,1,,5.000,20,,,,
C-TR-000284,000284,training/positive/000284.mp4,DAD,20fps5s,train,20.000,100,5.000,1,,5.000,20,,,,
C-TR-000285,000285,training/positive/000285.mp4,DAD,20fps5s,train,20.000,100,5.000,1,,5.000,20,,,,
C-TR-000286,000286,training/positive/000286.mp4,DAD,20fps5s,train,20.000,100,5.000,1,,5.000,20,,,,
C-TR-000287,000287,training/positive/000287.mp4,DAD,20fps5s,train,20.000,100,5.000,1,,5.000,20,,,,
C-TR-000288,000288,training/positive/000288.mp4,DAD,20fps5s,val,20.000,100,5.000,1,,5.000,20,,,,
C-TR-000289,000289,training/positive/000289.mp4,DAD,20fps5s,train,20.000,100,5.000,1,,5.000,20,,,,
C-TR-000290,000290,training/positive/000290.mp4,DAD,20fps5s,train,20.000,100,5.000,1,,5.000,20,,,,
C-TR-000291,000291,training/positive/000291.mp4,DAD,20fps5s,train,20.000,100,5.000,1,,5.000,20,,,,
C-TR-000292,000292,training/positive/000292.mp4,DAD,20fps5s,train,20.000,100,5.000,1,,5.000,20,,,,
C-TR-000293,000293,training/positive/000293.mp4,DAD,20fps5s,train,20.000,100,5.000,1,,5.000,20,,,,
C-TR-000294,000294,training/positive/000294.mp4,DAD,20fps5s,train,20.000,100,5.000,1,,5.000,20,,,,
C-TR-000295,000295,training/positive/000295.mp4,DAD,20fps5s,train,20.000,100,5.000,1,,5.000,20,,,,
C-TR-000296,000296,training/positive/000296.mp4,DAD,20fps5s,val,20.000,100,5.000,1,,5.000,20,,,,
C-TR-000297,000297,training/positive/000297.mp4,DAD,20fps5s,train,20.000,100,5.000,1,,5.000,20,,,,
C-TR-000298,000298,training/positive/000298.mp4,DAD,20fps5s,train,20.000,100,5.000,1,,5.000,20,,,,
C-TR-000299,000299,training/positive/000299.mp4,DAD,20fps5s,train,20.000,100,5.000,1,,5.000,20,,,,
C-TR-000300,000300,training/positive/000300.mp4,DAD,20fps5s,train,20.000,100,5.000,1,,5.000,20,,,,
C-TR-000301,000301,training/positive/000301.mp4,DAD,20fps5s,train,20.000,100,5.000,1,,5.000,20,,,,
C-TR-000302,000302,training/positive/000302.mp4,DAD,20fps5s,val,20.000,100,5.000,1,,5.000,20,,,,
C-TR-000303,000303,training/positive/000303.mp4,DAD,20fps5s,val,20.000,100,5.000,1,,5.000,20,,,,
C-TR-000304,000304,training/positive/000304.mp4,DAD,20fps5s,train,20.000,100,5.000,1,,5.000,20,,,,
C-TR-000305,000305,training/positive/000305.mp4,DAD,20fps5s,train,20.000,100,5.000,1,,5.000,20,,,,
C-TR-000306,000306,training/positive/000306.mp4,DAD,20fps5s,train,20.000,100,5.000,1,,5.000,20,,,,
C-TR-000307,000307,training/positive/000307.mp4,DAD,20fps5s,train,20.000,100,5.000,1,,5.000,20,,,,
C-TR-000308,000308,training/positive/000308.mp4,DAD,20fps5s,train,20.000,100,5.000,1,,5.000,20,,,,
C-TR-000309,000309,training/positive/000309.mp4,DAD,20fps5s,val,20.000,100,5.000,1,,5.000,20,,,,
C-TR-000310,000310,training/positive/000310.mp4,DAD,20fps5s,val,20.000,100,5.000,1,,5.000,20,,,,
C-TR-000311,000311,training/positive/000311.mp4,DAD,20fps5s,train,20.000,100,5.000,1,,5.000,20,,,,
C-TR-000312,000312,training/positive/000312.mp4,DAD,20fps5s,train,20.000,100,5.000,1,,5.000,20,,,,
C-TR-000313,000313,training/positive/000313.mp4,DAD,20fps5s,train,20.000,100,5.000,1,,5.000,20,,,,
C-TR-000314,000314,training/positive/000314.mp4,DAD,20fps5s,train,20.000,100,5.000,1,,5.000,20,,,,
C-TR-000315,000315,training/positive/000315.mp4,DAD,20fps5s,train,20.000,100,5.000,1,,5.000,20,,,,
C-TR-000316,000316,training/positive/000316.mp4,DAD,20fps5s,train,20.000,100,5.000,1,,5.000,20,,,,
C-TR-000317,000317,training/positive/000317.mp4,DAD,20fps5s,val,20.000,100,5.000,1,,5.000,20,,,,
C-TR-000318,000318,training/positive/000318.mp4,DAD,20fps5s,train,20.000,100,5.000,1,,5.000,20,,,,
C-TR-000319,000319,training/positive/000319.mp4,DAD,20fps5s,train,20.000,100,5.000,1,,5.000,20,,,,
C-TR-000320,000320,training/positive/000320.mp4,DAD,20fps5s,train,20.000,100,5.000,1,,5.000,20,,,,
C-TR-000321,000321,training/positive/000321.mp4,DAD,20fps5s,train,20.000,100,5.000,1,,5.000,20,,,,
C-TR-000322,000322,training/positive/000322.mp4,DAD,20fps5s,val,20.000,100,5.000,1,,5.000,20,,,,
C-TR-000323,000323,training/positive/000323.mp4,DAD,20fps5s,train,20.000,100,5.000,1,,5.000,20,,,,
C-TR-000324,000324,training/positive/000324.mp4,DAD,20fps5s,train,20.000,100,5.000,1,,5.000,20,,,,
C-TR-000325,000325,training/positive/000325.mp4,DAD,20fps5s,train,20.000,100,5.000,1,,5.000,20,,,,
C-TR-000326,000326,training/positive/000326.mp4,DAD,20fps5s,val,20.000,100,5.000,1,,5.000,20,,,,
C-TR-000327,000327,training/positive/000327.mp4,DAD,20fps5s,train,20.000,100,5.000,1,,5.000,20,,,,
C-TR-000328,000328,training/positive/000328.mp4,DAD,20fps5s,val,20.000,100,5.000,1,,5.000,20,,,,
C-TR-000329,000329,training/positive/000329.mp4,DAD,20fps5s,train,20.000,100,5.000,1,,5.000,20,,,,
C-TR-000330,000330,training/positive/000330.mp4,DAD,20fps5s,train,20.000,100,5.000,1,,5.000,20,,,,
C-TR-000331,000331,training/positive/000331.mp4,DAD,20fps5s,train,20.000,100,5.000,1,,5.000,20,,,,
C-TR-000332,000332,training/positive/000332.mp4,DAD,20fps5s,train,20.000,100,5.000,1,,5.000,20,,,,
C-TR-000333,000333,training/positive/000333.mp4,DAD,20fps5s,val,20.000,100,5.000,1,,5.000,20,,,,
C-TR-000334,000334,training/positive/000334.mp4,DAD,20fps5s,train,20.000,100,5.000,1,,5.000,20,,,,
C-TR-000335,000335,training/positive/000335.mp4,DAD,20fps5s,train,20.000,100,5.000,1,,5.000,20,,,,
C-TR-000336,000336,training/positive/000336.mp4,DAD,20fps5s,train,20.000,100,5.000,1,,5.000,20,,,,
C-TR-000337,000337,training/positive/000337.mp4,DAD,20fps5s,train,20.000,100,5.000,1,,5.000,20,,,,
C-TR-000338,000338,training/positive/000338.mp4,DAD,20fps5s,train,20.000,100,5.000,1,,5.000,20,,,,
C-TR-000339,000339,training/positive/000339.mp4,DAD,20fps5s,val,20.000,100,5.000,1,,5.000,20,,,,
C-TR-000340,000340,training/positive/000340.mp4,DAD,20fps5s,train,20.000,100,5.000,1,,5.000,20,,,,
C-TR-000341,000341,training/positive/000341.mp4,DAD,20fps5s,train,20.000,100,5.000,1,,5.000,20,,,,
C-TR-000342,000342,training/positive/000342.mp4,DAD,20fps5s,train,20.000,100,5.000,1,,5.000,20,,,,
C-TR-000343,000343,training/positive/000343.mp4,DAD,20fps5s,train,20.000,100,5.000,1,,5.000,20,,,,
C-TR-000344,000344,training/positive/000344.mp4,DAD,20fps5s,val,20.000,100,5.000,1,,5.000,20,,,,
C-TR-000345,000345,training/positive/000345.mp4,DAD,20fps5s,train,20.000,100,5.000,1,,5.000,20,,,,
C-TR-000346,000346,training/positive/000346.mp4,DAD,20fps5s,train,20.000,100,5.000,1,,5.000,20,,,,
C-TR-000347,000347,training/positive/000347.mp4,DAD,20fps5s,val,20.000,100,5.000,1,,5.000,20,,,,
C-TR-000348,000348,training/positive/000348.mp4,DAD,20fps5s,train,20.000,100,5.000,1,,5.000,20,,,,
C-TR-000349,000349,training/positive/000349.mp4,DAD,20fps5s,train,20.000,100,5.000,1,,5.000,20,,,,
C-TR-000350,000350,training/positive/000350.mp4,DAD,20fps5s,train,20.000,100,5.000,1,,5.000,20,,,,
C-TR-000351,000351,training/positive/000351.mp4,DAD,20fps5s,train,20.000,100,5.000,1,,5.000,20,,,,
C-TR-000352,000352,training/positive/000352.mp4,DAD,20fps5s,train,20.000,100,5.000,1,,5.000,20,,,,
C-TR-000353,000353,training/positive/000353.mp4,DAD,20fps5s,train,20.000,100,5.000,1,,5.000,20,,,,
C-TR-000354,000354,training/positive/000354.mp4,DAD,20fps5s,train,20.000,100,5.000,1,,5.000,20,,,,
C-TR-000355,000355,training/positive/000355.mp4,DAD,20fps5s,train,20.000,100,5.000,1,,5.000,20,,,,
C-TR-000356,000356,training/positive/000356.mp4,DAD,20fps5s,train,20.000,100,5.000,1,,5.000,20,,,,
C-TR-000357,000357,training/positive/000357.mp4,DAD,20fps5s,train,20.000,100,5.000,1,,5.000,20,,,,
C-TR-000358,000358,training/positive/000358.mp4,DAD,20fps5s,val,20.000,100,5.000,1,,5.000,20,,,,
C-TR-000359,000359,training/positive/000359.mp4,DAD,20fps5s,train,20.000,100,5.000,1,,5.000,20,,,,
C-TR-000360,000360,training/positive/000360.mp4,DAD,20fps5s,val,20.000,100,5.000,1,,5.000,20,,,,
C-TR-000361,000361,training/positive/000361.mp4,DAD,20fps5s,val,20.000,100,5.000,1,,5.000,20,,,,
C-TR-000362,000362,training/positive/000362.mp4,DAD,20fps5s,train,20.000,100,5.000,1,,5.000,20,,,,
C-TR-000363,000363,training/positive/000363.mp4,DAD,20fps5s,train,20.000,100,5.000,1,,5.000,20,,,,
C-TR-000364,000364,training/positive/000364.mp4,DAD,20fps5s,train,20.000,100,5.000,1,,5.000,20,,,,
C-TR-000365,000365,training/positive/000365.mp4,DAD,20fps5s,train,20.000,100,5.000,1,,5.000,20,,,,
C-TR-000366,000366,training/positive/000366.mp4,DAD,20fps5s,train,20.000,100,5.000,1,,5.000,20,,,,
C-TR-000367,000367,training/positive/000367.mp4,DAD,20fps5s,val,20.000,100,5.000,1,,5.000,20,,,,
C-TR-000368,000368,training/positive/000368.mp4,DAD,20fps5s,train,20.000,100,5.000,1,,5.000,20,,,,
C-TR-000369,000369,training/positive/000369.mp4,DAD,20fps5s,train,20.000,100,5.000,1,,5.000,20,,,,
C-TR-000370,000370,training/positive/000370.mp4,DAD,20fps5s,train,20.000,100,5.000,1,,5.000,20,,,,
C-TR-000371,000371,training/positive/000371.mp4,DAD,20fps5s,train,20.000,100,5.000,1,,5.000,20,,,,
C-TR-000372,000372,training/positive/000372.mp4,DAD,20fps5s,train,20.000,100,5.000,1,,5.000,20,,,,
C-TR-000373,000373,training/positive/000373.mp4,DAD,20fps5s,train,20.000,100,5.000,1,,5.000,20,,,,
C-TR-000374,000374,training/positive/000374.mp4,DAD,20fps5s,val,20.000,100,5.000,1,,5.000,20,,,,
C-TR-000375,000375,training/positive/000375.mp4,DAD,20fps5s,train,20.000,100,5.000,1,,5.000,20,,,,
C-TR-000376,000376,training/positive/000376.mp4,DAD,20fps5s,train,20.000,100,5.000,1,,5.000,20,,,,
C-TR-000377,000377,training/positive/000377.mp4,DAD,20fps5s,train,20.000,100,5.000,1,,5.000,20,,,,
C-TR-000378,000378,training/positive/000378.mp4,DAD,20fps5s,val,20.000,100,5.000,1,,5.000,20,,,,
C-TR-000379,000379,training/positive/000379.mp4,DAD,20fps5s,train,20.000,100,5.000,1,,5.000,20,,,,
C-TR-000380,000380,training/positive/000380.mp4,DAD,20fps5s,val,20.000,100,5.000,1,,5.000,20,,,,
C-TR-000381,000381,training/positive/000381.mp4,DAD,20fps5s,train,20.000,100,5.000,1,,5.000,20,,,,
C-TR-000382,000382,training/positive/000382.mp4,DAD,20fps5s,train,20.000,100,5.000,1,,5.000,20,,,,
C-TR-000383,000383,training/positive/000383.mp4,DAD,20fps5s,train,20.000,100,5.000,1,,5.000,20,,,,
C-TR-000384,000384,training/positive/000384.mp4,DAD,20fps5s,train,20.000,100,5.000,1,,5.000,20,,,,
C-TR-000385,000385,training/positive/000385.mp4,DAD,20fps5s,train,20.000,100,5.000,1,,5.000,20,,,,
C-TR-000386,000386,training/positive/000386.mp4,DAD,20fps5s,train,20.000,100,5.000,1,,5.000,20,,,,
C-TR-000387,000387,training/positive/000387.mp4,DAD,20fps5s,train,20.000,100,5.000,1,,5.000,20,,,,
C-TR-000388,000388,training/positive/000388.mp4,DAD,20fps5s,train,20.000,100,5.000,1,,5.000,20,,,,
C-TR-000389,000389,training/positive/000389.mp4,DAD,20fps5s,val,20.000,100,5.000,1,,5.000,20,,,,
C-TR-000390,000390,training/positive/000390.mp4,DAD,20fps5s,train,20.000,100,5.000,1,,5.000,20,,,,
C-TR-000391,000391,training/positive/000391.mp4,DAD,20fps5s,val,20.000,100,5.000,1,,5.000,20,,,,
C-TR-000392,000392,training/positive/000392.mp4,DAD,20fps5s,train,20.000,100,5.000,1,,5.000,20,,,,
C-TR-000393,000393,training/positive/000393.mp4,DAD,20fps5s,val,20.000,100,5.000,1,,5.000,20,,,,
C-TR-000394,000394,training/positive/000394.mp4,DAD,20fps5s,train,20.000,100,5.000,1,,5.000,20,,,,
C-TR-000395,000395,training/positive/000395.mp4,DAD,20fps5s,train,20.000,100,5.000,1,,5.000,20,,,,
C-TR-000396,000396,training/positive/000396.mp4,DAD,20fps5s,train,20.000,100,5.000,1,,5.000,20,,,,
C-TR-000397,000397,training/positive/000397.mp4,DAD,20fps5s,train,20.000,100,5.000,1,,5.000,20,,,,
C-TR-000398,000398,training/positive/000398.mp4,DAD,20fps5s,train,20.000,100,5.000,1,,5.000,20,,,,
C-TR-000399,000399,training/positive/000399.mp4,DAD,20fps5s,train,20.000,100,5.000,1,,5.000,20,,,,
C-TR-000400,000400,training/positive/000400.mp4,DAD,20fps5s,train,20.000,100,5.000,1,,5.000,20,,,,
C-TR-000401,000401,training/positive/000401.mp4,DAD,20fps5s,train,20.000,100,5.000,1,,5.000,20,,,,
C-TR-000402,000402,training/positive/000402.mp4,DAD,20fps5s,train,20.000,100,5.000,1,,5.000,20,,,,
C-TR-000403,000403,training/positive/000403.mp4,DAD,20fps5s,train,20.000,100,5.000,1,,5.000,20,,,,
C-TR-000404,000404,training/positive/000404.mp4,DAD,20fps5s,train,20.000,100,5.000,1,,5.000,20,,,,
C-TR-000405,000405,training/positive/000405.mp4,DAD,20fps5s,val,20.000,100,5.000,1,,5.000,20,,,,
C-TR-000406,000406,training/positive/000406.mp4,DAD,20fps5s,train,20.000,100,5.000,1,,5.000,20,,,,
C-TR-000407,000407,training/positive/000407.mp4,DAD,20fps5s,train,20.000,100,5.000,1,,5.000,20,,,,
C-TR-000408,000408,training/positive/000408.mp4,DAD,20fps5s,train,20.000,100,5.000,1,,5.000,20,,,,
C-TR-000409,000409,training/positive/000409.mp4,DAD,20fps5s,train,20.000,100,5.000,1,,5.000,20,,,,
C-TR-000410,000410,training/positive/000410.mp4,DAD,20fps5s,train,20.000,100,5.000,1,,5.000,20,,,,
C-TR-000411,000411,training/positive/000411.mp4,DAD,20fps5s,train,20.000,100,5.000,1,,5.000,20,,,,
C-TR-000412,000412,training/positive/000412.mp4,DAD,20fps5s,val,20.000,100,5.000,1,,5.000,20,,,,
C-TR-000413,000413,training/positive/000413.mp4,DAD,20fps5s,val,20.000,100,5.000,1,,5.000,20,,,,
C-TR-000414,000414,training/positive/000414.mp4,DAD,20fps5s,train,20.000,100,5.000,1,,5.000,20,,,,
C-TR-000415,000415,training/positive/000415.mp4,DAD,20fps5s,val,20.000,100,5.000,1,,5.000,20,,,,
C-TR-000416,000416,training/positive/000416.mp4,DAD,20fps5s,train,20.000,100,5.000,1,,5.000,20,,,,
C-TR-000417,000417,training/positive/000417.mp4,DAD,20fps5s,train,20.000,100,5.000,1,,5.000,20,,,,
C-TR-000418,000418,training/positive/000418.mp4,DAD,20fps5s,train,20.000,100,5.000,1,,5.000,20,,,,
C-TR-000419,000419,training/positive/000419.mp4,DAD,20fps5s,train,20.000,100,5.000,1,,5.000,20,,,,
C-TR-000420,000420,training/positive/000420.mp4,DAD,20fps5s,train,20.000,100,5.000,1,,5.000,20,,,,
C-TR-000421,000421,training/positive/000421.mp4,DAD,20fps5s,val,20.000,100,5.000,1,,5.000,20,,,,
C-TR-000422,000422,training/positive/000422.mp4,DAD,20fps5s,train,20.000,100,5.000,1,,5.000,20,,,,
C-TR-000423,000423,training/positive/000423.mp4,DAD,20fps5s,train,20.000,100,5.000,1,,5.000,20,,,,
C-TR-000424,000424,training/positive/000424.mp4,DAD,20fps5s,train,20.000,100,5.000,1,,5.000,20,,,,
C-TR-000425,000425,training/positive/000425.mp4,DAD,20fps5s,train,20.000,100,5.000,1,,5.000,20,,,,
C-TR-000426,000426,training/positive/000426.mp4,DAD,20fps5s,train,20.000,100,5.000,1,,5.000,20,,,,
C-TR-000427,000427,training/positive/000427.mp4,DAD,20fps5s,val,20.000,100,5.000,1,,5.000,20,,,,
C-TR-000428,000428,training/positive/000428.mp4,DAD,20fps5s,train,20.000,100,5.000,1,,5.000,20,,,,
C-TR-000429,000429,training/positive/000429.mp4,DAD,20fps5s,train,20.000,100,5.000,1,,5.000,20,,,,
C-TR-000430,000430,training/positive/000430.mp4,DAD,20fps5s,train,20.000,100,5.000,1,,5.000,20,,,,
C-TR-000431,000431,training/positive/000431.mp4,DAD,20fps5s,train,20.000,100,5.000,1,,5.000,20,,,,
C-TR-000432,000432,training/positive/000432.mp4,DAD,20fps5s,train,20.000,100,5.000,1,,5.000,20,,,,
C-TR-000433,000433,training/positive/000433.mp4,DAD,20fps5s,train,20.000,100,5.000,1,,5.000,20,,,,
C-TR-000434,000434,training/positive/000434.mp4,DAD,20fps5s,train,20.000,100,5.000,1,,5.000,20,,,,
C-TR-000435,000435,training/positive/000435.mp4,DAD,20fps5s,val,20.000,100,5.000,1,,5.000,20,,,,
C-TR-000436,000436,training/positive/000436.mp4,DAD,20fps5s,train,20.000,100,5.000,1,,5.000,20,,,,
C-TR-000437,000437,training/positive/000437.mp4,DAD,20fps5s,val,20.000,100,5.000,1,,5.000,20,,,,
C-TR-000438,000438,training/positive/000438.mp4,DAD,20fps5s,train,20.000,100,5.000,1,,5.000,20,,,,
C-TR-000439,000439,training/positive/000439.mp4,DAD,20fps5s,train,20.000,100,5.000,1,,5.000,20,,,,
C-TR-000440,000440,training/positive/000440.mp4,DAD,20fps5s,val,20.000,100,5.000,1,,5.000,20,,,,
C-TR-000441,000441,training/positive/000441.mp4,DAD,20fps5s,train,20.000,100,5.000,1,,5.000,20,,,,
C-TR-000442,000442,training/positive/000442.mp4,DAD,20fps5s,train,20.000,100,5.000,1,,5.000,20,,,,
C-TR-000443,000443,training/positive/000443.mp4,DAD,20fps5s,val,20.000,100,5.000,1,,5.000,20,,,,
C-TR-000444,000444,training/positive/000444.mp4,DAD,20fps5s,train,20.000,100,5.000,1,,5.000,20,,,,
C-TR-000445,000445,training/positive/000445.mp4,DAD,20fps5s,train,20.000,100,5.000,1,,5.000,20,,,,
C-TR-000446,000446,training/positive/000446.mp4,DAD,20fps5s,val,20.000,100,5.000,1,,5.000,20,,,,
C-TR-000447,000447,training/positive/000447.mp4,DAD,20fps5s,train,20.000,100,5.000,1,,5.000,20,,,,
C-TR-000448,000448,training/positive/000448.mp4,DAD,20fps5s,train,20.000,100,5.000,1,,5.000,20,,,,
C-TR-000449,000449,training/positive/000449.mp4,DAD,20fps5s,train,20.000,100,5.000,1,,5.000,20,,,,
C-TR-000450,000450,training/positive/000450.mp4,DAD,20fps5s,train,20.000,100,5.000,1,,5.000,20,,,,
C-TR-000451,000451,training/positive/000451.mp4,DAD,20fps5s,train,20.000,100,5.000,1,,5.000,20,,,,
C-TR-000452,000452,training/positive/000452.mp4,DAD,20fps5s,val,20.000,100,5.000,1,,5.000,20,,,,
C-TR-000453,000453,training/positive/000453.mp4,DAD,20fps5s,train,20.000,100,5.000,1,,5.000,20,,,,
C-TR-000454,000454,training/positive/000454.mp4,DAD,20fps5s,train,20.000,100,5.000,1,,5.000,20,,,,
C-TR-000455,000455,training/positive/000455.mp4,DAD,20fps5s,train,20.000,100,5.000,1,,5.000,20,,,,
N-TR-000001,000001,training/negative/000001.mp4,DAD,20fps5s,val,20.000,100,5.000,0,,,20,,,,
N-TR-000002,000002,training/negative/000002.mp4,DAD,20fps5s,train,20.000,100,5.000,0,,,20,,,,
N-TR-000003,000003,training/negative/000003.mp4,DAD,20fps5s,train,20.000,100,5.000,0,,,20,,,,
N-TR-000004,000004,training/negative/000004.mp4,DAD,20fps5s,val,20.000,100,5.000,0,,,20,,,,
N-TR-000005,000005,training/negative/000005.mp4,DAD,20fps5s,train,20.000,100,5.000,0,,,20,,,,
N-TR-000006,000006,training/negative/000006.mp4,DAD,20fps5s,train,20.000,100,5.000,0,,,20,,,,
N-TR-000007,000007,training/negative/000007.mp4,DAD,20fps5s,train,20.000,100,5.000,0,,,20,,,,
N-TR-000008,000008,training/negative/000008.mp4,DAD,20fps5s,val,20.000,100,5.000,0,,,20,,,,
N-TR-000009,000009,training/negative/000009.mp4,DAD,20fps5s,train,20.000,100,5.000,0,,,20,,,,
N-TR-000010,000010,training/negative/000010.mp4,DAD,20fps5s,train,20.000,100,5.000,0,,,20,,,,
N-TR-000011,000011,training/negative/000011.mp4,DAD,20fps5s,train,20.000,100,5.000,0,,,20,,,,
N-TR-000012,000012,training/negative/000012.mp4,DAD,20fps5s,val,20.000,100,5.000,0,,,20,,,,
N-TR-000013,000013,training/negative/000013.mp4,DAD,20fps5s,train,20.000,100,5.000,0,,,20,,,,
N-TR-000014,000014,training/negative/000014.mp4,DAD,20fps5s,train,20.000,100,5.000,0,,,20,,,,
N-TR-000015,000015,training/negative/000015.mp4,DAD,20fps5s,train,20.000,100,5.000,0,,,20,,,,
N-TR-000016,000016,training/negative/000016.mp4,DAD,20fps5s,train,20.000,100,5.000,0,,,20,,,,
N-TR-000017,000017,training/negative/000017.mp4,DAD,20fps5s,train,20.000,100,5.000,0,,,20,,,,
N-TR-000018,000018,training/negative/000018.mp4,DAD,20fps5s,train,20.000,100,5.000,0,,,20,,,,
N-TR-000019,000019,training/negative/000019.mp4,DAD,20fps5s,train,20.000,100,5.000,0,,,20,,,,
N-TR-000020,000020,training/negative/000020.mp4,DAD,20fps5s,val,20.000,100,5.000,0,,,20,,,,
N-TR-000021,000021,training/negative/000021.mp4,DAD,20fps5s,train,20.000,100,5.000,0,,,20,,,,
N-TR-000022,000022,training/negative/000022.mp4,DAD,20fps5s,val,20.000,100,5.000,0,,,20,,,,
N-TR-000023,000023,training/negative/000023.mp4,DAD,20fps5s,train,20.000,100,5.000,0,,,20,,,,
N-TR-000024,000024,training/negative/000024.mp4,DAD,20fps5s,train,20.000,100,5.000,0,,,20,,,,
N-TR-000025,000025,training/negative/000025.mp4,DAD,20fps5s,train,20.000,100,5.000,0,,,20,,,,
N-TR-000026,000026,training/negative/000026.mp4,DAD,20fps5s,train,20.000,100,5.000,0,,,20,,,,
N-TR-000027,000027,training/negative/000027.mp4,DAD,20fps5s,train,20.000,100,5.000,0,,,20,,,,
N-TR-000028,000028,training/negative/000028.mp4,DAD,20fps5s,train,20.000,100,5.000,0,,,20,,,,
N-TR-000029,000029,training/negative/000029.mp4,DAD,20fps5s,train,20.000,100,5.000,0,,,20,,,,
N-TR-000030,000030,training/negative/000030.mp4,DAD,20fps5s,train,20.000,100,5.000,0,,,20,,,,
N-TR-000031,000031,training/negative/000031.mp4,DAD,20fps5s,train,20.000,100,5.000,0,,,20,,,,
N-TR-000032,000032,training/negative/000032.mp4,DAD,20fps5s,train,20.000,100,5.000,0,,,20,,,,
N-TR-000033,000033,training/negative/000033.mp4,DAD,20fps5s,val,20.000,100,5.000,0,,,20,,,,
N-TR-000034,000034,training/negative/000034.mp4,DAD,20fps5s,train,20.000,100,5.000,0,,,20,,,,
N-TR-000035,000035,training/negative/000035.mp4,DAD,20fps5s,train,20.000,100,5.000,0,,,20,,,,
N-TR-000036,000036,training/negative/000036.mp4,DAD,20fps5s,train,20.000,100,5.000,0,,,20,,,,
N-TR-000037,000037,training/negative/000037.mp4,DAD,20fps5s,train,20.000,100,5.000,0,,,20,,,,
N-TR-000038,000038,training/negative/000038.mp4,DAD,20fps5s,train,20.000,100,5.000,0,,,20,,,,
N-TR-000039,000039,training/negative/000039.mp4,DAD,20fps5s,train,20.000,100,5.000,0,,,20,,,,
N-TR-000040,000040,training/negative/000040.mp4,DAD,20fps5s,train,20.000,100,5.000,0,,,20,,,,
N-TR-000041,000041,training/negative/000041.mp4,DAD,20fps5s,train,20.000,100,5.000,0,,,20,,,,
N-TR-000042,000042,training/negative/000042.mp4,DAD,20fps5s,train,20.000,100,5.000,0,,,20,,,,
N-TR-000043,000043,training/negative/000043.mp4,DAD,20fps5s,train,20.000,100,5.000,0,,,20,,,,
N-TR-000044,000044,training/negative/000044.mp4,DAD,20fps5s,train,20.000,100,5.000,0,,,20,,,,
N-TR-000045,000045,training/negative/000045.mp4,DAD,20fps5s,train,20.000,100,5.000,0,,,20,,,,
N-TR-000046,000046,training/negative/000046.mp4,DAD,20fps5s,train,20.000,100,5.000,0,,,20,,,,
N-TR-000047,000047,training/negative/000047.mp4,DAD,20fps5s,train,20.000,100,5.000,0,,,20,,,,
N-TR-000048,000048,training/negative/000048.mp4,DAD,20fps5s,train,20.000,100,5.000,0,,,20,,,,
N-TR-000049,000049,training/negative/000049.mp4,DAD,20fps5s,val,20.000,100,5.000,0,,,20,,,,
N-TR-000050,000050,training/negative/000050.mp4,DAD,20fps5s,train,20.000,100,5.000,0,,,20,,,,
N-TR-000051,000051,training/negative/000051.mp4,DAD,20fps5s,train,20.000,100,5.000,0,,,20,,,,
N-TR-000052,000052,training/negative/000052.mp4,DAD,20fps5s,train,20.000,100,5.000,0,,,20,,,,
N-TR-000053,000053,training/negative/000053.mp4,DAD,20fps5s,train,20.000,100,5.000,0,,,20,,,,
N-TR-000054,000054,training/negative/000054.mp4,DAD,20fps5s,train,20.000,100,5.000,0,,,20,,,,
N-TR-000055,000055,training/negative/000055.mp4,DAD,20fps5s,train,20.000,100,5.000,0,,,20,,,,
N-TR-000056,000056,training/negative/000056.mp4,DAD,20fps5s,train,20.000,100,5.000,0,,,20,,,,
N-TR-000057,000057,training/negative/000057.mp4,DAD,20fps5s,train,20.000,100,5.000,0,,,20,,,,
N-TR-000058,000058,training/negative/000058.mp4,DAD,20fps5s,val,20.000,100,5.000,0,,,20,,,,
N-TR-000059,000059,training/negative/000059.mp4,DAD,20fps5s,train,20.000,100,5.000,0,,,20,,,,
N-TR-000060,000060,training/negative/000060.mp4,DAD,20fps5s,val,20.000,100,5.000,0,,,20,,,,
N-TR-000061,000061,training/negative/000061.mp4,DAD,20fps5s,val,20.000,100,5.000,0,,,20,,,,
N-TR-000062,000062,training/negative/000062.mp4,DAD,20fps5s,train,20.000,100,5.000,0,,,20,,,,
N-TR-000063,000063,training/negative/000063.mp4,DAD,20fps5s,train,20.000,100,5.000,0,,,20,,,,
N-TR-000064,000064,training/negative/000064.mp4,DAD,20fps5s,train,20.000,100,5.000,0,,,20,,,,
N-TR-000065,000065,training/negative/000065.mp4,DAD,20fps5s,train,20.000,100,5.000,0,,,20,,,,
N-TR-000066,000066,training/negative/000066.mp4,DAD,20fps5s,val,20.000,100,5.000,0,,,20,,,,
N-TR-000067,000067,training/negative/000067.mp4,DAD,20fps5s,train,20.000,100,5.000,0,,,20,,,,
N-TR-000068,000068,training/negative/000068.mp4,DAD,20fps5s,val,20.000,100,5.000,0,,,20,,,,
N-TR-000069,000069,training/negative/000069.mp4,DAD,20fps5s,train,20.000,100,5.000,0,,,20,,,,
N-TR-000070,000070,training/negative/000070.mp4,DAD,20fps5s,val,20.000,100,5.000,0,,,20,,,,
N-TR-000071,000071,training/negative/000071.mp4,DAD,20fps5s,val,20.000,100,5.000,0,,,20,,,,
N-TR-000072,000072,training/negative/000072.mp4,DAD,20fps5s,train,20.000,100,5.000,0,,,20,,,,
N-TR-000073,000073,training/negative/000073.mp4,DAD,20fps5s,val,20.000,100,5.000,0,,,20,,,,
N-TR-000074,000074,training/negative/000074.mp4,DAD,20fps5s,val,20.000,100,5.000,0,,,20,,,,
N-TR-000075,000075,training/negative/000075.mp4,DAD,20fps5s,train,20.000,100,5.000,0,,,20,,,,
N-TR-000076,000076,training/negative/000076.mp4,DAD,20fps5s,train,20.000,100,5.000,0,,,20,,,,
N-TR-000077,000077,training/negative/000077.mp4,DAD,20fps5s,train,20.000,100,5.000,0,,,20,,,,
N-TR-000078,000078,training/negative/000078.mp4,DAD,20fps5s,train,20.000,100,5.000,0,,,20,,,,
N-TR-000079,000079,training/negative/000079.mp4,DAD,20fps5s,train,20.000,100,5.000,0,,,20,,,,
N-TR-000080,000080,training/negative/000080.mp4,DAD,20fps5s,train,20.000,100,5.000,0,,,20,,,,
N-TR-000081,000081,training/negative/000081.mp4,DAD,20fps5s,val,20.000,100,5.000,0,,,20,,,,
N-TR-000082,000082,training/negative/000082.mp4,DAD,20fps5s,train,20.000,100,5.000,0,,,20,,,,
N-TR-000083,000083,training/negative/000083.mp4,DAD,20fps5s,train,20.000,100,5.000,0,,,20,,,,
N-TR-000084,000084,training/negative/000084.mp4,DAD,20fps5s,train,20.000,100,5.000,0,,,20,,,,
N-TR-000085,000085,training/negative/000085.mp4,DAD,20fps5s,train,20.000,100,5.000,0,,,20,,,,
N-TR-000086,000086,training/negative/000086.mp4,DAD,20fps5s,train,20.000,100,5.000,0,,,20,,,,
N-TR-000087,000087,training/negative/000087.mp4,DAD,20fps5s,train,20.000,100,5.000,0,,,20,,,,
N-TR-000088,000088,training/negative/000088.mp4,DAD,20fps5s,val,20.000,100,5.000,0,,,20,,,,
N-TR-000089,000089,training/negative/000089.mp4,DAD,20fps5s,train,20.000,100,5.000,0,,,20,,,,
N-TR-000090,000090,training/negative/000090.mp4,DAD,20fps5s,train,20.000,100,5.000,0,,,20,,,,
N-TR-000091,000091,training/negative/000091.mp4,DAD,20fps5s,train,20.000,100,5.000,0,,,20,,,,
N-TR-000092,000092,training/negative/000092.mp4,DAD,20fps5s,train,20.000,100,5.000,0,,,20,,,,
N-TR-000093,000093,training/negative/000093.mp4,DAD,20fps5s,train,20.000,100,5.000,0,,,20,,,,
N-TR-000094,000094,training/negative/000094.mp4,DAD,20fps5s,val,20.000,100,5.000,0,,,20,,,,
N-TR-000095,000095,training/negative/000095.mp4,DAD,20fps5s,train,20.000,100,5.000,0,,,20,,,,
N-TR-000096,000096,training/negative/000096.mp4,DAD,20fps5s,train,20.000,100,5.000,0,,,20,,,,
N-TR-000097,000097,training/negative/000097.mp4,DAD,20fps5s,train,20.000,100,5.000,0,,,20,,,,
N-TR-000098,000098,training/negative/000098.mp4,DAD,20fps5s,train,20.000,100,5.000,0,,,20,,,,
N-TR-000099,000099,training/negative/000099.mp4,DAD,20fps5s,train,20.000,100,5.000,0,,,20,,,,
N-TR-000100,000100,training/negative/000100.mp4,DAD,20fps5s,train,20.000,100,5.000,0,,,20,,,,
N-TR-000101,000101,training/negative/000101.mp4,DAD,20fps5s,train,20.000,100,5.000,0,,,20,,,,
N-TR-000102,000102,training/negative/000102.mp4,DAD,20fps5s,train,20.000,100,5.000,0,,,20,,,,
N-TR-000103,000103,training/negative/000103.mp4,DAD,20fps5s,train,20.000,100,5.000,0,,,20,,,,
N-TR-000104,000104,training/negative/000104.mp4,DAD,20fps5s,train,20.000,100,5.000,0,,,20,,,,
N-TR-000105,000105,training/negative/000105.mp4,DAD,20fps5s,train,20.000,100,5.000,0,,,20,,,,
N-TR-000106,000106,training/negative/000106.mp4,DAD,20fps5s,train,20.000,100,5.000,0,,,20,,,,
N-TR-000107,000107,training/negative/000107.mp4,DAD,20fps5s,train,20.000,100,5.000,0,,,20,,,,
N-TR-000108,000108,training/negative/000108.mp4,DAD,20fps5s,train,20.000,100,5.000,0,,,20,,,,
N-TR-000109,000109,training/negative/000109.mp4,DAD,20fps5s,val,20.000,100,5.000,0,,,20,,,,
N-TR-000110,000110,training/negative/000110.mp4,DAD,20fps5s,train,20.000,100,5.000,0,,,20,,,,
N-TR-000111,000111,training/negative/000111.mp4,DAD,20fps5s,train,20.000,100,5.000,0,,,20,,,,
N-TR-000112,000112,training/negative/000112.mp4,DAD,20fps5s,train,20.000,100,5.000,0,,,20,,,,
N-TR-000113,000113,training/negative/000113.mp4,DAD,20fps5s,val,20.000,100,5.000,0,,,20,,,,
N-TR-000114,000114,training/negative/000114.mp4,DAD,20fps5s,train,20.000,100,5.000,0,,,20,,,,
N-TR-000115,000115,training/negative/000115.mp4,DAD,20fps5s,val,20.000,100,5.000,0,,,20,,,,
N-TR-000116,000116,training/negative/000116.mp4,DAD,20fps5s,train,20.000,100,5.000,0,,,20,,,,
N-TR-000117,000117,training/negative/000117.mp4,DAD,20fps5s,train,20.000,100,5.000,0,,,20,,,,
N-TR-000118,000118,training/negative/000118.mp4,DAD,20fps5s,val,20.000,100,5.000,0,,,20,,,,
N-TR-000119,000119,training/negative/000119.mp4,DAD,20fps5s,train,20.000,100,5.000,0,,,20,,,,
N-TR-000120,000120,training/negative/000120.mp4,DAD,20fps5s,train,20.000,100,5.000,0,,,20,,,,
N-TR-000121,000121,training/negative/000121.mp4,DAD,20fps5s,train,20.000,100,5.000,0,,,20,,,,
N-TR-000122,000122,training/negative/000122.mp4,DAD,20fps5s,train,20.000,100,5.000,0,,,20,,,,
N-TR-000123,000123,training/negative/000123.mp4,DAD,20fps5s,train,20.000,100,5.000,0,,,20,,,,
N-TR-000124,000124,training/negative/000124.mp4,DAD,20fps5s,val,20.000,100,5.000,0,,,20,,,,
N-TR-000125,000125,training/negative/000125.mp4,DAD,20fps5s,train,20.000,100,5.000,0,,,20,,,,
N-TR-000126,000126,training/negative/000126.mp4,DAD,20fps5s,train,20.000,100,5.000,0,,,20,,,,
N-TR-000127,000127,training/negative/000127.mp4,DAD,20fps5s,train,20.000,100,5.000,0,,,20,,,,
N-TR-000128,000128,training/negative/000128.mp4,DAD,20fps5s,train,20.000,100,5.000,0,,,20,,,,
N-TR-000129,000129,training/negative/000129.mp4,DAD,20fps5s,val,20.000,100,5.000,0,,,20,,,,
N-TR-000130,000130,training/negative/000130.mp4,DAD,20fps5s,train,20.000,100,5.000,0,,,20,,,,
N-TR-000131,000131,training/negative/000131.mp4,DAD,20fps5s,train,20.000,100,5.000,0,,,20,,,,
N-TR-000132,000132,training/negative/000132.mp4,DAD,20fps5s,val,20.000,100,5.000,0,,,20,,,,
N-TR-000133,000133,training/negative/000133.mp4,DAD,20fps5s,train,20.000,100,5.000,0,,,20,,,,
N-TR-000134,000134,training/negative/000134.mp4,DAD,20fps5s,train,20.000,100,5.000,0,,,20,,,,
N-TR-000135,000135,training/negative/000135.mp4,DAD,20fps5s,train,20.000,100,5.000,0,,,20,,,,
N-TR-000136,000136,training/negative/000136.mp4,DAD,20fps5s,train,20.000,100,5.000,0,,,20,,,,
N-TR-000137,000137,training/negative/000137.mp4,DAD,20fps5s,train,20.000,100,5.000,0,,,20,,,,
N-TR-000138,000138,training/negative/000138.mp4,DAD,20fps5s,train,20.000,100,5.000,0,,,20,,,,
N-TR-000139,000139,training/negative/000139.mp4,DAD,20fps5s,train,20.000,100,5.000,0,,,20,,,,
N-TR-000140,000140,training/negative/000140.mp4,DAD,20fps5s,train,20.000,100,5.000,0,,,20,,,,
N-TR-000141,000141,training/negative/000141.mp4,DAD,20fps5s,train,20.000,100,5.000,0,,,20,,,,
N-TR-000142,000142,training/negative/000142.mp4,DAD,20fps5s,val,20.000,100,5.000,0,,,20,,,,
N-TR-000143,000143,training/negative/000143.mp4,DAD,20fps5s,val,20.000,100,5.000,0,,,20,,,,
N-TR-000144,000144,training/negative/000144.mp4,DAD,20fps5s,train,20.000,100,5.000,0,,,20,,,,
N-TR-000145,000145,training/negative/000145.mp4,DAD,20fps5s,train,20.000,100,5.000,0,,,20,,,,
N-TR-000146,000146,training/negative/000146.mp4,DAD,20fps5s,train,20.000,100,5.000,0,,,20,,,,
N-TR-000147,000147,training/negative/000147.mp4,DAD,20fps5s,val,20.000,100,5.000,0,,,20,,,,
N-TR-000148,000148,training/negative/000148.mp4,DAD,20fps5s,train,20.000,100,5.000,0,,,20,,,,
N-TR-000149,000149,training/negative/000149.mp4,DAD,20fps5s,train,20.000,100,5.000,0,,,20,,,,
N-TR-000150,000150,training/negative/000150.mp4,DAD,20fps5s,train,20.000,100,5.000,0,,,20,,,,
N-TR-000151,000151,training/negative/000151.mp4,DAD,20fps5s,train,20.000,100,5.000,0,,,20,,,,
N-TR-000152,000152,training/negative/000152.mp4,DAD,20fps5s,train,20.000,100,5.000,0,,,20,,,,
N-TR-000153,000153,training/negative/000153.mp4,DAD,20fps5s,train,20.000,100,5.000,0,,,20,,,,
N-TR-000154,000154,training/negative/000154.mp4,DAD,20fps5s,train,20.000,100,5.000,0,,,20,,,,
N-TR-000155,000155,training/negative/000155.mp4,DAD,20fps5s,train,20.000,100,5.000,0,,,20,,,,
N-TR-000156,000156,training/negative/000156.mp4,DAD,20fps5s,train,20.000,100,5.000,0,,,20,,,,
N-TR-000157,000157,training/negative/000157.mp4,DAD,20fps5s,val,20.000,100,5.000,0,,,20,,,,
N-TR-000158,000158,training/negative/000158.mp4,DAD,20fps5s,train,20.000,100,5.000,0,,,20,,,,
N-TR-000159,000159,training/negative/000159.mp4,DAD,20fps5s,train,20.000,100,5.000,0,,,20,,,,
N-TR-000160,000160,training/negative/000160.mp4,DAD,20fps5s,train,20.000,100,5.000,0,,,20,,,,
N-TR-000161,000161,training/negative/000161.mp4,DAD,20fps5s,train,20.000,100,5.000,0,,,20,,,,
N-TR-000162,000162,training/negative/000162.mp4,DAD,20fps5s,val,20.000,100,5.000,0,,,20,,,,
N-TR-000163,000163,training/negative/000163.mp4,DAD,20fps5s,train,20.000,100,5.000,0,,,20,,,,
N-TR-000164,000164,training/negative/000164.mp4,DAD,20fps5s,val,20.000,100,5.000,0,,,20,,,,
N-TR-000165,000165,training/negative/000165.mp4,DAD,20fps5s,train,20.000,100,5.000,0,,,20,,,,
N-TR-000166,000166,training/negative/000166.mp4,DAD,20fps5s,val,20.000,100,5.000,0,,,20,,,,
N-TR-000167,000167,training/negative/000167.mp4,DAD,20fps5s,train,20.000,100,5.000,0,,,20,,,,
N-TR-000168,000168,training/negative/000168.mp4,DAD,20fps5s,val,20.000,100,5.000,0,,,20,,,,
N-TR-000169,000169,training/negative/000169.mp4,DAD,20fps5s,train,20.000,100,5.000,0,,,20,,,,
N-TR-000170,000170,training/negative/000170.mp4,DAD,20fps5s,val,20.000,100,5.000,0,,,20,,,,
N-TR-000171,000171,training/negative/000171.mp4,DAD,20fps5s,train,20.000,100,5.000,0,,,20,,,,
N-TR-000172,000172,training/negative/000172.mp4,DAD,20fps5s,train,20.000,100,5.000,0,,,20,,,,
N-TR-000173,000173,training/negative/000173.mp4,DAD,20fps5s,train,20.000,100,5.000,0,,,20,,,,
N-TR-000174,000174,training/negative/000174.mp4,DAD,20fps5s,train,20.000,100,5.000,0,,,20,,,,
N-TR-000175,000175,training/negative/000175.mp4,DAD,20fps5s,train,20.000,100,5.000,0,,,20,,,,
N-TR-000176,000176,training/negative/000176.mp4,DAD,20fps5s,val,20.000,100,5.000,0,,,20,,,,
N-TR-000177,000177,training/negative/000177.mp4,DAD,20fps5s,train,20.000,100,5.000,0,,,20,,,,
N-TR-000178,000178,training/negative/000178.mp4,DAD,20fps5s,train,20.000,100,5.000,0,,,20,,,,
N-TR-000179,000179,training/negative/000179.mp4,DAD,20fps5s,train,20.000,100,5.000,0,,,20,,,,
N-TR-000180,000180,training/negative/000180.mp4,DAD,20fps5s,train,20.000,100,5.000,0,,,20,,,,
N-TR-000181,000181,training/negative/000181.mp4,DAD,20fps5s,train,20.000,100,5.000,0,,,20,,,,
N-TR-000182,000182,training/negative/000182.mp4,DAD,20fps5s,train,20.000,100,5.000,0,,,20,,,,
N-TR-000183,000183,training/negative/000183.mp4,DAD,20fps5s,val,20.000,100,5.000,0,,,20,,,,
N-TR-000184,000184,training/negative/000184.mp4,DAD,20fps5s,train,20.000,100,5.000,0,,,20,,,,
N-TR-000185,000185,training/negative/000185.mp4,DAD,20fps5s,train,20.000,100,5.000,0,,,20,,,,
N-TR-000186,000186,training/negative/000186.mp4,DAD,20fps5s,train,20.000,100,5.000,0,,,20,,,,
N-TR-000187,000187,training/negative/000187.mp4,DAD,20fps5s,train,20.000,100,5.000,0,,,20,,,,
N-TR-000188,000188,training/negative/000188.mp4,DAD,20fps5s,train,20.000,100,5.000,0,,,20,,,,
N-TR-000189,000189,training/negative/000189.mp4,DAD,20fps5s,train,20.000,100,5.000,0,,,20,,,,
N-TR-000190,000190,training/negative/000190.mp4,DAD,20fps5s,train,20.000,100,5.000,0,,,20,,,,
N-TR-000191,000191,training/negative/000191.mp4,DAD,20fps5s,train,20.000,100,5.000,0,,,20,,,,
N-TR-000192,000192,training/negative/000192.mp4,DAD,20fps5s,train,20.000,100,5.000,0,,,20,,,,
N-TR-000193,000193,training/negative/000193.mp4,DAD,20fps5s,train,20.000,100,5.000,0,,,20,,,,
N-TR-000194,000194,training/negative/000194.mp4,DAD,20fps5s,train,20.000,100,5.000,0,,,20,,,,
N-TR-000195,000195,training/negative/000195.mp4,DAD,20fps5s,train,20.000,100,5.000,0,,,20,,,,
N-TR-000196,000196,training/negative/000196.mp4,DAD,20fps5s,train,20.000,100,5.000,0,,,20,,,,
N-TR-000197,000197,training/negative/000197.mp4,DAD,20fps5s,train,20.000,100,5.000,0,,,20,,,,
N-TR-000198,000198,training/negative/000198.mp4,DAD,20fps5s,train,20.000,100,5.000,0,,,20,,,,
N-TR-000199,000199,training/negative/000199.mp4,DAD,20fps5s,train,20.000,100,5.000,0,,,20,,,,
N-TR-000200,000200,training/negative/000200.mp4,DAD,20fps5s,train,20.000,100,5.000,0,,,20,,,,
N-TR-000201,000201,training/negative/000201.mp4,DAD,20fps5s,train,20.000,100,5.000,0,,,20,,,,
N-TR-000202,000202,training/negative/000202.mp4,DAD,20fps5s,train,20.000,100,5.000,0,,,20,,,,
N-TR-000203,000203,training/negative/000203.mp4,DAD,20fps5s,train,20.000,100,5.000,0,,,20,,,,
N-TR-000204,000204,training/negative/000204.mp4,DAD,20fps5s,val,20.000,100,5.000,0,,,20,,,,
N-TR-000205,000205,training/negative/000205.mp4,DAD,20fps5s,train,20.000,100,5.000,0,,,20,,,,
N-TR-000206,000206,training/negative/000206.mp4,DAD,20fps5s,val,20.000,100,5.000,0,,,20,,,,
N-TR-000207,000207,training/negative/000207.mp4,DAD,20fps5s,train,20.000,100,5.000,0,,,20,,,,
N-TR-000208,000208,training/negative/000208.mp4,DAD,20fps5s,train,20.000,100,5.000,0,,,20,,,,
N-TR-000209,000209,training/negative/000209.mp4,DAD,20fps5s,train,20.000,100,5.000,0,,,20,,,,
N-TR-000210,000210,training/negative/000210.mp4,DAD,20fps5s,train,20.000,100,5.000,0,,,20,,,,
N-TR-000211,000211,training/negative/000211.mp4,DAD,20fps5s,train,20.000,100,5.000,0,,,20,,,,
N-TR-000212,000212,training/negative/000212.mp4,DAD,20fps5s,train,20.000,100,5.000,0,,,20,,,,
N-TR-000213,000213,training/negative/000213.mp4,DAD,20fps5s,train,20.000,100,5.000,0,,,20,,,,
N-TR-000214,000214,training/negative/000214.mp4,DAD,20fps5s,train,20.000,100,5.000,0,,,20,,,,
N-TR-000215,000215,training/negative/000215.mp4,DAD,20fps5s,train,20.000,100,5.000,0,,,20,,,,
N-TR-000216,000216,training/negative/000216.mp4,DAD,20fps5s,train,20.000,100,5.000,0,,,20,,,,
N-TR-000217,000217,training/negative/000217.mp4,DAD,20fps5s,val,20.000,100,5.000,0,,,20,,,,
N-TR-000218,000218,training/negative/000218.mp4,DAD,20fps5s,val,20.000,100,5.000,0,,,20,,,,
N-TR-000219,000219,training/negative/000219.mp4,DAD,20fps5s,train,20.000,100,5.000,0,,,20,,,,
N-TR-000220,000220,training/negative/000220.mp4,DAD,20fps5s,train,20.000,100,5.000,0,,,20,,,,
N-TR-000221,000221,training/negative/000221.mp4,DAD,20fps5s,train,20.000,100,5.000,0,,,20,,,,
N-TR-000222,000222,training/negative/000222.mp4,DAD,20fps5s,train,20.000,100,5.000,0,,,20,,,,
N-TR-000223,000223,training/negative/000223.mp4,DAD,20fps5s,train,20.000,100,5.000,0,,,20,,,,
N-TR-000224,000224,training/negative/000224.mp4,DAD,20fps5s,train,20.000,100,5.000,0,,,20,,,,
N-TR-000225,000225,training/negative/000225.mp4,DAD,20fps5s,val,20.000,100,5.000,0,,,20,,,,
N-TR-000226,000226,training/negative/000226.mp4,DAD,20fps5s,val,20.000,100,5.000,0,,,20,,,,
N-TR-000227,000227,training/negative/000227.mp4,DAD,20fps5s,train,20.000,100,5.000,0,,,20,,,,
N-TR-000228,000228,training/negative/000228.mp4,DAD,20fps5s,train,20.000,100,5.000,0,,,20,,,,
N-TR-000229,000229,training/negative/000229.mp4,DAD,20fps5s,train,20.000,100,5.000,0,,,20,,,,
N-TR-000230,000230,training/negative/000230.mp4,DAD,20fps5s,train,20.000,100,5.000,0,,,20,,,,
N-TR-000231,000231,training/negative/000231.mp4,DAD,20fps5s,val,20.000,100,5.000,0,,,20,,,,
N-TR-000232,000232,training/negative/000232.mp4,DAD,20fps5s,train,20.000,100,5.000,0,,,20,,,,
N-TR-000233,000233,training/negative/000233.mp4,DAD,20fps5s,train,20.000,100,5.000,0,,,20,,,,
N-TR-000234,000234,training/negative/000234.mp4,DAD,20fps5s,train,20.000,100,5.000,0,,,20,,,,
N-TR-000235,000235,training/negative/000235.mp4,DAD,20fps5s,val,20.000,100,5.000,0,,,20,,,,
N-TR-000236,000236,training/negative/000236.mp4,DAD,20fps5s,val,20.000,100,5.000,0,,,20,,,,
N-TR-000237,000237,training/negative/000237.mp4,DAD,20fps5s,train,20.000,100,5.000,0,,,20,,,,
N-TR-000238,000238,training/negative/000238.mp4,DAD,20fps5s,train,20.000,100,5.000,0,,,20,,,,
N-TR-000239,000239,training/negative/000239.mp4,DAD,20fps5s,train,20.000,100,5.000,0,,,20,,,,
N-TR-000240,000240,training/negative/000240.mp4,DAD,20fps5s,train,20.000,100,5.000,0,,,20,,,,
N-TR-000241,000241,training/negative/000241.mp4,DAD,20fps5s,train,20.000,100,5.000,0,,,20,,,,
N-TR-000242,000242,training/negative/000242.mp4,DAD,20fps5s,train,20.000,100,5.000,0,,,20,,,,
N-TR-000243,000243,training/negative/000243.mp4,DAD,20fps5s,train,20.000,100,5.000,0,,,20,,,,
N-TR-000244,000244,training/negative/000244.mp4,DAD,20fps5s,val,20.000,100,5.000,0,,,20,,,,
N-TR-000245,000245,training/negative/000245.mp4,DAD,20fps5s,train,20.000,100,5.000,0,,,20,,,,
N-TR-000246,000246,training/negative/000246.mp4,DAD,20fps5s,val,20.000,100,5.000,0,,,20,,,,
N-TR-000247,000247,training/negative/000247.mp4,DAD,20fps5s,val,20.000,100,5.000,0,,,20,,,,
N-TR-000248,000248,training/negative/000248.mp4,DAD,20fps5s,train,20.000,100,5.000,0,,,20,,,,
N-TR-000249,000249,training/negative/000249.mp4,DAD,20fps5s,train,20.000,100,5.000,0,,,20,,,,
N-TR-000250,000250,training/negative/000250.mp4,DAD,20fps5s,train,20.000,100,5.000,0,,,20,,,,
N-TR-000251,000251,training/negative/000251.mp4,DAD,20fps5s,val,20.000,100,5.000,0,,,20,,,,
N-TR-000252,000252,training/negative/000252.mp4,DAD,20fps5s,train,20.000,100,5.000,0,,,20,,,,
N-TR-000253,000253,training/negative/000253.mp4,DAD,20fps5s,val,20.000,100,5.000,0,,,20,,,,
N-TR-000254,000254,training/negative/000254.mp4,DAD,20fps5s,val,20.000,100,5.000,0,,,20,,,,
N-TR-000255,000255,training/negative/000255.mp4,DAD,20fps5s,train,20.000,100,5.000,0,,,20,,,,
N-TR-000256,000256,training/negative/000256.mp4,DAD,20fps5s,train,20.000,100,5.000,0,,,20,,,,
N-TR-000257,000257,training/negative/000257.mp4,DAD,20fps5s,train,20.000,100,5.000,0,,,20,,,,
N-TR-000258,000258,training/negative/000258.mp4,DAD,20fps5s,val,20.000,100,5.000,0,,,20,,,,
N-TR-000259,000259,training/negative/000259.mp4,DAD,20fps5s,train,20.000,100,5.000,0,,,20,,,,
N-TR-000260,000260,training/negative/000260.mp4,DAD,20fps5s,train,20.000,100,5.000,0,,,20,,,,
N-TR-000261,000261,training/negative/000261.mp4,DAD,20fps5s,train,20.000,100,5.000,0,,,20,,,,
N-TR-000262,000262,training/negative/000262.mp4,DAD,20fps5s,train,20.000,100,5.000,0,,,20,,,,
N-TR-000263,000263,training/negative/000263.mp4,DAD,20fps5s,train,20.000,100,5.000,0,,,20,,,,
N-TR-000264,000264,training/negative/000264.mp4,DAD,20fps5s,train,20.000,100,5.000,0,,,20,,,,
N-TR-000265,000265,training/negative/000265.mp4,DAD,20fps5s,train,20.000,100,5.000,0,,,20,,,,
N-TR-000266,000266,training/negative/000266.mp4,DAD,20fps5s,train,20.000,100,5.000,0,,,20,,,,
N-TR-000267,000267,training/negative/000267.mp4,DAD,20fps5s,train,20.000,100,5.000,0,,,20,,,,
N-TR-000268,000268,training/negative/000268.mp4,DAD,20fps5s,train,20.000,100,5.000,0,,,20,,,,
N-TR-000269,000269,training/negative/000269.mp4,DAD,20fps5s,train,20.000,100,5.000,0,,,20,,,,
N-TR-000270,000270,training/negative/000270.mp4,DAD,20fps5s,val,20.000,100,5.000,0,,,20,,,,
N-TR-000271,000271,training/negative/000271.mp4,DAD,20fps5s,train,20.000,100,5.000,0,,,20,,,,
N-TR-000272,000272,training/negative/000272.mp4,DAD,20fps5s,val,20.000,100,5.000,0,,,20,,,,
N-TR-000273,000273,training/negative/000273.mp4,DAD,20fps5s,train,20.000,100,5.000,0,,,20,,,,
N-TR-000274,000274,training/negative/000274.mp4,DAD,20fps5s,val,20.000,100,5.000,0,,,20,,,,
N-TR-000275,000275,training/negative/000275.mp4,DAD,20fps5s,val,20.000,100,5.000,0,,,20,,,,
N-TR-000276,000276,training/negative/000276.mp4,DAD,20fps5s,train,20.000,100,5.000,0,,,20,,,,
N-TR-000277,000277,training/negative/000277.mp4,DAD,20fps5s,val,20.000,100,5.000,0,,,20,,,,
N-TR-000278,000278,training/negative/000278.mp4,DAD,20fps5s,train,20.000,100,5.000,0,,,20,,,,
N-TR-000279,000279,training/negative/000279.mp4,DAD,20fps5s,train,20.000,100,5.000,0,,,20,,,,
N-TR-000280,000280,training/negative/000280.mp4,DAD,20fps5s,train,20.000,100,5.000,0,,,20,,,,
N-TR-000281,000281,training/negative/000281.mp4,DAD,20fps5s,train,20.000,100,5.000,0,,,20,,,,
N-TR-000282,000282,training/negative/000282.mp4,DAD,20fps5s,train,20.000,100,5.000,0,,,20,,,,
N-TR-000283,000283,training/negative/000283.mp4,DAD,20fps5s,train,20.000,100,5.000,0,,,20,,,,
N-TR-000284,000284,training/negative/000284.mp4,DAD,20fps5s,train,20.000,100,5.000,0,,,20,,,,
N-TR-000285,000285,training/negative/000285.mp4,DAD,20fps5s,train,20.000,100,5.000,0,,,20,,,,
N-TR-000286,000286,training/negative/000286.mp4,DAD,20fps5s,train,20.000,100,5.000,0,,,20,,,,
N-TR-000287,000287,training/negative/000287.mp4,DAD,20fps5s,train,20.000,100,5.000,0,,,20,,,,
N-TR-000288,000288,training/negative/000288.mp4,DAD,20fps5s,train,20.000,100,5.000,0,,,20,,,,
N-TR-000289,000289,training/negative/000289.mp4,DAD,20fps5s,train,20.000,100,5.000,0,,,20,,,,
N-TR-000290,000290,training/negative/000290.mp4,DAD,20fps5s,train,20.000,100,5.000,0,,,20,,,,
N-TR-000291,000291,training/negative/000291.mp4,DAD,20fps5s,train,20.000,100,5.000,0,,,20,,,,
N-TR-000292,000292,training/negative/000292.mp4,DAD,20fps5s,train,20.000,100,5.000,0,,,20,,,,
N-TR-000293,000293,training/negative/000293.mp4,DAD,20fps5s,train,20.000,100,5.000,0,,,20,,,,
N-TR-000294,000294,training/negative/000294.mp4,DAD,20fps5s,train,20.000,100,5.000,0,,,20,,,,
N-TR-000295,000295,training/negative/000295.mp4,DAD,20fps5s,train,20.000,100,5.000,0,,,20,,,,
N-TR-000296,000296,training/negative/000296.mp4,DAD,20fps5s,train,20.000,100,5.000,0,,,20,,,,
N-TR-000297,000297,training/negative/000297.mp4,DAD,20fps5s,train,20.000,100,5.000,0,,,20,,,,
N-TR-000298,000298,training/negative/000298.mp4,DAD,20fps5s,train,20.000,100,5.000,0,,,20,,,,
N-TR-000299,000299,training/negative/000299.mp4,DAD,20fps5s,train,20.000,100,5.000,0,,,20,,,,
N-TR-000300,000300,training/negative/000300.mp4,DAD,20fps5s,train,20.000,100,5.000,0,,,20,,,,
N-TR-000301,000301,training/negative/000301.mp4,DAD,20fps5s,val,20.000,100,5.000,0,,,20,,,,
N-TR-000302,000302,training/negative/000302.mp4,DAD,20fps5s,train,20.000,100,5.000,0,,,20,,,,
N-TR-000303,000303,training/negative/000303.mp4,DAD,20fps5s,train,20.000,100,5.000,0,,,20,,,,
N-TR-000304,000304,training/negative/000304.mp4,DAD,20fps5s,train,20.000,100,5.000,0,,,20,,,,
N-TR-000305,000305,training/negative/000305.mp4,DAD,20fps5s,train,20.000,100,5.000,0,,,20,,,,
N-TR-000306,000306,training/negative/000306.mp4,DAD,20fps5s,val,20.000,100,5.000,0,,,20,,,,
N-TR-000307,000307,training/negative/000307.mp4,DAD,20fps5s,train,20.000,100,5.000,0,,,20,,,,
N-TR-000308,000308,training/negative/000308.mp4,DAD,20fps5s,train,20.000,100,5.000,0,,,20,,,,
N-TR-000309,000309,training/negative/000309.mp4,DAD,20fps5s,train,20.000,100,5.000,0,,,20,,,,
N-TR-000310,000310,training/negative/000310.mp4,DAD,20fps5s,train,20.000,100,5.000,0,,,20,,,,
N-TR-000311,000311,training/negative/000311.mp4,DAD,20fps5s,train,20.000,100,5.000,0,,,20,,,,
N-TR-000312,000312,training/negative/000312.mp4,DAD,20fps5s,train,20.000,100,5.000,0,,,20,,,,
N-TR-000313,000313,training/negative/000313.mp4,DAD,20fps5s,train,20.000,100,5.000,0,,,20,,,,
N-TR-000314,000314,training/negative/000314.mp4,DAD,20fps5s,train,20.000,100,5.000,0,,,20,,,,
N-TR-000315,000315,training/negative/000315.mp4,DAD,20fps5s,val,20.000,100,5.000,0,,,20,,,,
N-TR-000316,000316,training/negative/000316.mp4,DAD,20fps5s,train,20.000,100,5.000,0,,,20,,,,
N-TR-000317,000317,training/negative/000317.mp4,DAD,20fps5s,train,20.000,100,5.000,0,,,20,,,,
N-TR-000318,000318,training/negative/000318.mp4,DAD,20fps5s,train,20.000,100,5.000,0,,,20,,,,
N-TR-000319,000319,training/negative/000319.mp4,DAD,20fps5s,train,20.000,100,5.000,0,,,20,,,,
N-TR-000320,000320,training/negative/000320.mp4,DAD,20fps5s,val,20.000,100,5.000,0,,,20,,,,
N-TR-000321,000321,training/negative/000321.mp4,DAD,20fps5s,train,20.000,100,5.000,0,,,20,,,,
N-TR-000322,000322,training/negative/000322.mp4,DAD,20fps5s,train,20.000,100,5.000,0,,,20,,,,
N-TR-000323,000323,training/negative/000323.mp4,DAD,20fps5s,val,20.000,100,5.000,0,,,20,,,,
N-TR-000324,000324,training/negative/000324.mp4,DAD,20fps5s,val,20.000,100,5.000,0,,,20,,,,
N-TR-000325,000325,training/negative/000325.mp4,DAD,20fps5s,train,20.000,100,5.000,0,,,20,,,,
N-TR-000326,000326,training/negative/000326.mp4,DAD,20fps5s,train,20.000,100,5.000,0,,,20,,,,
N-TR-000327,000327,training/negative/000327.mp4,DAD,20fps5s,train,20.000,100,5.000,0,,,20,,,,
N-TR-000328,000328,training/negative/000328.mp4,DAD,20fps5s,train,20.000,100,5.000,0,,,20,,,,
N-TR-000329,000329,training/negative/000329.mp4,DAD,20fps5s,train,20.000,100,5.000,0,,,20,,,,
N-TR-000330,000330,training/negative/000330.mp4,DAD,20fps5s,train,20.000,100,5.000,0,,,20,,,,
N-TR-000331,000331,training/negative/000331.mp4,DAD,20fps5s,train,20.000,100,5.000,0,,,20,,,,
N-TR-000332,000332,training/negative/000332.mp4,DAD,20fps5s,val,20.000,100,5.000,0,,,20,,,,
N-TR-000333,000333,training/negative/000333.mp4,DAD,20fps5s,val,20.000,100,5.000,0,,,20,,,,
N-TR-000334,000334,training/negative/000334.mp4,DAD,20fps5s,train,20.000,100,5.000,0,,,20,,,,
N-TR-000335,000335,training/negative/000335.mp4,DAD,20fps5s,train,20.000,100,5.000,0,,,20,,,,
N-TR-000336,000336,training/negative/000336.mp4,DAD,20fps5s,train,20.000,100,5.000,0,,,20,,,,
N-TR-000337,000337,training/negative/000337.mp4,DAD,20fps5s,train,20.000,100,5.000,0,,,20,,,,
N-TR-000338,000338,training/negative/000338.mp4,DAD,20fps5s,train,20.000,100,5.000,0,,,20,,,,
N-TR-000339,000339,training/negative/000339.mp4,DAD,20fps5s,val,20.000,100,5.000,0,,,20,,,,
N-TR-000340,000340,training/negative/000340.mp4,DAD,20fps5s,train,20.000,100,5.000,0,,,20,,,,
N-TR-000341,000341,training/negative/000341.mp4,DAD,20fps5s,train,20.000,100,5.000,0,,,20,,,,
N-TR-000342,000342,training/negative/000342.mp4,DAD,20fps5s,train,20.000,100,5.000,0,,,20,,,,
N-TR-000343,000343,training/negative/000343.mp4,DAD,20fps5s,train,20.000,100,5.000,0,,,20,,,,
N-TR-000344,000344,training/negative/000344.mp4,DAD,20fps5s,train,20.000,100,5.000,0,,,20,,,,
N-TR-000345,000345,training/negative/000345.mp4,DAD,20fps5s,train,20.000,100,5.000,0,,,20,,,,
N-TR-000346,000346,training/negative/000346.mp4,DAD,20fps5s,train,20.000,100,5.000,0,,,20,,,,
N-TR-000347,000347,training/negative/000347.mp4,DAD,20fps5s,val,20.000,100,5.000,0,,,20,,,,
N-TR-000348,000348,training/negative/000348.mp4,DAD,20fps5s,train,20.000,100,5.000,0,,,20,,,,
N-TR-000349,000349,training/negative/000349.mp4,DAD,20fps5s,val,20.000,100,5.000,0,,,20,,,,
N-TR-000350,000350,training/negative/000350.mp4,DAD,20fps5s,train,20.000,100,5.000,0,,,20,,,,
N-TR-000351,000351,training/negative/000351.mp4,DAD,20fps5s,train,20.000,100,5.000,0,,,20,,,,
N-TR-000352,000352,training/negative/000352.mp4,DAD,20fps5s,train,20.000,100,5.000,0,,,20,,,,
N-TR-000353,000353,training/negative/000353.mp4,DAD,20fps5s,train,20.000,100,5.000,0,,,20,,,,
N-TR-000354,000354,training/negative/000354.mp4,DAD,20fps5s,train,20.000,100,5.000,0,,,20,,,,
N-TR-000355,000355,training/negative/000355.mp4,DAD,20fps5s,train,20.000,100,5.000,0,,,20,,,,
N-TR-000356,000356,training/negative/000356.mp4,DAD,20fps5s,train,20.000,100,5.000,0,,,20,,,,
N-TR-000357,000357,training/negative/000357.mp4,DAD,20fps5s,train,20.000,100,5.000,0,,,20,,,,
N-TR-000358,000358,training/negative/000358.mp4,DAD,20fps5s,train,20.000,100,5.000,0,,,20,,,,
N-TR-000359,000359,training/negative/000359.mp4,DAD,20fps5s,train,20.000,100,5.000,0,,,20,,,,
N-TR-000360,000360,training/negative/000360.mp4,DAD,20fps5s,train,20.000,100,5.000,0,,,20,,,,
N-TR-000361,000361,training/negative/000361.mp4,DAD,20fps5s,train,20.000,100,5.000,0,,,20,,,,
N-TR-000362,000362,training/negative/000362.mp4,DAD,20fps5s,train,20.000,100,5.000,0,,,20,,,,
N-TR-000363,000363,training/negative/000363.mp4,DAD,20fps5s,train,20.000,100,5.000,0,,,20,,,,
N-TR-000364,000364,training/negative/000364.mp4,DAD,20fps5s,train,20.000,100,5.000,0,,,20,,,,
N-TR-000365,000365,training/negative/000365.mp4,DAD,20fps5s,train,20.000,100,5.000,0,,,20,,,,
N-TR-000366,000366,training/negative/000366.mp4,DAD,20fps5s,train,20.000,100,5.000,0,,,20,,,,
N-TR-000367,000367,training/negative/000367.mp4,DAD,20fps5s,train,20.000,100,5.000,0,,,20,,,,
N-TR-000368,000368,training/negative/000368.mp4,DAD,20fps5s,train,20.000,100,5.000,0,,,20,,,,
N-TR-000369,000369,training/negative/000369.mp4,DAD,20fps5s,train,20.000,100,5.000,0,,,20,,,,
N-TR-000370,000370,training/negative/000370.mp4,DAD,20fps5s,train,20.000,100,5.000,0,,,20,,,,
N-TR-000371,000371,training/negative/000371.mp4,DAD,20fps5s,val,20.000,100,5.000,0,,,20,,,,
N-TR-000372,000372,training/negative/000372.mp4,DAD,20fps5s,val,20.000,100,5.000,0,,,20,,,,
N-TR-000373,000373,training/negative/000373.mp4,DAD,20fps5s,train,20.000,100,5.000,0,,,20,,,,
N-TR-000374,000374,training/negative/000374.mp4,DAD,20fps5s,train,20.000,100,5.000,0,,,20,,,,
N-TR-000375,000375,training/negative/000375.mp4,DAD,20fps5s,train,20.000,100,5.000,0,,,20,,,,
N-TR-000376,000376,training/negative/000376.mp4,DAD,20fps5s,train,20.000,100,5.000,0,,,20,,,,
N-TR-000377,000377,training/negative/000377.mp4,DAD,20fps5s,train,20.000,100,5.000,0,,,20,,,,
N-TR-000378,000378,training/negative/000378.mp4,DAD,20fps5s,train,20.000,100,5.000,0,,,20,,,,
N-TR-000379,000379,training/negative/000379.mp4,DAD,20fps5s,train,20.000,100,5.000,0,,,20,,,,
N-TR-000380,000380,training/negative/000380.mp4,DAD,20fps5s,train,20.000,100,5.000,0,,,20,,,,
N-TR-000381,000381,training/negative/000381.mp4,DAD,20fps5s,train,20.000,100,5.000,0,,,20,,,,
N-TR-000382,000382,training/negative/000382.mp4,DAD,20fps5s,train,20.000,100,5.000,0,,,20,,,,
N-TR-000383,000383,training/negative/000383.mp4,DAD,20fps5s,val,20.000,100,5.000,0,,,20,,,,
N-TR-000384,000384,training/negative/000384.mp4,DAD,20fps5s,train,20.000,100,5.000,0,,,20,,,,
N-TR-000385,000385,training/negative/000385.mp4,DAD,20fps5s,train,20.000,100,5.000,0,,,20,,,,
N-TR-000386,000386,training/negative/000386.mp4,DAD,20fps5s,train,20.000,100,5.000,0,,,20,,,,
N-TR-000387,000387,training/negative/000387.mp4,DAD,20fps5s,train,20.000,100,5.000,0,,,20,,,,
N-TR-000388,000388,training/negative/000388.mp4,DAD,20fps5s,train,20.000,100,5.000,0,,,20,,,,
N-TR-000389,000389,training/negative/000389.mp4,DAD,20fps5s,val,20.000,100,5.000,0,,,20,,,,
N-TR-000390,000390,training/negative/000390.mp4,DAD,20fps5s,train,20.000,100,5.000,0,,,20,,,,
N-TR-000391,000391,training/negative/000391.mp4,DAD,20fps5s,val,20.000,100,5.000,0,,,20,,,,
N-TR-000392,000392,training/negative/000392.mp4,DAD,20fps5s,train,20.000,100,5.000,0,,,20,,,,
N-TR-000393,000393,training/negative/000393.mp4,DAD,20fps5s,train,20.000,100,5.000,0,,,20,,,,
N-TR-000394,000394,training/negative/000394.mp4,DAD,20fps5s,train,20.000,100,5.000,0,,,20,,,,
N-TR-000395,000395,training/negative/000395.mp4,DAD,20fps5s,val,20.000,100,5.000,0,,,20,,,,
N-TR-000396,000396,training/negative/000396.mp4,DAD,20fps5s,train,20.000,100,5.000,0,,,20,,,,
N-TR-000397,000397,training/negative/000397.mp4,DAD,20fps5s,train,20.000,100,5.000,0,,,20,,,,
N-TR-000398,000398,training/negative/000398.mp4,DAD,20fps5s,train,20.000,100,5.000,0,,,20,,,,
N-TR-000399,000399,training/negative/000399.mp4,DAD,20fps5s,train,20.000,100,5.000,0,,,20,,,,
N-TR-000400,000400,training/negative/000400.mp4,DAD,20fps5s,train,20.000,100,5.000,0,,,20,,,,
N-TR-000401,000401,training/negative/000401.mp4,DAD,20fps5s,train,20.000,100,5.000,0,,,20,,,,
N-TR-000402,000402,training/negative/000402.mp4,DAD,20fps5s,train,20.000,100,5.000,0,,,20,,,,
N-TR-000403,000403,training/negative/000403.mp4,DAD,20fps5s,train,20.000,100,5.000,0,,,20,,,,
N-TR-000404,000404,training/negative/000404.mp4,DAD,20fps5s,train,20.000,100,5.000,0,,,20,,,,
N-TR-000405,000405,training/negative/000405.mp4,DAD,20fps5s,train,20.000,100,5.000,0,,,20,,,,
N-TR-000406,000406,training/negative/000406.mp4,DAD,20fps5s,val,20.000,100,5.000,0,,,20,,,,
N-TR-000407,000407,training/negative/000407.mp4,DAD,20fps5s,train,20.000,100,5.000,0,,,20,,,,
N-TR-000408,000408,training/negative/000408.mp4,DAD,20fps5s,train,20.000,100,5.000,0,,,20,,,,
N-TR-000409,000409,training/negative/000409.mp4,DAD,20fps5s,val,20.000,100,5.000,0,,,20,,,,
N-TR-000410,000410,training/negative/000410.mp4,DAD,20fps5s,train,20.000,100,5.000,0,,,20,,,,
N-TR-000411,000411,training/negative/000411.mp4,DAD,20fps5s,val,20.000,100,5.000,0,,,20,,,,
N-TR-000412,000412,training/negative/000412.mp4,DAD,20fps5s,train,20.000,100,5.000,0,,,20,,,,
N-TR-000413,000413,training/negative/000413.mp4,DAD,20fps5s,train,20.000,100,5.000,0,,,20,,,,
N-TR-000414,000414,training/negative/000414.mp4,DAD,20fps5s,train,20.000,100,5.000,0,,,20,,,,
N-TR-000415,000415,training/negative/000415.mp4,DAD,20fps5s,train,20.000,100,5.000,0,,,20,,,,
N-TR-000416,000416,training/negative/000416.mp4,DAD,20fps5s,train,20.000,100,5.000,0,,,20,,,,
N-TR-000417,000417,training/negative/000417.mp4,DAD,20fps5s,train,20.000,100,5.000,0,,,20,,,,
N-TR-000418,000418,training/negative/000418.mp4,DAD,20fps5s,train,20.000,100,5.000,0,,,20,,,,
N-TR-000419,000419,training/negative/000419.mp4,DAD,20fps5s,train,20.000,100,5.000,0,,,20,,,,
N-TR-000420,000420,training/negative/000420.mp4,DAD,20fps5s,train,20.000,100,5.000,0,,,20,,,,
N-TR-000421,000421,training/negative/000421.mp4,DAD,20fps5s,train,20.000,100,5.000,0,,,20,,,,
N-TR-000422,000422,training/negative/000422.mp4,DAD,20fps5s,train,20.000,100,5.000,0,,,20,,,,
N-TR-000423,000423,training/negative/000423.mp4,DAD,20fps5s,train,20.000,100,5.000,0,,,20,,,,
N-TR-000424,000424,training/negative/000424.mp4,DAD,20fps5s,train,20.000,100,5.000,0,,,20,,,,
N-TR-000425,000425,training/negative/000425.mp4,DAD,20fps5s,train,20.000,100,5.000,0,,,20,,,,
N-TR-000426,000426,training/negative/000426.mp4,DAD,20fps5s,train,20.000,100,5.000,0,,,20,,,,
N-TR-000427,000427,training/negative/000427.mp4,DAD,20fps5s,train,20.000,100,5.000,0,,,20,,,,
N-TR-000428,000428,training/negative/000428.mp4,DAD,20fps5s,train,20.000,100,5.000,0,,,20,,,,
N-TR-000429,000429,training/negative/000429.mp4,DAD,20fps5s,train,20.000,100,5.000,0,,,20,,,,
N-TR-000430,000430,training/negative/000430.mp4,DAD,20fps5s,train,20.000,100,5.000,0,,,20,,,,
N-TR-000431,000431,training/negative/000431.mp4,DAD,20fps5s,train,20.000,100,5.000,0,,,20,,,,
N-TR-000432,000432,training/negative/000432.mp4,DAD,20fps5s,train,20.000,100,5.000,0,,,20,,,,
N-TR-000433,000433,training/negative/000433.mp4,DAD,20fps5s,val,20.000,100,5.000,0,,,20,,,,
N-TR-000434,000434,training/negative/000434.mp4,DAD,20fps5s,val,20.000,100,5.000,0,,,20,,,,
N-TR-000435,000435,training/negative/000435.mp4,DAD,20fps5s,train,20.000,100,5.000,0,,,20,,,,
N-TR-000436,000436,training/negative/000436.mp4,DAD,20fps5s,train,20.000,100,5.000,0,,,20,,,,
N-TR-000437,000437,training/negative/000437.mp4,DAD,20fps5s,train,20.000,100,5.000,0,,,20,,,,
N-TR-000438,000438,training/negative/000438.mp4,DAD,20fps5s,train,20.000,100,5.000,0,,,20,,,,
N-TR-000439,000439,training/negative/000439.mp4,DAD,20fps5s,val,20.000,100,5.000,0,,,20,,,,
N-TR-000440,000440,training/negative/000440.mp4,DAD,20fps5s,train,20.000,100,5.000,0,,,20,,,,
N-TR-000441,000441,training/negative/000441.mp4,DAD,20fps5s,train,20.000,100,5.000,0,,,20,,,,
N-TR-000442,000442,training/negative/000442.mp4,DAD,20fps5s,train,20.000,100,5.000,0,,,20,,,,
N-TR-000443,000443,training/negative/000443.mp4,DAD,20fps5s,train,20.000,100,5.000,0,,,20,,,,
N-TR-000444,000444,training/negative/000444.mp4,DAD,20fps5s,train,20.000,100,5.000,0,,,20,,,,
N-TR-000445,000445,training/negative/000445.mp4,DAD,20fps5s,train,20.000,100,5.000,0,,,20,,,,
N-TR-000446,000446,training/negative/000446.mp4,DAD,20fps5s,val,20.000,100,5.000,0,,,20,,,,
N-TR-000447,000447,training/negative/000447.mp4,DAD,20fps5s,train,20.000,100,5.000,0,,,20,,,,
N-TR-000448,000448,training/negative/000448.mp4,DAD,20fps5s,train,20.000,100,5.000,0,,,20,,,,
N-TR-000449,000449,training/negative/000449.mp4,DAD,20fps5s,val,20.000,100,5.000,0,,,20,,,,
N-TR-000450,000450,training/negative/000450.mp4,DAD,20fps5s,train,20.000,100,5.000,0,,,20,,,,
N-TR-000451,000451,training/negative/000451.mp4,DAD,20fps5s,train,20.000,100,5.000,0,,,20,,,,
N-TR-000452,000452,training/negative/000452.mp4,DAD,20fps5s,train,20.000,100,5.000,0,,,20,,,,
N-TR-000453,000453,training/negative/000453.mp4,DAD,20fps5s,train,20.000,100,5.000,0,,,20,,,,
N-TR-000454,000454,training/negative/000454.mp4,DAD,20fps5s,train,20.000,100,5.000,0,,,20,,,,
N-TR-000455,000455,training/negative/000455.mp4,DAD,20fps5s,train,20.000,100,5.000,0,,,20,,,,
N-TR-000456,000456,training/negative/000456.mp4,DAD,20fps5s,train,20.000,100,5.000,0,,,20,,,,
N-TR-000457,000457,training/negative/000457.mp4,DAD,20fps5s,train,20.000,100,5.000,0,,,20,,,,
N-TR-000458,000458,training/negative/000458.mp4,DAD,20fps5s,train,20.000,100,5.000,0,,,20,,,,
N-TR-000459,000459,training/negative/000459.mp4,DAD,20fps5s,train,20.000,100,5.000,0,,,20,,,,
N-TR-000460,000460,training/negative/000460.mp4,DAD,20fps5s,train,20.000,100,5.000,0,,,20,,,,
N-TR-000461,000461,training/negative/000461.mp4,DAD,20fps5s,train,20.000,100,5.000,0,,,20,,,,
N-TR-000462,000462,training/negative/000462.mp4,DAD,20fps5s,train,20.000,100,5.000,0,,,20,,,,
N-TR-000463,000463,training/negative/000463.mp4,DAD,20fps5s,val,20.000,100,5.000,0,,,20,,,,
N-TR-000464,000464,training/negative/000464.mp4,DAD,20fps5s,train,20.000,100,5.000,0,,,20,,,,
N-TR-000465,000465,training/negative/000465.mp4,DAD,20fps5s,val,20.000,100,5.000,0,,,20,,,,
N-TR-000466,000466,training/negative/000466.mp4,DAD,20fps5s,train,20.000,100,5.000,0,,,20,,,,
N-TR-000467,000467,training/negative/000467.mp4,DAD,20fps5s,train,20.000,100,5.000,0,,,20,,,,
N-TR-000468,000468,training/negative/000468.mp4,DAD,20fps5s,train,20.000,100,5.000,0,,,20,,,,
N-TR-000469,000469,training/negative/000469.mp4,DAD,20fps5s,train,20.000,100,5.000,0,,,20,,,,
N-TR-000470,000470,training/negative/000470.mp4,DAD,20fps5s,val,20.000,100,5.000,0,,,20,,,,
N-TR-000471,000471,training/negative/000471.mp4,DAD,20fps5s,train,20.000,100,5.000,0,,,20,,,,
N-TR-000472,000472,training/negative/000472.mp4,DAD,20fps5s,train,20.000,100,5.000,0,,,20,,,,
N-TR-000473,000473,training/negative/000473.mp4,DAD,20fps5s,train,20.000,100,5.000,0,,,20,,,,
N-TR-000474,000474,training/negative/000474.mp4,DAD,20fps5s,val,20.000,100,5.000,0,,,20,,,,
N-TR-000475,000475,training/negative/000475.mp4,DAD,20fps5s,train,20.000,100,5.000,0,,,20,,,,
N-TR-000476,000476,training/negative/000476.mp4,DAD,20fps5s,train,20.000,100,5.000,0,,,20,,,,
N-TR-000477,000477,training/negative/000477.mp4,DAD,20fps5s,train,20.000,100,5.000,0,,,20,,,,
N-TR-000478,000478,training/negative/000478.mp4,DAD,20fps5s,train,20.000,100,5.000,0,,,20,,,,
N-TR-000479,000479,training/negative/000479.mp4,DAD,20fps5s,train,20.000,100,5.000,0,,,20,,,,
N-TR-000480,000480,training/negative/000480.mp4,DAD,20fps5s,val,20.000,100,5.000,0,,,20,,,,
N-TR-000481,000481,training/negative/000481.mp4,DAD,20fps5s,train,20.000,100,5.000,0,,,20,,,,
N-TR-000482,000482,training/negative/000482.mp4,DAD,20fps5s,train,20.000,100,5.000,0,,,20,,,,
N-TR-000483,000483,training/negative/000483.mp4,DAD,20fps5s,train,20.000,100,5.000,0,,,20,,,,
N-TR-000484,000484,training/negative/000484.mp4,DAD,20fps5s,train,20.000,100,5.000,0,,,20,,,,
N-TR-000485,000485,training/negative/000485.mp4,DAD,20fps5s,train,20.000,100,5.000,0,,,20,,,,
N-TR-000486,000486,training/negative/000486.mp4,DAD,20fps5s,train,20.000,100,5.000,0,,,20,,,,
N-TR-000487,000487,training/negative/000487.mp4,DAD,20fps5s,val,20.000,100,5.000,0,,,20,,,,
N-TR-000488,000488,training/negative/000488.mp4,DAD,20fps5s,train,20.000,100,5.000,0,,,20,,,,
N-TR-000489,000489,training/negative/000489.mp4,DAD,20fps5s,train,20.000,100,5.000,0,,,20,,,,
N-TR-000490,000490,training/negative/000490.mp4,DAD,20fps5s,train,20.000,100,5.000,0,,,20,,,,
N-TR-000491,000491,training/negative/000491.mp4,DAD,20fps5s,train,20.000,100,5.000,0,,,20,,,,
N-TR-000492,000492,training/negative/000492.mp4,DAD,20fps5s,train,20.000,100,5.000,0,,,20,,,,
N-TR-000493,000493,training/negative/000493.mp4,DAD,20fps5s,train,20.000,100,5.000,0,,,20,,,,
N-TR-000494,000494,training/negative/000494.mp4,DAD,20fps5s,train,20.000,100,5.000,0,,,20,,,,
N-TR-000495,000495,training/negative/000495.mp4,DAD,20fps5s,train,20.000,100,5.000,0,,,20,,,,
N-TR-000496,000496,training/negative/000496.mp4,DAD,20fps5s,train,20.000,100,5.000,0,,,20,,,,
N-TR-000497,000497,training/negative/000497.mp4,DAD,20fps5s,train,20.000,100,5.000,0,,,20,,,,
N-TR-000498,000498,training/negative/000498.mp4,DAD,20fps5s,val,20.000,100,5.000,0,,,20,,,,
N-TR-000499,000499,training/negative/000499.mp4,DAD,20fps5s,train,20.000,100,5.000,0,,,20,,,,
N-TR-000500,000500,training/negative/000500.mp4,DAD,20fps5s,train,20.000,100,5.000,0,,,20,,,,
N-TR-000501,000501,training/negative/000501.mp4,DAD,20fps5s,val,20.000,100,5.000,0,,,20,,,,
N-TR-000502,000502,training/negative/000502.mp4,DAD,20fps5s,train,20.000,100,5.000,0,,,20,,,,
N-TR-000503,000503,training/negative/000503.mp4,DAD,20fps5s,train,20.000,100,5.000,0,,,20,,,,
N-TR-000504,000504,training/negative/000504.mp4,DAD,20fps5s,train,20.000,100,5.000,0,,,20,,,,
N-TR-000505,000505,training/negative/000505.mp4,DAD,20fps5s,train,20.000,100,5.000,0,,,20,,,,
N-TR-000506,000506,training/negative/000506.mp4,DAD,20fps5s,val,20.000,100,5.000,0,,,20,,,,
N-TR-000507,000507,training/negative/000507.mp4,DAD,20fps5s,train,20.000,100,5.000,0,,,20,,,,
N-TR-000508,000508,training/negative/000508.mp4,DAD,20fps5s,train,20.000,100,5.000,0,,,20,,,,
N-TR-000509,000509,training/negative/000509.mp4,DAD,20fps5s,train,20.000,100,5.000,0,,,20,,,,
N-TR-000510,000510,training/negative/000510.mp4,DAD,20fps5s,train,20.000,100,5.000,0,,,20,,,,
N-TR-000511,000511,training/negative/000511.mp4,DAD,20fps5s,train,20.000,100,5.000,0,,,20,,,,
N-TR-000512,000512,training/negative/000512.mp4,DAD,20fps5s,val,20.000,100,5.000,0,,,20,,,,
N-TR-000513,000513,training/negative/000513.mp4,DAD,20fps5s,val,20.000,100,5.000,0,,,20,,,,
N-TR-000514,000514,training/negative/000514.mp4,DAD,20fps5s,train,20.000,100,5.000,0,,,20,,,,
N-TR-000515,000515,training/negative/000515.mp4,DAD,20fps5s,train,20.000,100,5.000,0,,,20,,,,
N-TR-000516,000516,training/negative/000516.mp4,DAD,20fps5s,train,20.000,100,5.000,0,,,20,,,,
N-TR-000517,000517,training/negative/000517.mp4,DAD,20fps5s,train,20.000,100,5.000,0,,,20,,,,
N-TR-000518,000518,training/negative/000518.mp4,DAD,20fps5s,train,20.000,100,5.000,0,,,20,,,,
N-TR-000519,000519,training/negative/000519.mp4,DAD,20fps5s,train,20.000,100,5.000,0,,,20,,,,
N-TR-000520,000520,training/negative/000520.mp4,DAD,20fps5s,val,20.000,100,5.000,0,,,20,,,,
N-TR-000521,000521,training/negative/000521.mp4,DAD,20fps5s,train,20.000,100,5.000,0,,,20,,,,
N-TR-000522,000522,training/negative/000522.mp4,DAD,20fps5s,val,20.000,100,5.000,0,,,20,,,,
N-TR-000523,000523,training/negative/000523.mp4,DAD,20fps5s,train,20.000,100,5.000,0,,,20,,,,
N-TR-000524,000524,training/negative/000524.mp4,DAD,20fps5s,train,20.000,100,5.000,0,,,20,,,,
N-TR-000525,000525,training/negative/000525.mp4,DAD,20fps5s,train,20.000,100,5.000,0,,,20,,,,
N-TR-000526,000526,training/negative/000526.mp4,DAD,20fps5s,train,20.000,100,5.000,0,,,20,,,,
N-TR-000527,000527,training/negative/000527.mp4,DAD,20fps5s,val,20.000,100,5.000,0,,,20,,,,
N-TR-000528,000528,training/negative/000528.mp4,DAD,20fps5s,train,20.000,100,5.000,0,,,20,,,,
N-TR-000529,000529,training/negative/000529.mp4,DAD,20fps5s,train,20.000,100,5.000,0,,,20,,,,
N-TR-000530,000530,training/negative/000530.mp4,DAD,20fps5s,val,20.000,100,5.000,0,,,20,,,,
N-TR-000531,000531,training/negative/000531.mp4,DAD,20fps5s,train,20.000,100,5.000,0,,,20,,,,
N-TR-000532,000532,training/negative/000532.mp4,DAD,20fps5s,train,20.000,100,5.000,0,,,20,,,,
N-TR-000533,000533,training/negative/000533.mp4,DAD,20fps5s,train,20.000,100,5.000,0,,,20,,,,
N-TR-000534,000534,training/negative/000534.mp4,DAD,20fps5s,train,20.000,100,5.000,0,,,20,,,,
N-TR-000535,000535,training/negative/000535.mp4,DAD,20fps5s,train,20.000,100,5.000,0,,,20,,,,
N-TR-000536,000536,training/negative/000536.mp4,DAD,20fps5s,train,20.000,100,5.000,0,,,20,,,,
N-TR-000537,000537,training/negative/000537.mp4,DAD,20fps5s,train,20.000,100,5.000,0,,,20,,,,
N-TR-000538,000538,training/negative/000538.mp4,DAD,20fps5s,train,20.000,100,5.000,0,,,20,,,,
N-TR-000539,000539,training/negative/000539.mp4,DAD,20fps5s,train,20.000,100,5.000,0,,,20,,,,
N-TR-000540,000540,training/negative/000540.mp4,DAD,20fps5s,train,20.000,100,5.000,0,,,20,,,,
N-TR-000541,000541,training/negative/000541.mp4,DAD,20fps5s,val,20.000,100,5.000,0,,,20,,,,
N-TR-000542,000542,training/negative/000542.mp4,DAD,20fps5s,val,20.000,100,5.000,0,,,20,,,,
N-TR-000543,000543,training/negative/000543.mp4,DAD,20fps5s,train,20.000,100,5.000,0,,,20,,,,
N-TR-000544,000544,training/negative/000544.mp4,DAD,20fps5s,val,20.000,100,5.000,0,,,20,,,,
N-TR-000545,000545,training/negative/000545.mp4,DAD,20fps5s,train,20.000,100,5.000,0,,,20,,,,
N-TR-000546,000546,training/negative/000546.mp4,DAD,20fps5s,val,20.000,100,5.000,0,,,20,,,,
N-TR-000547,000547,training/negative/000547.mp4,DAD,20fps5s,val,20.000,100,5.000,0,,,20,,,,
N-TR-000548,000548,training/negative/000548.mp4,DAD,20fps5s,train,20.000,100,5.000,0,,,20,,,,
N-TR-000549,000549,training/negative/000549.mp4,DAD,20fps5s,train,20.000,100,5.000,0,,,20,,,,
N-TR-000550,000550,training/negative/000550.mp4,DAD,20fps5s,val,20.000,100,5.000,0,,,20,,,,
N-TR-000551,000551,training/negative/000551.mp4,DAD,20fps5s,train,20.000,100,5.000,0,,,20,,,,
N-TR-000552,000552,training/negative/000552.mp4,DAD,20fps5s,val,20.000,100,5.000,0,,,20,,,,
N-TR-000553,000553,training/negative/000553.mp4,DAD,20fps5s,val,20.000,100,5.000,0,,,20,,,,
N-TR-000554,000554,training/negative/000554.mp4,DAD,20fps5s,train,20.000,100,5.000,0,,,20,,,,
N-TR-000555,000555,training/negative/000555.mp4,DAD,20fps5s,train,20.000,100,5.000,0,,,20,,,,
N-TR-000556,000556,training/negative/000556.mp4,DAD,20fps5s,train,20.000,100,5.000,0,,,20,,,,
N-TR-000557,000557,training/negative/000557.mp4,DAD,20fps5s,train,20.000,100,5.000,0,,,20,,,,
N-TR-000558,000558,training/negative/000558.mp4,DAD,20fps5s,train,20.000,100,5.000,0,,,20,,,,
N-TR-000559,000559,training/negative/000559.mp4,DAD,20fps5s,train,20.000,100,5.000,0,,,20,,,,
N-TR-000560,000560,training/negative/000560.mp4,DAD,20fps5s,train,20.000,100,5.000,0,,,20,,,,
N-TR-000561,000561,training/negative/000561.mp4,DAD,20fps5s,train,20.000,100,5.000,0,,,20,,,,
N-TR-000562,000562,training/negative/000562.mp4,DAD,20fps5s,train,20.000,100,5.000,0,,,20,,,,
N-TR-000563,000563,training/negative/000563.mp4,DAD,20fps5s,val,20.000,100,5.000,0,,,20,,,,
N-TR-000564,000564,training/negative/000564.mp4,DAD,20fps5s,train,20.000,100,5.000,0,,,20,,,,
N-TR-000565,000565,training/negative/000565.mp4,DAD,20fps5s,train,20.000,100,5.000,0,,,20,,,,
N-TR-000566,000566,training/negative/000566.mp4,DAD,20fps5s,train,20.000,100,5.000,0,,,20,,,,
N-TR-000567,000567,training/negative/000567.mp4,DAD,20fps5s,val,20.000,100,5.000,0,,,20,,,,
N-TR-000568,000568,training/negative/000568.mp4,DAD,20fps5s,val,20.000,100,5.000,0,,,20,,,,
N-TR-000569,000569,training/negative/000569.mp4,DAD,20fps5s,train,20.000,100,5.000,0,,,20,,,,
N-TR-000570,000570,training/negative/000570.mp4,DAD,20fps5s,train,20.000,100,5.000,0,,,20,,,,
N-TR-000571,000571,training/negative/000571.mp4,DAD,20fps5s,val,20.000,100,5.000,0,,,20,,,,
N-TR-000572,000572,training/negative/000572.mp4,DAD,20fps5s,train,20.000,100,5.000,0,,,20,,,,
N-TR-000573,000573,training/negative/000573.mp4,DAD,20fps5s,train,20.000,100,5.000,0,,,20,,,,
N-TR-000574,000574,training/negative/000574.mp4,DAD,20fps5s,train,20.000,100,5.000,0,,,20,,,,
N-TR-000575,000575,training/negative/000575.mp4,DAD,20fps5s,val,20.000,100,5.000,0,,,20,,,,
N-TR-000576,000576,training/negative/000576.mp4,DAD,20fps5s,train,20.000,100,5.000,0,,,20,,,,
N-TR-000577,000577,training/negative/000577.mp4,DAD,20fps5s,train,20.000,100,5.000,0,,,20,,,,
N-TR-000578,000578,training/negative/000578.mp4,DAD,20fps5s,train,20.000,100,5.000,0,,,20,,,,
N-TR-000579,000579,training/negative/000579.mp4,DAD,20fps5s,train,20.000,100,5.000,0,,,20,,,,
N-TR-000580,000580,training/negative/000580.mp4,DAD,20fps5s,train,20.000,100,5.000,0,,,20,,,,
N-TR-000581,000581,training/negative/000581.mp4,DAD,20fps5s,val,20.000,100,5.000,0,,,20,,,,
N-TR-000582,000582,training/negative/000582.mp4,DAD,20fps5s,train,20.000,100,5.000,0,,,20,,,,
N-TR-000583,000583,training/negative/000583.mp4,DAD,20fps5s,train,20.000,100,5.000,0,,,20,,,,
N-TR-000584,000584,training/negative/000584.mp4,DAD,20fps5s,train,20.000,100,5.000,0,,,20,,,,
N-TR-000585,000585,training/negative/000585.mp4,DAD,20fps5s,train,20.000,100,5.000,0,,,20,,,,
N-TR-000586,000586,training/negative/000586.mp4,DAD,20fps5s,train,20.000,100,5.000,0,,,20,,,,
N-TR-000587,000587,training/negative/000587.mp4,DAD,20fps5s,train,20.000,100,5.000,0,,,20,,,,
N-TR-000588,000588,training/negative/000588.mp4,DAD,20fps5s,train,20.000,100,5.000,0,,,20,,,,
N-TR-000589,000589,training/negative/000589.mp4,DAD,20fps5s,train,20.000,100,5.000,0,,,20,,,,
N-TR-000590,000590,training/negative/000590.mp4,DAD,20fps5s,train,20.000,100,5.000,0,,,20,,,,
N-TR-000591,000591,training/negative/000591.mp4,DAD,20fps5s,train,20.000,100,5.000,0,,,20,,,,
N-TR-000592,000592,training/negative/000592.mp4,DAD,20fps5s,train,20.000,100,5.000,0,,,20,,,,
N-TR-000593,000593,training/negative/000593.mp4,DAD,20fps5s,train,20.000,100,5.000,0,,,20,,,,
N-TR-000594,000594,training/negative/000594.mp4,DAD,20fps5s,train,20.000,100,5.000,0,,,20,,,,
N-TR-000595,000595,training/negative/000595.mp4,DAD,20fps5s,train,20.000,100,5.000,0,,,20,,,,
N-TR-000596,000596,training/negative/000596.mp4,DAD,20fps5s,train,20.000,100,5.000,0,,,20,,,,
N-TR-000597,000597,training/negative/000597.mp4,DAD,20fps5s,train,20.000,100,5.000,0,,,20,,,,
N-TR-000598,000598,training/negative/000598.mp4,DAD,20fps5s,val,20.000,100,5.000,0,,,20,,,,
N-TR-000599,000599,training/negative/000599.mp4,DAD,20fps5s,val,20.000,100,5.000,0,,,20,,,,
N-TR-000600,000600,training/negative/000600.mp4,DAD,20fps5s,train,20.000,100,5.000,0,,,20,,,,
N-TR-000601,000601,training/negative/000601.mp4,DAD,20fps5s,train,20.000,100,5.000,0,,,20,,,,
N-TR-000602,000602,training/negative/000602.mp4,DAD,20fps5s,train,20.000,100,5.000,0,,,20,,,,
N-TR-000603,000603,training/negative/000603.mp4,DAD,20fps5s,val,20.000,100,5.000,0,,,20,,,,
N-TR-000604,000604,training/negative/000604.mp4,DAD,20fps5s,train,20.000,100,5.000,0,,,20,,,,
N-TR-000605,000605,training/negative/000605.mp4,DAD,20fps5s,train,20.000,100,5.000,0,,,20,,,,
N-TR-000606,000606,training/negative/000606.mp4,DAD,20fps5s,train,20.000,100,5.000,0,,,20,,,,
N-TR-000607,000607,training/negative/000607.mp4,DAD,20fps5s,train,20.000,100,5.000,0,,,20,,,,
N-TR-000608,000608,training/negative/000608.mp4,DAD,20fps5s,train,20.000,100,5.000,0,,,20,,,,
N-TR-000609,000609,training/negative/000609.mp4,DAD,20fps5s,train,20.000,100,5.000,0,,,20,,,,
N-TR-000610,000610,training/negative/000610.mp4,DAD,20fps5s,train,20.000,100,5.000,0,,,20,,,,
N-TR-000611,000611,training/negative/000611.mp4,DAD,20fps5s,val,20.000,100,5.000,0,,,20,,,,
N-TR-000612,000612,training/negative/000612.mp4,DAD,20fps5s,train,20.000,100,5.000,0,,,20,,,,
N-TR-000613,000613,training/negative/000613.mp4,DAD,20fps5s,train,20.000,100,5.000,0,,,20,,,,
N-TR-000614,000614,training/negative/000614.mp4,DAD,20fps5s,val,20.000,100,5.000,0,,,20,,,,
N-TR-000615,000615,training/negative/000615.mp4,DAD,20fps5s,train,20.000,100,5.000,0,,,20,,,,
N-TR-000616,000616,training/negative/000616.mp4,DAD,20fps5s,train,20.000,100,5.000,0,,,20,,,,
N-TR-000617,000617,training/negative/000617.mp4,DAD,20fps5s,train,20.000,100,5.000,0,,,20,,,,
N-TR-000618,000618,training/negative/000618.mp4,DAD,20fps5s,train,20.000,100,5.000,0,,,20,,,,
N-TR-000619,000619,training/negative/000619.mp4,DAD,20fps5s,train,20.000,100,5.000,0,,,20,,,,
N-TR-000620,000620,training/negative/000620.mp4,DAD,20fps5s,train,20.000,100,5.000,0,,,20,,,,
N-TR-000621,000621,training/negative/000621.mp4,DAD,20fps5s,train,20.000,100,5.000,0,,,20,,,,
N-TR-000622,000622,training/negative/000622.mp4,DAD,20fps5s,val,20.000,100,5.000,0,,,20,,,,
N-TR-000623,000623,training/negative/000623.mp4,DAD,20fps5s,train,20.000,100,5.000,0,,,20,,,,
N-TR-000624,000624,training/negative/000624.mp4,DAD,20fps5s,val,20.000,100,5.000,0,,,20,,,,
N-TR-000625,000625,training/negative/000625.mp4,DAD,20fps5s,train,20.000,100,5.000,0,,,20,,,,
N-TR-000626,000626,training/negative/000626.mp4,DAD,20fps5s,train,20.000,100,5.000,0,,,20,,,,
N-TR-000627,000627,training/negative/000627.mp4,DAD,20fps5s,train,20.000,100,5.000,0,,,20,,,,
N-TR-000628,000628,training/negative/000628.mp4,DAD,20fps5s,train,20.000,100,5.000,0,,,20,,,,
N-TR-000629,000629,training/negative/000629.mp4,DAD,20fps5s,train,20.000,100,5.000,0,,,20,,,,
N-TR-000630,000630,training/negative/000630.mp4,DAD,20fps5s,train,20.000,100,5.000,0,,,20,,,,
N-TR-000631,000631,training/negative/000631.mp4,DAD,20fps5s,train,20.000,100,5.000,0,,,20,,,,
N-TR-000632,000632,training/negative/000632.mp4,DAD,20fps5s,train,20.000,100,5.000,0,,,20,,,,
N-TR-000633,000633,training/negative/000633.mp4,DAD,20fps5s,train,20.000,100,5.000,0,,,20,,,,
N-TR-000634,000634,training/negative/000634.mp4,DAD,20fps5s,train,20.000,100,5.000,0,,,20,,,,
N-TR-000635,000635,training/negative/000635.mp4,DAD,20fps5s,train,20.000,100,5.000,0,,,20,,,,
N-TR-000636,000636,training/negative/000636.mp4,DAD,20fps5s,train,20.000,100,5.000,0,,,20,,,,
N-TR-000637,000637,training/negative/000637.mp4,DAD,20fps5s,train,20.000,100,5.000,0,,,20,,,,
N-TR-000638,000638,training/negative/000638.mp4,DAD,20fps5s,train,20.000,100,5.000,0,,,20,,,,
N-TR-000639,000639,training/negative/000639.mp4,DAD,20fps5s,train,20.000,100,5.000,0,,,20,,,,
N-TR-000640,000640,training/negative/000640.mp4,DAD,20fps5s,train,20.000,100,5.000,0,,,20,,,,
N-TR-000641,000641,training/negative/000641.mp4,DAD,20fps5s,val,20.000,100,5.000,0,,,20,,,,
N-TR-000642,000642,training/negative/000642.mp4,DAD,20fps5s,train,20.000,100,5.000,0,,,20,,,,
N-TR-000643,000643,training/negative/000643.mp4,DAD,20fps5s,val,20.000,100,5.000,0,,,20,,,,
N-TR-000644,000644,training/negative/000644.mp4,DAD,20fps5s,train,20.000,100,5.000,0,,,20,,,,
N-TR-000645,000645,training/negative/000645.mp4,DAD,20fps5s,train,20.000,100,5.000,0,,,20,,,,
N-TR-000646,000646,training/negative/000646.mp4,DAD,20fps5s,train,20.000,100,5.000,0,,,20,,,,
N-TR-000647,000647,training/negative/000647.mp4,DAD,20fps5s,val,20.000,100,5.000,0,,,20,,,,
N-TR-000648,000648,training/negative/000648.mp4,DAD,20fps5s,train,20.000,100,5.000,0,,,20,,,,
N-TR-000649,000649,training/negative/000649.mp4,DAD,20fps5s,train,20.000,100,5.000,0,,,20,,,,
N-TR-000650,000650,training/negative/000650.mp4,DAD,20fps5s,train,20.000,100,5.000,0,,,20,,,,
N-TR-000651,000651,training/negative/000651.mp4,DAD,20fps5s,val,20.000,100,5.000,0,,,20,,,,
N-TR-000652,000652,training/negative/000652.mp4,DAD,20fps5s,train,20.000,100,5.000,0,,,20,,,,
N-TR-000653,000653,training/negative/000653.mp4,DAD,20fps5s,train,20.000,100,5.000,0,,,20,,,,
N-TR-000654,000654,training/negative/000654.mp4,DAD,20fps5s,train,20.000,100,5.000,0,,,20,,,,
N-TR-000655,000655,training/negative/000655.mp4,DAD,20fps5s,val,20.000,100,5.000,0,,,20,,,,
N-TR-000656,000656,training/negative/000656.mp4,DAD,20fps5s,val,20.000,100,5.000,0,,,20,,,,
N-TR-000657,000657,training/negative/000657.mp4,DAD,20fps5s,val,20.000,100,5.000,0,,,20,,,,
N-TR-000658,000658,training/negative/000658.mp4,DAD,20fps5s,train,20.000,100,5.000,0,,,20,,,,
N-TR-000659,000659,training/negative/000659.mp4,DAD,20fps5s,val,20.000,100,5.000,0,,,20,,,,
N-TR-000660,000660,training/negative/000660.mp4,DAD,20fps5s,train,20.000,100,5.000,0,,,20,,,,
N-TR-000661,000661,training/negative/000661.mp4,DAD,20fps5s,train,20.000,100,5.000,0,,,20,,,,
N-TR-000662,000662,training/negative/000662.mp4,DAD,20fps5s,train,20.000,100,5.000,0,,,20,,,,
N-TR-000663,000663,training/negative/000663.mp4,DAD,20fps5s,train,20.000,100,5.000,0,,,20,,,,
N-TR-000664,000664,training/negative/000664.mp4,DAD,20fps5s,val,20.000,100,5.000,0,,,20,,,,
N-TR-000665,000665,training/negative/000665.mp4,DAD,20fps5s,train,20.000,100,5.000,0,,,20,,,,
N-TR-000666,000666,training/negative/000666.mp4,DAD,20fps5s,val,20.000,100,5.000,0,,,20,,,,
N-TR-000667,000667,training/negative/000667.mp4,DAD,20fps5s,train,20.000,100,5.000,0,,,20,,,,
N-TR-000668,000668,training/negative/000668.mp4,DAD,20fps5s,train,20.000,100,5.000,0,,,20,,,,
N-TR-000669,000669,training/negative/000669.mp4,DAD,20fps5s,train,20.000,100,5.000,0,,,20,,,,
N-TR-000670,000670,training/negative/000670.mp4,DAD,20fps5s,train,20.000,100,5.000,0,,,20,,,,
N-TR-000671,000671,training/negative/000671.mp4,DAD,20fps5s,train,20.000,100,5.000,0,,,20,,,,
N-TR-000672,000672,training/negative/000672.mp4,DAD,20fps5s,val,20.000,100,5.000,0,,,20,,,,
N-TR-000673,000673,training/negative/000673.mp4,DAD,20fps5s,val,20.000,100,5.000,0,,,20,,,,
N-TR-000674,000674,training/negative/000674.mp4,DAD,20fps5s,train,20.000,100,5.000,0,,,20,,,,
N-TR-000675,000675,training/negative/000675.mp4,DAD,20fps5s,train,20.000,100,5.000,0,,,20,,,,
N-TR-000676,000676,training/negative/000676.mp4,DAD,20fps5s,val,20.000,100,5.000,0,,,20,,,,
N-TR-000677,000677,training/negative/000677.mp4,DAD,20fps5s,train,20.000,100,5.000,0,,,20,,,,
N-TR-000678,000678,training/negative/000678.mp4,DAD,20fps5s,train,20.000,100,5.000,0,,,20,,,,
N-TR-000679,000679,training/negative/000679.mp4,DAD,20fps5s,val,20.000,100,5.000,0,,,20,,,,
N-TR-000680,000680,training/negative/000680.mp4,DAD,20fps5s,train,20.000,100,5.000,0,,,20,,,,
N-TR-000681,000681,training/negative/000681.mp4,DAD,20fps5s,train,20.000,100,5.000,0,,,20,,,,
N-TR-000682,000682,training/negative/000682.mp4,DAD,20fps5s,train,20.000,100,5.000,0,,,20,,,,
N-TR-000683,000683,training/negative/000683.mp4,DAD,20fps5s,train,20.000,100,5.000,0,,,20,,,,
N-TR-000684,000684,training/negative/000684.mp4,DAD,20fps5s,train,20.000,100,5.000,0,,,20,,,,
N-TR-000685,000685,training/negative/000685.mp4,DAD,20fps5s,train,20.000,100,5.000,0,,,20,,,,
N-TR-000686,000686,training/negative/000686.mp4,DAD,20fps5s,train,20.000,100,5.000,0,,,20,,,,
N-TR-000687,000687,training/negative/000687.mp4,DAD,20fps5s,train,20.000,100,5.000,0,,,20,,,,
N-TR-000688,000688,training/negative/000688.mp4,DAD,20fps5s,val,20.000,100,5.000,0,,,20,,,,
N-TR-000689,000689,training/negative/000689.mp4,DAD,20fps5s,train,20.000,100,5.000,0,,,20,,,,
N-TR-000690,000690,training/negative/000690.mp4,DAD,20fps5s,train,20.000,100,5.000,0,,,20,,,,
N-TR-000691,000691,training/negative/000691.mp4,DAD,20fps5s,train,20.000,100,5.000,0,,,20,,,,
N-TR-000692,000692,training/negative/000692.mp4,DAD,20fps5s,train,20.000,100,5.000,0,,,20,,,,
N-TR-000693,000693,training/negative/000693.mp4,DAD,20fps5s,train,20.000,100,5.000,0,,,20,,,,
N-TR-000694,000694,training/negative/000694.mp4,DAD,20fps5s,train,20.000,100,5.000,0,,,20,,,,
N-TR-000695,000695,training/negative/000695.mp4,DAD,20fps5s,train,20.000,100,5.000,0,,,20,,,,
N-TR-000696,000696,training/negative/000696.mp4,DAD,20fps5s,train,20.000,100,5.000,0,,,20,,,,
N-TR-000697,000697,training/negative/000697.mp4,DAD,20fps5s,val,20.000,100,5.000,0,,,20,,,,
N-TR-000698,000698,training/negative/000698.mp4,DAD,20fps5s,train,20.000,100,5.000,0,,,20,,,,
N-TR-000699,000699,training/negative/000699.mp4,DAD,20fps5s,val,20.000,100,5.000,0,,,20,,,,
N-TR-000700,000700,training/negative/000700.mp4,DAD,20fps5s,val,20.000,100,5.000,0,,,20,,,,
N-TR-000701,000701,training/negative/000701.mp4,DAD,20fps5s,train,20.000,100,5.000,0,,,20,,,,
N-TR-000702,000702,training/negative/000702.mp4,DAD,20fps5s,val,20.000,100,5.000,0,,,20,,,,
N-TR-000703,000703,training/negative/000703.mp4,DAD,20fps5s,train,20.000,100,5.000,0,,,20,,,,
N-TR-000704,000704,training/negative/000704.mp4,DAD,20fps5s,train,20.000,100,5.000,0,,,20,,,,
N-TR-000705,000705,training/negative/000705.mp4,DAD,20fps5s,val,20.000,100,5.000,0,,,20,,,,
N-TR-000706,000706,training/negative/000706.mp4,DAD,20fps5s,train,20.000,100,5.000,0,,,20,,,,
N-TR-000707,000707,training/negative/000707.mp4,DAD,20fps5s,train,20.000,100,5.000,0,,,20,,,,
N-TR-000708,000708,training/negative/000708.mp4,DAD,20fps5s,train,20.000,100,5.000,0,,,20,,,,
N-TR-000709,000709,training/negative/000709.mp4,DAD,20fps5s,train,20.000,100,5.000,0,,,20,,,,
N-TR-000710,000710,training/negative/000710.mp4,DAD,20fps5s,train,20.000,100,5.000,0,,,20,,,,
N-TR-000711,000711,training/negative/000711.mp4,DAD,20fps5s,train,20.000,100,5.000,0,,,20,,,,
N-TR-000712,000712,training/negative/000712.mp4,DAD,20fps5s,train,20.000,100,5.000,0,,,20,,,,
N-TR-000713,000713,training/negative/000713.mp4,DAD,20fps5s,train,20.000,100,5.000,0,,,20,,,,
N-TR-000714,000714,training/negative/000714.mp4,DAD,20fps5s,train,20.000,100,5.000,0,,,20,,,,
N-TR-000715,000715,training/negative/000715.mp4,DAD,20fps5s,train,20.000,100,5.000,0,,,20,,,,
N-TR-000716,000716,training/negative/000716.mp4,DAD,20fps5s,train,20.000,100,5.000,0,,,20,,,,
N-TR-000717,000717,training/negative/000717.mp4,DAD,20fps5s,train,20.000,100,5.000,0,,,20,,,,
N-TR-000718,000718,training/negative/000718.mp4,DAD,20fps5s,train,20.000,100,5.000,0,,,20,,,,
N-TR-000719,000719,training/negative/000719.mp4,DAD,20fps5s,train,20.000,100,5.000,0,,,20,,,,
N-TR-000720,000720,training/negative/000720.mp4,DAD,20fps5s,train,20.000,100,5.000,0,,,20,,,,
N-TR-000721,000721,training/negative/000721.mp4,DAD,20fps5s,train,20.000,100,5.000,0,,,20,,,,
N-TR-000722,000722,training/negative/000722.mp4,DAD,20fps5s,train,20.000,100,5.000,0,,,20,,,,
N-TR-000723,000723,training/negative/000723.mp4,DAD,20fps5s,train,20.000,100,5.000,0,,,20,,,,
N-TR-000724,000724,training/negative/000724.mp4,DAD,20fps5s,train,20.000,100,5.000,0,,,20,,,,
N-TR-000725,000725,training/negative/000725.mp4,DAD,20fps5s,val,20.000,100,5.000,0,,,20,,,,
N-TR-000726,000726,training/negative/000726.mp4,DAD,20fps5s,train,20.000,100,5.000,0,,,20,,,,
N-TR-000727,000727,training/negative/000727.mp4,DAD,20fps5s,val,20.000,100,5.000,0,,,20,,,,
N-TR-000728,000728,training/negative/000728.mp4,DAD,20fps5s,train,20.000,100,5.000,0,,,20,,,,
N-TR-000729,000729,training/negative/000729.mp4,DAD,20fps5s,train,20.000,100,5.000,0,,,20,,,,
N-TR-000730,000730,training/negative/000730.mp4,DAD,20fps5s,train,20.000,100,5.000,0,,,20,,,,
N-TR-000731,000731,training/negative/000731.mp4,DAD,20fps5s,train,20.000,100,5.000,0,,,20,,,,
N-TR-000732,000732,training/negative/000732.mp4,DAD,20fps5s,train,20.000,100,5.000,0,,,20,,,,
N-TR-000733,000733,training/negative/000733.mp4,DAD,20fps5s,train,20.000,100,5.000,0,,,20,,,,
N-TR-000734,000734,training/negative/000734.mp4,DAD,20fps5s,train,20.000,100,5.000,0,,,20,,,,
N-TR-000735,000735,training/negative/000735.mp4,DAD,20fps5s,train,20.000,100,5.000,0,,,20,,,,
N-TR-000736,000736,training/negative/000736.mp4,DAD,20fps5s,val,20.000,100,5.000,0,,,20,,,,
N-TR-000737,000737,training/negative/000737.mp4,DAD,20fps5s,val,20.000,100,5.000,0,,,20,,,,
N-TR-000738,000738,training/negative/000738.mp4,DAD,20fps5s,train,20.000,100,5.000,0,,,20,,,,
N-TR-000739,000739,training/negative/000739.mp4,DAD,20fps5s,val,20.000,100,5.000,0,,,20,,,,
N-TR-000740,000740,training/negative/000740.mp4,DAD,20fps5s,val,20.000,100,5.000,0,,,20,,,,
N-TR-000741,000741,training/negative/000741.mp4,DAD,20fps5s,train,20.000,100,5.000,0,,,20,,,,
N-TR-000742,000742,training/negative/000742.mp4,DAD,20fps5s,train,20.000,100,5.000,0,,,20,,,,
N-TR-000743,000743,training/negative/000743.mp4,DAD,20fps5s,train,20.000,100,5.000,0,,,20,,,,
N-TR-000744,000744,training/negative/000744.mp4,DAD,20fps5s,train,20.000,100,5.000,0,,,20,,,,
N-TR-000745,000745,training/negative/000745.mp4,DAD,20fps5s,train,20.000,100,5.000,0,,,20,,,,
N-TR-000746,000746,training/negative/000746.mp4,DAD,20fps5s,train,20.000,100,5.000,0,,,20,,,,
N-TR-000747,000747,training/negative/000747.mp4,DAD,20fps5s,val,20.000,100,5.000,0,,,20,,,,
N-TR-000748,000748,training/negative/000748.mp4,DAD,20fps5s,train,20.000,100,5.000,0,,,20,,,,
N-TR-000749,000749,training/negative/000749.mp4,DAD,20fps5s,train,20.000,100,5.000,0,,,20,,,,
N-TR-000750,000750,training/negative/000750.mp4,DAD,20fps5s,train,20.000,100,5.000,0,,,20,,,,
N-TR-000751,000751,training/negative/000751.mp4,DAD,20fps5s,train,20.000,100,5.000,0,,,20,,,,
N-TR-000752,000752,training/negative/000752.mp4,DAD,20fps5s,train,20.000,100,5.000,0,,,20,,,,
N-TR-000753,000753,training/negative/000753.mp4,DAD,20fps5s,train,20.000,100,5.000,0,,,20,,,,
N-TR-000754,000754,training/negative/000754.mp4,DAD,20fps5s,train,20.000,100,5.000,0,,,20,,,,
N-TR-000755,000755,training/negative/000755.mp4,DAD,20fps5s,train,20.000,100,5.000,0,,,20,,,,
N-TR-000756,000756,training/negative/000756.mp4,DAD,20fps5s,train,20.000,100,5.000,0,,,20,,,,
N-TR-000757,000757,training/negative/000757.mp4,DAD,20fps5s,train,20.000,100,5.000,0,,,20,,,,
N-TR-000758,000758,training/negative/000758.mp4,DAD,20fps5s,train,20.000,100,5.000,0,,,20,,,,
N-TR-000759,000759,training/negative/000759.mp4,DAD,20fps5s,train,20.000,100,5.000,0,,,20,,,,
N-TR-000760,000760,training/negative/000760.mp4,DAD,20fps5s,train,20.000,100,5.000,0,,,20,,,,
N-TR-000761,000761,training/negative/000761.mp4,DAD,20fps5s,train,20.000,100,5.000,0,,,20,,,,
N-TR-000762,000762,training/negative/000762.mp4,DAD,20fps5s,train,20.000,100,5.000,0,,,20,,,,
N-TR-000763,000763,training/negative/000763.mp4,DAD,20fps5s,val,20.000,100,5.000,0,,,20,,,,
N-TR-000764,000764,training/negative/000764.mp4,DAD,20fps5s,val,20.000,100,5.000,0,,,20,,,,
N-TR-000765,000765,training/negative/000765.mp4,DAD,20fps5s,val,20.000,100,5.000,0,,,20,,,,
N-TR-000766,000766,training/negative/000766.mp4,DAD,20fps5s,train,20.000,100,5.000,0,,,20,,,,
N-TR-000767,000767,training/negative/000767.mp4,DAD,20fps5s,val,20.000,100,5.000,0,,,20,,,,
N-TR-000768,000768,training/negative/000768.mp4,DAD,20fps5s,train,20.000,100,5.000,0,,,20,,,,
N-TR-000769,000769,training/negative/000769.mp4,DAD,20fps5s,train,20.000,100,5.000,0,,,20,,,,
N-TR-000770,000770,training/negative/000770.mp4,DAD,20fps5s,val,20.000,100,5.000,0,,,20,,,,
N-TR-000771,000771,training/negative/000771.mp4,DAD,20fps5s,train,20.000,100,5.000,0,,,20,,,,
N-TR-000772,000772,training/negative/000772.mp4,DAD,20fps5s,train,20.000,100,5.000,0,,,20,,,,
N-TR-000773,000773,training/negative/000773.mp4,DAD,20fps5s,train,20.000,100,5.000,0,,,20,,,,
N-TR-000774,000774,training/negative/000774.mp4,DAD,20fps5s,train,20.000,100,5.000,0,,,20,,,,
N-TR-000775,000775,training/negative/000775.mp4,DAD,20fps5s,train,20.000,100,5.000,0,,,20,,,,
N-TR-000776,000776,training/negative/000776.mp4,DAD,20fps5s,train,20.000,100,5.000,0,,,20,,,,
N-TR-000777,000777,training/negative/000777.mp4,DAD,20fps5s,train,20.000,100,5.000,0,,,20,,,,
N-TR-000778,000778,training/negative/000778.mp4,DAD,20fps5s,train,20.000,100,5.000,0,,,20,,,,
N-TR-000779,000779,training/negative/000779.mp4,DAD,20fps5s,val,20.000,100,5.000,0,,,20,,,,
N-TR-000780,000780,training/negative/000780.mp4,DAD,20fps5s,train,20.000,100,5.000,0,,,20,,,,
N-TR-000781,000781,training/negative/000781.mp4,DAD,20fps5s,train,20.000,100,5.000,0,,,20,,,,
N-TR-000782,000782,training/negative/000782.mp4,DAD,20fps5s,train,20.000,100,5.000,0,,,20,,,,
N-TR-000783,000783,training/negative/000783.mp4,DAD,20fps5s,val,20.000,100,5.000,0,,,20,,,,
N-TR-000784,000784,training/negative/000784.mp4,DAD,20fps5s,val,20.000,100,5.000,0,,,20,,,,
N-TR-000785,000785,training/negative/000785.mp4,DAD,20fps5s,train,20.000,100,5.000,0,,,20,,,,
N-TR-000786,000786,training/negative/000786.mp4,DAD,20fps5s,train,20.000,100,5.000,0,,,20,,,,
N-TR-000787,000787,training/negative/000787.mp4,DAD,20fps5s,val,20.000,100,5.000,0,,,20,,,,
N-TR-000788,000788,training/negative/000788.mp4,DAD,20fps5s,train,20.000,100,5.000,0,,,20,,,,
N-TR-000789,000789,training/negative/000789.mp4,DAD,20fps5s,train,20.000,100,5.000,0,,,20,,,,
N-TR-000790,000790,training/negative/000790.mp4,DAD,20fps5s,val,20.000,100,5.000,0,,,20,,,,
N-TR-000791,000791,training/negative/000791.mp4,DAD,20fps5s,train,20.000,100,5.000,0,,,20,,,,
N-TR-000792,000792,training/negative/000792.mp4,DAD,20fps5s,train,20.000,100,5.000,0,,,20,,,,
N-TR-000793,000793,training/negative/000793.mp4,DAD,20fps5s,train,20.000,100,5.000,0,,,20,,,,
N-TR-000794,000794,training/negative/000794.mp4,DAD,20fps5s,train,20.000,100,5.000,0,,,20,,,,
N-TR-000795,000795,training/negative/000795.mp4,DAD,20fps5s,val,20.000,100,5.000,0,,,20,,,,
N-TR-000796,000796,training/negative/000796.mp4,DAD,20fps5s,train,20.000,100,5.000,0,,,20,,,,
N-TR-000797,000797,training/negative/000797.mp4,DAD,20fps5s,train,20.000,100,5.000,0,,,20,,,,
N-TR-000798,000798,training/negative/000798.mp4,DAD,20fps5s,train,20.000,100,5.000,0,,,20,,,,
N-TR-000799,000799,training/negative/000799.mp4,DAD,20fps5s,val,20.000,100,5.000,0,,,20,,,,
N-TR-000800,000800,training/negative/000800.mp4,DAD,20fps5s,val,20.000,100,5.000,0,,,20,,,,
N-TR-000801,000801,training/negative/000801.mp4,DAD,20fps5s,val,20.000,100,5.000,0,,,20,,,,
N-TR-000802,000802,training/negative/000802.mp4,DAD,20fps5s,train,20.000,100,5.000,0,,,20,,,,
N-TR-000803,000803,training/negative/000803.mp4,DAD,20fps5s,train,20.000,100,5.000,0,,,20,,,,
N-TR-000804,000804,training/negative/000804.mp4,DAD,20fps5s,train,20.000,100,5.000,0,,,20,,,,
N-TR-000805,000805,training/negative/000805.mp4,DAD,20fps5s,train,20.000,100,5.000,0,,,20,,,,
N-TR-000806,000806,training/negative/000806.mp4,DAD,20fps5s,val,20.000,100,5.000,0,,,20,,,,
N-TR-000807,000807,training/negative/000807.mp4,DAD,20fps5s,val,20.000,100,5.000,0,,,20,,,,
N-TR-000808,000808,training/negative/000808.mp4,DAD,20fps5s,train,20.000,100,5.000,0,,,20,,,,
N-TR-000809,000809,training/negative/000809.mp4,DAD,20fps5s,train,20.000,100,5.000,0,,,20,,,,
N-TR-000810,000810,training/negative/000810.mp4,DAD,20fps5s,train,20.000,100,5.000,0,,,20,,,,
N-TR-000811,000811,training/negative/000811.mp4,DAD,20fps5s,train,20.000,100,5.000,0,,,20,,,,
N-TR-000812,000812,training/negative/000812.mp4,DAD,20fps5s,train,20.000,100,5.000,0,,,20,,,,
N-TR-000813,000813,training/negative/000813.mp4,DAD,20fps5s,val,20.000,100,5.000,0,,,20,,,,
N-TR-000814,000814,training/negative/000814.mp4,DAD,20fps5s,train,20.000,100,5.000,0,,,20,,,,
N-TR-000815,000815,training/negative/000815.mp4,DAD,20fps5s,train,20.000,100,5.000,0,,,20,,,,
N-TR-000816,000816,training/negative/000816.mp4,DAD,20fps5s,train,20.000,100,5.000,0,,,20,,,,
N-TR-000817,000817,training/negative/000817.mp4,DAD,20fps5s,train,20.000,100,5.000,0,,,20,,,,
N-TR-000818,000818,training/negative/000818.mp4,DAD,20fps5s,train,20.000,100,5.000,0,,,20,,,,
N-TR-000819,000819,training/negative/000819.mp4,DAD,20fps5s,train,20.000,100,5.000,0,,,20,,,,
N-TR-000820,000820,training/negative/000820.mp4,DAD,20fps5s,train,20.000,100,5.000,0,,,20,,,,
N-TR-000821,000821,training/negative/000821.mp4,DAD,20fps5s,train,20.000,100,5.000,0,,,20,,,,
N-TR-000822,000822,training/negative/000822.mp4,DAD,20fps5s,val,20.000,100,5.000,0,,,20,,,,
N-TR-000823,000823,training/negative/000823.mp4,DAD,20fps5s,train,20.000,100,5.000,0,,,20,,,,
N-TR-000824,000824,training/negative/000824.mp4,DAD,20fps5s,train,20.000,100,5.000,0,,,20,,,,
N-TR-000825,000825,training/negative/000825.mp4,DAD,20fps5s,train,20.000,100,5.000,0,,,20,,,,
N-TR-000826,000826,training/negative/000826.mp4,DAD,20fps5s,val,20.000,100,5.000,0,,,20,,,,
N-TR-000827,000827,training/negative/000827.mp4,DAD,20fps5s,train,20.000,100,5.000,0,,,20,,,,
N-TR-000828,000828,training/negative/000828.mp4,DAD,20fps5s,train,20.000,100,5.000,0,,,20,,,,
N-TR-000829,000829,training/negative/000829.mp4,DAD,20fps5s,train,20.000,100,5.000,0,,,20,,,,
C-TE-000456,000456,testing/positive/000456.mp4,DAD,20fps5s,test,20.000,100,5.000,1,,5.000,20,,,,
C-TE-000457,000457,testing/positive/000457.mp4,DAD,20fps5s,test,20.000,100,5.000,1,,5.000,20,,,,
C-TE-000458,000458,testing/positive/000458.mp4,DAD,20fps5s,test,20.000,100,5.000,1,,5.000,20,,,,
C-TE-000459,000459,testing/positive/000459.mp4,DAD,20fps5s,test,20.000,100,5.000,1,,5.000,20,,,,
C-TE-000460,000460,testing/positive/000460.mp4,DAD,20fps5s,test,20.000,100,5.000,1,,5.000,20,,,,
C-TE-000461,000461,testing/positive/000461.mp4,DAD,20fps5s,test,20.000,100,5.000,1,,5.000,20,,,,
C-TE-000462,000462,testing/positive/000462.mp4,DAD,20fps5s,test,20.000,100,5.000,1,,5.000,20,,,,
C-TE-000463,000463,testing/positive/000463.mp4,DAD,20fps5s,test,20.000,100,5.000,1,,5.000,20,,,,
C-TE-000464,000464,testing/positive/000464.mp4,DAD,20fps5s,test,20.000,100,5.000,1,,5.000,20,,,,
C-TE-000465,000465,testing/positive/000465.mp4,DAD,20fps5s,test,20.000,100,5.000,1,,5.000,20,,,,
C-TE-000466,000466,testing/positive/000466.mp4,DAD,20fps5s,test,20.000,100,5.000,1,,5.000,20,,,,
C-TE-000467,000467,testing/positive/000467.mp4,DAD,20fps5s,test,20.000,100,5.000,1,,5.000,20,,,,
C-TE-000468,000468,testing/positive/000468.mp4,DAD,20fps5s,test,20.000,100,5.000,1,,5.000,20,,,,
C-TE-000469,000469,testing/positive/000469.mp4,DAD,20fps5s,test,20.000,100,5.000,1,,5.000,20,,,,
C-TE-000470,000470,testing/positive/000470.mp4,DAD,20fps5s,test,20.000,100,5.000,1,,5.000,20,,,,
C-TE-000471,000471,testing/positive/000471.mp4,DAD,20fps5s,test,20.000,100,5.000,1,,5.000,20,,,,
C-TE-000472,000472,testing/positive/000472.mp4,DAD,20fps5s,test,20.000,100,5.000,1,,5.000,20,,,,
C-TE-000473,000473,testing/positive/000473.mp4,DAD,20fps5s,test,20.000,100,5.000,1,,5.000,20,,,,
C-TE-000474,000474,testing/positive/000474.mp4,DAD,20fps5s,test,20.000,100,5.000,1,,5.000,20,,,,
C-TE-000475,000475,testing/positive/000475.mp4,DAD,20fps5s,test,20.000,100,5.000,1,,5.000,20,,,,
C-TE-000476,000476,testing/positive/000476.mp4,DAD,20fps5s,test,20.000,100,5.000,1,,5.000,20,,,,
C-TE-000477,000477,testing/positive/000477.mp4,DAD,20fps5s,test,20.000,100,5.000,1,,5.000,20,,,,
C-TE-000478,000478,testing/positive/000478.mp4,DAD,20fps5s,test,20.000,100,5.000,1,,5.000,20,,,,
C-TE-000479,000479,testing/positive/000479.mp4,DAD,20fps5s,test,20.000,100,5.000,1,,5.000,20,,,,
C-TE-000480,000480,testing/positive/000480.mp4,DAD,20fps5s,test,20.000,100,5.000,1,,5.000,20,,,,
C-TE-000481,000481,testing/positive/000481.mp4,DAD,20fps5s,test,20.000,100,5.000,1,,5.000,20,,,,
C-TE-000482,000482,testing/positive/000482.mp4,DAD,20fps5s,test,20.000,100,5.000,1,,5.000,20,,,,
C-TE-000483,000483,testing/positive/000483.mp4,DAD,20fps5s,test,20.000,100,5.000,1,,5.000,20,,,,
C-TE-000484,000484,testing/positive/000484.mp4,DAD,20fps5s,test,20.000,100,5.000,1,,5.000,20,,,,
C-TE-000485,000485,testing/positive/000485.mp4,DAD,20fps5s,test,20.000,100,5.000,1,,5.000,20,,,,
C-TE-000486,000486,testing/positive/000486.mp4,DAD,20fps5s,test,20.000,100,5.000,1,,5.000,20,,,,
C-TE-000487,000487,testing/positive/000487.mp4,DAD,20fps5s,test,20.000,100,5.000,1,,5.000,20,,,,
C-TE-000488,000488,testing/positive/000488.mp4,DAD,20fps5s,test,20.000,100,5.000,1,,5.000,20,,,,
C-TE-000489,000489,testing/positive/000489.mp4,DAD,20fps5s,test,20.000,100,5.000,1,,5.000,20,,,,
C-TE-000490,000490,testing/positive/000490.mp4,DAD,20fps5s,test,20.000,100,5.000,1,,5.000,20,,,,
C-TE-000491,000491,testing/positive/000491.mp4,DAD,20fps5s,test,20.000,100,5.000,1,,5.000,20,,,,
C-TE-000492,000492,testing/positive/000492.mp4,DAD,20fps5s,test,20.000,100,5.000,1,,5.000,20,,,,
C-TE-000493,000493,testing/positive/000493.mp4,DAD,20fps5s,test,20.000,100,5.000,1,,5.000,20,,,,
C-TE-000494,000494,testing/positive/000494.mp4,DAD,20fps5s,test,20.000,100,5.000,1,,5.000,20,,,,
C-TE-000495,000495,testing/positive/000495.mp4,DAD,20fps5s,test,20.000,100,5.000,1,,5.000,20,,,,
C-TE-000496,000496,testing/positive/000496.mp4,DAD,20fps5s,test,20.000,100,5.000,1,,5.000,20,,,,
C-TE-000497,000497,testing/positive/000497.mp4,DAD,20fps5s,test,20.000,100,5.000,1,,5.000,20,,,,
C-TE-000498,000498,testing/positive/000498.mp4,DAD,20fps5s,test,20.000,100,5.000,1,,5.000,20,,,,
C-TE-000499,000499,testing/positive/000499.mp4,DAD,20fps5s,test,20.000,100,5.000,1,,5.000,20,,,,
C-TE-000500,000500,testing/positive/000500.mp4,DAD,20fps5s,test,20.000,100,5.000,1,,5.000,20,,,,
C-TE-000501,000501,testing/positive/000501.mp4,DAD,20fps5s,test,20.000,100,5.000,1,,5.000,20,,,,
C-TE-000502,000502,testing/positive/000502.mp4,DAD,20fps5s,test,20.000,100,5.000,1,,5.000,20,,,,
C-TE-000503,000503,testing/positive/000503.mp4,DAD,20fps5s,test,20.000,100,5.000,1,,5.000,20,,,,
C-TE-000504,000504,testing/positive/000504.mp4,DAD,20fps5s,test,20.000,100,5.000,1,,5.000,20,,,,
C-TE-000505,000505,testing/positive/000505.mp4,DAD,20fps5s,test,20.000,100,5.000,1,,5.000,20,,,,
C-TE-000506,000506,testing/positive/000506.mp4,DAD,20fps5s,test,20.000,100,5.000,1,,5.000,20,,,,
C-TE-000507,000507,testing/positive/000507.mp4,DAD,20fps5s,test,20.000,100,5.000,1,,5.000,20,,,,
C-TE-000508,000508,testing/positive/000508.mp4,DAD,20fps5s,test,20.000,100,5.000,1,,5.000,20,,,,
C-TE-000509,000509,testing/positive/000509.mp4,DAD,20fps5s,test,20.000,100,5.000,1,,5.000,20,,,,
C-TE-000510,000510,testing/positive/000510.mp4,DAD,20fps5s,test,20.000,100,5.000,1,,5.000,20,,,,
C-TE-000511,000511,testing/positive/000511.mp4,DAD,20fps5s,test,20.000,100,5.000,1,,5.000,20,,,,
C-TE-000512,000512,testing/positive/000512.mp4,DAD,20fps5s,test,20.000,100,5.000,1,,5.000,20,,,,
C-TE-000513,000513,testing/positive/000513.mp4,DAD,20fps5s,test,20.000,100,5.000,1,,5.000,20,,,,
C-TE-000514,000514,testing/positive/000514.mp4,DAD,20fps5s,test,20.000,100,5.000,1,,5.000,20,,,,
C-TE-000515,000515,testing/positive/000515.mp4,DAD,20fps5s,test,20.000,100,5.000,1,,5.000,20,,,,
C-TE-000516,000516,testing/positive/000516.mp4,DAD,20fps5s,test,20.000,100,5.000,1,,5.000,20,,,,
C-TE-000517,000517,testing/positive/000517.mp4,DAD,20fps5s,test,20.000,100,5.000,1,,5.000,20,,,,
C-TE-000518,000518,testing/positive/000518.mp4,DAD,20fps5s,test,20.000,100,5.000,1,,5.000,20,,,,
C-TE-000519,000519,testing/positive/000519.mp4,DAD,20fps5s,test,20.000,100,5.000,1,,5.000,20,,,,
C-TE-000520,000520,testing/positive/000520.mp4,DAD,20fps5s,test,20.000,100,5.000,1,,5.000,20,,,,
C-TE-000521,000521,testing/positive/000521.mp4,DAD,20fps5s,test,20.000,100,5.000,1,,5.000,20,,,,
C-TE-000522,000522,testing/positive/000522.mp4,DAD,20fps5s,test,20.000,100,5.000,1,,5.000,20,,,,
C-TE-000523,000523,testing/positive/000523.mp4,DAD,20fps5s,test,20.000,100,5.000,1,,5.000,20,,,,
C-TE-000524,000524,testing/positive/000524.mp4,DAD,20fps5s,test,20.000,100,5.000,1,,5.000,20,,,,
C-TE-000525,000525,testing/positive/000525.mp4,DAD,20fps5s,test,20.000,100,5.000,1,,5.000,20,,,,
C-TE-000526,000526,testing/positive/000526.mp4,DAD,20fps5s,test,20.000,100,5.000,1,,5.000,20,,,,
C-TE-000527,000527,testing/positive/000527.mp4,DAD,20fps5s,test,20.000,100,5.000,1,,5.000,20,,,,
C-TE-000528,000528,testing/positive/000528.mp4,DAD,20fps5s,test,20.000,100,5.000,1,,5.000,20,,,,
C-TE-000529,000529,testing/positive/000529.mp4,DAD,20fps5s,test,20.000,100,5.000,1,,5.000,20,,,,
C-TE-000530,000530,testing/positive/000530.mp4,DAD,20fps5s,test,20.000,100,5.000,1,,5.000,20,,,,
C-TE-000531,000531,testing/positive/000531.mp4,DAD,20fps5s,test,20.000,100,5.000,1,,5.000,20,,,,
C-TE-000532,000532,testing/positive/000532.mp4,DAD,20fps5s,test,20.000,100,5.000,1,,5.000,20,,,,
C-TE-000533,000533,testing/positive/000533.mp4,DAD,20fps5s,test,20.000,100,5.000,1,,5.000,20,,,,
C-TE-000534,000534,testing/positive/000534.mp4,DAD,20fps5s,test,20.000,100,5.000,1,,5.000,20,,,,
C-TE-000535,000535,testing/positive/000535.mp4,DAD,20fps5s,test,20.000,100,5.000,1,,5.000,20,,,,
C-TE-000536,000536,testing/positive/000536.mp4,DAD,20fps5s,test,20.000,100,5.000,1,,5.000,20,,,,
C-TE-000537,000537,testing/positive/000537.mp4,DAD,20fps5s,test,20.000,100,5.000,1,,5.000,20,,,,
C-TE-000538,000538,testing/positive/000538.mp4,DAD,20fps5s,test,20.000,100,5.000,1,,5.000,20,,,,
C-TE-000539,000539,testing/positive/000539.mp4,DAD,20fps5s,test,20.000,100,5.000,1,,5.000,20,,,,
C-TE-000540,000540,testing/positive/000540.mp4,DAD,20fps5s,test,20.000,100,5.000,1,,5.000,20,,,,
C-TE-000541,000541,testing/positive/000541.mp4,DAD,20fps5s,test,20.000,100,5.000,1,,5.000,20,,,,
C-TE-000542,000542,testing/positive/000542.mp4,DAD,20fps5s,test,20.000,100,5.000,1,,5.000,20,,,,
C-TE-000543,000543,testing/positive/000543.mp4,DAD,20fps5s,test,20.000,100,5.000,1,,5.000,20,,,,
C-TE-000544,000544,testing/positive/000544.mp4,DAD,20fps5s,test,20.000,100,5.000,1,,5.000,20,,,,
C-TE-000545,000545,testing/positive/000545.mp4,DAD,20fps5s,test,20.000,100,5.000,1,,5.000,20,,,,
C-TE-000546,000546,testing/positive/000546.mp4,DAD,20fps5s,test,20.000,100,5.000,1,,5.000,20,,,,
C-TE-000547,000547,testing/positive/000547.mp4,DAD,20fps5s,test,20.000,100,5.000,1,,5.000,20,,,,
C-TE-000548,000548,testing/positive/000548.mp4,DAD,20fps5s,test,20.000,100,5.000,1,,5.000,20,,,,
C-TE-000549,000549,testing/positive/000549.mp4,DAD,20fps5s,test,20.000,100,5.000,1,,5.000,20,,,,
C-TE-000550,000550,testing/positive/000550.mp4,DAD,20fps5s,test,20.000,100,5.000,1,,5.000,20,,,,
C-TE-000551,000551,testing/positive/000551.mp4,DAD,20fps5s,test,20.000,100,5.000,1,,5.000,20,,,,
C-TE-000552,000552,testing/positive/000552.mp4,DAD,20fps5s,test,20.000,100,5.000,1,,5.000,20,,,,
C-TE-000553,000553,testing/positive/000553.mp4,DAD,20fps5s,test,20.000,100,5.000,1,,5.000,20,,,,
C-TE-000554,000554,testing/positive/000554.mp4,DAD,20fps5s,test,20.000,100,5.000,1,,5.000,20,,,,
C-TE-000555,000555,testing/positive/000555.mp4,DAD,20fps5s,test,20.000,100,5.000,1,,5.000,20,,,,
C-TE-000556,000556,testing/positive/000556.mp4,DAD,20fps5s,test,20.000,100,5.000,1,,5.000,20,,,,
C-TE-000557,000557,testing/positive/000557.mp4,DAD,20fps5s,test,20.000,100,5.000,1,,5.000,20,,,,
C-TE-000558,000558,testing/positive/000558.mp4,DAD,20fps5s,test,20.000,100,5.000,1,,5.000,20,,,,
C-TE-000559,000559,testing/positive/000559.mp4,DAD,20fps5s,test,20.000,100,5.000,1,,5.000,20,,,,
C-TE-000560,000560,testing/positive/000560.mp4,DAD,20fps5s,test,20.000,100,5.000,1,,5.000,20,,,,
C-TE-000561,000561,testing/positive/000561.mp4,DAD,20fps5s,test,20.000,100,5.000,1,,5.000,20,,,,
C-TE-000562,000562,testing/positive/000562.mp4,DAD,20fps5s,test,20.000,100,5.000,1,,5.000,20,,,,
C-TE-000563,000563,testing/positive/000563.mp4,DAD,20fps5s,test,20.000,100,5.000,1,,5.000,20,,,,
C-TE-000564,000564,testing/positive/000564.mp4,DAD,20fps5s,test,20.000,100,5.000,1,,5.000,20,,,,
C-TE-000565,000565,testing/positive/000565.mp4,DAD,20fps5s,test,20.000,100,5.000,1,,5.000,20,,,,
C-TE-000566,000566,testing/positive/000566.mp4,DAD,20fps5s,test,20.000,100,5.000,1,,5.000,20,,,,
C-TE-000567,000567,testing/positive/000567.mp4,DAD,20fps5s,test,20.000,100,5.000,1,,5.000,20,,,,
C-TE-000568,000568,testing/positive/000568.mp4,DAD,20fps5s,test,20.000,100,5.000,1,,5.000,20,,,,
C-TE-000569,000569,testing/positive/000569.mp4,DAD,20fps5s,test,20.000,100,5.000,1,,5.000,20,,,,
C-TE-000570,000570,testing/positive/000570.mp4,DAD,20fps5s,test,20.000,100,5.000,1,,5.000,20,,,,
C-TE-000571,000571,testing/positive/000571.mp4,DAD,20fps5s,test,20.000,100,5.000,1,,5.000,20,,,,
C-TE-000572,000572,testing/positive/000572.mp4,DAD,20fps5s,test,20.000,100,5.000,1,,5.000,20,,,,
C-TE-000573,000573,testing/positive/000573.mp4,DAD,20fps5s,test,20.000,100,5.000,1,,5.000,20,,,,
C-TE-000574,000574,testing/positive/000574.mp4,DAD,20fps5s,test,20.000,100,5.000,1,,5.000,20,,,,
C-TE-000575,000575,testing/positive/000575.mp4,DAD,20fps5s,test,20.000,100,5.000,1,,5.000,20,,,,
C-TE-000576,000576,testing/positive/000576.mp4,DAD,20fps5s,test,20.000,100,5.000,1,,5.000,20,,,,
C-TE-000577,000577,testing/positive/000577.mp4,DAD,20fps5s,test,20.000,100,5.000,1,,5.000,20,,,,
C-TE-000578,000578,testing/positive/000578.mp4,DAD,20fps5s,test,20.000,100,5.000,1,,5.000,20,,,,
C-TE-000579,000579,testing/positive/000579.mp4,DAD,20fps5s,test,20.000,100,5.000,1,,5.000,20,,,,
C-TE-000580,000580,testing/positive/000580.mp4,DAD,20fps5s,test,20.000,100,5.000,1,,5.000,20,,,,
C-TE-000581,000581,testing/positive/000581.mp4,DAD,20fps5s,test,20.000,100,5.000,1,,5.000,20,,,,
C-TE-000582,000582,testing/positive/000582.mp4,DAD,20fps5s,test,20.000,100,5.000,1,,5.000,20,,,,
C-TE-000583,000583,testing/positive/000583.mp4,DAD,20fps5s,test,20.000,100,5.000,1,,5.000,20,,,,
C-TE-000584,000584,testing/positive/000584.mp4,DAD,20fps5s,test,20.000,100,5.000,1,,5.000,20,,,,
C-TE-000585,000585,testing/positive/000585.mp4,DAD,20fps5s,test,20.000,100,5.000,1,,5.000,20,,,,
C-TE-000586,000586,testing/positive/000586.mp4,DAD,20fps5s,test,20.000,100,5.000,1,,5.000,20,,,,
C-TE-000587,000587,testing/positive/000587.mp4,DAD,20fps5s,test,20.000,100,5.000,1,,5.000,20,,,,
C-TE-000588,000588,testing/positive/000588.mp4,DAD,20fps5s,test,20.000,100,5.000,1,,5.000,20,,,,
C-TE-000589,000589,testing/positive/000589.mp4,DAD,20fps5s,test,20.000,100,5.000,1,,5.000,20,,,,
C-TE-000590,000590,testing/positive/000590.mp4,DAD,20fps5s,test,20.000,100,5.000,1,,5.000,20,,,,
C-TE-000591,000591,testing/positive/000591.mp4,DAD,20fps5s,test,20.000,100,5.000,1,,5.000,20,,,,
C-TE-000592,000592,testing/positive/000592.mp4,DAD,20fps5s,test,20.000,100,5.000,1,,5.000,20,,,,
C-TE-000593,000593,testing/positive/000593.mp4,DAD,20fps5s,test,20.000,100,5.000,1,,5.000,20,,,,
C-TE-000594,000594,testing/positive/000594.mp4,DAD,20fps5s,test,20.000,100,5.000,1,,5.000,20,,,,
C-TE-000595,000595,testing/positive/000595.mp4,DAD,20fps5s,test,20.000,100,5.000,1,,5.000,20,,,,
C-TE-000596,000596,testing/positive/000596.mp4,DAD,20fps5s,test,20.000,100,5.000,1,,5.000,20,,,,
C-TE-000597,000597,testing/positive/000597.mp4,DAD,20fps5s,test,20.000,100,5.000,1,,5.000,20,,,,
C-TE-000598,000598,testing/positive/000598.mp4,DAD,20fps5s,test,20.000,100,5.000,1,,5.000,20,,,,
C-TE-000599,000599,testing/positive/000599.mp4,DAD,20fps5s,test,20.000,100,5.000,1,,5.000,20,,,,
C-TE-000600,000600,testing/positive/000600.mp4,DAD,20fps5s,test,20.000,100,5.000,1,,5.000,20,,,,
C-TE-000601,000601,testing/positive/000601.mp4,DAD,20fps5s,test,20.000,100,5.000,1,,5.000,20,,,,
C-TE-000602,000602,testing/positive/000602.mp4,DAD,20fps5s,test,20.000,100,5.000,1,,5.000,20,,,,
C-TE-000603,000603,testing/positive/000603.mp4,DAD,20fps5s,test,20.000,100,5.000,1,,5.000,20,,,,
C-TE-000604,000604,testing/positive/000604.mp4,DAD,20fps5s,test,20.000,100,5.000,1,,5.000,20,,,,
C-TE-000605,000605,testing/positive/000605.mp4,DAD,20fps5s,test,20.000,100,5.000,1,,5.000,20,,,,
C-TE-000606,000606,testing/positive/000606.mp4,DAD,20fps5s,test,20.000,100,5.000,1,,5.000,20,,,,
C-TE-000607,000607,testing/positive/000607.mp4,DAD,20fps5s,test,20.000,100,5.000,1,,5.000,20,,,,
C-TE-000608,000608,testing/positive/000608.mp4,DAD,20fps5s,test,20.000,100,5.000,1,,5.000,20,,,,
C-TE-000609,000609,testing/positive/000609.mp4,DAD,20fps5s,test,20.000,100,5.000,1,,5.000,20,,,,
C-TE-000610,000610,testing/positive/000610.mp4,DAD,20fps5s,test,20.000,100,5.000,1,,5.000,20,,,,
C-TE-000611,000611,testing/positive/000611.mp4,DAD,20fps5s,test,20.000,100,5.000,1,,5.000,20,,,,
C-TE-000612,000612,testing/positive/000612.mp4,DAD,20fps5s,test,20.000,100,5.000,1,,5.000,20,,,,
C-TE-000613,000613,testing/positive/000613.mp4,DAD,20fps5s,test,20.000,100,5.000,1,,5.000,20,,,,
C-TE-000614,000614,testing/positive/000614.mp4,DAD,20fps5s,test,20.000,100,5.000,1,,5.000,20,,,,
C-TE-000615,000615,testing/positive/000615.mp4,DAD,20fps5s,test,20.000,100,5.000,1,,5.000,20,,,,
C-TE-000616,000616,testing/positive/000616.mp4,DAD,20fps5s,test,20.000,100,5.000,1,,5.000,20,,,,
C-TE-000617,000617,testing/positive/000617.mp4,DAD,20fps5s,test,20.000,100,5.000,1,,5.000,20,,,,
C-TE-000618,000618,testing/positive/000618.mp4,DAD,20fps5s,test,20.000,100,5.000,1,,5.000,20,,,,
C-TE-000619,000619,testing/positive/000619.mp4,DAD,20fps5s,test,20.000,100,5.000,1,,5.000,20,,,,
C-TE-000620,000620,testing/positive/000620.mp4,DAD,20fps5s,test,20.000,100,5.000,1,,5.000,20,,,,
N-TE-000830,000830,testing/negative/000830.mp4,DAD,20fps5s,test,20.000,100,5.000,0,,,20,,,,
N-TE-000831,000831,testing/negative/000831.mp4,DAD,20fps5s,test,20.000,100,5.000,0,,,20,,,,
N-TE-000832,000832,testing/negative/000832.mp4,DAD,20fps5s,test,20.000,100,5.000,0,,,20,,,,
N-TE-000833,000833,testing/negative/000833.mp4,DAD,20fps5s,test,20.000,100,5.000,0,,,20,,,,
N-TE-000834,000834,testing/negative/000834.mp4,DAD,20fps5s,test,20.000,100,5.000,0,,,20,,,,
N-TE-000835,000835,testing/negative/000835.mp4,DAD,20fps5s,test,20.000,100,5.000,0,,,20,,,,
N-TE-000836,000836,testing/negative/000836.mp4,DAD,20fps5s,test,20.000,100,5.000,0,,,20,,,,
N-TE-000837,000837,testing/negative/000837.mp4,DAD,20fps5s,test,20.000,100,5.000,0,,,20,,,,
N-TE-000838,000838,testing/negative/000838.mp4,DAD,20fps5s,test,20.000,100,5.000,0,,,20,,,,
N-TE-000839,000839,testing/negative/000839.mp4,DAD,20fps5s,test,20.000,100,5.000,0,,,20,,,,
N-TE-000840,000840,testing/negative/000840.mp4,DAD,20fps5s,test,20.000,100,5.000,0,,,20,,,,
N-TE-000841,000841,testing/negative/000841.mp4,DAD,20fps5s,test,20.000,100,5.000,0,,,20,,,,
N-TE-000842,000842,testing/negative/000842.mp4,DAD,20fps5s,test,20.000,100,5.000,0,,,20,,,,
N-TE-000843,000843,testing/negative/000843.mp4,DAD,20fps5s,test,20.000,100,5.000,0,,,20,,,,
N-TE-000844,000844,testing/negative/000844.mp4,DAD,20fps5s,test,20.000,100,5.000,0,,,20,,,,
N-TE-000845,000845,testing/negative/000845.mp4,DAD,20fps5s,test,20.000,100,5.000,0,,,20,,,,
N-TE-000846,000846,testing/negative/000846.mp4,DAD,20fps5s,test,20.000,100,5.000,0,,,20,,,,
N-TE-000847,000847,testing/negative/000847.mp4,DAD,20fps5s,test,20.000,100,5.000,0,,,20,,,,
N-TE-000848,000848,testing/negative/000848.mp4,DAD,20fps5s,test,20.000,100,5.000,0,,,20,,,,
N-TE-000849,000849,testing/negative/000849.mp4,DAD,20fps5s,test,20.000,100,5.000,0,,,20,,,,
N-TE-000850,000850,testing/negative/000850.mp4,DAD,20fps5s,test,20.000,100,5.000,0,,,20,,,,
N-TE-000851,000851,testing/negative/000851.mp4,DAD,20fps5s,test,20.000,100,5.000,0,,,20,,,,
N-TE-000852,000852,testing/negative/000852.mp4,DAD,20fps5s,test,20.000,100,5.000,0,,,20,,,,
N-TE-000853,000853,testing/negative/000853.mp4,DAD,20fps5s,test,20.000,100,5.000,0,,,20,,,,
N-TE-000854,000854,testing/negative/000854.mp4,DAD,20fps5s,test,20.000,100,5.000,0,,,20,,,,
N-TE-000855,000855,testing/negative/000855.mp4,DAD,20fps5s,test,20.000,100,5.000,0,,,20,,,,
N-TE-000856,000856,testing/negative/000856.mp4,DAD,20fps5s,test,20.000,100,5.000,0,,,20,,,,
N-TE-000857,000857,testing/negative/000857.mp4,DAD,20fps5s,test,20.000,100,5.000,0,,,20,,,,
N-TE-000858,000858,testing/negative/000858.mp4,DAD,20fps5s,test,20.000,100,5.000,0,,,20,,,,
N-TE-000859,000859,testing/negative/000859.mp4,DAD,20fps5s,test,20.000,100,5.000,0,,,20,,,,
N-TE-000860,000860,testing/negative/000860.mp4,DAD,20fps5s,test,20.000,100,5.000,0,,,20,,,,
N-TE-000861,000861,testing/negative/000861.mp4,DAD,20fps5s,test,20.000,100,5.000,0,,,20,,,,
N-TE-000862,000862,testing/negative/000862.mp4,DAD,20fps5s,test,20.000,100,5.000,0,,,20,,,,
N-TE-000863,000863,testing/negative/000863.mp4,DAD,20fps5s,test,20.000,100,5.000,0,,,20,,,,
N-TE-000864,000864,testing/negative/000864.mp4,DAD,20fps5s,test,20.000,100,5.000,0,,,20,,,,
N-TE-000865,000865,testing/negative/000865.mp4,DAD,20fps5s,test,20.000,100,5.000,0,,,20,,,,
N-TE-000866,000866,testing/negative/000866.mp4,DAD,20fps5s,test,20.000,100,5.000,0,,,20,,,,
N-TE-000867,000867,testing/negative/000867.mp4,DAD,20fps5s,test,20.000,100,5.000,0,,,20,,,,
N-TE-000868,000868,testing/negative/000868.mp4,DAD,20fps5s,test,20.000,100,5.000,0,,,20,,,,
N-TE-000869,000869,testing/negative/000869.mp4,DAD,20fps5s,test,20.000,100,5.000,0,,,20,,,,
N-TE-000870,000870,testing/negative/000870.mp4,DAD,20fps5s,test,20.000,100,5.000,0,,,20,,,,
N-TE-000871,000871,testing/negative/000871.mp4,DAD,20fps5s,test,20.000,100,5.000,0,,,20,,,,
N-TE-000872,000872,testing/negative/000872.mp4,DAD,20fps5s,test,20.000,100,5.000,0,,,20,,,,
N-TE-000873,000873,testing/negative/000873.mp4,DAD,20fps5s,test,20.000,100,5.000,0,,,20,,,,
N-TE-000874,000874,testing/negative/000874.mp4,DAD,20fps5s,test,20.000,100,5.000,0,,,20,,,,
N-TE-000875,000875,testing/negative/000875.mp4,DAD,20fps5s,test,20.000,100,5.000,0,,,20,,,,
N-TE-000876,000876,testing/negative/000876.mp4,DAD,20fps5s,test,20.000,100,5.000,0,,,20,,,,
N-TE-000877,000877,testing/negative/000877.mp4,DAD,20fps5s,test,20.000,100,5.000,0,,,20,,,,
N-TE-000878,000878,testing/negative/000878.mp4,DAD,20fps5s,test,20.000,100,5.000,0,,,20,,,,
N-TE-000879,000879,testing/negative/000879.mp4,DAD,20fps5s,test,20.000,100,5.000,0,,,20,,,,
N-TE-000880,000880,testing/negative/000880.mp4,DAD,20fps5s,test,20.000,100,5.000,0,,,20,,,,
N-TE-000881,000881,testing/negative/000881.mp4,DAD,20fps5s,test,20.000,100,5.000,0,,,20,,,,
N-TE-000882,000882,testing/negative/000882.mp4,DAD,20fps5s,test,20.000,100,5.000,0,,,20,,,,
N-TE-000883,000883,testing/negative/000883.mp4,DAD,20fps5s,test,20.000,100,5.000,0,,,20,,,,
N-TE-000884,000884,testing/negative/000884.mp4,DAD,20fps5s,test,20.000,100,5.000,0,,,20,,,,
N-TE-000885,000885,testing/negative/000885.mp4,DAD,20fps5s,test,20.000,100,5.000,0,,,20,,,,
N-TE-000886,000886,testing/negative/000886.mp4,DAD,20fps5s,test,20.000,100,5.000,0,,,20,,,,
N-TE-000887,000887,testing/negative/000887.mp4,DAD,20fps5s,test,20.000,100,5.000,0,,,20,,,,
N-TE-000888,000888,testing/negative/000888.mp4,DAD,20fps5s,test,20.000,100,5.000,0,,,20,,,,
N-TE-000889,000889,testing/negative/000889.mp4,DAD,20fps5s,test,20.000,100,5.000,0,,,20,,,,
N-TE-000890,000890,testing/negative/000890.mp4,DAD,20fps5s,test,20.000,100,5.000,0,,,20,,,,
N-TE-000891,000891,testing/negative/000891.mp4,DAD,20fps5s,test,20.000,100,5.000,0,,,20,,,,
N-TE-000892,000892,testing/negative/000892.mp4,DAD,20fps5s,test,20.000,100,5.000,0,,,20,,,,
N-TE-000893,000893,testing/negative/000893.mp4,DAD,20fps5s,test,20.000,100,5.000,0,,,20,,,,
N-TE-000894,000894,testing/negative/000894.mp4,DAD,20fps5s,test,20.000,100,5.000,0,,,20,,,,
N-TE-000895,000895,testing/negative/000895.mp4,DAD,20fps5s,test,20.000,100,5.000,0,,,20,,,,
N-TE-000896,000896,testing/negative/000896.mp4,DAD,20fps5s,test,20.000,100,5.000,0,,,20,,,,
N-TE-000897,000897,testing/negative/000897.mp4,DAD,20fps5s,test,20.000,100,5.000,0,,,20,,,,
N-TE-000898,000898,testing/negative/000898.mp4,DAD,20fps5s,test,20.000,100,5.000,0,,,20,,,,
N-TE-000899,000899,testing/negative/000899.mp4,DAD,20fps5s,test,20.000,100,5.000,0,,,20,,,,
N-TE-000900,000900,testing/negative/000900.mp4,DAD,20fps5s,test,20.000,100,5.000,0,,,20,,,,
N-TE-000901,000901,testing/negative/000901.mp4,DAD,20fps5s,test,20.000,100,5.000,0,,,20,,,,
N-TE-000902,000902,testing/negative/000902.mp4,DAD,20fps5s,test,20.000,100,5.000,0,,,20,,,,
N-TE-000903,000903,testing/negative/000903.mp4,DAD,20fps5s,test,20.000,100,5.000,0,,,20,,,,
N-TE-000904,000904,testing/negative/000904.mp4,DAD,20fps5s,test,20.000,100,5.000,0,,,20,,,,
N-TE-000905,000905,testing/negative/000905.mp4,DAD,20fps5s,test,20.000,100,5.000,0,,,20,,,,
N-TE-000906,000906,testing/negative/000906.mp4,DAD,20fps5s,test,20.000,100,5.000,0,,,20,,,,
N-TE-000907,000907,testing/negative/000907.mp4,DAD,20fps5s,test,20.000,100,5.000,0,,,20,,,,
N-TE-000908,000908,testing/negative/000908.mp4,DAD,20fps5s,test,20.000,100,5.000,0,,,20,,,,
N-TE-000909,000909,testing/negative/000909.mp4,DAD,20fps5s,test,20.000,100,5.000,0,,,20,,,,
N-TE-000910,000910,testing/negative/000910.mp4,DAD,20fps5s,test,20.000,100,5.000,0,,,20,,,,
N-TE-000911,000911,testing/negative/000911.mp4,DAD,20fps5s,test,20.000,100,5.000,0,,,20,,,,
N-TE-000912,000912,testing/negative/000912.mp4,DAD,20fps5s,test,20.000,100,5.000,0,,,20,,,,
N-TE-000913,000913,testing/negative/000913.mp4,DAD,20fps5s,test,20.000,100,5.000,0,,,20,,,,
N-TE-000914,000914,testing/negative/000914.mp4,DAD,20fps5s,test,20.000,100,5.000,0,,,20,,,,
N-TE-000915,000915,testing/negative/000915.mp4,DAD,20fps5s,test,20.000,100,5.000,0,,,20,,,,
N-TE-000916,000916,testing/negative/000916.mp4,DAD,20fps5s,test,20.000,100,5.000,0,,,20,,,,
N-TE-000917,000917,testing/negative/000917.mp4,DAD,20fps5s,test,20.000,100,5.000,0,,,20,,,,
N-TE-000918,000918,testing/negative/000918.mp4,DAD,20fps5s,test,20.000,100,5.000,0,,,20,,,,
N-TE-000919,000919,testing/negative/000919.mp4,DAD,20fps5s,test,20.000,100,5.000,0,,,20,,,,
N-TE-000920,000920,testing/negative/000920.mp4,DAD,20fps5s,test,20.000,100,5.000,0,,,20,,,,
N-TE-000921,000921,testing/negative/000921.mp4,DAD,20fps5s,test,20.000,100,5.000,0,,,20,,,,
N-TE-000922,000922,testing/negative/000922.mp4,DAD,20fps5s,test,20.000,100,5.000,0,,,20,,,,
N-TE-000923,000923,testing/negative/000923.mp4,DAD,20fps5s,test,20.000,100,5.000,0,,,20,,,,
N-TE-000924,000924,testing/negative/000924.mp4,DAD,20fps5s,test,20.000,100,5.000,0,,,20,,,,
N-TE-000925,000925,testing/negative/000925.mp4,DAD,20fps5s,test,20.000,100,5.000,0,,,20,,,,
N-TE-000926,000926,testing/negative/000926.mp4,DAD,20fps5s,test,20.000,100,5.000,0,,,20,,,,
N-TE-000927,000927,testing/negative/000927.mp4,DAD,20fps5s,test,20.000,100,5.000,0,,,20,,,,
N-TE-000928,000928,testing/negative/000928.mp4,DAD,20fps5s,test,20.000,100,5.000,0,,,20,,,,
N-TE-000929,000929,testing/negative/000929.mp4,DAD,20fps5s,test,20.000,100,5.000,0,,,20,,,,
N-TE-000930,000930,testing/negative/000930.mp4,DAD,20fps5s,test,20.000,100,5.000,0,,,20,,,,
N-TE-000931,000931,testing/negative/000931.mp4,DAD,20fps5s,test,20.000,100,5.000,0,,,20,,,,
N-TE-000932,000932,testing/negative/000932.mp4,DAD,20fps5s,test,20.000,100,5.000,0,,,20,,,,
N-TE-000933,000933,testing/negative/000933.mp4,DAD,20fps5s,test,20.000,100,5.000,0,,,20,,,,
N-TE-000934,000934,testing/negative/000934.mp4,DAD,20fps5s,test,20.000,100,5.000,0,,,20,,,,
N-TE-000935,000935,testing/negative/000935.mp4,DAD,20fps5s,test,20.000,100,5.000,0,,,20,,,,
N-TE-000936,000936,testing/negative/000936.mp4,DAD,20fps5s,test,20.000,100,5.000,0,,,20,,,,
N-TE-000937,000937,testing/negative/000937.mp4,DAD,20fps5s,test,20.000,100,5.000,0,,,20,,,,
N-TE-000938,000938,testing/negative/000938.mp4,DAD,20fps5s,test,20.000,100,5.000,0,,,20,,,,
N-TE-000939,000939,testing/negative/000939.mp4,DAD,20fps5s,test,20.000,100,5.000,0,,,20,,,,
N-TE-000940,000940,testing/negative/000940.mp4,DAD,20fps5s,test,20.000,100,5.000,0,,,20,,,,
N-TE-000941,000941,testing/negative/000941.mp4,DAD,20fps5s,test,20.000,100,5.000,0,,,20,,,,
N-TE-000942,000942,testing/negative/000942.mp4,DAD,20fps5s,test,20.000,100,5.000,0,,,20,,,,
N-TE-000943,000943,testing/negative/000943.mp4,DAD,20fps5s,test,20.000,100,5.000,0,,,20,,,,
N-TE-000944,000944,testing/negative/000944.mp4,DAD,20fps5s,test,20.000,100,5.000,0,,,20,,,,
N-TE-000945,000945,testing/negative/000945.mp4,DAD,20fps5s,test,20.000,100,5.000,0,,,20,,,,
N-TE-000946,000946,testing/negative/000946.mp4,DAD,20fps5s,test,20.000,100,5.000,0,,,20,,,,
N-TE-000947,000947,testing/negative/000947.mp4,DAD,20fps5s,test,20.000,100,5.000,0,,,20,,,,
N-TE-000948,000948,testing/negative/000948.mp4,DAD,20fps5s,test,20.000,100,5.000,0,,,20,,,,
N-TE-000949,000949,testing/negative/000949.mp4,DAD,20fps5s,test,20.000,100,5.000,0,,,20,,,,
N-TE-000950,000950,testing/negative/000950.mp4,DAD,20fps5s,test,20.000,100,5.000,0,,,20,,,,
N-TE-000951,000951,testing/negative/000951.mp4,DAD,20fps5s,test,20.000,100,5.000,0,,,20,,,,
N-TE-000952,000952,testing/negative/000952.mp4,DAD,20fps5s,test,20.000,100,5.000,0,,,20,,,,
N-TE-000953,000953,testing/negative/000953.mp4,DAD,20fps5s,test,20.000,100,5.000,0,,,20,,,,
N-TE-000954,000954,testing/negative/000954.mp4,DAD,20fps5s,test,20.000,100,5.000,0,,,20,,,,
N-TE-000955,000955,testing/negative/000955.mp4,DAD,20fps5s,test,20.000,100,5.000,0,,,20,,,,
N-TE-000956,000956,testing/negative/000956.mp4,DAD,20fps5s,test,20.000,100,5.000,0,,,20,,,,
N-TE-000957,000957,testing/negative/000957.mp4,DAD,20fps5s,test,20.000,100,5.000,0,,,20,,,,
N-TE-000958,000958,testing/negative/000958.mp4,DAD,20fps5s,test,20.000,100,5.000,0,,,20,,,,
N-TE-000959,000959,testing/negative/000959.mp4,DAD,20fps5s,test,20.000,100,5.000,0,,,20,,,,
N-TE-000960,000960,testing/negative/000960.mp4,DAD,20fps5s,test,20.000,100,5.000,0,,,20,,,,
N-TE-000961,000961,testing/negative/000961.mp4,DAD,20fps5s,test,20.000,100,5.000,0,,,20,,,,
N-TE-000962,000962,testing/negative/000962.mp4,DAD,20fps5s,test,20.000,100,5.000,0,,,20,,,,
N-TE-000963,000963,testing/negative/000963.mp4,DAD,20fps5s,test,20.000,100,5.000,0,,,20,,,,
N-TE-000964,000964,testing/negative/000964.mp4,DAD,20fps5s,test,20.000,100,5.000,0,,,20,,,,
N-TE-000965,000965,testing/negative/000965.mp4,DAD,20fps5s,test,20.000,100,5.000,0,,,20,,,,
N-TE-000966,000966,testing/negative/000966.mp4,DAD,20fps5s,test,20.000,100,5.000,0,,,20,,,,
N-TE-000967,000967,testing/negative/000967.mp4,DAD,20fps5s,test,20.000,100,5.000,0,,,20,,,,
N-TE-000968,000968,testing/negative/000968.mp4,DAD,20fps5s,test,20.000,100,5.000,0,,,20,,,,
N-TE-000969,000969,testing/negative/000969.mp4,DAD,20fps5s,test,20.000,100,5.000,0,,,20,,,,
N-TE-000970,000970,testing/negative/000970.mp4,DAD,20fps5s,test,20.000,100,5.000,0,,,20,,,,
N-TE-000971,000971,testing/negative/000971.mp4,DAD,20fps5s,test,20.000,100,5.000,0,,,20,,,,
N-TE-000972,000972,testing/negative/000972.mp4,DAD,20fps5s,test,20.000,100,5.000,0,,,20,,,,
N-TE-000973,000973,testing/negative/000973.mp4,DAD,20fps5s,test,20.000,100,5.000,0,,,20,,,,
N-TE-000974,000974,testing/negative/000974.mp4,DAD,20fps5s,test,20.000,100,5.000,0,,,20,,,,
N-TE-000975,000975,testing/negative/000975.mp4,DAD,20fps5s,test,20.000,100,5.000,0,,,20,,,,
N-TE-000976,000976,testing/negative/000976.mp4,DAD,20fps5s,test,20.000,100,5.000,0,,,20,,,,
N-TE-000977,000977,testing/negative/000977.mp4,DAD,20fps5s,test,20.000,100,5.000,0,,,20,,,,
N-TE-000978,000978,testing/negative/000978.mp4,DAD,20fps5s,test,20.000,100,5.000,0,,,20,,,,
N-TE-000979,000979,testing/negative/000979.mp4,DAD,20fps5s,test,20.000,100,5.000,0,,,20,,,,
N-TE-000980,000980,testing/negative/000980.mp4,DAD,20fps5s,test,20.000,100,5.000,0,,,20,,,,
N-TE-000981,000981,testing/negative/000981.mp4,DAD,20fps5s,test,20.000,100,5.000,0,,,20,,,,
N-TE-000982,000982,testing/negative/000982.mp4,DAD,20fps5s,test,20.000,100,5.000,0,,,20,,,,
N-TE-000983,000983,testing/negative/000983.mp4,DAD,20fps5s,test,20.000,100,5.000,0,,,20,,,,
N-TE-000984,000984,testing/negative/000984.mp4,DAD,20fps5s,test,20.000,100,5.000,0,,,20,,,,
N-TE-000985,000985,testing/negative/000985.mp4,DAD,20fps5s,test,20.000,100,5.000,0,,,20,,,,
N-TE-000986,000986,testing/negative/000986.mp4,DAD,20fps5s,test,20.000,100,5.000,0,,,20,,,,
N-TE-000987,000987,testing/negative/000987.mp4,DAD,20fps5s,test,20.000,100,5.000,0,,,20,,,,
N-TE-000988,000988,testing/negative/000988.mp4,DAD,20fps5s,test,20.000,100,5.000,0,,,20,,,,
N-TE-000989,000989,testing/negative/000989.mp4,DAD,20fps5s,test,20.000,100,5.000,0,,,20,,,,
N-TE-000990,000990,testing/negative/000990.mp4,DAD,20fps5s,test,20.000,100,5.000,0,,,20,,,,
N-TE-000991,000991,testing/negative/000991.mp4,DAD,20fps5s,test,20.000,100,5.000,0,,,20,,,,
N-TE-000992,000992,testing/negative/000992.mp4,DAD,20fps5s,test,20.000,100,5.000,0,,,20,,,,
N-TE-000993,000993,testing/negative/000993.mp4,DAD,20fps5s,test,20.000,100,5.000,0,,,20,,,,
N-TE-000994,000994,testing/negative/000994.mp4,DAD,20fps5s,test,20.000,100,5.000,0,,,20,,,,
N-TE-000995,000995,testing/negative/000995.mp4,DAD,20fps5s,test,20.000,100,5.000,0,,,20,,,,
N-TE-000996,000996,testing/negative/000996.mp4,DAD,20fps5s,test,20.000,100,5.000,0,,,20,,,,
N-TE-000997,000997,testing/negative/000997.mp4,DAD,20fps5s,test,20.000,100,5.000,0,,,20,,,,
N-TE-000998,000998,testing/negative/000998.mp4,DAD,20fps5s,test,20.000,100,5.000,0,,,20,,,,
N-TE-000999,000999,testing/negative/000999.mp4,DAD,20fps5s,test,20.000,100,5.000,0,,,20,,,,
N-TE-001000,001000,testing/negative/001000.mp4,DAD,20fps5s,test,20.000,100,5.000,0,,,20,,,,
N-TE-001001,001001,testing/negative/001001.mp4,DAD,20fps5s,test,20.000,100,5.000,0,,,20,,,,
N-TE-001002,001002,testing/negative/001002.mp4,DAD,20fps5s,test,20.000,100,5.000,0,,,20,,,,
N-TE-001003,001003,testing/negative/001003.mp4,DAD,20fps5s,test,20.000,100,5.000,0,,,20,,,,
N-TE-001004,001004,testing/negative/001004.mp4,DAD,20fps5s,test,20.000,100,5.000,0,,,20,,,,
N-TE-001005,001005,testing/negative/001005.mp4,DAD,20fps5s,test,20.000,100,5.000,0,,,20,,,,
N-TE-001006,001006,testing/negative/001006.mp4,DAD,20fps5s,test,20.000,100,5.000,0,,,20,,,,
N-TE-001007,001007,testing/negative/001007.mp4,DAD,20fps5s,test,20.000,100,5.000,0,,,20,,,,
N-TE-001008,001008,testing/negative/001008.mp4,DAD,20fps5s,test,20.000,100,5.000,0,,,20,,,,
N-TE-001009,001009,testing/negative/001009.mp4,DAD,20fps5s,test,20.000,100,5.000,0,,,20,,,,
N-TE-001010,001010,testing/negative/001010.mp4,DAD,20fps5s,test,20.000,100,5.000,0,,,20,,,,
N-TE-001011,001011,testing/negative/001011.mp4,DAD,20fps5s,test,20.000,100,5.000,0,,,20,,,,
N-TE-001012,001012,testing/negative/001012.mp4,DAD,20fps5s,test,20.000,100,5.000,0,,,20,,,,
N-TE-001013,001013,testing/negative/001013.mp4,DAD,20fps5s,test,20.000,100,5.000,0,,,20,,,,
N-TE-001014,001014,testing/negative/001014.mp4,DAD,20fps5s,test,20.000,100,5.000,0,,,20,,,,
N-TE-001015,001015,testing/negative/001015.mp4,DAD,20fps5s,test,20.000,100,5.000,0,,,20,,,,
N-TE-001016,001016,testing/negative/001016.mp4,DAD,20fps5s,test,20.000,100,5.000,0,,,20,,,,
N-TE-001017,001017,testing/negative/001017.mp4,DAD,20fps5s,test,20.000,100,5.000,0,,,20,,,,
N-TE-001018,001018,testing/negative/001018.mp4,DAD,20fps5s,test,20.000,100,5.000,0,,,20,,,,
N-TE-001019,001019,testing/negative/001019.mp4,DAD,20fps5s,test,20.000,100,5.000,0,,,20,,,,
N-TE-001020,001020,testing/negative/001020.mp4,DAD,20fps5s,test,20.000,100,5.000,0,,,20,,,,
N-TE-001021,001021,testing/negative/001021.mp4,DAD,20fps5s,test,20.000,100,5.000,0,,,20,,,,
N-TE-001022,001022,testing/negative/001022.mp4,DAD,20fps5s,test,20.000,100,5.000,0,,,20,,,,
N-TE-001023,001023,testing/negative/001023.mp4,DAD,20fps5s,test,20.000,100,5.000,0,,,20,,,,
N-TE-001024,001024,testing/negative/001024.mp4,DAD,20fps5s,test,20.000,100,5.000,0,,,20,,,,
N-TE-001025,001025,testing/negative/001025.mp4,DAD,20fps5s,test,20.000,100,5.000,0,,,20,,,,
N-TE-001026,001026,testing/negative/001026.mp4,DAD,20fps5s,test,20.000,100,5.000,0,,,20,,,,
N-TE-001027,001027,testing/negative/001027.mp4,DAD,20fps5s,test,20.000,100,5.000,0,,,20,,,,
N-TE-001028,001028,testing/negative/001028.mp4,DAD,20fps5s,test,20.000,100,5.000,0,,,20,,,,
N-TE-001029,001029,testing/negative/001029.mp4,DAD,20fps5s,test,20.000,100,5.000,0,,,20,,,,
N-TE-001030,001030,testing/negative/001030.mp4,DAD,20fps5s,test,20.000,100,5.000,0,,,20,,,,
N-TE-001031,001031,testing/negative/001031.mp4,DAD,20fps5s,test,20.000,100,5.000,0,,,20,,,,
N-TE-001032,001032,testing/negative/001032.mp4,DAD,20fps5s,test,20.000,100,5.000,0,,,20,,,,
N-TE-001033,001033,testing/negative/001033.mp4,DAD,20fps5s,test,20.000,100,5.000,0,,,20,,,,
N-TE-001034,001034,testing/negative/001034.mp4,DAD,20fps5s,test,20.000,100,5.000,0,,,20,,,,
N-TE-001035,001035,testing/negative/001035.mp4,DAD,20fps5s,test,20.000,100,5.000,0,,,20,,,,
N-TE-001036,001036,testing/negative/001036.mp4,DAD,20fps5s,test,20.000,100,5.000,0,,,20,,,,
N-TE-001037,001037,testing/negative/001037.mp4,DAD,20fps5s,test,20.000,100,5.000,0,,,20,,,,
N-TE-001038,001038,testing/negative/001038.mp4,DAD,20fps5s,test,20.000,100,5.000,0,,,20,,,,
N-TE-001039,001039,testing/negative/001039.mp4,DAD,20fps5s,test,20.000,100,5.000,0,,,20,,,,
N-TE-001040,001040,testing/negative/001040.mp4,DAD,20fps5s,test,20.000,100,5.000,0,,,20,,,,
N-TE-001041,001041,testing/negative/001041.mp4,DAD,20fps5s,test,20.000,100,5.000,0,,,20,,,,
N-TE-001042,001042,testing/negative/001042.mp4,DAD,20fps5s,test,20.000,100,5.000,0,,,20,,,,
N-TE-001043,001043,testing/negative/001043.mp4,DAD,20fps5s,test,20.000,100,5.000,0,,,20,,,,
N-TE-001044,001044,testing/negative/001044.mp4,DAD,20fps5s,test,20.000,100,5.000,0,,,20,,,,
N-TE-001045,001045,testing/negative/001045.mp4,DAD,20fps5s,test,20.000,100,5.000,0,,,20,,,,
N-TE-001046,001046,testing/negative/001046.mp4,DAD,20fps5s,test,20.000,100,5.000,0,,,20,,,,
N-TE-001047,001047,testing/negative/001047.mp4,DAD,20fps5s,test,20.000,100,5.000,0,,,20,,,,
N-TE-001048,001048,testing/negative/001048.mp4,DAD,20fps5s,test,20.000,100,5.000,0,,,20,,,,
N-TE-001049,001049,testing/negative/001049.mp4,DAD,20fps5s,test,20.000,100,5.000,0,,,20,,,,
N-TE-001050,001050,testing/negative/001050.mp4,DAD,20fps5s,test,20.000,100,5.000,0,,,20,,,,
N-TE-001051,001051,testing/negative/001051.mp4,DAD,20fps5s,test,20.000,100,5.000,0,,,20,,,,
N-TE-001052,001052,testing/negative/001052.mp4,DAD,20fps5s,test,20.000,100,5.000,0,,,20,,,,
N-TE-001053,001053,testing/negative/001053.mp4,DAD,20fps5s,test,20.000,100,5.000,0,,,20,,,,
N-TE-001054,001054,testing/negative/001054.mp4,DAD,20fps5s,test,20.000,100,5.000,0,,,20,,,,
N-TE-001055,001055,testing/negative/001055.mp4,DAD,20fps5s,test,20.000,100,5.000,0,,,20,,,,
N-TE-001056,001056,testing/negative/001056.mp4,DAD,20fps5s,test,20.000,100,5.000,0,,,20,,,,
N-TE-001057,001057,testing/negative/001057.mp4,DAD,20fps5s,test,20.000,100,5.000,0,,,20,,,,
N-TE-001058,001058,testing/negative/001058.mp4,DAD,20fps5s,test,20.000,100,5.000,0,,,20,,,,
N-TE-001059,001059,testing/negative/001059.mp4,DAD,20fps5s,test,20.000,100,5.000,0,,,20,,,,
N-TE-001060,001060,testing/negative/001060.mp4,DAD,20fps5s,test,20.000,100,5.000,0,,,20,,,,
N-TE-001061,001061,testing/negative/001061.mp4,DAD,20fps5s,test,20.000,100,5.000,0,,,20,,,,
N-TE-001062,001062,testing/negative/001062.mp4,DAD,20fps5s,test,20.000,100,5.000,0,,,20,,,,
N-TE-001063,001063,testing/negative/001063.mp4,DAD,20fps5s,test,20.000,100,5.000,0,,,20,,,,
N-TE-001064,001064,testing/negative/001064.mp4,DAD,20fps5s,test,20.000,100,5.000,0,,,20,,,,
N-TE-001065,001065,testing/negative/001065.mp4,DAD,20fps5s,test,20.000,100,5.000,0,,,20,,,,
N-TE-001066,001066,testing/negative/001066.mp4,DAD,20fps5s,test,20.000,100,5.000,0,,,20,,,,
N-TE-001067,001067,testing/negative/001067.mp4,DAD,20fps5s,test,20.000,100,5.000,0,,,20,,,,
N-TE-001068,001068,testing/negative/001068.mp4,DAD,20fps5s,test,20.000,100,5.000,0,,,20,,,,
N-TE-001069,001069,testing/negative/001069.mp4,DAD,20fps5s,test,20.000,100,5.000,0,,,20,,,,
N-TE-001070,001070,testing/negative/001070.mp4,DAD,20fps5s,test,20.000,100,5.000,0,,,20,,,,
N-TE-001071,001071,testing/negative/001071.mp4,DAD,20fps5s,test,20.000,100,5.000,0,,,20,,,,
N-TE-001072,001072,testing/negative/001072.mp4,DAD,20fps5s,test,20.000,100,5.000,0,,,20,,,,
N-TE-001073,001073,testing/negative/001073.mp4,DAD,20fps5s,test,20.000,100,5.000,0,,,20,,,,
N-TE-001074,001074,testing/negative/001074.mp4,DAD,20fps5s,test,20.000,100,5.000,0,,,20,,,,
N-TE-001075,001075,testing/negative/001075.mp4,DAD,20fps5s,test,20.000,100,5.000,0,,,20,,,,
N-TE-001076,001076,testing/negative/001076.mp4,DAD,20fps5s,test,20.000,100,5.000,0,,,20,,,,
N-TE-001077,001077,testing/negative/001077.mp4,DAD,20fps5s,test,20.000,100,5.000,0,,,20,,,,
N-TE-001078,001078,testing/negative/001078.mp4,DAD,20fps5s,test,20.000,100,5.000,0,,,20,,,,
N-TE-001079,001079,testing/negative/001079.mp4,DAD,20fps5s,test,20.000,100,5.000,0,,,20,,,,
N-TE-001080,001080,testing/negative/001080.mp4,DAD,20fps5s,test,20.000,100,5.000,0,,,20,,,,
N-TE-001081,001081,testing/negative/001081.mp4,DAD,20fps5s,test,20.000,100,5.000,0,,,20,,,,
N-TE-001082,001082,testing/negative/001082.mp4,DAD,20fps5s,test,20.000,100,5.000,0,,,20,,,,
N-TE-001083,001083,testing/negative/001083.mp4,DAD,20fps5s,test,20.000,100,5.000,0,,,20,,,,
N-TE-001084,001084,testing/negative/001084.mp4,DAD,20fps5s,test,20.000,100,5.000,0,,,20,,,,
N-TE-001085,001085,testing/negative/001085.mp4,DAD,20fps5s,test,20.000,100,5.000,0,,,20,,,,
N-TE-001086,001086,testing/negative/001086.mp4,DAD,20fps5s,test,20.000,100,5.000,0,,,20,,,,
N-TE-001087,001087,testing/negative/001087.mp4,DAD,20fps5s,test,20.000,100,5.000,0,,,20,,,,
N-TE-001088,001088,testing/negative/001088.mp4,DAD,20fps5s,test,20.000,100,5.000,0,,,20,,,,
N-TE-001089,001089,testing/negative/001089.mp4,DAD,20fps5s,test,20.000,100,5.000,0,,,20,,,,
N-TE-001090,001090,testing/negative/001090.mp4,DAD,20fps5s,test,20.000,100,5.000,0,,,20,,,,
N-TE-001091,001091,testing/negative/001091.mp4,DAD,20fps5s,test,20.000,100,5.000,0,,,20,,,,
N-TE-001092,001092,testing/negative/001092.mp4,DAD,20fps5s,test,20.000,100,5.000,0,,,20,,,,
N-TE-001093,001093,testing/negative/001093.mp4,DAD,20fps5s,test,20.000,100,5.000,0,,,20,,,,
N-TE-001094,001094,testing/negative/001094.mp4,DAD,20fps5s,test,20.000,100,5.000,0,,,20,,,,
N-TE-001095,001095,testing/negative/001095.mp4,DAD,20fps5s,test,20.000,100,5.000,0,,,20,,,,
N-TE-001096,001096,testing/negative/001096.mp4,DAD,20fps5s,test,20.000,100,5.000,0,,,20,,,,
N-TE-001097,001097,testing/negative/001097.mp4,DAD,20fps5s,test,20.000,100,5.000,0,,,20,,,,
N-TE-001098,001098,testing/negative/001098.mp4,DAD,20fps5s,test,20.000,100,5.000,0,,,20,,,,
N-TE-001099,001099,testing/negative/001099.mp4,DAD,20fps5s,test,20.000,100,5.000,0,,,20,,,,
N-TE-001100,001100,testing/negative/001100.mp4,DAD,20fps5s,test,20.000,100,5.000,0,,,20,,,,
N-TE-001101,001101,testing/negative/001101.mp4,DAD,20fps5s,test,20.000,100,5.000,0,,,20,,,,
N-TE-001102,001102,testing/negative/001102.mp4,DAD,20fps5s,test,20.000,100,5.000,0,,,20,,,,
N-TE-001103,001103,testing/negative/001103.mp4,DAD,20fps5s,test,20.000,100,5.000,0,,,20,,,,
N-TE-001104,001104,testing/negative/001104.mp4,DAD,20fps5s,test,20.000,100,5.000,0,,,20,,,,
N-TE-001105,001105,testing/negative/001105.mp4,DAD,20fps5s,test,20.000,100,5.000,0,,,20,,,,
N-TE-001106,001106,testing/negative/001106.mp4,DAD,20fps5s,test,20.000,100,5.000,0,,,20,,,,
N-TE-001107,001107,testing/negative/001107.mp4,DAD,20fps5s,test,20.000,100,5.000,0,,,20,,,,
N-TE-001108,001108,testing/negative/001108.mp4,DAD,20fps5s,test,20.000,100,5.000,0,,,20,,,,
N-TE-001109,001109,testing/negative/001109.mp4,DAD,20fps5s,test,20.000,100,5.000,0,,,20,,,,
N-TE-001110,001110,testing/negative/001110.mp4,DAD,20fps5s,test,20.000,100,5.000,0,,,20,,,,
N-TE-001111,001111,testing/negative/001111.mp4,DAD,20fps5s,test,20.000,100,5.000,0,,,20,,,,
N-TE-001112,001112,testing/negative/001112.mp4,DAD,20fps5s,test,20.000,100,5.000,0,,,20,,,,
N-TE-001113,001113,testing/negative/001113.mp4,DAD,20fps5s,test,20.000,100,5.000,0,,,20,,,,
N-TE-001114,001114,testing/negative/001114.mp4,DAD,20fps5s,test,20.000,100,5.000,0,,,20,,,,
N-TE-001115,001115,testing/negative/001115.mp4,DAD,20fps5s,test,20.000,100,5.000,0,,,20,,,,
N-TE-001116,001116,testing/negative/001116.mp4,DAD,20fps5s,test,20.000,100,5.000,0,,,20,,,,
N-TE-001117,001117,testing/negative/001117.mp4,DAD,20fps5s,test,20.000,100,5.000,0,,,20,,,,
N-TE-001118,001118,testing/negative/001118.mp4,DAD,20fps5s,test,20.000,100,5.000,0,,,20,,,,
N-TE-001119,001119,testing/negative/001119.mp4,DAD,20fps5s,test,20.000,100,5.000,0,,,20,,,,
N-TE-001120,001120,testing/negative/001120.mp4,DAD,20fps5s,test,20.000,100,5.000,0,,,20,,,,
N-TE-001121,001121,testing/negative/001121.mp4,DAD,20fps5s,test,20.000,100,5.000,0,,,20,,,,
N-TE-001122,001122,testing/negative/001122.mp4,DAD,20fps5s,test,20.000,100,5.000,0,,,20,,,,
N-TE-001123,001123,testing/negative/001123.mp4,DAD,20fps5s,test,20.000,100,5.000,0,,,20,,,,
N-TE-001124,001124,testing/negative/001124.mp4,DAD,20fps5s,test,20.000,100,5.000,0,,,20,,,,
N-TE-001125,001125,testing/negative/001125.mp4,DAD,20fps5s,test,20.000,100,5.000,0,,,20,,,,
N-TE-001126,001126,testing/negative/001126.mp4,DAD,20fps5s,test,20.000,100,5.000,0,,,20,,,,
N-TE-001127,001127,testing/negative/001127.mp4,DAD,20fps5s,test,20.000,100,5.000,0,,,20,,,,
N-TE-001128,001128,testing/negative/001128.mp4,DAD,20fps5s,test,20.000,100,5.000,0,,,20,,,,
N-TE-001129,001129,testing/negative/001129.mp4,DAD,20fps5s,test,20.000,100,5.000,0,,,20,,,,
N-TE-001130,001130,testing/negative/001130.mp4,DAD,20fps5s,test,20.000,100,5.000,0,,,20,,,,
