unique_id,id,rel_path,source,dataset_version,split,fps_src,n_frames_src,dur_src_s,target,event_frame,event_time_s,fps_embed,timing,weather,ego_involve,bins_10fps_50
C-000001,000001,Crash-1500/000001.mp4,CCD,official,val,10,50,5.0,1,32,3.2,10.0,Day,Normal,Yes,0 0 0 0 0 0 0 0 0 0 0 0 0 0 0 0 0 0 0 0 0 0 0 0 0 0 0 0 0 0 0 0 1 1 1 1 1 1 1 1 1 1 1 1 1 1 1 1 1 1
C-000002,000002,Crash-1500/000002.mp4,CCD,official,val,10,50,5.0,1,30,3.0,10.0,Day,Normal,Yes,0 0 0 0 0 0 0 0 0 0 0 0 0 0 0 0 0 0 0 0 0 0 0 0 0 0 0 0 0 0 1 1 1 1 1 1 1 1 1 1 1 1 1 1 1 1 1 1 1 1
C-000003,000003,Crash-1500/000003.mp4,CCD,official,test,10,50,5.0,1,31,3.1,10.0,Day,Normal,Yes,0 0 0 0 0 0 0 0 0 0 0 0 0 0 0 0 0 0 0 0 0 0 0 0 0 0 0 0 0 0 0 1 1 1 1 1 1 1 1 1 1 1 1 1 1 1 1 1 1 1
C-000004,000004,Crash-1500/000004.mp4,CCD,official,train,10,50,5.0,1,41,4.1,10.0,Day,Normal,Yes,0 0 0 0 0 0 0 0 0 0 0 0 0 0 0 0 0 0 0 0 0 0 0 0 0 0 0 0 0 0 0 0 0 0 0 0 0 0 0 0 0 1 1 1 1 1 1 1 1 1
C-000005,000005,Crash-1500/000005.mp4,CCD,official,train,10,50,5.0,1,30,3.0,10.0,Day,Snowy,Yes,0 0 0 0 0 0 0 0 0 0 0 0 0 0 0 0 0 0 0 0 0 0 0 0 0 0 0 0 0 0 1 1 1 1 1 1 1 1 1 1 1 1 1 1 1 1 1 1 1 1
C-000006,000006,Crash-1500/000006.mp4,CCD,official,test,10,50,5.0,1,45,4.5,10.0,Day,Snowy,Yes,0 0 0 0 0 0 0 0 0 0 0 0 0 0 0 0 0 0 0 0 0 0 0 0 0 0 0 0 0 0 0 0 0 0 0 0 0 0 0 0 0 0 0 0 0 1 1 1 1 1
C-000007,000007,Crash-1500/000007.mp4,CCD,official,train,10,50,5.0,1,31,3.1,10.0,Day,Snowy,No,0 0 0 0 0 0 0 0 0 0 0 0 0 0 0 0 0 0 0 0 0 0 0 0 0 0 0 0 0 0 0 1 1 1 1 1 1 1 1 1 1 1 1 1 1 1 1 1 1 1
C-000008,000008,Crash-1500/000008.mp4,CCD,official,val,10,50,5.0,1,38,3.8,10.0,Day,Normal,Yes,0 0 0 0 0 0 0 0 0 0 0 0 0 0 0 0 0 0 0 0 0 0 0 0 0 0 0 0 0 0 0 0 0 0 0 0 0 0 1 1 1 1 1 1 1 1 1 1 1 1
C-000009,000009,Crash-1500/000009.mp4,CCD,official,train,10,50,5.0,1,35,3.5,10.0,Day,Normal,Yes,0 0 0 0 0 0 0 0 0 0 0 0 0 0 0 0 0 0 0 0 0 0 0 0 0 0 0 0 0 0 0 0 0 0 0 1 1 1 1 1 1 1 1 1 1 1 1 1 1 1
C-000010,000010,Crash-1500/000010.mp4,CCD,official,train,10,50,5.0,1,31,3.1,10.0,Night,Rainy,Yes,0 0 0 0 0 0 0 0 0 0 0 0 0 0 0 0 0 0 0 0 0 0 0 0 0 0 0 0 0 0 0 1 1 1 1 1 1 1 1 1 1 1 1 1 1 1 1 1 1 1
C-000011,000011,Crash-1500/000011.mp4,CCD,official,val,10,50,5.0,1,43,4.3,10.0,Day,Normal,Yes,0 0 0 0 0 0 0 0 0 0 0 0 0 0 0 0 0 0 0 0 0 0 0 0 0 0 0 0 0 0 0 0 0 0 0 0 0 0 0 0 0 0 0 1 1 1 1 1 1 1
C-000012,000012,Crash-1500/000012.mp4,CCD,official,test,10,50,5.0,1,30,3.0,10.0,Day,Rainy,Yes,0 0 0 0 0 0 0 0 0 0 0 0 0 0 0 0 0 0 0 0 0 0 0 0 0 0 0 0 0 0 1 1 1 1 1 1 1 1 1 1 1 1 1 1 1 1 1 1 1 1
C-000013,000013,Crash-1500/000013.mp4,CCD,official,train,10,50,5.0,1,45,4.5,10.0,Day,Normal,Yes,0 0 0 0 0 0 0 0 0 0 0 0 0 0 0 0 0 0 0 0 0 0 0 0 0 0 0 0 0 0 0 0 0 0 0 0 0 0 0 0 0 0 0 0 0 1 1 1 1 1
C-000014,000014,Crash-1500/000014.mp4,CCD,official,train,10,50,5.0,1,44,4.4,10.0,Day,Normal,Yes,0 0 0 0 0 0 0 0 0 0 0 0 0 0 0 0 0 0 0 0 0 0 0 0 0 0 0 0 0 0 0 0 0 0 0 0 0 0 0 0 0 0 0 0 1 1 1 1 1 1
C-000015,000015,Crash-1500/000015.mp4,CCD,official,test,10,50,5.0,1,49,4.9,10.0,Day,Normal,Yes,0 0 0 0 0 0 0 0 0 0 0 0 0 0 0 0 0 0 0 0 0 0 0 0 0 0 0 0 0 0 0 0 0 0 0 0 0 0 0 0 0 0 0 0 0 0 0 0 0 1
C-000016,000016,Crash-1500/000016.mp4,CCD,official,train,10,50,5.0,1,42,4.2,10.0,Day,Rainy,Yes,0 0 0 0 0 0 0 0 0 0 0 0 0 0 0 0 0 0 0 0 0 0 0 0 0 0 0 0 0 0 0 0 0 0 0 0 0 0 0 0 0 0 1 1 1 1 1 1 1 1
C-000017,000017,Crash-1500/000017.mp4,CCD,official,test,10,50,5.0,1,47,4.7,10.0,Day,Snowy,Yes,0 0 0 0 0 0 0 0 0 0 0 0 0 0 0 0 0 0 0 0 0 0 0 0 0 0 0 0 0 0 0 0 0 0 0 0 0 0 0 0 0 0 0 0 0 0 0 1 1 1
C-000018,000018,Crash-1500/000018.mp4,CCD,official,train,10,50,5.0,1,40,4.0,10.0,Day,Normal,Yes,0 0 0 0 0 0 0 0 0 0 0 0 0 0 0 0 0 0 0 0 0 0 0 0 0 0 0 0 0 0 0 0 0 0 0 0 0 0 0 0 1 1 1 1 1 1 1 1 1 1
C-000019,000019,Crash-1500/000019.mp4,CCD,official,train,10,50,5.0,1,42,4.2,10.0,Day,Snowy,Yes,0 0 0 0 0 0 0 0 0 0 0 0 0 0 0 0 0 0 0 0 0 0 0 0 0 0 0 0 0 0 0 0 0 0 0 0 0 0 0 0 0 0 1 1 1 1 1 1 1 1
C-000020,000020,Crash-1500/000020.mp4,CCD,official,test,10,50,5.0,1,39,3.9,10.0,Day,Snowy,Yes,0 0 0 0 0 0 0 0 0 0 0 0 0 0 0 0 0 0 0 0 0 0 0 0 0 0 0 0 0 0 0 0 0 0 0 0 0 0 0 1 1 1 1 1 1 1 1 1 1 1
C-000021,000021,Crash-1500/000021.mp4,CCD,official,train,10,50,5.0,1,31,3.1,10.0,Day,Snowy,No,0 0 0 0 0 0 0 0 0 0 0 0 0 0 0 0 0 0 0 0 0 0 0 0 0 0 0 0 0 0 0 1 1 1 1 1 1 1 1 1 1 1 1 1 1 1 1 1 1 1
C-000022,000022,Crash-1500/000022.mp4,CCD,official,val,10,50,5.0,1,44,4.4,10.0,Day,Normal,Yes,0 0 0 0 0 0 0 0 0 0 0 0 0 0 0 0 0 0 0 0 0 0 0 0 0 0 0 0 0 0 0 0 0 0 0 0 0 0 0 0 0 0 0 0 1 1 1 1 1 1
C-000023,000023,Crash-1500/000023.mp4,CCD,official,train,10,50,5.0,1,38,3.8,10.0,Day,Normal,Yes,0 0 0 0 0 0 0 0 0 0 0 0 0 0 0 0 0 0 0 0 0 0 0 0 0 0 0 0 0 0 0 0 0 0 0 0 0 0 1 1 1 1 1 1 1 1 1 1 1 1
C-000024,000024,Crash-1500/000024.mp4,CCD,official,val,10,50,5.0,1,32,3.2,10.0,Day,Snowy,Yes,0 0 0 0 0 0 0 0 0 0 0 0 0 0 0 0 0 0 0 0 0 0 0 0 0 0 0 0 0 0 0 0 1 1 1 1 1 1 1 1 1 1 1 1 1 1 1 1 1 1
C-000025,000025,Crash-1500/000025.mp4,CCD,official,train,10,50,5.0,1,33,3.3,10.0,Day,Snowy,Yes,0 0 0 0 0 0 0 0 0 0 0 0 0 0 0 0 0 0 0 0 0 0 0 0 0 0 0 0 0 0 0 0 0 1 1 1 1 1 1 1 1 1 1 1 1 1 1 1 1 1
C-000026,000026,Crash-1500/000026.mp4,CCD,official,train,10,50,5.0,1,36,3.6,10.0,Day,Normal,Yes,0 0 0 0 0 0 0 0 0 0 0 0 0 0 0 0 0 0 0 0 0 0 0 0 0 0 0 0 0 0 0 0 0 0 0 0 1 1 1 1 1 1 1 1 1 1 1 1 1 1
C-000027,000027,Crash-1500/000027.mp4,CCD,official,test,10,50,5.0,1,35,3.5,10.0,Night,Normal,Yes,0 0 0 0 0 0 0 0 0 0 0 0 0 0 0 0 0 0 0 0 0 0 0 0 0 0 0 0 0 0 0 0 0 0 0 1 1 1 1 1 1 1 1 1 1 1 1 1 1 1
C-000028,000028,Crash-1500/000028.mp4,CCD,official,train,10,50,5.0,1,37,3.7,10.0,Day,Snowy,Yes,0 0 0 0 0 0 0 0 0 0 0 0 0 0 0 0 0 0 0 0 0 0 0 0 0 0 0 0 0 0 0 0 0 0 0 0 0 1 1 1 1 1 1 1 1 1 1 1 1 1
C-000029,000029,Crash-1500/000029.mp4,CCD,official,test,10,50,5.0,1,35,3.5,10.0,Day,Snowy,Yes,0 0 0 0 0 0 0 0 0 0 0 0 0 0 0 0 0 0 0 0 0 0 0 0 0 0 0 0 0 0 0 0 0 0 0 1 1 1 1 1 1 1 1 1 1 1 1 1 1 1
C-000030,000030,Crash-1500/000030.mp4,CCD,official,train,10,50,5.0,1,34,3.4,10.0,Day,Normal,Yes,0 0 0 0 0 0 0 0 0 0 0 0 0 0 0 0 0 0 0 0 0 0 0 0 0 0 0 0 0 0 0 0 0 0 1 1 1 1 1 1 1 1 1 1 1 1 1 1 1 1
C-000031,000031,Crash-1500/000031.mp4,CCD,official,train,10,50,5.0,1,32,3.2,10.0,Day,Snowy,Yes,0 0 0 0 0 0 0 0 0 0 0 0 0 0 0 0 0 0 0 0 0 0 0 0 0 0 0 0 0 0 0 0 1 1 1 1 1 1 1 1 1 1 1 1 1 1 1 1 1 1
C-000032,000032,Crash-1500/000032.mp4,CCD,official,train,10,50,5.0,1,36,3.6,10.0,Night,Normal,No,0 0 0 0 0 0 0 0 0 0 0 0 0 0 0 0 0 0 0 0 0 0 0 0 0 0 0 0 0 0 0 0 0 0 0 0 1 1 1 1 1 1 1 1 1 1 1 1 1 1
C-000033,000033,Crash-1500/000033.mp4,CCD,official,val,10,50,5.0,1,33,3.3,10.0,Day,Normal,No,0 0 0 0 0 0 0 0 0 0 0 0 0 0 0 0 0 0 0 0 0 0 0 0 0 0 0 0 0 0 0 0 0 1 1 1 1 1 1 1 1 1 1 1 1 1 1 1 1 1
C-000034,000034,Crash-1500/000034.mp4,CCD,official,train,10,50,5.0,1,41,4.1,10.0,Night,Snowy,Yes,0 0 0 0 0 0 0 0 0 0 0 0 0 0 0 0 0 0 0 0 0 0 0 0 0 0 0 0 0 0 0 0 0 0 0 0 0 0 0 0 0 1 1 1 1 1 1 1 1 1
C-000035,000035,Crash-1500/000035.mp4,CCD,official,train,10,50,5.0,1,48,4.8,10.0,Night,Normal,Yes,0 0 0 0 0 0 0 0 0 0 0 0 0 0 0 0 0 0 0 0 0 0 0 0 0 0 0 0 0 0 0 0 0 0 0 0 0 0 0 0 0 0 0 0 0 0 0 0 1 1
C-000036,000036,Crash-1500/000036.mp4,CCD,official,train,10,50,5.0,1,46,4.6,10.0,Day,Normal,Yes,0 0 0 0 0 0 0 0 0 0 0 0 0 0 0 0 0 0 0 0 0 0 0 0 0 0 0 0 0 0 0 0 0 0 0 0 0 0 0 0 0 0 0 0 0 0 1 1 1 1
C-000037,000037,Crash-1500/000037.mp4,CCD,official,train,10,50,5.0,1,34,3.4,10.0,Day,Snowy,Yes,0 0 0 0 0 0 0 0 0 0 0 0 0 0 0 0 0 0 0 0 0 0 0 0 0 0 0 0 0 0 0 0 0 0 1 1 1 1 1 1 1 1 1 1 1 1 1 1 1 1
C-000038,000038,Crash-1500/000038.mp4,CCD,official,train,10,50,5.0,1,46,4.6,10.0,Day,Snowy,Yes,0 0 0 0 0 0 0 0 0 0 0 0 0 0 0 0 0 0 0 0 0 0 0 0 0 0 0 0 0 0 0 0 0 0 0 0 0 0 0 0 0 0 0 0 0 0 1 1 1 1
C-000039,000039,Crash-1500/000039.mp4,CCD,official,val,10,50,5.0,1,30,3.0,10.0,Day,Snowy,Yes,0 0 0 0 0 0 0 0 0 0 0 0 0 0 0 0 0 0 0 0 0 0 0 0 0 0 0 0 0 0 1 1 1 1 1 1 1 1 1 1 1 1 1 1 1 1 1 1 1 1
C-000040,000040,Crash-1500/000040.mp4,CCD,official,train,10,50,5.0,1,31,3.1,10.0,Night,Normal,Yes,0 0 0 0 0 0 0 0 0 0 0 0 0 0 0 0 0 0 0 0 0 0 0 0 0 0 0 0 0 0 0 1 1 1 1 1 1 1 1 1 1 1 1 1 1 1 1 1 1 1
C-000041,000041,Crash-1500/000041.mp4,CCD,official,train,10,50,5.0,1,46,4.6,10.0,Night,Normal,Yes,0 0 0 0 0 0 0 0 0 0 0 0 0 0 0 0 0 0 0 0 0 0 0 0 0 0 0 0 0 0 0 0 0 0 0 0 0 0 0 0 0 0 0 0 0 0 1 1 1 1
C-000042,000042,Crash-1500/000042.mp4,CCD,official,train,10,50,5.0,1,35,3.5,10.0,Day,Snowy,Yes,0 0 0 0 0 0 0 0 0 0 0 0 0 0 0 0 0 0 0 0 0 0 0 0 0 0 0 0 0 0 0 0 0 0 0 1 1 1 1 1 1 1 1 1 1 1 1 1 1 1
C-000043,000043,Crash-1500/000043.mp4,CCD,official,train,10,50,5.0,1,36,3.6,10.0,Day,Normal,Yes,0 0 0 0 0 0 0 0 0 0 0 0 0 0 0 0 0 0 0 0 0 0 0 0 0 0 0 0 0 0 0 0 0 0 0 0 1 1 1 1 1 1 1 1 1 1 1 1 1 1
C-000044,000044,Crash-1500/000044.mp4,CCD,official,train,10,50,5.0,1,34,3.4,10.0,Day,Normal,Yes,0 0 0 0 0 0 0 0 0 0 0 0 0 0 0 0 0 0 0 0 0 0 0 0 0 0 0 0 0 0 0 0 0 0 1 1 1 1 1 1 1 1 1 1 1 1 1 1 1 1
C-000045,000045,Crash-1500/000045.mp4,CCD,official,train,10,50,5.0,1,43,4.3,10.0,Day,Rainy,Yes,0 0 0 0 0 0 0 0 0 0 0 0 0 0 0 0 0 0 0 0 0 0 0 0 0 0 0 0 0 0 0 0 0 0 0 0 0 0 0 0 0 0 0 1 1 1 1 1 1 1
C-000046,000046,Crash-1500/000046.mp4,CCD,official,val,10,50,5.0,1,38,3.8,10.0,Night,Snowy,Yes,0 0 0 0 0 0 0 0 0 0 0 0 0 0 0 0 0 0 0 0 0 0 0 0 0 0 0 0 0 0 0 0 0 0 0 0 0 0 1 1 1 1 1 1 1 1 1 1 1 1
C-000047,000047,Crash-1500/000047.mp4,CCD,official,val,10,50,5.0,1,46,4.6,10.0,Day,Normal,Yes,0 0 0 0 0 0 0 0 0 0 0 0 0 0 0 0 0 0 0 0 0 0 0 0 0 0 0 0 0 0 0 0 0 0 0 0 0 0 0 0 0 0 0 0 0 0 1 1 1 1
C-000048,000048,Crash-1500/000048.mp4,CCD,official,train,10,50,5.0,1,44,4.4,10.0,Day,Snowy,Yes,0 0 0 0 0 0 0 0 0 0 0 0 0 0 0 0 0 0 0 0 0 0 0 0 0 0 0 0 0 0 0 0 0 0 0 0 0 0 0 0 0 0 0 0 1 1 1 1 1 1
C-000049,000049,Crash-1500/000049.mp4,CCD,official,train,10,50,5.0,1,33,3.3,10.0,Night,Normal,Yes,0 0 0 0 0 0 0 0 0 0 0 0 0 0 0 0 0 0 0 0 0 0 0 0 0 0 0 0 0 0 0 0 0 1 1 1 1 1 1 1 1 1 1 1 1 1 1 1 1 1
C-000050,000050,Crash-1500/000050.mp4,CCD,official,test,10,50,5.0,1,38,3.8,10.0,Night,Rainy,Yes,0 0 0 0 0 0 0 0 0 0 0 0 0 0 0 0 0 0 0 0 0 0 0 0 0 0 0 0 0 0 0 0 0 0 0 0 0 0 1 1 1 1 1 1 1 1 1 1 1 1
C-000051,000051,Crash-1500/000051.mp4,CCD,official,train,10,50,5.0,1,44,4.4,10.0,Night,Normal,No,0 0 0 0 0 0 0 0 0 0 0 0 0 0 0 0 0 0 0 0 0 0 0 0 0 0 0 0 0 0 0 0 0 0 0 0 0 0 0 0 0 0 0 0 1 1 1 1 1 1
C-000052,000052,Crash-1500/000052.mp4,CCD,official,val,10,50,5.0,1,44,4.4,10.0,Night,Snowy,Yes,0 0 0 0 0 0 0 0 0 0 0 0 0 0 0 0 0 0 0 0 0 0 0 0 0 0 0 0 0 0 0 0 0 0 0 0 0 0 0 0 0 0 0 0 1 1 1 1 1 1
C-000053,000053,Crash-1500/000053.mp4,CCD,official,val,10,50,5.0,1,33,3.3,10.0,Day,Snowy,Yes,0 0 0 0 0 0 0 0 0 0 0 0 0 0 0 0 0 0 0 0 0 0 0 0 0 0 0 0 0 0 0 0 0 1 1 1 1 1 1 1 1 1 1 1 1 1 1 1 1 1
C-000054,000054,Crash-1500/000054.mp4,CCD,official,train,10,50,5.0,1,37,3.7,10.0,Day,Snowy,No,0 0 0 0 0 0 0 0 0 0 0 0 0 0 0 0 0 0 0 0 0 0 0 0 0 0 0 0 0 0 0 0 0 0 0 0 0 1 1 1 1 1 1 1 1 1 1 1 1 1
C-000055,000055,Crash-1500/000055.mp4,CCD,official,train,10,50,5.0,1,36,3.6,10.0,Day,Normal,No,0 0 0 0 0 0 0 0 0 0 0 0 0 0 0 0 0 0 0 0 0 0 0 0 0 0 0 0 0 0 0 0 0 0 0 0 1 1 1 1 1 1 1 1 1 1 1 1 1 1
C-000056,000056,Crash-1500/000056.mp4,CCD,official,test,10,50,5.0,1,39,3.9,10.0,Day,Snowy,Yes,0 0 0 0 0 0 0 0 0 0 0 0 0 0 0 0 0 0 0 0 0 0 0 0 0 0 0 0 0 0 0 0 0 0 0 0 0 0 0 1 1 1 1 1 1 1 1 1 1 1
C-000057,000057,Crash-1500/000057.mp4,CCD,official,test,10,50,5.0,1,36,3.6,10.0,Day,Snowy,No,0 0 0 0 0 0 0 0 0 0 0 0 0 0 0 0 0 0 0 0 0 0 0 0 0 0 0 0 0 0 0 0 0 0 0 0 1 1 1 1 1 1 1 1 1 1 1 1 1 1
C-000058,000058,Crash-1500/000058.mp4,CCD,official,train,10,50,5.0,1,34,3.4,10.0,Day,Normal,No,0 0 0 0 0 0 0 0 0 0 0 0 0 0 0 0 0 0 0 0 0 0 0 0 0 0 0 0 0 0 0 0 0 0 1 1 1 1 1 1 1 1 1 1 1 1 1 1 1 1
C-000059,000059,Crash-1500/000059.mp4,CCD,official,test,10,50,5.0,1,32,3.2,10.0,Day,Snowy,Yes,0 0 0 0 0 0 0 0 0 0 0 0 0 0 0 0 0 0 0 0 0 0 0 0 0 0 0 0 0 0 0 0 1 1 1 1 1 1 1 1 1 1 1 1 1 1 1 1 1 1
C-000060,000060,Crash-1500/000060.mp4,CCD,official,train,10,50,5.0,1,31,3.1,10.0,Day,Normal,Yes,0 0 0 0 0 0 0 0 0 0 0 0 0 0 0 0 0 0 0 0 0 0 0 0 0 0 0 0 0 0 0 1 1 1 1 1 1 1 1 1 1 1 1 1 1 1 1 1 1 1
C-000061,000061,Crash-1500/000061.mp4,CCD,official,train,10,50,5.0,1,30,3.0,10.0,Day,Snowy,Yes,0 0 0 0 0 0 0 0 0 0 0 0 0 0 0 0 0 0 0 0 0 0 0 0 0 0 0 0 0 0 1 1 1 1 1 1 1 1 1 1 1 1 1 1 1 1 1 1 1 1
C-000062,000062,Crash-1500/000062.mp4,CCD,official,train,10,50,5.0,1,43,4.3,10.0,Day,Normal,Yes,0 0 0 0 0 0 0 0 0 0 0 0 0 0 0 0 0 0 0 0 0 0 0 0 0 0 0 0 0 0 0 0 0 0 0 0 0 0 0 0 0 0 0 1 1 1 1 1 1 1
C-000063,000063,Crash-1500/000063.mp4,CCD,official,train,10,50,5.0,1,35,3.5,10.0,Day,Snowy,No,0 0 0 0 0 0 0 0 0 0 0 0 0 0 0 0 0 0 0 0 0 0 0 0 0 0 0 0 0 0 0 0 0 0 0 1 1 1 1 1 1 1 1 1 1 1 1 1 1 1
C-000064,000064,Crash-1500/000064.mp4,CCD,official,train,10,50,5.0,1,39,3.9,10.0,Day,Snowy,Yes,0 0 0 0 0 0 0 0 0 0 0 0 0 0 0 0 0 0 0 0 0 0 0 0 0 0 0 0 0 0 0 0 0 0 0 0 0 0 0 1 1 1 1 1 1 1 1 1 1 1
C-000065,000065,Crash-1500/000065.mp4,CCD,official,train,10,50,5.0,1,39,3.9,10.0,Day,Snowy,Yes,0 0 0 0 0 0 0 0 0 0 0 0 0 0 0 0 0 0 0 0 0 0 0 0 0 0 0 0 0 0 0 0 0 0 0 0 0 0 0 1 1 1 1 1 1 1 1 1 1 1
C-000066,000066,Crash-1500/000066.mp4,CCD,official,train,10,50,5.0,1,30,3.0,10.0,Day,Normal,Yes,0 0 0 0 0 0 0 0 0 0 0 0 0 0 0 0 0 0 0 0 0 0 0 0 0 0 0 0 0 0 1 1 1 1 1 1 1 1 1 1 1 1 1 1 1 1 1 1 1 1
C-000067,000067,Crash-1500/000067.mp4,CCD,official,train,10,50,5.0,1,34,3.4,10.0,Day,Normal,No,0 0 0 0 0 0 0 0 0 0 0 0 0 0 0 0 0 0 0 0 0 0 0 0 0 0 0 0 0 0 0 0 0 0 1 1 1 1 1 1 1 1 1 1 1 1 1 1 1 1
C-000068,000068,Crash-1500/000068.mp4,CCD,official,train,10,50,5.0,1,38,3.8,10.0,Day,Snowy,Yes,0 0 0 0 0 0 0 0 0 0 0 0 0 0 0 0 0 0 0 0 0 0 0 0 0 0 0 0 0 0 0 0 0 0 0 0 0 0 1 1 1 1 1 1 1 1 1 1 1 1
C-000069,000069,Crash-1500/000069.mp4,CCD,official,val,10,50,5.0,1,43,4.3,10.0,Night,Normal,Yes,0 0 0 0 0 0 0 0 0 0 0 0 0 0 0 0 0 0 0 0 0 0 0 0 0 0 0 0 0 0 0 0 0 0 0 0 0 0 0 0 0 0 0 1 1 1 1 1 1 1
C-000070,000070,Crash-1500/000070.mp4,CCD,official,train,10,50,5.0,1,40,4.0,10.0,Day,Normal,Yes,0 0 0 0 0 0 0 0 0 0 0 0 0 0 0 0 0 0 0 0 0 0 0 0 0 0 0 0 0 0 0 0 0 0 0 0 0 0 0 0 1 1 1 1 1 1 1 1 1 1
C-000071,000071,Crash-1500/000071.mp4,CCD,official,train,10,50,5.0,1,40,4.0,10.0,Day,Snowy,No,0 0 0 0 0 0 0 0 0 0 0 0 0 0 0 0 0 0 0 0 0 0 0 0 0 0 0 0 0 0 0 0 0 0 0 0 0 0 0 0 1 1 1 1 1 1 1 1 1 1
C-000072,000072,Crash-1500/000072.mp4,CCD,official,val,10,50,5.0,1,34,3.4,10.0,Day,Normal,No,0 0 0 0 0 0 0 0 0 0 0 0 0 0 0 0 0 0 0 0 0 0 0 0 0 0 0 0 0 0 0 0 0 0 1 1 1 1 1 1 1 1 1 1 1 1 1 1 1 1
C-000073,000073,Crash-1500/000073.mp4,CCD,official,train,10,50,5.0,1,30,3.0,10.0,Day,Normal,No,0 0 0 0 0 0 0 0 0 0 0 0 0 0 0 0 0 0 0 0 0 0 0 0 0 0 0 0 0 0 1 1 1 1 1 1 1 1 1 1 1 1 1 1 1 1 1 1 1 1
C-000074,000074,Crash-1500/000074.mp4,CCD,official,train,10,50,5.0,1,30,3.0,10.0,Day,Snowy,No,0 0 0 0 0 0 0 0 0 0 0 0 0 0 0 0 0 0 0 0 0 0 0 0 0 0 0 0 0 0 1 1 1 1 1 1 1 1 1 1 1 1 1 1 1 1 1 1 1 1
C-000075,000075,Crash-1500/000075.mp4,CCD,official,test,10,50,5.0,1,30,3.0,10.0,Day,Snowy,No,0 0 0 0 0 0 0 0 0 0 0 0 0 0 0 0 0 0 0 0 0 0 0 0 0 0 0 0 0 0 1 1 1 1 1 1 1 1 1 1 1 1 1 1 1 1 1 1 1 1
C-000076,000076,Crash-1500/000076.mp4,CCD,official,val,10,50,5.0,1,30,3.0,10.0,Day,Normal,Yes,0 0 0 0 0 0 0 0 0 0 0 0 0 0 0 0 0 0 0 0 0 0 0 0 0 0 0 0 0 0 1 1 1 1 1 1 1 1 1 1 1 1 1 1 1 1 1 1 1 1
C-000077,000077,Crash-1500/000077.mp4,CCD,official,train,10,50,5.0,1,44,4.4,10.0,Day,Rainy,No,0 0 0 0 0 0 0 0 0 0 0 0 0 0 0 0 0 0 0 0 0 0 0 0 0 0 0 0 0 0 0 0 0 0 0 0 0 0 0 0 0 0 0 0 1 1 1 1 1 1
C-000078,000078,Crash-1500/000078.mp4,CCD,official,train,10,50,5.0,1,30,3.0,10.0,Day,Snowy,No,0 0 0 0 0 0 0 0 0 0 0 0 0 0 0 0 0 0 0 0 0 0 0 0 0 0 0 0 0 0 1 1 1 1 1 1 1 1 1 1 1 1 1 1 1 1 1 1 1 1
C-000079,000079,Crash-1500/000079.mp4,CCD,official,test,10,50,5.0,1,39,3.9,10.0,Day,Snowy,No,0 0 0 0 0 0 0 0 0 0 0 0 0 0 0 0 0 0 0 0 0 0 0 0 0 0 0 0 0 0 0 0 0 0 0 0 0 0 0 1 1 1 1 1 1 1 1 1 1 1
C-000080,000080,Crash-1500/000080.mp4,CCD,official,val,10,50,5.0,1,30,3.0,10.0,Day,Normal,Yes,0 0 0 0 0 0 0 0 0 0 0 0 0 0 0 0 0 0 0 0 0 0 0 0 0 0 0 0 0 0 1 1 1 1 1 1 1 1 1 1 1 1 1 1 1 1 1 1 1 1
C-000081,000081,Crash-1500/000081.mp4,CCD,official,train,10,50,5.0,1,30,3.0,10.0,Day,Normal,Yes,0 0 0 0 0 0 0 0 0 0 0 0 0 0 0 0 0 0 0 0 0 0 0 0 0 0 0 0 0 0 1 1 1 1 1 1 1 1 1 1 1 1 1 1 1 1 1 1 1 1
C-000082,000082,Crash-1500/000082.mp4,CCD,official,val,10,50,5.0,1,36,3.6,10.0,Night,Normal,Yes,0 0 0 0 0 0 0 0 0 0 0 0 0 0 0 0 0 0 0 0 0 0 0 0 0 0 0 0 0 0 0 0 0 0 0 0 1 1 1 1 1 1 1 1 1 1 1 1 1 1
C-000083,000083,Crash-1500/000083.mp4,CCD,official,train,10,50,5.0,1,35,3.5,10.0,Day,Normal,Yes,0 0 0 0 0 0 0 0 0 0 0 0 0 0 0 0 0 0 0 0 0 0 0 0 0 0 0 0 0 0 0 0 0 0 0 1 1 1 1 1 1 1 1 1 1 1 1 1 1 1
C-000084,000084,Crash-1500/000084.mp4,CCD,official,train,10,50,5.0,1,42,4.2,10.0,Day,Snowy,Yes,0 0 0 0 0 0 0 0 0 0 0 0 0 0 0 0 0 0 0 0 0 0 0 0 0 0 0 0 0 0 0 0 0 0 0 0 0 0 0 0 0 0 1 1 1 1 1 1 1 1
C-000085,000085,Crash-1500/000085.mp4,CCD,official,val,10,50,5.0,1,30,3.0,10.0,Day,Normal,Yes,0 0 0 0 0 0 0 0 0 0 0 0 0 0 0 0 0 0 0 0 0 0 0 0 0 0 0 0 0 0 1 1 1 1 1 1 1 1 1 1 1 1 1 1 1 1 1 1 1 1
C-000086,000086,Crash-1500/000086.mp4,CCD,official,train,10,50,5.0,1,30,3.0,10.0,Night,Snowy,No,0 0 0 0 0 0 0 0 0 0 0 0 0 0 0 0 0 0 0 0 0 0 0 0 0 0 0 0 0 0 1 1 1 1 1 1 1 1 1 1 1 1 1 1 1 1 1 1 1 1
C-000087,000087,Crash-1500/000087.mp4,CCD,official,train,10,50,5.0,1,42,4.2,10.0,Day,Snowy,Yes,0 0 0 0 0 0 0 0 0 0 0 0 0 0 0 0 0 0 0 0 0 0 0 0 0 0 0 0 0 0 0 0 0 0 0 0 0 0 0 0 0 0 1 1 1 1 1 1 1 1
C-000088,000088,Crash-1500/000088.mp4,CCD,official,train,10,50,5.0,1,39,3.9,10.0,Day,Snowy,Yes,0 0 0 0 0 0 0 0 0 0 0 0 0 0 0 0 0 0 0 0 0 0 0 0 0 0 0 0 0 0 0 0 0 0 0 0 0 0 0 1 1 1 1 1 1 1 1 1 1 1
C-000089,000089,Crash-1500/000089.mp4,CCD,official,train,10,50,5.0,1,33,3.3,10.0,Day,Snowy,No,0 0 0 0 0 0 0 0 0 0 0 0 0 0 0 0 0 0 0 0 0 0 0 0 0 0 0 0 0 0 0 0 0 1 1 1 1 1 1 1 1 1 1 1 1 1 1 1 1 1
C-000090,000090,Crash-1500/000090.mp4,CCD,official,val,10,50,5.0,1,31,3.1,10.0,Day,Snowy,No,0 0 0 0 0 0 0 0 0 0 0 0 0 0 0 0 0 0 0 0 0 0 0 0 0 0 0 0 0 0 0 1 1 1 1 1 1 1 1 1 1 1 1 1 1 1 1 1 1 1
C-000091,000091,Crash-1500/000091.mp4,CCD,official,train,10,50,5.0,1,42,4.2,10.0,Night,Normal,Yes,0 0 0 0 0 0 0 0 0 0 0 0 0 0 0 0 0 0 0 0 0 0 0 0 0 0 0 0 0 0 0 0 0 0 0 0 0 0 0 0 0 0 1 1 1 1 1 1 1 1
C-000092,000092,Crash-1500/000092.mp4,CCD,official,test,10,50,5.0,1,31,3.1,10.0,Night,Normal,Yes,0 0 0 0 0 0 0 0 0 0 0 0 0 0 0 0 0 0 0 0 0 0 0 0 0 0 0 0 0 0 0 1 1 1 1 1 1 1 1 1 1 1 1 1 1 1 1 1 1 1
C-000093,000093,Crash-1500/000093.mp4,CCD,official,train,10,50,5.0,1,32,3.2,10.0,Day,Snowy,Yes,0 0 0 0 0 0 0 0 0 0 0 0 0 0 0 0 0 0 0 0 0 0 0 0 0 0 0 0 0 0 0 0 1 1 1 1 1 1 1 1 1 1 1 1 1 1 1 1 1 1
C-000094,000094,Crash-1500/000094.mp4,CCD,official,test,10,50,5.0,1,30,3.0,10.0,Day,Snowy,Yes,0 0 0 0 0 0 0 0 0 0 0 0 0 0 0 0 0 0 0 0 0 0 0 0 0 0 0 0 0 0 1 1 1 1 1 1 1 1 1 1 1 1 1 1 1 1 1 1 1 1
C-000095,000095,Crash-1500/000095.mp4,CCD,official,train,10,50,5.0,1,34,3.4,10.0,Night,Normal,No,0 0 0 0 0 0 0 0 0 0 0 0 0 0 0 0 0 0 0 0 0 0 0 0 0 0 0 0 0 0 0 0 0 0 1 1 1 1 1 1 1 1 1 1 1 1 1 1 1 1
C-000096,000096,Crash-1500/000096.mp4,CCD,official,train,10,50,5.0,1,33,3.3,10.0,Day,Normal,Yes,0 0 0 0 0 0 0 0 0 0 0 0 0 0 0 0 0 0 0 0 0 0 0 0 0 0 0 0 0 0 0 0 0 1 1 1 1 1 1 1 1 1 1 1 1 1 1 1 1 1
C-000097,000097,Crash-1500/000097.mp4,CCD,official,train,10,50,5.0,1,36,3.6,10.0,Day,Normal,No,0 0 0 0 0 0 0 0 0 0 0 0 0 0 0 0 0 0 0 0 0 0 0 0 0 0 0 0 0 0 0 0 0 0 0 0 1 1 1 1 1 1 1 1 1 1 1 1 1 1
C-000098,000098,Crash-1500/000098.mp4,CCD,official,val,10,50,5.0,1,41,4.1,10.0,Day,Normal,Yes,0 0 0 0 0 0 0 0 0 0 0 0 0 0 0 0 0 0 0 0 0 0 0 0 0 0 0 0 0 0 0 0 0 0 0 0 0 0 0 0 0 1 1 1 1 1 1 1 1 1
C-000099,000099,Crash-1500/000099.mp4,CCD,official,train,10,50,5.0,1,34,3.4,10.0,Day,Normal,Yes,0 0 0 0 0 0 0 0 0 0 0 0 0 0 0 0 0 0 0 0 0 0 0 0 0 0 0 0 0 0 0 0 0 0 1 1 1 1 1 1 1 1 1 1 1 1 1 1 1 1
C-000100,000100,Crash-1500/000100.mp4,CCD,official,train,10,50,5.0,1,33,3.3,10.0,Day,Normal,No,0 0 0 0 0 0 0 0 0 0 0 0 0 0 0 0 0 0 0 0 0 0 0 0 0 0 0 0 0 0 0 0 0 1 1 1 1 1 1 1 1 1 1 1 1 1 1 1 1 1
C-000101,000101,Crash-1500/000101.mp4,CCD,official,val,10,50,5.0,1,48,4.8,10.0,Day,Normal,Yes,0 0 0 0 0 0 0 0 0 0 0 0 0 0 0 0 0 0 0 0 0 0 0 0 0 0 0 0 0 0 0 0 0 0 0 0 0 0 0 0 0 0 0 0 0 0 0 0 1 1
C-000102,000102,Crash-1500/000102.mp4,CCD,official,train,10,50,5.0,1,37,3.7,10.0,Day,Rainy,Yes,0 0 0 0 0 0 0 0 0 0 0 0 0 0 0 0 0 0 0 0 0 0 0 0 0 0 0 0 0 0 0 0 0 0 0 0 0 1 1 1 1 1 1 1 1 1 1 1 1 1
C-000103,000103,Crash-1500/000103.mp4,CCD,official,test,10,50,5.0,1,30,3.0,10.0,Day,Snowy,Yes,0 0 0 0 0 0 0 0 0 0 0 0 0 0 0 0 0 0 0 0 0 0 0 0 0 0 0 0 0 0 1 1 1 1 1 1 1 1 1 1 1 1 1 1 1 1 1 1 1 1
C-000104,000104,Crash-1500/000104.mp4,CCD,official,train,10,50,5.0,1,33,3.3,10.0,Night,Normal,Yes,0 0 0 0 0 0 0 0 0 0 0 0 0 0 0 0 0 0 0 0 0 0 0 0 0 0 0 0 0 0 0 0 0 1 1 1 1 1 1 1 1 1 1 1 1 1 1 1 1 1
C-000105,000105,Crash-1500/000105.mp4,CCD,official,train,10,50,5.0,1,31,3.1,10.0,Day,Snowy,Yes,0 0 0 0 0 0 0 0 0 0 0 0 0 0 0 0 0 0 0 0 0 0 0 0 0 0 0 0 0 0 0 1 1 1 1 1 1 1 1 1 1 1 1 1 1 1 1 1 1 1
C-000106,000106,Crash-1500/000106.mp4,CCD,official,test,10,50,5.0,1,38,3.8,10.0,Day,Snowy,Yes,0 0 0 0 0 0 0 0 0 0 0 0 0 0 0 0 0 0 0 0 0 0 0 0 0 0 0 0 0 0 0 0 0 0 0 0 0 0 1 1 1 1 1 1 1 1 1 1 1 1
C-000107,000107,Crash-1500/000107.mp4,CCD,official,test,10,50,5.0,1,44,4.4,10.0,Day,Normal,Yes,0 0 0 0 0 0 0 0 0 0 0 0 0 0 0 0 0 0 0 0 0 0 0 0 0 0 0 0 0 0 0 0 0 0 0 0 0 0 0 0 0 0 0 0 1 1 1 1 1 1
C-000108,000108,Crash-1500/000108.mp4,CCD,official,train,10,50,5.0,1,36,3.6,10.0,Day,Normal,Yes,0 0 0 0 0 0 0 0 0 0 0 0 0 0 0 0 0 0 0 0 0 0 0 0 0 0 0 0 0 0 0 0 0 0 0 0 1 1 1 1 1 1 1 1 1 1 1 1 1 1
C-000109,000109,Crash-1500/000109.mp4,CCD,official,train,10,50,5.0,1,30,3.0,10.0,Day,Normal,Yes,0 0 0 0 0 0 0 0 0 0 0 0 0 0 0 0 0 0 0 0 0 0 0 0 0 0 0 0 0 0 1 1 1 1 1 1 1 1 1 1 1 1 1 1 1 1 1 1 1 1
C-000110,000110,Crash-1500/000110.mp4,CCD,official,train,10,50,5.0,1,34,3.4,10.0,Day,Normal,No,0 0 0 0 0 0 0 0 0 0 0 0 0 0 0 0 0 0 0 0 0 0 0 0 0 0 0 0 0 0 0 0 0 0 1 1 1 1 1 1 1 1 1 1 1 1 1 1 1 1
C-000111,000111,Crash-1500/000111.mp4,CCD,official,train,10,50,5.0,1,34,3.4,10.0,Day,Snowy,No,0 0 0 0 0 0 0 0 0 0 0 0 0 0 0 0 0 0 0 0 0 0 0 0 0 0 0 0 0 0 0 0 0 0 1 1 1 1 1 1 1 1 1 1 1 1 1 1 1 1
C-000112,000112,Crash-1500/000112.mp4,CCD,official,train,10,50,5.0,1,43,4.3,10.0,Day,Snowy,Yes,0 0 0 0 0 0 0 0 0 0 0 0 0 0 0 0 0 0 0 0 0 0 0 0 0 0 0 0 0 0 0 0 0 0 0 0 0 0 0 0 0 0 0 1 1 1 1 1 1 1
C-000113,000113,Crash-1500/000113.mp4,CCD,official,train,10,50,5.0,1,30,3.0,10.0,Day,Snowy,No,0 0 0 0 0 0 0 0 0 0 0 0 0 0 0 0 0 0 0 0 0 0 0 0 0 0 0 0 0 0 1 1 1 1 1 1 1 1 1 1 1 1 1 1 1 1 1 1 1 1
C-000114,000114,Crash-1500/000114.mp4,CCD,official,val,10,50,5.0,1,45,4.5,10.0,Day,Snowy,No,0 0 0 0 0 0 0 0 0 0 0 0 0 0 0 0 0 0 0 0 0 0 0 0 0 0 0 0 0 0 0 0 0 0 0 0 0 0 0 0 0 0 0 0 0 1 1 1 1 1
C-000115,000115,Crash-1500/000115.mp4,CCD,official,train,10,50,5.0,1,33,3.3,10.0,Day,Rainy,Yes,0 0 0 0 0 0 0 0 0 0 0 0 0 0 0 0 0 0 0 0 0 0 0 0 0 0 0 0 0 0 0 0 0 1 1 1 1 1 1 1 1 1 1 1 1 1 1 1 1 1
C-000116,000116,Crash-1500/000116.mp4,CCD,official,train,10,50,5.0,1,35,3.5,10.0,Day,Snowy,Yes,0 0 0 0 0 0 0 0 0 0 0 0 0 0 0 0 0 0 0 0 0 0 0 0 0 0 0 0 0 0 0 0 0 0 0 1 1 1 1 1 1 1 1 1 1 1 1 1 1 1
C-000117,000117,Crash-1500/000117.mp4,CCD,official,test,10,50,5.0,1,30,3.0,10.0,Day,Normal,Yes,0 0 0 0 0 0 0 0 0 0 0 0 0 0 0 0 0 0 0 0 0 0 0 0 0 0 0 0 0 0 1 1 1 1 1 1 1 1 1 1 1 1 1 1 1 1 1 1 1 1
C-000118,000118,Crash-1500/000118.mp4,CCD,official,train,10,50,5.0,1,46,4.6,10.0,Day,Normal,No,0 0 0 0 0 0 0 0 0 0 0 0 0 0 0 0 0 0 0 0 0 0 0 0 0 0 0 0 0 0 0 0 0 0 0 0 0 0 0 0 0 0 0 0 0 0 1 1 1 1
C-000119,000119,Crash-1500/000119.mp4,CCD,official,test,10,50,5.0,1,36,3.6,10.0,Day,Snowy,No,0 0 0 0 0 0 0 0 0 0 0 0 0 0 0 0 0 0 0 0 0 0 0 0 0 0 0 0 0 0 0 0 0 0 0 0 1 1 1 1 1 1 1 1 1 1 1 1 1 1
C-000120,000120,Crash-1500/000120.mp4,CCD,official,val,10,50,5.0,1,43,4.3,10.0,Day,Normal,No,0 0 0 0 0 0 0 0 0 0 0 0 0 0 0 0 0 0 0 0 0 0 0 0 0 0 0 0 0 0 0 0 0 0 0 0 0 0 0 0 0 0 0 1 1 1 1 1 1 1
C-000121,000121,Crash-1500/000121.mp4,CCD,official,val,10,50,5.0,1,33,3.3,10.0,Day,Rainy,Yes,0 0 0 0 0 0 0 0 0 0 0 0 0 0 0 0 0 0 0 0 0 0 0 0 0 0 0 0 0 0 0 0 0 1 1 1 1 1 1 1 1 1 1 1 1 1 1 1 1 1
C-000122,000122,Crash-1500/000122.mp4,CCD,official,train,10,50,5.0,1,30,3.0,10.0,Day,Rainy,No,0 0 0 0 0 0 0 0 0 0 0 0 0 0 0 0 0 0 0 0 0 0 0 0 0 0 0 0 0 0 1 1 1 1 1 1 1 1 1 1 1 1 1 1 1 1 1 1 1 1
C-000123,000123,Crash-1500/000123.mp4,CCD,official,train,10,50,5.0,1,35,3.5,10.0,Day,Normal,No,0 0 0 0 0 0 0 0 0 0 0 0 0 0 0 0 0 0 0 0 0 0 0 0 0 0 0 0 0 0 0 0 0 0 0 1 1 1 1 1 1 1 1 1 1 1 1 1 1 1
C-000124,000124,Crash-1500/000124.mp4,CCD,official,train,10,50,5.0,1,35,3.5,10.0,Day,Snowy,No,0 0 0 0 0 0 0 0 0 0 0 0 0 0 0 0 0 0 0 0 0 0 0 0 0 0 0 0 0 0 0 0 0 0 0 1 1 1 1 1 1 1 1 1 1 1 1 1 1 1
C-000125,000125,Crash-1500/000125.mp4,CCD,official,train,10,50,5.0,1,35,3.5,10.0,Day,Rainy,No,0 0 0 0 0 0 0 0 0 0 0 0 0 0 0 0 0 0 0 0 0 0 0 0 0 0 0 0 0 0 0 0 0 0 0 1 1 1 1 1 1 1 1 1 1 1 1 1 1 1
C-000126,000126,Crash-1500/000126.mp4,CCD,official,train,10,50,5.0,1,30,3.0,10.0,Night,Normal,Yes,0 0 0 0 0 0 0 0 0 0 0 0 0 0 0 0 0 0 0 0 0 0 0 0 0 0 0 0 0 0 1 1 1 1 1 1 1 1 1 1 1 1 1 1 1 1 1 1 1 1
C-000127,000127,Crash-1500/000127.mp4,CCD,official,train,10,50,5.0,1,30,3.0,10.0,Day,Rainy,Yes,0 0 0 0 0 0 0 0 0 0 0 0 0 0 0 0 0 0 0 0 0 0 0 0 0 0 0 0 0 0 1 1 1 1 1 1 1 1 1 1 1 1 1 1 1 1 1 1 1 1
C-000128,000128,Crash-1500/000128.mp4,CCD,official,val,10,50,5.0,1,31,3.1,10.0,Night,Normal,Yes,0 0 0 0 0 0 0 0 0 0 0 0 0 0 0 0 0 0 0 0 0 0 0 0 0 0 0 0 0 0 0 1 1 1 1 1 1 1 1 1 1 1 1 1 1 1 1 1 1 1
C-000129,000129,Crash-1500/000129.mp4,CCD,official,train,10,50,5.0,1,40,4.0,10.0,Day,Normal,Yes,0 0 0 0 0 0 0 0 0 0 0 0 0 0 0 0 0 0 0 0 0 0 0 0 0 0 0 0 0 0 0 0 0 0 0 0 0 0 0 0 1 1 1 1 1 1 1 1 1 1
C-000130,000130,Crash-1500/000130.mp4,CCD,official,train,10,50,5.0,1,32,3.2,10.0,Day,Normal,Yes,0 0 0 0 0 0 0 0 0 0 0 0 0 0 0 0 0 0 0 0 0 0 0 0 0 0 0 0 0 0 0 0 1 1 1 1 1 1 1 1 1 1 1 1 1 1 1 1 1 1
C-000131,000131,Crash-1500/000131.mp4,CCD,official,test,10,50,5.0,1,31,3.1,10.0,Day,Snowy,Yes,0 0 0 0 0 0 0 0 0 0 0 0 0 0 0 0 0 0 0 0 0 0 0 0 0 0 0 0 0 0 0 1 1 1 1 1 1 1 1 1 1 1 1 1 1 1 1 1 1 1
C-000132,000132,Crash-1500/000132.mp4,CCD,official,test,10,50,5.0,1,30,3.0,10.0,Day,Snowy,Yes,0 0 0 0 0 0 0 0 0 0 0 0 0 0 0 0 0 0 0 0 0 0 0 0 0 0 0 0 0 0 1 1 1 1 1 1 1 1 1 1 1 1 1 1 1 1 1 1 1 1
C-000133,000133,Crash-1500/000133.mp4,CCD,official,train,10,50,5.0,1,36,3.6,10.0,Day,Snowy,Yes,0 0 0 0 0 0 0 0 0 0 0 0 0 0 0 0 0 0 0 0 0 0 0 0 0 0 0 0 0 0 0 0 0 0 0 0 1 1 1 1 1 1 1 1 1 1 1 1 1 1
C-000134,000134,Crash-1500/000134.mp4,CCD,official,train,10,50,5.0,1,32,3.2,10.0,Day,Rainy,Yes,0 0 0 0 0 0 0 0 0 0 0 0 0 0 0 0 0 0 0 0 0 0 0 0 0 0 0 0 0 0 0 0 1 1 1 1 1 1 1 1 1 1 1 1 1 1 1 1 1 1
C-000135,000135,Crash-1500/000135.mp4,CCD,official,train,10,50,5.0,1,31,3.1,10.0,Day,Snowy,No,0 0 0 0 0 0 0 0 0 0 0 0 0 0 0 0 0 0 0 0 0 0 0 0 0 0 0 0 0 0 0 1 1 1 1 1 1 1 1 1 1 1 1 1 1 1 1 1 1 1
C-000136,000136,Crash-1500/000136.mp4,CCD,official,train,10,50,5.0,1,35,3.5,10.0,Day,Snowy,Yes,0 0 0 0 0 0 0 0 0 0 0 0 0 0 0 0 0 0 0 0 0 0 0 0 0 0 0 0 0 0 0 0 0 0 0 1 1 1 1 1 1 1 1 1 1 1 1 1 1 1
C-000137,000137,Crash-1500/000137.mp4,CCD,official,val,10,50,5.0,1,37,3.7,10.0,Day,Normal,No,0 0 0 0 0 0 0 0 0 0 0 0 0 0 0 0 0 0 0 0 0 0 0 0 0 0 0 0 0 0 0 0 0 0 0 0 0 1 1 1 1 1 1 1 1 1 1 1 1 1
C-000138,000138,Crash-1500/000138.mp4,CCD,official,train,10,50,5.0,1,39,3.9,10.0,Day,Normal,No,0 0 0 0 0 0 0 0 0 0 0 0 0 0 0 0 0 0 0 0 0 0 0 0 0 0 0 0 0 0 0 0 0 0 0 0 0 0 0 1 1 1 1 1 1 1 1 1 1 1
C-000139,000139,Crash-1500/000139.mp4,CCD,official,val,10,50,5.0,1,30,3.0,10.0,Night,Rainy,Yes,0 0 0 0 0 0 0 0 0 0 0 0 0 0 0 0 0 0 0 0 0 0 0 0 0 0 0 0 0 0 1 1 1 1 1 1 1 1 1 1 1 1 1 1 1 1 1 1 1 1
C-000140,000140,Crash-1500/000140.mp4,CCD,official,train,10,50,5.0,1,32,3.2,10.0,Day,Snowy,Yes,0 0 0 0 0 0 0 0 0 0 0 0 0 0 0 0 0 0 0 0 0 0 0 0 0 0 0 0 0 0 0 0 1 1 1 1 1 1 1 1 1 1 1 1 1 1 1 1 1 1
C-000141,000141,Crash-1500/000141.mp4,CCD,official,train,10,50,5.0,1,46,4.6,10.0,Day,Normal,Yes,0 0 0 0 0 0 0 0 0 0 0 0 0 0 0 0 0 0 0 0 0 0 0 0 0 0 0 0 0 0 0 0 0 0 0 0 0 0 0 0 0 0 0 0 0 0 1 1 1 1
C-000142,000142,Crash-1500/000142.mp4,CCD,official,train,10,50,5.0,1,30,3.0,10.0,Day,Normal,Yes,0 0 0 0 0 0 0 0 0 0 0 0 0 0 0 0 0 0 0 0 0 0 0 0 0 0 0 0 0 0 1 1 1 1 1 1 1 1 1 1 1 1 1 1 1 1 1 1 1 1
C-000143,000143,Crash-1500/000143.mp4,CCD,official,val,10,50,5.0,1,39,3.9,10.0,Day,Snowy,Yes,0 0 0 0 0 0 0 0 0 0 0 0 0 0 0 0 0 0 0 0 0 0 0 0 0 0 0 0 0 0 0 0 0 0 0 0 0 0 0 1 1 1 1 1 1 1 1 1 1 1
C-000144,000144,Crash-1500/000144.mp4,CCD,official,train,10,50,5.0,1,34,3.4,10.0,Day,Normal,No,0 0 0 0 0 0 0 0 0 0 0 0 0 0 0 0 0 0 0 0 0 0 0 0 0 0 0 0 0 0 0 0 0 0 1 1 1 1 1 1 1 1 1 1 1 1 1 1 1 1
C-000145,000145,Crash-1500/000145.mp4,CCD,official,test,10,50,5.0,1,30,3.0,10.0,Night,Normal,Yes,0 0 0 0 0 0 0 0 0 0 0 0 0 0 0 0 0 0 0 0 0 0 0 0 0 0 0 0 0 0 1 1 1 1 1 1 1 1 1 1 1 1 1 1 1 1 1 1 1 1
C-000146,000146,Crash-1500/000146.mp4,CCD,official,train,10,50,5.0,1,47,4.7,10.0,Day,Normal,No,0 0 0 0 0 0 0 0 0 0 0 0 0 0 0 0 0 0 0 0 0 0 0 0 0 0 0 0 0 0 0 0 0 0 0 0 0 0 0 0 0 0 0 0 0 0 0 1 1 1
C-000147,000147,Crash-1500/000147.mp4,CCD,official,train,10,50,5.0,1,48,4.8,10.0,Day,Snowy,No,0 0 0 0 0 0 0 0 0 0 0 0 0 0 0 0 0 0 0 0 0 0 0 0 0 0 0 0 0 0 0 0 0 0 0 0 0 0 0 0 0 0 0 0 0 0 0 0 1 1
C-000148,000148,Crash-1500/000148.mp4,CCD,official,train,10,50,5.0,1,32,3.2,10.0,Day,Rainy,No,0 0 0 0 0 0 0 0 0 0 0 0 0 0 0 0 0 0 0 0 0 0 0 0 0 0 0 0 0 0 0 0 1 1 1 1 1 1 1 1 1 1 1 1 1 1 1 1 1 1
C-000149,000149,Crash-1500/000149.mp4,CCD,official,test,10,50,5.0,1,39,3.9,10.0,Day,Normal,No,0 0 0 0 0 0 0 0 0 0 0 0 0 0 0 0 0 0 0 0 0 0 0 0 0 0 0 0 0 0 0 0 0 0 0 0 0 0 0 1 1 1 1 1 1 1 1 1 1 1
C-000150,000150,Crash-1500/000150.mp4,CCD,official,test,10,50,5.0,1,40,4.0,10.0,Day,Normal,Yes,0 0 0 0 0 0 0 0 0 0 0 0 0 0 0 0 0 0 0 0 0 0 0 0 0 0 0 0 0 0 0 0 0 0 0 0 0 0 0 0 1 1 1 1 1 1 1 1 1 1
C-000151,000151,Crash-1500/000151.mp4,CCD,official,train,10,50,5.0,1,36,3.6,10.0,Day,Normal,No,0 0 0 0 0 0 0 0 0 0 0 0 0 0 0 0 0 0 0 0 0 0 0 0 0 0 0 0 0 0 0 0 0 0 0 0 1 1 1 1 1 1 1 1 1 1 1 1 1 1
C-000152,000152,Crash-1500/000152.mp4,CCD,official,test,10,50,5.0,1,32,3.2,10.0,Day,Normal,Yes,0 0 0 0 0 0 0 0 0 0 0 0 0 0 0 0 0 0 0 0 0 0 0 0 0 0 0 0 0 0 0 0 1 1 1 1 1 1 1 1 1 1 1 1 1 1 1 1 1 1
C-000153,000153,Crash-1500/000153.mp4,CCD,official,train,10,50,5.0,1,31,3.1,10.0,Day,Normal,No,0 0 0 0 0 0 0 0 0 0 0 0 0 0 0 0 0 0 0 0 0 0 0 0 0 0 0 0 0 0 0 1 1 1 1 1 1 1 1 1 1 1 1 1 1 1 1 1 1 1
C-000154,000154,Crash-1500/000154.mp4,CCD,official,test,10,50,5.0,1,38,3.8,10.0,Day,Normal,Yes,0 0 0 0 0 0 0 0 0 0 0 0 0 0 0 0 0 0 0 0 0 0 0 0 0 0 0 0 0 0 0 0 0 0 0 0 0 0 1 1 1 1 1 1 1 1 1 1 1 1
C-000155,000155,Crash-1500/000155.mp4,CCD,official,train,10,50,5.0,1,40,4.0,10.0,Day,Snowy,Yes,0 0 0 0 0 0 0 0 0 0 0 0 0 0 0 0 0 0 0 0 0 0 0 0 0 0 0 0 0 0 0 0 0 0 0 0 0 0 0 0 1 1 1 1 1 1 1 1 1 1
C-000156,000156,Crash-1500/000156.mp4,CCD,official,val,10,50,5.0,1,33,3.3,10.0,Day,Normal,Yes,0 0 0 0 0 0 0 0 0 0 0 0 0 0 0 0 0 0 0 0 0 0 0 0 0 0 0 0 0 0 0 0 0 1 1 1 1 1 1 1 1 1 1 1 1 1 1 1 1 1
C-000157,000157,Crash-1500/000157.mp4,CCD,official,train,10,50,5.0,1,43,4.3,10.0,Day,Normal,No,0 0 0 0 0 0 0 0 0 0 0 0 0 0 0 0 0 0 0 0 0 0 0 0 0 0 0 0 0 0 0 0 0 0 0 0 0 0 0 0 0 0 0 1 1 1 1 1 1 1
C-000158,000158,Crash-1500/000158.mp4,CCD,official,train,10,50,5.0,1,41,4.1,10.0,Day,Normal,No,0 0 0 0 0 0 0 0 0 0 0 0 0 0 0 0 0 0 0 0 0 0 0 0 0 0 0 0 0 0 0 0 0 0 0 0 0 0 0 0 0 1 1 1 1 1 1 1 1 1
C-000159,000159,Crash-1500/000159.mp4,CCD,official,train,10,50,5.0,1,32,3.2,10.0,Day,Normal,No,0 0 0 0 0 0 0 0 0 0 0 0 0 0 0 0 0 0 0 0 0 0 0 0 0 0 0 0 0 0 0 0 1 1 1 1 1 1 1 1 1 1 1 1 1 1 1 1 1 1
C-000160,000160,Crash-1500/000160.mp4,CCD,official,train,10,50,5.0,1,39,3.9,10.0,Day,Normal,Yes,0 0 0 0 0 0 0 0 0 0 0 0 0 0 0 0 0 0 0 0 0 0 0 0 0 0 0 0 0 0 0 0 0 0 0 0 0 0 0 1 1 1 1 1 1 1 1 1 1 1
C-000161,000161,Crash-1500/000161.mp4,CCD,official,train,10,50,5.0,1,32,3.2,10.0,Day,Normal,No,0 0 0 0 0 0 0 0 0 0 0 0 0 0 0 0 0 0 0 0 0 0 0 0 0 0 0 0 0 0 0 0 1 1 1 1 1 1 1 1 1 1 1 1 1 1 1 1 1 1
C-000162,000162,Crash-1500/000162.mp4,CCD,official,train,10,50,5.0,1,39,3.9,10.0,Day,Normal,Yes,0 0 0 0 0 0 0 0 0 0 0 0 0 0 0 0 0 0 0 0 0 0 0 0 0 0 0 0 0 0 0 0 0 0 0 0 0 0 0 1 1 1 1 1 1 1 1 1 1 1
C-000163,000163,Crash-1500/000163.mp4,CCD,official,val,10,50,5.0,1,34,3.4,10.0,Day,Normal,Yes,0 0 0 0 0 0 0 0 0 0 0 0 0 0 0 0 0 0 0 0 0 0 0 0 0 0 0 0 0 0 0 0 0 0 1 1 1 1 1 1 1 1 1 1 1 1 1 1 1 1
C-000164,000164,Crash-1500/000164.mp4,CCD,official,train,10,50,5.0,1,43,4.3,10.0,Day,Normal,Yes,0 0 0 0 0 0 0 0 0 0 0 0 0 0 0 0 0 0 0 0 0 0 0 0 0 0 0 0 0 0 0 0 0 0 0 0 0 0 0 0 0 0 0 1 1 1 1 1 1 1
C-000165,000165,Crash-1500/000165.mp4,CCD,official,val,10,50,5.0,1,46,4.6,10.0,Day,Normal,No,0 0 0 0 0 0 0 0 0 0 0 0 0 0 0 0 0 0 0 0 0 0 0 0 0 0 0 0 0 0 0 0 0 0 0 0 0 0 0 0 0 0 0 0 0 0 1 1 1 1
C-000166,000166,Crash-1500/000166.mp4,CCD,official,train,10,50,5.0,1,30,3.0,10.0,Day,Normal,No,0 0 0 0 0 0 0 0 0 0 0 0 0 0 0 0 0 0 0 0 0 0 0 0 0 0 0 0 0 0 1 1 1 1 1 1 1 1 1 1 1 1 1 1 1 1 1 1 1 1
C-000167,000167,Crash-1500/000167.mp4,CCD,official,train,10,50,5.0,1,30,3.0,10.0,Day,Normal,No,0 0 0 0 0 0 0 0 0 0 0 0 0 0 0 0 0 0 0 0 0 0 0 0 0 0 0 0 0 0 1 1 1 1 1 1 1 1 1 1 1 1 1 1 1 1 1 1 1 1
C-000168,000168,Crash-1500/000168.mp4,CCD,official,test,10,50,5.0,1,30,3.0,10.0,Day,Normal,No,0 0 0 0 0 0 0 0 0 0 0 0 0 0 0 0 0 0 0 0 0 0 0 0 0 0 0 0 0 0 1 1 1 1 1 1 1 1 1 1 1 1 1 1 1 1 1 1 1 1
C-000169,000169,Crash-1500/000169.mp4,CCD,official,val,10,50,5.0,1,30,3.0,10.0,Day,Rainy,Yes,0 0 0 0 0 0 0 0 0 0 0 0 0 0 0 0 0 0 0 0 0 0 0 0 0 0 0 0 0 0 1 1 1 1 1 1 1 1 1 1 1 1 1 1 1 1 1 1 1 1
C-000170,000170,Crash-1500/000170.mp4,CCD,official,train,10,50,5.0,1,30,3.0,10.0,Day,Normal,No,0 0 0 0 0 0 0 0 0 0 0 0 0 0 0 0 0 0 0 0 0 0 0 0 0 0 0 0 0 0 1 1 1 1 1 1 1 1 1 1 1 1 1 1 1 1 1 1 1 1
C-000171,000171,Crash-1500/000171.mp4,CCD,official,val,10,50,5.0,1,30,3.0,10.0,Day,Normal,Yes,0 0 0 0 0 0 0 0 0 0 0 0 0 0 0 0 0 0 0 0 0 0 0 0 0 0 0 0 0 0 1 1 1 1 1 1 1 1 1 1 1 1 1 1 1 1 1 1 1 1
C-000172,000172,Crash-1500/000172.mp4,CCD,official,train,10,50,5.0,1,30,3.0,10.0,Day,Normal,No,0 0 0 0 0 0 0 0 0 0 0 0 0 0 0 0 0 0 0 0 0 0 0 0 0 0 0 0 0 0 1 1 1 1 1 1 1 1 1 1 1 1 1 1 1 1 1 1 1 1
C-000173,000173,Crash-1500/000173.mp4,CCD,official,train,10,50,5.0,1,30,3.0,10.0,Day,Normal,Yes,0 0 0 0 0 0 0 0 0 0 0 0 0 0 0 0 0 0 0 0 0 0 0 0 0 0 0 0 0 0 1 1 1 1 1 1 1 1 1 1 1 1 1 1 1 1 1 1 1 1
C-000174,000174,Crash-1500/000174.mp4,CCD,official,test,10,50,5.0,1,30,3.0,10.0,Day,Normal,Yes,0 0 0 0 0 0 0 0 0 0 0 0 0 0 0 0 0 0 0 0 0 0 0 0 0 0 0 0 0 0 1 1 1 1 1 1 1 1 1 1 1 1 1 1 1 1 1 1 1 1
C-000175,000175,Crash-1500/000175.mp4,CCD,official,train,10,50,5.0,1,30,3.0,10.0,Day,Normal,Yes,0 0 0 0 0 0 0 0 0 0 0 0 0 0 0 0 0 0 0 0 0 0 0 0 0 0 0 0 0 0 1 1 1 1 1 1 1 1 1 1 1 1 1 1 1 1 1 1 1 1
C-000176,000176,Crash-1500/000176.mp4,CCD,official,val,10,50,5.0,1,30,3.0,10.0,Day,Normal,Yes,0 0 0 0 0 0 0 0 0 0 0 0 0 0 0 0 0 0 0 0 0 0 0 0 0 0 0 0 0 0 1 1 1 1 1 1 1 1 1 1 1 1 1 1 1 1 1 1 1 1
C-000177,000177,Crash-1500/000177.mp4,CCD,official,val,10,50,5.0,1,30,3.0,10.0,Day,Normal,Yes,0 0 0 0 0 0 0 0 0 0 0 0 0 0 0 0 0 0 0 0 0 0 0 0 0 0 0 0 0 0 1 1 1 1 1 1 1 1 1 1 1 1 1 1 1 1 1 1 1 1
C-000178,000178,Crash-1500/000178.mp4,CCD,official,train,10,50,5.0,1,30,3.0,10.0,Day,Normal,Yes,0 0 0 0 0 0 0 0 0 0 0 0 0 0 0 0 0 0 0 0 0 0 0 0 0 0 0 0 0 0 1 1 1 1 1 1 1 1 1 1 1 1 1 1 1 1 1 1 1 1
C-000179,000179,Crash-1500/000179.mp4,CCD,official,val,10,50,5.0,1,30,3.0,10.0,Day,Normal,No,0 0 0 0 0 0 0 0 0 0 0 0 0 0 0 0 0 0 0 0 0 0 0 0 0 0 0 0 0 0 1 1 1 1 1 1 1 1 1 1 1 1 1 1 1 1 1 1 1 1
C-000180,000180,Crash-1500/000180.mp4,CCD,official,val,10,50,5.0,1,30,3.0,10.0,Day,Rainy,Yes,0 0 0 0 0 0 0 0 0 0 0 0 0 0 0 0 0 0 0 0 0 0 0 0 0 0 0 0 0 0 1 1 1 1 1 1 1 1 1 1 1 1 1 1 1 1 1 1 1 1
C-000181,000181,Crash-1500/000181.mp4,CCD,official,train,10,50,5.0,1,30,3.0,10.0,Day,Normal,No,0 0 0 0 0 0 0 0 0 0 0 0 0 0 0 0 0 0 0 0 0 0 0 0 0 0 0 0 0 0 1 1 1 1 1 1 1 1 1 1 1 1 1 1 1 1 1 1 1 1
C-000182,000182,Crash-1500/000182.mp4,CCD,official,train,10,50,5.0,1,30,3.0,10.0,Day,Normal,No,0 0 0 0 0 0 0 0 0 0 0 0 0 0 0 0 0 0 0 0 0 0 0 0 0 0 0 0 0 0 1 1 1 1 1 1 1 1 1 1 1 1 1 1 1 1 1 1 1 1
C-000183,000183,Crash-1500/000183.mp4,CCD,official,train,10,50,5.0,1,30,3.0,10.0,Day,Normal,No,0 0 0 0 0 0 0 0 0 0 0 0 0 0 0 0 0 0 0 0 0 0 0 0 0 0 0 0 0 0 1 1 1 1 1 1 1 1 1 1 1 1 1 1 1 1 1 1 1 1
C-000184,000184,Crash-1500/000184.mp4,CCD,official,train,10,50,5.0,1,30,3.0,10.0,Day,Normal,No,0 0 0 0 0 0 0 0 0 0 0 0 0 0 0 0 0 0 0 0 0 0 0 0 0 0 0 0 0 0 1 1 1 1 1 1 1 1 1 1 1 1 1 1 1 1 1 1 1 1
C-000185,000185,Crash-1500/000185.mp4,CCD,official,train,10,50,5.0,1,30,3.0,10.0,Day,Normal,No,0 0 0 0 0 0 0 0 0 0 0 0 0 0 0 0 0 0 0 0 0 0 0 0 0 0 0 0 0 0 1 1 1 1 1 1 1 1 1 1 1 1 1 1 1 1 1 1 1 1
C-000186,000186,Crash-1500/000186.mp4,CCD,official,train,10,50,5.0,1,30,3.0,10.0,Day,Normal,Yes,0 0 0 0 0 0 0 0 0 0 0 0 0 0 0 0 0 0 0 0 0 0 0 0 0 0 0 0 0 0 1 1 1 1 1 1 1 1 1 1 1 1 1 1 1 1 1 1 1 1
C-000187,000187,Crash-1500/000187.mp4,CCD,official,val,10,50,5.0,1,30,3.0,10.0,Day,Normal,No,0 0 0 0 0 0 0 0 0 0 0 0 0 0 0 0 0 0 0 0 0 0 0 0 0 0 0 0 0 0 1 1 1 1 1 1 1 1 1 1 1 1 1 1 1 1 1 1 1 1
C-000188,000188,Crash-1500/000188.mp4,CCD,official,train,10,50,5.0,1,30,3.0,10.0,Day,Rainy,No,0 0 0 0 0 0 0 0 0 0 0 0 0 0 0 0 0 0 0 0 0 0 0 0 0 0 0 0 0 0 1 1 1 1 1 1 1 1 1 1 1 1 1 1 1 1 1 1 1 1
C-000189,000189,Crash-1500/000189.mp4,CCD,official,train,10,50,5.0,1,30,3.0,10.0,Day,Normal,Yes,0 0 0 0 0 0 0 0 0 0 0 0 0 0 0 0 0 0 0 0 0 0 0 0 0 0 0 0 0 0 1 1 1 1 1 1 1 1 1 1 1 1 1 1 1 1 1 1 1 1
C-000190,000190,Crash-1500/000190.mp4,CCD,official,train,10,50,5.0,1,30,3.0,10.0,Day,Normal,No,0 0 0 0 0 0 0 0 0 0 0 0 0 0 0 0 0 0 0 0 0 0 0 0 0 0 0 0 0 0 1 1 1 1 1 1 1 1 1 1 1 1 1 1 1 1 1 1 1 1
C-000191,000191,Crash-1500/000191.mp4,CCD,official,train,10,50,5.0,1,30,3.0,10.0,Day,Normal,No,0 0 0 0 0 0 0 0 0 0 0 0 0 0 0 0 0 0 0 0 0 0 0 0 0 0 0 0 0 0 1 1 1 1 1 1 1 1 1 1 1 1 1 1 1 1 1 1 1 1
C-000192,000192,Crash-1500/000192.mp4,CCD,official,train,10,50,5.0,1,30,3.0,10.0,Day,Normal,Yes,0 0 0 0 0 0 0 0 0 0 0 0 0 0 0 0 0 0 0 0 0 0 0 0 0 0 0 0 0 0 1 1 1 1 1 1 1 1 1 1 1 1 1 1 1 1 1 1 1 1
C-000193,000193,Crash-1500/000193.mp4,CCD,official,train,10,50,5.0,1,30,3.0,10.0,Day,Normal,No,0 0 0 0 0 0 0 0 0 0 0 0 0 0 0 0 0 0 0 0 0 0 0 0 0 0 0 0 0 0 1 1 1 1 1 1 1 1 1 1 1 1 1 1 1 1 1 1 1 1
C-000194,000194,Crash-1500/000194.mp4,CCD,official,train,10,50,5.0,1,30,3.0,10.0,Day,Normal,No,0 0 0 0 0 0 0 0 0 0 0 0 0 0 0 0 0 0 0 0 0 0 0 0 0 0 0 0 0 0 1 1 1 1 1 1 1 1 1 1 1 1 1 1 1 1 1 1 1 1
C-000195,000195,Crash-1500/000195.mp4,CCD,official,train,10,50,5.0,1,30,3.0,10.0,Day,Normal,Yes,0 0 0 0 0 0 0 0 0 0 0 0 0 0 0 0 0 0 0 0 0 0 0 0 0 0 0 0 0 0 1 1 1 1 1 1 1 1 1 1 1 1 1 1 1 1 1 1 1 1
C-000196,000196,Crash-1500/000196.mp4,CCD,official,val,10,50,5.0,1,30,3.0,10.0,Day,Normal,Yes,0 0 0 0 0 0 0 0 0 0 0 0 0 0 0 0 0 0 0 0 0 0 0 0 0 0 0 0 0 0 1 1 1 1 1 1 1 1 1 1 1 1 1 1 1 1 1 1 1 1
C-000197,000197,Crash-1500/000197.mp4,CCD,official,val,10,50,5.0,1,30,3.0,10.0,Day,Normal,No,0 0 0 0 0 0 0 0 0 0 0 0 0 0 0 0 0 0 0 0 0 0 0 0 0 0 0 0 0 0 1 1 1 1 1 1 1 1 1 1 1 1 1 1 1 1 1 1 1 1
C-000198,000198,Crash-1500/000198.mp4,CCD,official,train,10,50,5.0,1,30,3.0,10.0,Day,Normal,Yes,0 0 0 0 0 0 0 0 0 0 0 0 0 0 0 0 0 0 0 0 0 0 0 0 0 0 0 0 0 0 1 1 1 1 1 1 1 1 1 1 1 1 1 1 1 1 1 1 1 1
C-000199,000199,Crash-1500/000199.mp4,CCD,official,train,10,50,5.0,1,30,3.0,10.0,Day,Normal,Yes,0 0 0 0 0 0 0 0 0 0 0 0 0 0 0 0 0 0 0 0 0 0 0 0 0 0 0 0 0 0 1 1 1 1 1 1 1 1 1 1 1 1 1 1 1 1 1 1 1 1
C-000200,000200,Crash-1500/000200.mp4,CCD,official,test,10,50,5.0,1,30,3.0,10.0,Day,Normal,Yes,0 0 0 0 0 0 0 0 0 0 0 0 0 0 0 0 0 0 0 0 0 0 0 0 0 0 0 0 0 0 1 1 1 1 1 1 1 1 1 1 1 1 1 1 1 1 1 1 1 1
C-000201,000201,Crash-1500/000201.mp4,CCD,official,train,10,50,5.0,1,30,3.0,10.0,Day,Rainy,Yes,0 0 0 0 0 0 0 0 0 0 0 0 0 0 0 0 0 0 0 0 0 0 0 0 0 0 0 0 0 0 1 1 1 1 1 1 1 1 1 1 1 1 1 1 1 1 1 1 1 1
C-000202,000202,Crash-1500/000202.mp4,CCD,official,train,10,50,5.0,1,30,3.0,10.0,Day,Normal,No,0 0 0 0 0 0 0 0 0 0 0 0 0 0 0 0 0 0 0 0 0 0 0 0 0 0 0 0 0 0 1 1 1 1 1 1 1 1 1 1 1 1 1 1 1 1 1 1 1 1
C-000203,000203,Crash-1500/000203.mp4,CCD,official,train,10,50,5.0,1,30,3.0,10.0,Day,Normal,Yes,0 0 0 0 0 0 0 0 0 0 0 0 0 0 0 0 0 0 0 0 0 0 0 0 0 0 0 0 0 0 1 1 1 1 1 1 1 1 1 1 1 1 1 1 1 1 1 1 1 1
C-000204,000204,Crash-1500/000204.mp4,CCD,official,train,10,50,5.0,1,30,3.0,10.0,Night,Normal,Yes,0 0 0 0 0 0 0 0 0 0 0 0 0 0 0 0 0 0 0 0 0 0 0 0 0 0 0 0 0 0 1 1 1 1 1 1 1 1 1 1 1 1 1 1 1 1 1 1 1 1
C-000205,000205,Crash-1500/000205.mp4,CCD,official,train,10,50,5.0,1,30,3.0,10.0,Day,Normal,Yes,0 0 0 0 0 0 0 0 0 0 0 0 0 0 0 0 0 0 0 0 0 0 0 0 0 0 0 0 0 0 1 1 1 1 1 1 1 1 1 1 1 1 1 1 1 1 1 1 1 1
C-000206,000206,Crash-1500/000206.mp4,CCD,official,test,10,50,5.0,1,30,3.0,10.0,Day,Normal,No,0 0 0 0 0 0 0 0 0 0 0 0 0 0 0 0 0 0 0 0 0 0 0 0 0 0 0 0 0 0 1 1 1 1 1 1 1 1 1 1 1 1 1 1 1 1 1 1 1 1
C-000207,000207,Crash-1500/000207.mp4,CCD,official,train,10,50,5.0,1,30,3.0,10.0,Day,Rainy,No,0 0 0 0 0 0 0 0 0 0 0 0 0 0 0 0 0 0 0 0 0 0 0 0 0 0 0 0 0 0 1 1 1 1 1 1 1 1 1 1 1 1 1 1 1 1 1 1 1 1
C-000208,000208,Crash-1500/000208.mp4,CCD,official,train,10,50,5.0,1,30,3.0,10.0,Night,Normal,No,0 0 0 0 0 0 0 0 0 0 0 0 0 0 0 0 0 0 0 0 0 0 0 0 0 0 0 0 0 0 1 1 1 1 1 1 1 1 1 1 1 1 1 1 1 1 1 1 1 1
C-000209,000209,Crash-1500/000209.mp4,CCD,official,train,10,50,5.0,1,30,3.0,10.0,Day,Normal,No,0 0 0 0 0 0 0 0 0 0 0 0 0 0 0 0 0 0 0 0 0 0 0 0 0 0 0 0 0 0 1 1 1 1 1 1 1 1 1 1 1 1 1 1 1 1 1 1 1 1
C-000210,000210,Crash-1500/000210.mp4,CCD,official,train,10,50,5.0,1,30,3.0,10.0,Night,Normal,Yes,0 0 0 0 0 0 0 0 0 0 0 0 0 0 0 0 0 0 0 0 0 0 0 0 0 0 0 0 0 0 1 1 1 1 1 1 1 1 1 1 1 1 1 1 1 1 1 1 1 1
C-000211,000211,Crash-1500/000211.mp4,CCD,official,train,10,50,5.0,1,30,3.0,10.0,Day,Normal,No,0 0 0 0 0 0 0 0 0 0 0 0 0 0 0 0 0 0 0 0 0 0 0 0 0 0 0 0 0 0 1 1 1 1 1 1 1 1 1 1 1 1 1 1 1 1 1 1 1 1
C-000212,000212,Crash-1500/000212.mp4,CCD,official,train,10,50,5.0,1,30,3.0,10.0,Night,Rainy,No,0 0 0 0 0 0 0 0 0 0 0 0 0 0 0 0 0 0 0 0 0 0 0 0 0 0 0 0 0 0 1 1 1 1 1 1 1 1 1 1 1 1 1 1 1 1 1 1 1 1
C-000213,000213,Crash-1500/000213.mp4,CCD,official,val,10,50,5.0,1,30,3.0,10.0,Day,Normal,Yes,0 0 0 0 0 0 0 0 0 0 0 0 0 0 0 0 0 0 0 0 0 0 0 0 0 0 0 0 0 0 1 1 1 1 1 1 1 1 1 1 1 1 1 1 1 1 1 1 1 1
C-000214,000214,Crash-1500/000214.mp4,CCD,official,test,10,50,5.0,1,30,3.0,10.0,Day,Normal,Yes,0 0 0 0 0 0 0 0 0 0 0 0 0 0 0 0 0 0 0 0 0 0 0 0 0 0 0 0 0 0 1 1 1 1 1 1 1 1 1 1 1 1 1 1 1 1 1 1 1 1
C-000215,000215,Crash-1500/000215.mp4,CCD,official,train,10,50,5.0,1,30,3.0,10.0,Day,Normal,No,0 0 0 0 0 0 0 0 0 0 0 0 0 0 0 0 0 0 0 0 0 0 0 0 0 0 0 0 0 0 1 1 1 1 1 1 1 1 1 1 1 1 1 1 1 1 1 1 1 1
C-000216,000216,Crash-1500/000216.mp4,CCD,official,train,10,50,5.0,1,30,3.0,10.0,Night,Normal,Yes,0 0 0 0 0 0 0 0 0 0 0 0 0 0 0 0 0 0 0 0 0 0 0 0 0 0 0 0 0 0 1 1 1 1 1 1 1 1 1 1 1 1 1 1 1 1 1 1 1 1
C-000217,000217,Crash-1500/000217.mp4,CCD,official,test,10,50,5.0,1,30,3.0,10.0,Day,Normal,Yes,0 0 0 0 0 0 0 0 0 0 0 0 0 0 0 0 0 0 0 0 0 0 0 0 0 0 0 0 0 0 1 1 1 1 1 1 1 1 1 1 1 1 1 1 1 1 1 1 1 1
C-000218,000218,Crash-1500/000218.mp4,CCD,official,train,10,50,5.0,1,30,3.0,10.0,Day,Normal,Yes,0 0 0 0 0 0 0 0 0 0 0 0 0 0 0 0 0 0 0 0 0 0 0 0 0 0 0 0 0 0 1 1 1 1 1 1 1 1 1 1 1 1 1 1 1 1 1 1 1 1
C-000219,000219,Crash-1500/000219.mp4,CCD,official,test,10,50,5.0,1,39,3.9,10.0,Day,Snowy,Yes,0 0 0 0 0 0 0 0 0 0 0 0 0 0 0 0 0 0 0 0 0 0 0 0 0 0 0 0 0 0 0 0 0 0 0 0 0 0 0 1 1 1 1 1 1 1 1 1 1 1
C-000220,000220,Crash-1500/000220.mp4,CCD,official,train,10,50,5.0,1,37,3.7,10.0,Day,Snowy,Yes,0 0 0 0 0 0 0 0 0 0 0 0 0 0 0 0 0 0 0 0 0 0 0 0 0 0 0 0 0 0 0 0 0 0 0 0 0 1 1 1 1 1 1 1 1 1 1 1 1 1
C-000221,000221,Crash-1500/000221.mp4,CCD,official,train,10,50,5.0,1,36,3.6,10.0,Night,Snowy,No,0 0 0 0 0 0 0 0 0 0 0 0 0 0 0 0 0 0 0 0 0 0 0 0 0 0 0 0 0 0 0 0 0 0 0 0 1 1 1 1 1 1 1 1 1 1 1 1 1 1
C-000222,000222,Crash-1500/000222.mp4,CCD,official,train,10,50,5.0,1,31,3.1,10.0,Day,Snowy,Yes,0 0 0 0 0 0 0 0 0 0 0 0 0 0 0 0 0 0 0 0 0 0 0 0 0 0 0 0 0 0 0 1 1 1 1 1 1 1 1 1 1 1 1 1 1 1 1 1 1 1
C-000223,000223,Crash-1500/000223.mp4,CCD,official,test,10,50,5.0,1,32,3.2,10.0,Day,Snowy,Yes,0 0 0 0 0 0 0 0 0 0 0 0 0 0 0 0 0 0 0 0 0 0 0 0 0 0 0 0 0 0 0 0 1 1 1 1 1 1 1 1 1 1 1 1 1 1 1 1 1 1
C-000224,000224,Crash-1500/000224.mp4,CCD,official,train,10,50,5.0,1,30,3.0,10.0,Day,Normal,Yes,0 0 0 0 0 0 0 0 0 0 0 0 0 0 0 0 0 0 0 0 0 0 0 0 0 0 0 0 0 0 1 1 1 1 1 1 1 1 1 1 1 1 1 1 1 1 1 1 1 1
C-000225,000225,Crash-1500/000225.mp4,CCD,official,train,10,50,5.0,1,30,3.0,10.0,Day,Snowy,Yes,0 0 0 0 0 0 0 0 0 0 0 0 0 0 0 0 0 0 0 0 0 0 0 0 0 0 0 0 0 0 1 1 1 1 1 1 1 1 1 1 1 1 1 1 1 1 1 1 1 1
C-000226,000226,Crash-1500/000226.mp4,CCD,official,train,10,50,5.0,1,36,3.6,10.0,Day,Snowy,Yes,0 0 0 0 0 0 0 0 0 0 0 0 0 0 0 0 0 0 0 0 0 0 0 0 0 0 0 0 0 0 0 0 0 0 0 0 1 1 1 1 1 1 1 1 1 1 1 1 1 1
C-000227,000227,Crash-1500/000227.mp4,CCD,official,train,10,50,5.0,1,39,3.9,10.0,Day,Normal,Yes,0 0 0 0 0 0 0 0 0 0 0 0 0 0 0 0 0 0 0 0 0 0 0 0 0 0 0 0 0 0 0 0 0 0 0 0 0 0 0 1 1 1 1 1 1 1 1 1 1 1
C-000228,000228,Crash-1500/000228.mp4,CCD,official,train,10,50,5.0,1,47,4.7,10.0,Day,Snowy,Yes,0 0 0 0 0 0 0 0 0 0 0 0 0 0 0 0 0 0 0 0 0 0 0 0 0 0 0 0 0 0 0 0 0 0 0 0 0 0 0 0 0 0 0 0 0 0 0 1 1 1
C-000229,000229,Crash-1500/000229.mp4,CCD,official,train,10,50,5.0,1,39,3.9,10.0,Night,Normal,Yes,0 0 0 0 0 0 0 0 0 0 0 0 0 0 0 0 0 0 0 0 0 0 0 0 0 0 0 0 0 0 0 0 0 0 0 0 0 0 0 1 1 1 1 1 1 1 1 1 1 1
C-000230,000230,Crash-1500/000230.mp4,CCD,official,train,10,50,5.0,1,36,3.6,10.0,Day,Snowy,Yes,0 0 0 0 0 0 0 0 0 0 0 0 0 0 0 0 0 0 0 0 0 0 0 0 0 0 0 0 0 0 0 0 0 0 0 0 1 1 1 1 1 1 1 1 1 1 1 1 1 1
C-000231,000231,Crash-1500/000231.mp4,CCD,official,train,10,50,5.0,1,42,4.2,10.0,Night,Normal,Yes,0 0 0 0 0 0 0 0 0 0 0 0 0 0 0 0 0 0 0 0 0 0 0 0 0 0 0 0 0 0 0 0 0 0 0 0 0 0 0 0 0 0 1 1 1 1 1 1 1 1
C-000232,000232,Crash-1500/000232.mp4,CCD,official,train,10,50,5.0,1,30,3.0,10.0,Day,Rainy,Yes,0 0 0 0 0 0 0 0 0 0 0 0 0 0 0 0 0 0 0 0 0 0 0 0 0 0 0 0 0 0 1 1 1 1 1 1 1 1 1 1 1 1 1 1 1 1 1 1 1 1
C-000233,000233,Crash-1500/000233.mp4,CCD,official,train,10,50,5.0,1,42,4.2,10.0,Day,Snowy,Yes,0 0 0 0 0 0 0 0 0 0 0 0 0 0 0 0 0 0 0 0 0 0 0 0 0 0 0 0 0 0 0 0 0 0 0 0 0 0 0 0 0 0 1 1 1 1 1 1 1 1
C-000234,000234,Crash-1500/000234.mp4,CCD,official,train,10,50,5.0,1,31,3.1,10.0,Day,Normal,Yes,0 0 0 0 0 0 0 0 0 0 0 0 0 0 0 0 0 0 0 0 0 0 0 0 0 0 0 0 0 0 0 1 1 1 1 1 1 1 1 1 1 1 1 1 1 1 1 1 1 1
C-000235,000235,Crash-1500/000235.mp4,CCD,official,train,10,50,5.0,1,31,3.1,10.0,Day,Normal,Yes,0 0 0 0 0 0 0 0 0 0 0 0 0 0 0 0 0 0 0 0 0 0 0 0 0 0 0 0 0 0 0 1 1 1 1 1 1 1 1 1 1 1 1 1 1 1 1 1 1 1
C-000236,000236,Crash-1500/000236.mp4,CCD,official,train,10,50,5.0,1,41,4.1,10.0,Day,Snowy,Yes,0 0 0 0 0 0 0 0 0 0 0 0 0 0 0 0 0 0 0 0 0 0 0 0 0 0 0 0 0 0 0 0 0 0 0 0 0 0 0 0 0 1 1 1 1 1 1 1 1 1
C-000237,000237,Crash-1500/000237.mp4,CCD,official,val,10,50,5.0,1,48,4.8,10.0,Day,Normal,Yes,0 0 0 0 0 0 0 0 0 0 0 0 0 0 0 0 0 0 0 0 0 0 0 0 0 0 0 0 0 0 0 0 0 0 0 0 0 0 0 0 0 0 0 0 0 0 0 0 1 1
C-000238,000238,Crash-1500/000238.mp4,CCD,official,train,10,50,5.0,1,42,4.2,10.0,Night,Normal,No,0 0 0 0 0 0 0 0 0 0 0 0 0 0 0 0 0 0 0 0 0 0 0 0 0 0 0 0 0 0 0 0 0 0 0 0 0 0 0 0 0 0 1 1 1 1 1 1 1 1
C-000239,000239,Crash-1500/000239.mp4,CCD,official,test,10,50,5.0,1,30,3.0,10.0,Day,Snowy,No,0 0 0 0 0 0 0 0 0 0 0 0 0 0 0 0 0 0 0 0 0 0 0 0 0 0 0 0 0 0 1 1 1 1 1 1 1 1 1 1 1 1 1 1 1 1 1 1 1 1
C-000240,000240,Crash-1500/000240.mp4,CCD,official,train,10,50,5.0,1,30,3.0,10.0,Day,Normal,No,0 0 0 0 0 0 0 0 0 0 0 0 0 0 0 0 0 0 0 0 0 0 0 0 0 0 0 0 0 0 1 1 1 1 1 1 1 1 1 1 1 1 1 1 1 1 1 1 1 1
C-000241,000241,Crash-1500/000241.mp4,CCD,official,val,10,50,5.0,1,31,3.1,10.0,Day,Normal,Yes,0 0 0 0 0 0 0 0 0 0 0 0 0 0 0 0 0 0 0 0 0 0 0 0 0 0 0 0 0 0 0 1 1 1 1 1 1 1 1 1 1 1 1 1 1 1 1 1 1 1
C-000242,000242,Crash-1500/000242.mp4,CCD,official,test,10,50,5.0,1,33,3.3,10.0,Day,Normal,No,0 0 0 0 0 0 0 0 0 0 0 0 0 0 0 0 0 0 0 0 0 0 0 0 0 0 0 0 0 0 0 0 0 1 1 1 1 1 1 1 1 1 1 1 1 1 1 1 1 1
C-000243,000243,Crash-1500/000243.mp4,CCD,official,train,10,50,5.0,1,31,3.1,10.0,Day,Normal,No,0 0 0 0 0 0 0 0 0 0 0 0 0 0 0 0 0 0 0 0 0 0 0 0 0 0 0 0 0 0 0 1 1 1 1 1 1 1 1 1 1 1 1 1 1 1 1 1 1 1
C-000244,000244,Crash-1500/000244.mp4,CCD,official,train,10,50,5.0,1,44,4.4,10.0,Day,Normal,No,0 0 0 0 0 0 0 0 0 0 0 0 0 0 0 0 0 0 0 0 0 0 0 0 0 0 0 0 0 0 0 0 0 0 0 0 0 0 0 0 0 0 0 0 1 1 1 1 1 1
C-000245,000245,Crash-1500/000245.mp4,CCD,official,test,10,50,5.0,1,30,3.0,10.0,Day,Normal,Yes,0 0 0 0 0 0 0 0 0 0 0 0 0 0 0 0 0 0 0 0 0 0 0 0 0 0 0 0 0 0 1 1 1 1 1 1 1 1 1 1 1 1 1 1 1 1 1 1 1 1
C-000246,000246,Crash-1500/000246.mp4,CCD,official,train,10,50,5.0,1,30,3.0,10.0,Day,Normal,Yes,0 0 0 0 0 0 0 0 0 0 0 0 0 0 0 0 0 0 0 0 0 0 0 0 0 0 0 0 0 0 1 1 1 1 1 1 1 1 1 1 1 1 1 1 1 1 1 1 1 1
C-000247,000247,Crash-1500/000247.mp4,CCD,official,test,10,50,5.0,1,47,4.7,10.0,Day,Snowy,No,0 0 0 0 0 0 0 0 0 0 0 0 0 0 0 0 0 0 0 0 0 0 0 0 0 0 0 0 0 0 0 0 0 0 0 0 0 0 0 0 0 0 0 0 0 0 0 1 1 1
C-000248,000248,Crash-1500/000248.mp4,CCD,official,test,10,50,5.0,1,30,3.0,10.0,Day,Normal,No,0 0 0 0 0 0 0 0 0 0 0 0 0 0 0 0 0 0 0 0 0 0 0 0 0 0 0 0 0 0 1 1 1 1 1 1 1 1 1 1 1 1 1 1 1 1 1 1 1 1
C-000249,000249,Crash-1500/000249.mp4,CCD,official,train,10,50,5.0,1,30,3.0,10.0,Day,Normal,Yes,0 0 0 0 0 0 0 0 0 0 0 0 0 0 0 0 0 0 0 0 0 0 0 0 0 0 0 0 0 0 1 1 1 1 1 1 1 1 1 1 1 1 1 1 1 1 1 1 1 1
C-000250,000250,Crash-1500/000250.mp4,CCD,official,train,10,50,5.0,1,35,3.5,10.0,Day,Normal,Yes,0 0 0 0 0 0 0 0 0 0 0 0 0 0 0 0 0 0 0 0 0 0 0 0 0 0 0 0 0 0 0 0 0 0 0 1 1 1 1 1 1 1 1 1 1 1 1 1 1 1
C-000251,000251,Crash-1500/000251.mp4,CCD,official,val,10,50,5.0,1,36,3.6,10.0,Day,Normal,No,0 0 0 0 0 0 0 0 0 0 0 0 0 0 0 0 0 0 0 0 0 0 0 0 0 0 0 0 0 0 0 0 0 0 0 0 1 1 1 1 1 1 1 1 1 1 1 1 1 1
C-000252,000252,Crash-1500/000252.mp4,CCD,official,train,10,50,5.0,1,49,4.9,10.0,Day,Normal,No,0 0 0 0 0 0 0 0 0 0 0 0 0 0 0 0 0 0 0 0 0 0 0 0 0 0 0 0 0 0 0 0 0 0 0 0 0 0 0 0 0 0 0 0 0 0 0 0 0 1
C-000253,000253,Crash-1500/000253.mp4,CCD,official,test,10,50,5.0,1,30,3.0,10.0,Day,Normal,Yes,0 0 0 0 0 0 0 0 0 0 0 0 0 0 0 0 0 0 0 0 0 0 0 0 0 0 0 0 0 0 1 1 1 1 1 1 1 1 1 1 1 1 1 1 1 1 1 1 1 1
C-000254,000254,Crash-1500/000254.mp4,CCD,official,test,10,50,5.0,1,30,3.0,10.0,Day,Normal,Yes,0 0 0 0 0 0 0 0 0 0 0 0 0 0 0 0 0 0 0 0 0 0 0 0 0 0 0 0 0 0 1 1 1 1 1 1 1 1 1 1 1 1 1 1 1 1 1 1 1 1
C-000255,000255,Crash-1500/000255.mp4,CCD,official,train,10,50,5.0,1,35,3.5,10.0,Day,Snowy,Yes,0 0 0 0 0 0 0 0 0 0 0 0 0 0 0 0 0 0 0 0 0 0 0 0 0 0 0 0 0 0 0 0 0 0 0 1 1 1 1 1 1 1 1 1 1 1 1 1 1 1
C-000256,000256,Crash-1500/000256.mp4,CCD,official,train,10,50,5.0,1,31,3.1,10.0,Day,Snowy,No,0 0 0 0 0 0 0 0 0 0 0 0 0 0 0 0 0 0 0 0 0 0 0 0 0 0 0 0 0 0 0 1 1 1 1 1 1 1 1 1 1 1 1 1 1 1 1 1 1 1
C-000257,000257,Crash-1500/000257.mp4,CCD,official,test,10,50,5.0,1,49,4.9,10.0,Day,Normal,No,0 0 0 0 0 0 0 0 0 0 0 0 0 0 0 0 0 0 0 0 0 0 0 0 0 0 0 0 0 0 0 0 0 0 0 0 0 0 0 0 0 0 0 0 0 0 0 0 0 1
C-000258,000258,Crash-1500/000258.mp4,CCD,official,train,10,50,5.0,1,45,4.5,10.0,Day,Normal,Yes,0 0 0 0 0 0 0 0 0 0 0 0 0 0 0 0 0 0 0 0 0 0 0 0 0 0 0 0 0 0 0 0 0 0 0 0 0 0 0 0 0 0 0 0 0 1 1 1 1 1
C-000259,000259,Crash-1500/000259.mp4,CCD,official,val,10,50,5.0,1,37,3.7,10.0,Day,Normal,Yes,0 0 0 0 0 0 0 0 0 0 0 0 0 0 0 0 0 0 0 0 0 0 0 0 0 0 0 0 0 0 0 0 0 0 0 0 0 1 1 1 1 1 1 1 1 1 1 1 1 1
C-000260,000260,Crash-1500/000260.mp4,CCD,official,train,10,50,5.0,1,36,3.6,10.0,Day,Normal,Yes,0 0 0 0 0 0 0 0 0 0 0 0 0 0 0 0 0 0 0 0 0 0 0 0 0 0 0 0 0 0 0 0 0 0 0 0 1 1 1 1 1 1 1 1 1 1 1 1 1 1
C-000261,000261,Crash-1500/000261.mp4,CCD,official,train,10,50,5.0,1,40,4.0,10.0,Day,Normal,No,0 0 0 0 0 0 0 0 0 0 0 0 0 0 0 0 0 0 0 0 0 0 0 0 0 0 0 0 0 0 0 0 0 0 0 0 0 0 0 0 1 1 1 1 1 1 1 1 1 1
C-000262,000262,Crash-1500/000262.mp4,CCD,official,train,10,50,5.0,1,38,3.8,10.0,Day,Normal,Yes,0 0 0 0 0 0 0 0 0 0 0 0 0 0 0 0 0 0 0 0 0 0 0 0 0 0 0 0 0 0 0 0 0 0 0 0 0 0 1 1 1 1 1 1 1 1 1 1 1 1
C-000263,000263,Crash-1500/000263.mp4,CCD,official,train,10,50,5.0,1,30,3.0,10.0,Day,Normal,No,0 0 0 0 0 0 0 0 0 0 0 0 0 0 0 0 0 0 0 0 0 0 0 0 0 0 0 0 0 0 1 1 1 1 1 1 1 1 1 1 1 1 1 1 1 1 1 1 1 1
C-000264,000264,Crash-1500/000264.mp4,CCD,official,train,10,50,5.0,1,40,4.0,10.0,Day,Normal,No,0 0 0 0 0 0 0 0 0 0 0 0 0 0 0 0 0 0 0 0 0 0 0 0 0 0 0 0 0 0 0 0 0 0 0 0 0 0 0 0 1 1 1 1 1 1 1 1 1 1
C-000265,000265,Crash-1500/000265.mp4,CCD,official,train,10,50,5.0,1,37,3.7,10.0,Day,Normal,Yes,0 0 0 0 0 0 0 0 0 0 0 0 0 0 0 0 0 0 0 0 0 0 0 0 0 0 0 0 0 0 0 0 0 0 0 0 0 1 1 1 1 1 1 1 1 1 1 1 1 1
C-000266,000266,Crash-1500/000266.mp4,CCD,official,train,10,50,5.0,1,30,3.0,10.0,Day,Normal,Yes,0 0 0 0 0 0 0 0 0 0 0 0 0 0 0 0 0 0 0 0 0 0 0 0 0 0 0 0 0 0 1 1 1 1 1 1 1 1 1 1 1 1 1 1 1 1 1 1 1 1
C-000267,000267,Crash-1500/000267.mp4,CCD,official,train,10,50,5.0,1,30,3.0,10.0,Day,Normal,No,0 0 0 0 0 0 0 0 0 0 0 0 0 0 0 0 0 0 0 0 0 0 0 0 0 0 0 0 0 0 1 1 1 1 1 1 1 1 1 1 1 1 1 1 1 1 1 1 1 1
C-000268,000268,Crash-1500/000268.mp4,CCD,official,test,10,50,5.0,1,30,3.0,10.0,Day,Normal,No,0 0 0 0 0 0 0 0 0 0 0 0 0 0 0 0 0 0 0 0 0 0 0 0 0 0 0 0 0 0 1 1 1 1 1 1 1 1 1 1 1 1 1 1 1 1 1 1 1 1
C-000269,000269,Crash-1500/000269.mp4,CCD,official,val,10,50,5.0,1,35,3.5,10.0,Day,Normal,No,0 0 0 0 0 0 0 0 0 0 0 0 0 0 0 0 0 0 0 0 0 0 0 0 0 0 0 0 0 0 0 0 0 0 0 1 1 1 1 1 1 1 1 1 1 1 1 1 1 1
C-000270,000270,Crash-1500/000270.mp4,CCD,official,test,10,50,5.0,1,42,4.2,10.0,Day,Normal,No,0 0 0 0 0 0 0 0 0 0 0 0 0 0 0 0 0 0 0 0 0 0 0 0 0 0 0 0 0 0 0 0 0 0 0 0 0 0 0 0 0 0 1 1 1 1 1 1 1 1
C-000271,000271,Crash-1500/000271.mp4,CCD,official,train,10,50,5.0,1,43,4.3,10.0,Day,Normal,Yes,0 0 0 0 0 0 0 0 0 0 0 0 0 0 0 0 0 0 0 0 0 0 0 0 0 0 0 0 0 0 0 0 0 0 0 0 0 0 0 0 0 0 0 1 1 1 1 1 1 1
C-000272,000272,Crash-1500/000272.mp4,CCD,official,train,10,50,5.0,1,30,3.0,10.0,Day,Normal,Yes,0 0 0 0 0 0 0 0 0 0 0 0 0 0 0 0 0 0 0 0 0 0 0 0 0 0 0 0 0 0 1 1 1 1 1 1 1 1 1 1 1 1 1 1 1 1 1 1 1 1
C-000273,000273,Crash-1500/000273.mp4,CCD,official,train,10,50,5.0,1,34,3.4,10.0,Day,Normal,Yes,0 0 0 0 0 0 0 0 0 0 0 0 0 0 0 0 0 0 0 0 0 0 0 0 0 0 0 0 0 0 0 0 0 0 1 1 1 1 1 1 1 1 1 1 1 1 1 1 1 1
C-000274,000274,Crash-1500/000274.mp4,CCD,official,val,10,50,5.0,1,39,3.9,10.0,Day,Normal,Yes,0 0 0 0 0 0 0 0 0 0 0 0 0 0 0 0 0 0 0 0 0 0 0 0 0 0 0 0 0 0 0 0 0 0 0 0 0 0 0 1 1 1 1 1 1 1 1 1 1 1
C-000275,000275,Crash-1500/000275.mp4,CCD,official,test,10,50,5.0,1,45,4.5,10.0,Day,Normal,Yes,0 0 0 0 0 0 0 0 0 0 0 0 0 0 0 0 0 0 0 0 0 0 0 0 0 0 0 0 0 0 0 0 0 0 0 0 0 0 0 0 0 0 0 0 0 1 1 1 1 1
C-000276,000276,Crash-1500/000276.mp4,CCD,official,test,10,50,5.0,1,30,3.0,10.0,Day,Normal,Yes,0 0 0 0 0 0 0 0 0 0 0 0 0 0 0 0 0 0 0 0 0 0 0 0 0 0 0 0 0 0 1 1 1 1 1 1 1 1 1 1 1 1 1 1 1 1 1 1 1 1
C-000277,000277,Crash-1500/000277.mp4,CCD,official,train,10,50,5.0,1,49,4.9,10.0,Day,Normal,No,0 0 0 0 0 0 0 0 0 0 0 0 0 0 0 0 0 0 0 0 0 0 0 0 0 0 0 0 0 0 0 0 0 0 0 0 0 0 0 0 0 0 0 0 0 0 0 0 0 1
C-000278,000278,Crash-1500/000278.mp4,CCD,official,train,10,50,5.0,1,37,3.7,10.0,Day,Normal,No,0 0 0 0 0 0 0 0 0 0 0 0 0 0 0 0 0 0 0 0 0 0 0 0 0 0 0 0 0 0 0 0 0 0 0 0 0 1 1 1 1 1 1 1 1 1 1 1 1 1
C-000279,000279,Crash-1500/000279.mp4,CCD,official,train,10,50,5.0,1,32,3.2,10.0,Day,Normal,No,0 0 0 0 0 0 0 0 0 0 0 0 0 0 0 0 0 0 0 0 0 0 0 0 0 0 0 0 0 0 0 0 1 1 1 1 1 1 1 1 1 1 1 1 1 1 1 1 1 1
C-000280,000280,Crash-1500/000280.mp4,CCD,official,val,10,50,5.0,1,47,4.7,10.0,Day,Normal,Yes,0 0 0 0 0 0 0 0 0 0 0 0 0 0 0 0 0 0 0 0 0 0 0 0 0 0 0 0 0 0 0 0 0 0 0 0 0 0 0 0 0 0 0 0 0 0 0 1 1 1
C-000281,000281,Crash-1500/000281.mp4,CCD,official,train,10,50,5.0,1,39,3.9,10.0,Day,Normal,Yes,0 0 0 0 0 0 0 0 0 0 0 0 0 0 0 0 0 0 0 0 0 0 0 0 0 0 0 0 0 0 0 0 0 0 0 0 0 0 0 1 1 1 1 1 1 1 1 1 1 1
C-000282,000282,Crash-1500/000282.mp4,CCD,official,val,10,50,5.0,1,32,3.2,10.0,Day,Normal,No,0 0 0 0 0 0 0 0 0 0 0 0 0 0 0 0 0 0 0 0 0 0 0 0 0 0 0 0 0 0 0 0 1 1 1 1 1 1 1 1 1 1 1 1 1 1 1 1 1 1
C-000283,000283,Crash-1500/000283.mp4,CCD,official,train,10,50,5.0,1,42,4.2,10.0,Day,Normal,Yes,0 0 0 0 0 0 0 0 0 0 0 0 0 0 0 0 0 0 0 0 0 0 0 0 0 0 0 0 0 0 0 0 0 0 0 0 0 0 0 0 0 0 1 1 1 1 1 1 1 1
C-000284,000284,Crash-1500/000284.mp4,CCD,official,train,10,50,5.0,1,46,4.6,10.0,Day,Normal,No,0 0 0 0 0 0 0 0 0 0 0 0 0 0 0 0 0 0 0 0 0 0 0 0 0 0 0 0 0 0 0 0 0 0 0 0 0 0 0 0 0 0 0 0 0 0 1 1 1 1
C-000285,000285,Crash-1500/000285.mp4,CCD,official,train,10,50,5.0,1,40,4.0,10.0,Day,Normal,No,0 0 0 0 0 0 0 0 0 0 0 0 0 0 0 0 0 0 0 0 0 0 0 0 0 0 0 0 0 0 0 0 0 0 0 0 0 0 0 0 1 1 1 1 1 1 1 1 1 1
C-000286,000286,Crash-1500/000286.mp4,CCD,official,train,10,50,5.0,1,45,4.5,10.0,Day,Normal,No,0 0 0 0 0 0 0 0 0 0 0 0 0 0 0 0 0 0 0 0 0 0 0 0 0 0 0 0 0 0 0 0 0 0 0 0 0 0 0 0 0 0 0 0 0 1 1 1 1 1
C-000287,000287,Crash-1500/000287.mp4,CCD,official,train,10,50,5.0,1,34,3.4,10.0,Day,Normal,Yes,0 0 0 0 0 0 0 0 0 0 0 0 0 0 0 0 0 0 0 0 0 0 0 0 0 0 0 0 0 0 0 0 0 0 1 1 1 1 1 1 1 1 1 1 1 1 1 1 1 1
C-000288,000288,Crash-1500/000288.mp4,CCD,official,train,10,50,5.0,1,30,3.0,10.0,Day,Normal,No,0 0 0 0 0 0 0 0 0 0 0 0 0 0 0 0 0 0 0 0 0 0 0 0 0 0 0 0 0 0 1 1 1 1 1 1 1 1 1 1 1 1 1 1 1 1 1 1 1 1
C-000289,000289,Crash-1500/000289.mp4,CCD,official,train,10,50,5.0,1,41,4.1,10.0,Night,Normal,Yes,0 0 0 0 0 0 0 0 0 0 0 0 0 0 0 0 0 0 0 0 0 0 0 0 0 0 0 0 0 0 0 0 0 0 0 0 0 0 0 0 0 1 1 1 1 1 1 1 1 1
C-000290,000290,Crash-1500/000290.mp4,CCD,official,test,10,50,5.0,1,32,3.2,10.0,Day,Rainy,Yes,0 0 0 0 0 0 0 0 0 0 0 0 0 0 0 0 0 0 0 0 0 0 0 0 0 0 0 0 0 0 0 0 1 1 1 1 1 1 1 1 1 1 1 1 1 1 1 1 1 1
C-000291,000291,Crash-1500/000291.mp4,CCD,official,val,10,50,5.0,1,33,3.3,10.0,Day,Snowy,Yes,0 0 0 0 0 0 0 0 0 0 0 0 0 0 0 0 0 0 0 0 0 0 0 0 0 0 0 0 0 0 0 0 0 1 1 1 1 1 1 1 1 1 1 1 1 1 1 1 1 1
C-000292,000292,Crash-1500/000292.mp4,CCD,official,train,10,50,5.0,1,47,4.7,10.0,Day,Normal,Yes,0 0 0 0 0 0 0 0 0 0 0 0 0 0 0 0 0 0 0 0 0 0 0 0 0 0 0 0 0 0 0 0 0 0 0 0 0 0 0 0 0 0 0 0 0 0 0 1 1 1
C-000293,000293,Crash-1500/000293.mp4,CCD,official,train,10,50,5.0,1,41,4.1,10.0,Day,Snowy,Yes,0 0 0 0 0 0 0 0 0 0 0 0 0 0 0 0 0 0 0 0 0 0 0 0 0 0 0 0 0 0 0 0 0 0 0 0 0 0 0 0 0 1 1 1 1 1 1 1 1 1
C-000294,000294,Crash-1500/000294.mp4,CCD,official,test,10,50,5.0,1,39,3.9,10.0,Day,Snowy,Yes,0 0 0 0 0 0 0 0 0 0 0 0 0 0 0 0 0 0 0 0 0 0 0 0 0 0 0 0 0 0 0 0 0 0 0 0 0 0 0 1 1 1 1 1 1 1 1 1 1 1
C-000295,000295,Crash-1500/000295.mp4,CCD,official,train,10,50,5.0,1,45,4.5,10.0,Day,Snowy,Yes,0 0 0 0 0 0 0 0 0 0 0 0 0 0 0 0 0 0 0 0 0 0 0 0 0 0 0 0 0 0 0 0 0 0 0 0 0 0 0 0 0 0 0 0 0 1 1 1 1 1
C-000296,000296,Crash-1500/000296.mp4,CCD,official,train,10,50,5.0,1,44,4.4,10.0,Day,Normal,Yes,0 0 0 0 0 0 0 0 0 0 0 0 0 0 0 0 0 0 0 0 0 0 0 0 0 0 0 0 0 0 0 0 0 0 0 0 0 0 0 0 0 0 0 0 1 1 1 1 1 1
C-000297,000297,Crash-1500/000297.mp4,CCD,official,train,10,50,5.0,1,35,3.5,10.0,Night,Normal,No,0 0 0 0 0 0 0 0 0 0 0 0 0 0 0 0 0 0 0 0 0 0 0 0 0 0 0 0 0 0 0 0 0 0 0 1 1 1 1 1 1 1 1 1 1 1 1 1 1 1
C-000298,000298,Crash-1500/000298.mp4,CCD,official,train,10,50,5.0,1,49,4.9,10.0,Day,Snowy,Yes,0 0 0 0 0 0 0 0 0 0 0 0 0 0 0 0 0 0 0 0 0 0 0 0 0 0 0 0 0 0 0 0 0 0 0 0 0 0 0 0 0 0 0 0 0 0 0 0 0 1
C-000299,000299,Crash-1500/000299.mp4,CCD,official,train,10,50,5.0,1,47,4.7,10.0,Day,Snowy,Yes,0 0 0 0 0 0 0 0 0 0 0 0 0 0 0 0 0 0 0 0 0 0 0 0 0 0 0 0 0 0 0 0 0 0 0 0 0 0 0 0 0 0 0 0 0 0 0 1 1 1
C-000300,000300,Crash-1500/000300.mp4,CCD,official,train,10,50,5.0,1,38,3.8,10.0,Day,Normal,No,0 0 0 0 0 0 0 0 0 0 0 0 0 0 0 0 0 0 0 0 0 0 0 0 0 0 0 0 0 0 0 0 0 0 0 0 0 0 1 1 1 1 1 1 1 1 1 1 1 1
C-000301,000301,Crash-1500/000301.mp4,CCD,official,train,10,50,5.0,1,44,4.4,10.0,Day,Normal,Yes,0 0 0 0 0 0 0 0 0 0 0 0 0 0 0 0 0 0 0 0 0 0 0 0 0 0 0 0 0 0 0 0 0 0 0 0 0 0 0 0 0 0 0 0 1 1 1 1 1 1
C-000302,000302,Crash-1500/000302.mp4,CCD,official,train,10,50,5.0,1,46,4.6,10.0,Day,Rainy,Yes,0 0 0 0 0 0 0 0 0 0 0 0 0 0 0 0 0 0 0 0 0 0 0 0 0 0 0 0 0 0 0 0 0 0 0 0 0 0 0 0 0 0 0 0 0 0 1 1 1 1
C-000303,000303,Crash-1500/000303.mp4,CCD,official,train,10,50,5.0,1,37,3.7,10.0,Day,Snowy,Yes,0 0 0 0 0 0 0 0 0 0 0 0 0 0 0 0 0 0 0 0 0 0 0 0 0 0 0 0 0 0 0 0 0 0 0 0 0 1 1 1 1 1 1 1 1 1 1 1 1 1
C-000304,000304,Crash-1500/000304.mp4,CCD,official,train,10,50,5.0,1,42,4.2,10.0,Day,Rainy,No,0 0 0 0 0 0 0 0 0 0 0 0 0 0 0 0 0 0 0 0 0 0 0 0 0 0 0 0 0 0 0 0 0 0 0 0 0 0 0 0 0 0 1 1 1 1 1 1 1 1
C-000305,000305,Crash-1500/000305.mp4,CCD,official,train,10,50,5.0,1,48,4.8,10.0,Day,Normal,Yes,0 0 0 0 0 0 0 0 0 0 0 0 0 0 0 0 0 0 0 0 0 0 0 0 0 0 0 0 0 0 0 0 0 0 0 0 0 0 0 0 0 0 0 0 0 0 0 0 1 1
C-000306,000306,Crash-1500/000306.mp4,CCD,official,train,10,50,5.0,1,34,3.4,10.0,Day,Normal,Yes,0 0 0 0 0 0 0 0 0 0 0 0 0 0 0 0 0 0 0 0 0 0 0 0 0 0 0 0 0 0 0 0 0 0 1 1 1 1 1 1 1 1 1 1 1 1 1 1 1 1
C-000307,000307,Crash-1500/000307.mp4,CCD,official,train,10,50,5.0,1,31,3.1,10.0,Day,Snowy,Yes,0 0 0 0 0 0 0 0 0 0 0 0 0 0 0 0 0 0 0 0 0 0 0 0 0 0 0 0 0 0 0 1 1 1 1 1 1 1 1 1 1 1 1 1 1 1 1 1 1 1
C-000308,000308,Crash-1500/000308.mp4,CCD,official,val,10,50,5.0,1,32,3.2,10.0,Day,Normal,Yes,0 0 0 0 0 0 0 0 0 0 0 0 0 0 0 0 0 0 0 0 0 0 0 0 0 0 0 0 0 0 0 0 1 1 1 1 1 1 1 1 1 1 1 1 1 1 1 1 1 1
C-000309,000309,Crash-1500/000309.mp4,CCD,official,train,10,50,5.0,1,39,3.9,10.0,Day,Normal,No,0 0 0 0 0 0 0 0 0 0 0 0 0 0 0 0 0 0 0 0 0 0 0 0 0 0 0 0 0 0 0 0 0 0 0 0 0 0 0 1 1 1 1 1 1 1 1 1 1 1
C-000310,000310,Crash-1500/000310.mp4,CCD,official,train,10,50,5.0,1,36,3.6,10.0,Day,Snowy,Yes,0 0 0 0 0 0 0 0 0 0 0 0 0 0 0 0 0 0 0 0 0 0 0 0 0 0 0 0 0 0 0 0 0 0 0 0 1 1 1 1 1 1 1 1 1 1 1 1 1 1
C-000311,000311,Crash-1500/000311.mp4,CCD,official,test,10,50,5.0,1,33,3.3,10.0,Day,Normal,No,0 0 0 0 0 0 0 0 0 0 0 0 0 0 0 0 0 0 0 0 0 0 0 0 0 0 0 0 0 0 0 0 0 1 1 1 1 1 1 1 1 1 1 1 1 1 1 1 1 1
C-000312,000312,Crash-1500/000312.mp4,CCD,official,val,10,50,5.0,1,38,3.8,10.0,Day,Normal,No,0 0 0 0 0 0 0 0 0 0 0 0 0 0 0 0 0 0 0 0 0 0 0 0 0 0 0 0 0 0 0 0 0 0 0 0 0 0 1 1 1 1 1 1 1 1 1 1 1 1
C-000313,000313,Crash-1500/000313.mp4,CCD,official,test,10,50,5.0,1,31,3.1,10.0,Day,Snowy,No,0 0 0 0 0 0 0 0 0 0 0 0 0 0 0 0 0 0 0 0 0 0 0 0 0 0 0 0 0 0 0 1 1 1 1 1 1 1 1 1 1 1 1 1 1 1 1 1 1 1
C-000314,000314,Crash-1500/000314.mp4,CCD,official,train,10,50,5.0,1,36,3.6,10.0,Night,Normal,No,0 0 0 0 0 0 0 0 0 0 0 0 0 0 0 0 0 0 0 0 0 0 0 0 0 0 0 0 0 0 0 0 0 0 0 0 1 1 1 1 1 1 1 1 1 1 1 1 1 1
C-000315,000315,Crash-1500/000315.mp4,CCD,official,val,10,50,5.0,1,31,3.1,10.0,Day,Normal,Yes,0 0 0 0 0 0 0 0 0 0 0 0 0 0 0 0 0 0 0 0 0 0 0 0 0 0 0 0 0 0 0 1 1 1 1 1 1 1 1 1 1 1 1 1 1 1 1 1 1 1
C-000316,000316,Crash-1500/000316.mp4,CCD,official,train,10,50,5.0,1,46,4.6,10.0,Day,Normal,Yes,0 0 0 0 0 0 0 0 0 0 0 0 0 0 0 0 0 0 0 0 0 0 0 0 0 0 0 0 0 0 0 0 0 0 0 0 0 0 0 0 0 0 0 0 0 0 1 1 1 1
C-000317,000317,Crash-1500/000317.mp4,CCD,official,val,10,50,5.0,1,33,3.3,10.0,Day,Normal,Yes,0 0 0 0 0 0 0 0 0 0 0 0 0 0 0 0 0 0 0 0 0 0 0 0 0 0 0 0 0 0 0 0 0 1 1 1 1 1 1 1 1 1 1 1 1 1 1 1 1 1
C-000318,000318,Crash-1500/000318.mp4,CCD,official,test,10,50,5.0,1,35,3.5,10.0,Night,Normal,Yes,0 0 0 0 0 0 0 0 0 0 0 0 0 0 0 0 0 0 0 0 0 0 0 0 0 0 0 0 0 0 0 0 0 0 0 1 1 1 1 1 1 1 1 1 1 1 1 1 1 1
C-000319,000319,Crash-1500/000319.mp4,CCD,official,train,10,50,5.0,1,49,4.9,10.0,Day,Normal,Yes,0 0 0 0 0 0 0 0 0 0 0 0 0 0 0 0 0 0 0 0 0 0 0 0 0 0 0 0 0 0 0 0 0 0 0 0 0 0 0 0 0 0 0 0 0 0 0 0 0 1
C-000320,000320,Crash-1500/000320.mp4,CCD,official,test,10,50,5.0,1,44,4.4,10.0,Day,Snowy,Yes,0 0 0 0 0 0 0 0 0 0 0 0 0 0 0 0 0 0 0 0 0 0 0 0 0 0 0 0 0 0 0 0 0 0 0 0 0 0 0 0 0 0 0 0 1 1 1 1 1 1
C-000321,000321,Crash-1500/000321.mp4,CCD,official,train,10,50,5.0,1,47,4.7,10.0,Night,Normal,Yes,0 0 0 0 0 0 0 0 0 0 0 0 0 0 0 0 0 0 0 0 0 0 0 0 0 0 0 0 0 0 0 0 0 0 0 0 0 0 0 0 0 0 0 0 0 0 0 1 1 1
C-000322,000322,Crash-1500/000322.mp4,CCD,official,train,10,50,5.0,1,34,3.4,10.0,Day,Normal,No,0 0 0 0 0 0 0 0 0 0 0 0 0 0 0 0 0 0 0 0 0 0 0 0 0 0 0 0 0 0 0 0 0 0 1 1 1 1 1 1 1 1 1 1 1 1 1 1 1 1
C-000323,000323,Crash-1500/000323.mp4,CCD,official,train,10,50,5.0,1,30,3.0,10.0,Day,Normal,Yes,0 0 0 0 0 0 0 0 0 0 0 0 0 0 0 0 0 0 0 0 0 0 0 0 0 0 0 0 0 0 1 1 1 1 1 1 1 1 1 1 1 1 1 1 1 1 1 1 1 1
C-000324,000324,Crash-1500/000324.mp4,CCD,official,test,10,50,5.0,1,33,3.3,10.0,Day,Normal,Yes,0 0 0 0 0 0 0 0 0 0 0 0 0 0 0 0 0 0 0 0 0 0 0 0 0 0 0 0 0 0 0 0 0 1 1 1 1 1 1 1 1 1 1 1 1 1 1 1 1 1
C-000325,000325,Crash-1500/000325.mp4,CCD,official,train,10,50,5.0,1,42,4.2,10.0,Day,Normal,No,0 0 0 0 0 0 0 0 0 0 0 0 0 0 0 0 0 0 0 0 0 0 0 0 0 0 0 0 0 0 0 0 0 0 0 0 0 0 0 0 0 0 1 1 1 1 1 1 1 1
C-000326,000326,Crash-1500/000326.mp4,CCD,official,val,10,50,5.0,1,30,3.0,10.0,Day,Normal,Yes,0 0 0 0 0 0 0 0 0 0 0 0 0 0 0 0 0 0 0 0 0 0 0 0 0 0 0 0 0 0 1 1 1 1 1 1 1 1 1 1 1 1 1 1 1 1 1 1 1 1
C-000327,000327,Crash-1500/000327.mp4,CCD,official,val,10,50,5.0,1,35,3.5,10.0,Day,Normal,No,0 0 0 0 0 0 0 0 0 0 0 0 0 0 0 0 0 0 0 0 0 0 0 0 0 0 0 0 0 0 0 0 0 0 0 1 1 1 1 1 1 1 1 1 1 1 1 1 1 1
C-000328,000328,Crash-1500/000328.mp4,CCD,official,val,10,50,5.0,1,35,3.5,10.0,Day,Normal,No,0 0 0 0 0 0 0 0 0 0 0 0 0 0 0 0 0 0 0 0 0 0 0 0 0 0 0 0 0 0 0 0 0 0 0 1 1 1 1 1 1 1 1 1 1 1 1 1 1 1
C-000329,000329,Crash-1500/000329.mp4,CCD,official,val,10,50,5.0,1,40,4.0,10.0,Night,Normal,Yes,0 0 0 0 0 0 0 0 0 0 0 0 0 0 0 0 0 0 0 0 0 0 0 0 0 0 0 0 0 0 0 0 0 0 0 0 0 0 0 0 1 1 1 1 1 1 1 1 1 1
C-000330,000330,Crash-1500/000330.mp4,CCD,official,val,10,50,5.0,1,38,3.8,10.0,Day,Normal,Yes,0 0 0 0 0 0 0 0 0 0 0 0 0 0 0 0 0 0 0 0 0 0 0 0 0 0 0 0 0 0 0 0 0 0 0 0 0 0 1 1 1 1 1 1 1 1 1 1 1 1
C-000331,000331,Crash-1500/000331.mp4,CCD,official,train,10,50,5.0,1,34,3.4,10.0,Day,Normal,No,0 0 0 0 0 0 0 0 0 0 0 0 0 0 0 0 0 0 0 0 0 0 0 0 0 0 0 0 0 0 0 0 0 0 1 1 1 1 1 1 1 1 1 1 1 1 1 1 1 1
C-000332,000332,Crash-1500/000332.mp4,CCD,official,train,10,50,5.0,1,42,4.2,10.0,Day,Normal,No,0 0 0 0 0 0 0 0 0 0 0 0 0 0 0 0 0 0 0 0 0 0 0 0 0 0 0 0 0 0 0 0 0 0 0 0 0 0 0 0 0 0 1 1 1 1 1 1 1 1
C-000333,000333,Crash-1500/000333.mp4,CCD,official,val,10,50,5.0,1,40,4.0,10.0,Day,Normal,No,0 0 0 0 0 0 0 0 0 0 0 0 0 0 0 0 0 0 0 0 0 0 0 0 0 0 0 0 0 0 0 0 0 0 0 0 0 0 0 0 1 1 1 1 1 1 1 1 1 1
C-000334,000334,Crash-1500/000334.mp4,CCD,official,train,10,50,5.0,1,33,3.3,10.0,Day,Normal,Yes,0 0 0 0 0 0 0 0 0 0 0 0 0 0 0 0 0 0 0 0 0 0 0 0 0 0 0 0 0 0 0 0 0 1 1 1 1 1 1 1 1 1 1 1 1 1 1 1 1 1
C-000335,000335,Crash-1500/000335.mp4,CCD,official,test,10,50,5.0,1,36,3.6,10.0,Day,Normal,Yes,0 0 0 0 0 0 0 0 0 0 0 0 0 0 0 0 0 0 0 0 0 0 0 0 0 0 0 0 0 0 0 0 0 0 0 0 1 1 1 1 1 1 1 1 1 1 1 1 1 1
C-000336,000336,Crash-1500/000336.mp4,CCD,official,train,10,50,5.0,1,44,4.4,10.0,Day,Normal,Yes,0 0 0 0 0 0 0 0 0 0 0 0 0 0 0 0 0 0 0 0 0 0 0 0 0 0 0 0 0 0 0 0 0 0 0 0 0 0 0 0 0 0 0 0 1 1 1 1 1 1
C-000337,000337,Crash-1500/000337.mp4,CCD,official,train,10,50,5.0,1,31,3.1,10.0,Day,Normal,Yes,0 0 0 0 0 0 0 0 0 0 0 0 0 0 0 0 0 0 0 0 0 0 0 0 0 0 0 0 0 0 0 1 1 1 1 1 1 1 1 1 1 1 1 1 1 1 1 1 1 1
C-000338,000338,Crash-1500/000338.mp4,CCD,official,train,10,50,5.0,1,49,4.9,10.0,Day,Normal,No,0 0 0 0 0 0 0 0 0 0 0 0 0 0 0 0 0 0 0 0 0 0 0 0 0 0 0 0 0 0 0 0 0 0 0 0 0 0 0 0 0 0 0 0 0 0 0 0 0 1
C-000339,000339,Crash-1500/000339.mp4,CCD,official,val,10,50,5.0,1,38,3.8,10.0,Day,Normal,Yes,0 0 0 0 0 0 0 0 0 0 0 0 0 0 0 0 0 0 0 0 0 0 0 0 0 0 0 0 0 0 0 0 0 0 0 0 0 0 1 1 1 1 1 1 1 1 1 1 1 1
C-000340,000340,Crash-1500/000340.mp4,CCD,official,test,10,50,5.0,1,32,3.2,10.0,Day,Normal,Yes,0 0 0 0 0 0 0 0 0 0 0 0 0 0 0 0 0 0 0 0 0 0 0 0 0 0 0 0 0 0 0 0 1 1 1 1 1 1 1 1 1 1 1 1 1 1 1 1 1 1
C-000341,000341,Crash-1500/000341.mp4,CCD,official,train,10,50,5.0,1,38,3.8,10.0,Day,Normal,No,0 0 0 0 0 0 0 0 0 0 0 0 0 0 0 0 0 0 0 0 0 0 0 0 0 0 0 0 0 0 0 0 0 0 0 0 0 0 1 1 1 1 1 1 1 1 1 1 1 1
C-000342,000342,Crash-1500/000342.mp4,CCD,official,val,10,50,5.0,1,37,3.7,10.0,Day,Normal,Yes,0 0 0 0 0 0 0 0 0 0 0 0 0 0 0 0 0 0 0 0 0 0 0 0 0 0 0 0 0 0 0 0 0 0 0 0 0 1 1 1 1 1 1 1 1 1 1 1 1 1
C-000343,000343,Crash-1500/000343.mp4,CCD,official,train,10,50,5.0,1,36,3.6,10.0,Day,Rainy,Yes,0 0 0 0 0 0 0 0 0 0 0 0 0 0 0 0 0 0 0 0 0 0 0 0 0 0 0 0 0 0 0 0 0 0 0 0 1 1 1 1 1 1 1 1 1 1 1 1 1 1
C-000344,000344,Crash-1500/000344.mp4,CCD,official,test,10,50,5.0,1,41,4.1,10.0,Day,Normal,No,0 0 0 0 0 0 0 0 0 0 0 0 0 0 0 0 0 0 0 0 0 0 0 0 0 0 0 0 0 0 0 0 0 0 0 0 0 0 0 0 0 1 1 1 1 1 1 1 1 1
C-000345,000345,Crash-1500/000345.mp4,CCD,official,test,10,50,5.0,1,34,3.4,10.0,Day,Normal,Yes,0 0 0 0 0 0 0 0 0 0 0 0 0 0 0 0 0 0 0 0 0 0 0 0 0 0 0 0 0 0 0 0 0 0 1 1 1 1 1 1 1 1 1 1 1 1 1 1 1 1
C-000346,000346,Crash-1500/000346.mp4,CCD,official,val,10,50,5.0,1,39,3.9,10.0,Day,Normal,Yes,0 0 0 0 0 0 0 0 0 0 0 0 0 0 0 0 0 0 0 0 0 0 0 0 0 0 0 0 0 0 0 0 0 0 0 0 0 0 0 1 1 1 1 1 1 1 1 1 1 1
C-000347,000347,Crash-1500/000347.mp4,CCD,official,train,10,50,5.0,1,33,3.3,10.0,Day,Normal,No,0 0 0 0 0 0 0 0 0 0 0 0 0 0 0 0 0 0 0 0 0 0 0 0 0 0 0 0 0 0 0 0 0 1 1 1 1 1 1 1 1 1 1 1 1 1 1 1 1 1
C-000348,000348,Crash-1500/000348.mp4,CCD,official,train,10,50,5.0,1,43,4.3,10.0,Night,Normal,No,0 0 0 0 0 0 0 0 0 0 0 0 0 0 0 0 0 0 0 0 0 0 0 0 0 0 0 0 0 0 0 0 0 0 0 0 0 0 0 0 0 0 0 1 1 1 1 1 1 1
C-000349,000349,Crash-1500/000349.mp4,CCD,official,train,10,50,5.0,1,37,3.7,10.0,Day,Normal,No,0 0 0 0 0 0 0 0 0 0 0 0 0 0 0 0 0 0 0 0 0 0 0 0 0 0 0 0 0 0 0 0 0 0 0 0 0 1 1 1 1 1 1 1 1 1 1 1 1 1
C-000350,000350,Crash-1500/000350.mp4,CCD,official,test,10,50,5.0,1,42,4.2,10.0,Day,Normal,No,0 0 0 0 0 0 0 0 0 0 0 0 0 0 0 0 0 0 0 0 0 0 0 0 0 0 0 0 0 0 0 0 0 0 0 0 0 0 0 0 0 0 1 1 1 1 1 1 1 1
C-000351,000351,Crash-1500/000351.mp4,CCD,official,train,10,50,5.0,1,40,4.0,10.0,Day,Rainy,No,0 0 0 0 0 0 0 0 0 0 0 0 0 0 0 0 0 0 0 0 0 0 0 0 0 0 0 0 0 0 0 0 0 0 0 0 0 0 0 0 1 1 1 1 1 1 1 1 1 1
C-000352,000352,Crash-1500/000352.mp4,CCD,official,train,10,50,5.0,1,40,4.0,10.0,Day,Normal,No,0 0 0 0 0 0 0 0 0 0 0 0 0 0 0 0 0 0 0 0 0 0 0 0 0 0 0 0 0 0 0 0 0 0 0 0 0 0 0 0 1 1 1 1 1 1 1 1 1 1
C-000353,000353,Crash-1500/000353.mp4,CCD,official,test,10,50,5.0,1,31,3.1,10.0,Day,Normal,No,0 0 0 0 0 0 0 0 0 0 0 0 0 0 0 0 0 0 0 0 0 0 0 0 0 0 0 0 0 0 0 1 1 1 1 1 1 1 1 1 1 1 1 1 1 1 1 1 1 1
C-000354,000354,Crash-1500/000354.mp4,CCD,official,train,10,50,5.0,1,34,3.4,10.0,Day,Normal,Yes,0 0 0 0 0 0 0 0 0 0 0 0 0 0 0 0 0 0 0 0 0 0 0 0 0 0 0 0 0 0 0 0 0 0 1 1 1 1 1 1 1 1 1 1 1 1 1 1 1 1
C-000355,000355,Crash-1500/000355.mp4,CCD,official,train,10,50,5.0,1,39,3.9,10.0,Day,Normal,No,0 0 0 0 0 0 0 0 0 0 0 0 0 0 0 0 0 0 0 0 0 0 0 0 0 0 0 0 0 0 0 0 0 0 0 0 0 0 0 1 1 1 1 1 1 1 1 1 1 1
C-000356,000356,Crash-1500/000356.mp4,CCD,official,val,10,50,5.0,1,41,4.1,10.0,Day,Rainy,Yes,0 0 0 0 0 0 0 0 0 0 0 0 0 0 0 0 0 0 0 0 0 0 0 0 0 0 0 0 0 0 0 0 0 0 0 0 0 0 0 0 0 1 1 1 1 1 1 1 1 1
C-000357,000357,Crash-1500/000357.mp4,CCD,official,train,10,50,5.0,1,34,3.4,10.0,Night,Rainy,No,0 0 0 0 0 0 0 0 0 0 0 0 0 0 0 0 0 0 0 0 0 0 0 0 0 0 0 0 0 0 0 0 0 0 1 1 1 1 1 1 1 1 1 1 1 1 1 1 1 1
C-000358,000358,Crash-1500/000358.mp4,CCD,official,test,10,50,5.0,1,37,3.7,10.0,Day,Normal,Yes,0 0 0 0 0 0 0 0 0 0 0 0 0 0 0 0 0 0 0 0 0 0 0 0 0 0 0 0 0 0 0 0 0 0 0 0 0 1 1 1 1 1 1 1 1 1 1 1 1 1
C-000359,000359,Crash-1500/000359.mp4,CCD,official,train,10,50,5.0,1,37,3.7,10.0,Night,Normal,Yes,0 0 0 0 0 0 0 0 0 0 0 0 0 0 0 0 0 0 0 0 0 0 0 0 0 0 0 0 0 0 0 0 0 0 0 0 0 1 1 1 1 1 1 1 1 1 1 1 1 1
C-000360,000360,Crash-1500/000360.mp4,CCD,official,test,10,50,5.0,1,39,3.9,10.0,Day,Normal,Yes,0 0 0 0 0 0 0 0 0 0 0 0 0 0 0 0 0 0 0 0 0 0 0 0 0 0 0 0 0 0 0 0 0 0 0 0 0 0 0 1 1 1 1 1 1 1 1 1 1 1
C-000361,000361,Crash-1500/000361.mp4,CCD,official,train,10,50,5.0,1,33,3.3,10.0,Day,Normal,No,0 0 0 0 0 0 0 0 0 0 0 0 0 0 0 0 0 0 0 0 0 0 0 0 0 0 0 0 0 0 0 0 0 1 1 1 1 1 1 1 1 1 1 1 1 1 1 1 1 1
C-000362,000362,Crash-1500/000362.mp4,CCD,official,train,10,50,5.0,1,33,3.3,10.0,Day,Normal,Yes,0 0 0 0 0 0 0 0 0 0 0 0 0 0 0 0 0 0 0 0 0 0 0 0 0 0 0 0 0 0 0 0 0 1 1 1 1 1 1 1 1 1 1 1 1 1 1 1 1 1
C-000363,000363,Crash-1500/000363.mp4,CCD,official,train,10,50,5.0,1,33,3.3,10.0,Day,Normal,Yes,0 0 0 0 0 0 0 0 0 0 0 0 0 0 0 0 0 0 0 0 0 0 0 0 0 0 0 0 0 0 0 0 0 1 1 1 1 1 1 1 1 1 1 1 1 1 1 1 1 1
C-000364,000364,Crash-1500/000364.mp4,CCD,official,train,10,50,5.0,1,48,4.8,10.0,Day,Rainy,Yes,0 0 0 0 0 0 0 0 0 0 0 0 0 0 0 0 0 0 0 0 0 0 0 0 0 0 0 0 0 0 0 0 0 0 0 0 0 0 0 0 0 0 0 0 0 0 0 0 1 1
C-000365,000365,Crash-1500/000365.mp4,CCD,official,train,10,50,5.0,1,34,3.4,10.0,Day,Rainy,No,0 0 0 0 0 0 0 0 0 0 0 0 0 0 0 0 0 0 0 0 0 0 0 0 0 0 0 0 0 0 0 0 0 0 1 1 1 1 1 1 1 1 1 1 1 1 1 1 1 1
C-000366,000366,Crash-1500/000366.mp4,CCD,official,train,10,50,5.0,1,41,4.1,10.0,Day,Normal,No,0 0 0 0 0 0 0 0 0 0 0 0 0 0 0 0 0 0 0 0 0 0 0 0 0 0 0 0 0 0 0 0 0 0 0 0 0 0 0 0 0 1 1 1 1 1 1 1 1 1
C-000367,000367,Crash-1500/000367.mp4,CCD,official,train,10,50,5.0,1,37,3.7,10.0,Day,Normal,No,0 0 0 0 0 0 0 0 0 0 0 0 0 0 0 0 0 0 0 0 0 0 0 0 0 0 0 0 0 0 0 0 0 0 0 0 0 1 1 1 1 1 1 1 1 1 1 1 1 1
C-000368,000368,Crash-1500/000368.mp4,CCD,official,train,10,50,5.0,1,33,3.3,10.0,Day,Normal,No,0 0 0 0 0 0 0 0 0 0 0 0 0 0 0 0 0 0 0 0 0 0 0 0 0 0 0 0 0 0 0 0 0 1 1 1 1 1 1 1 1 1 1 1 1 1 1 1 1 1
C-000369,000369,Crash-1500/000369.mp4,CCD,official,test,10,50,5.0,1,42,4.2,10.0,Night,Normal,No,0 0 0 0 0 0 0 0 0 0 0 0 0 0 0 0 0 0 0 0 0 0 0 0 0 0 0 0 0 0 0 0 0 0 0 0 0 0 0 0 0 0 1 1 1 1 1 1 1 1
C-000370,000370,Crash-1500/000370.mp4,CCD,official,val,10,50,5.0,1,32,3.2,10.0,Day,Normal,Yes,0 0 0 0 0 0 0 0 0 0 0 0 0 0 0 0 0 0 0 0 0 0 0 0 0 0 0 0 0 0 0 0 1 1 1 1 1 1 1 1 1 1 1 1 1 1 1 1 1 1
C-000371,000371,Crash-1500/000371.mp4,CCD,official,train,10,50,5.0,1,36,3.6,10.0,Night,Normal,Yes,0 0 0 0 0 0 0 0 0 0 0 0 0 0 0 0 0 0 0 0 0 0 0 0 0 0 0 0 0 0 0 0 0 0 0 0 1 1 1 1 1 1 1 1 1 1 1 1 1 1
C-000372,000372,Crash-1500/000372.mp4,CCD,official,val,10,50,5.0,1,33,3.3,10.0,Day,Rainy,No,0 0 0 0 0 0 0 0 0 0 0 0 0 0 0 0 0 0 0 0 0 0 0 0 0 0 0 0 0 0 0 0 0 1 1 1 1 1 1 1 1 1 1 1 1 1 1 1 1 1
C-000373,000373,Crash-1500/000373.mp4,CCD,official,train,10,50,5.0,1,34,3.4,10.0,Day,Normal,No,0 0 0 0 0 0 0 0 0 0 0 0 0 0 0 0 0 0 0 0 0 0 0 0 0 0 0 0 0 0 0 0 0 0 1 1 1 1 1 1 1 1 1 1 1 1 1 1 1 1
C-000374,000374,Crash-1500/000374.mp4,CCD,official,train,10,50,5.0,1,47,4.7,10.0,Day,Rainy,No,0 0 0 0 0 0 0 0 0 0 0 0 0 0 0 0 0 0 0 0 0 0 0 0 0 0 0 0 0 0 0 0 0 0 0 0 0 0 0 0 0 0 0 0 0 0 0 1 1 1
C-000375,000375,Crash-1500/000375.mp4,CCD,official,test,10,50,5.0,1,37,3.7,10.0,Day,Normal,Yes,0 0 0 0 0 0 0 0 0 0 0 0 0 0 0 0 0 0 0 0 0 0 0 0 0 0 0 0 0 0 0 0 0 0 0 0 0 1 1 1 1 1 1 1 1 1 1 1 1 1
C-000376,000376,Crash-1500/000376.mp4,CCD,official,val,10,50,5.0,1,30,3.0,10.0,Day,Normal,Yes,0 0 0 0 0 0 0 0 0 0 0 0 0 0 0 0 0 0 0 0 0 0 0 0 0 0 0 0 0 0 1 1 1 1 1 1 1 1 1 1 1 1 1 1 1 1 1 1 1 1
C-000377,000377,Crash-1500/000377.mp4,CCD,official,test,10,50,5.0,1,44,4.4,10.0,Day,Normal,Yes,0 0 0 0 0 0 0 0 0 0 0 0 0 0 0 0 0 0 0 0 0 0 0 0 0 0 0 0 0 0 0 0 0 0 0 0 0 0 0 0 0 0 0 0 1 1 1 1 1 1
C-000378,000378,Crash-1500/000378.mp4,CCD,official,train,10,50,5.0,1,34,3.4,10.0,Night,Normal,Yes,0 0 0 0 0 0 0 0 0 0 0 0 0 0 0 0 0 0 0 0 0 0 0 0 0 0 0 0 0 0 0 0 0 0 1 1 1 1 1 1 1 1 1 1 1 1 1 1 1 1
C-000379,000379,Crash-1500/000379.mp4,CCD,official,test,10,50,5.0,1,45,4.5,10.0,Day,Snowy,Yes,0 0 0 0 0 0 0 0 0 0 0 0 0 0 0 0 0 0 0 0 0 0 0 0 0 0 0 0 0 0 0 0 0 0 0 0 0 0 0 0 0 0 0 0 0 1 1 1 1 1
C-000380,000380,Crash-1500/000380.mp4,CCD,official,train,10,50,5.0,1,47,4.7,10.0,Day,Normal,No,0 0 0 0 0 0 0 0 0 0 0 0 0 0 0 0 0 0 0 0 0 0 0 0 0 0 0 0 0 0 0 0 0 0 0 0 0 0 0 0 0 0 0 0 0 0 0 1 1 1
C-000381,000381,Crash-1500/000381.mp4,CCD,official,train,10,50,5.0,1,32,3.2,10.0,Day,Snowy,Yes,0 0 0 0 0 0 0 0 0 0 0 0 0 0 0 0 0 0 0 0 0 0 0 0 0 0 0 0 0 0 0 0 1 1 1 1 1 1 1 1 1 1 1 1 1 1 1 1 1 1
C-000382,000382,Crash-1500/000382.mp4,CCD,official,train,10,50,5.0,1,47,4.7,10.0,Night,Normal,Yes,0 0 0 0 0 0 0 0 0 0 0 0 0 0 0 0 0 0 0 0 0 0 0 0 0 0 0 0 0 0 0 0 0 0 0 0 0 0 0 0 0 0 0 0 0 0 0 1 1 1
C-000383,000383,Crash-1500/000383.mp4,CCD,official,test,10,50,5.0,1,32,3.2,10.0,Night,Normal,No,0 0 0 0 0 0 0 0 0 0 0 0 0 0 0 0 0 0 0 0 0 0 0 0 0 0 0 0 0 0 0 0 1 1 1 1 1 1 1 1 1 1 1 1 1 1 1 1 1 1
C-000384,000384,Crash-1500/000384.mp4,CCD,official,train,10,50,5.0,1,32,3.2,10.0,Night,Normal,No,0 0 0 0 0 0 0 0 0 0 0 0 0 0 0 0 0 0 0 0 0 0 0 0 0 0 0 0 0 0 0 0 1 1 1 1 1 1 1 1 1 1 1 1 1 1 1 1 1 1
C-000385,000385,Crash-1500/000385.mp4,CCD,official,test,10,50,5.0,1,49,4.9,10.0,Night,Normal,No,0 0 0 0 0 0 0 0 0 0 0 0 0 0 0 0 0 0 0 0 0 0 0 0 0 0 0 0 0 0 0 0 0 0 0 0 0 0 0 0 0 0 0 0 0 0 0 0 0 1
C-000386,000386,Crash-1500/000386.mp4,CCD,official,train,10,50,5.0,1,48,4.8,10.0,Day,Snowy,Yes,0 0 0 0 0 0 0 0 0 0 0 0 0 0 0 0 0 0 0 0 0 0 0 0 0 0 0 0 0 0 0 0 0 0 0 0 0 0 0 0 0 0 0 0 0 0 0 0 1 1
C-000387,000387,Crash-1500/000387.mp4,CCD,official,train,10,50,5.0,1,30,3.0,10.0,Day,Snowy,No,0 0 0 0 0 0 0 0 0 0 0 0 0 0 0 0 0 0 0 0 0 0 0 0 0 0 0 0 0 0 1 1 1 1 1 1 1 1 1 1 1 1 1 1 1 1 1 1 1 1
C-000388,000388,Crash-1500/000388.mp4,CCD,official,train,10,50,5.0,1,48,4.8,10.0,Night,Snowy,Yes,0 0 0 0 0 0 0 0 0 0 0 0 0 0 0 0 0 0 0 0 0 0 0 0 0 0 0 0 0 0 0 0 0 0 0 0 0 0 0 0 0 0 0 0 0 0 0 0 1 1
C-000389,000389,Crash-1500/000389.mp4,CCD,official,test,10,50,5.0,1,45,4.5,10.0,Night,Normal,No,0 0 0 0 0 0 0 0 0 0 0 0 0 0 0 0 0 0 0 0 0 0 0 0 0 0 0 0 0 0 0 0 0 0 0 0 0 0 0 0 0 0 0 0 0 1 1 1 1 1
C-000390,000390,Crash-1500/000390.mp4,CCD,official,val,10,50,5.0,1,33,3.3,10.0,Day,Normal,No,0 0 0 0 0 0 0 0 0 0 0 0 0 0 0 0 0 0 0 0 0 0 0 0 0 0 0 0 0 0 0 0 0 1 1 1 1 1 1 1 1 1 1 1 1 1 1 1 1 1
C-000391,000391,Crash-1500/000391.mp4,CCD,official,train,10,50,5.0,1,33,3.3,10.0,Day,Rainy,No,0 0 0 0 0 0 0 0 0 0 0 0 0 0 0 0 0 0 0 0 0 0 0 0 0 0 0 0 0 0 0 0 0 1 1 1 1 1 1 1 1 1 1 1 1 1 1 1 1 1
C-000392,000392,Crash-1500/000392.mp4,CCD,official,val,10,50,5.0,1,35,3.5,10.0,Night,Normal,No,0 0 0 0 0 0 0 0 0 0 0 0 0 0 0 0 0 0 0 0 0 0 0 0 0 0 0 0 0 0 0 0 0 0 0 1 1 1 1 1 1 1 1 1 1 1 1 1 1 1
C-000393,000393,Crash-1500/000393.mp4,CCD,official,train,10,50,5.0,1,36,3.6,10.0,Day,Rainy,Yes,0 0 0 0 0 0 0 0 0 0 0 0 0 0 0 0 0 0 0 0 0 0 0 0 0 0 0 0 0 0 0 0 0 0 0 0 1 1 1 1 1 1 1 1 1 1 1 1 1 1
C-000394,000394,Crash-1500/000394.mp4,CCD,official,test,10,50,5.0,1,41,4.1,10.0,Day,Snowy,Yes,0 0 0 0 0 0 0 0 0 0 0 0 0 0 0 0 0 0 0 0 0 0 0 0 0 0 0 0 0 0 0 0 0 0 0 0 0 0 0 0 0 1 1 1 1 1 1 1 1 1
C-000395,000395,Crash-1500/000395.mp4,CCD,official,train,10,50,5.0,1,32,3.2,10.0,Night,Snowy,No,0 0 0 0 0 0 0 0 0 0 0 0 0 0 0 0 0 0 0 0 0 0 0 0 0 0 0 0 0 0 0 0 1 1 1 1 1 1 1 1 1 1 1 1 1 1 1 1 1 1
C-000396,000396,Crash-1500/000396.mp4,CCD,official,val,10,50,5.0,1,36,3.6,10.0,Day,Rainy,No,0 0 0 0 0 0 0 0 0 0 0 0 0 0 0 0 0 0 0 0 0 0 0 0 0 0 0 0 0 0 0 0 0 0 0 0 1 1 1 1 1 1 1 1 1 1 1 1 1 1
C-000397,000397,Crash-1500/000397.mp4,CCD,official,train,10,50,5.0,1,42,4.2,10.0,Night,Normal,Yes,0 0 0 0 0 0 0 0 0 0 0 0 0 0 0 0 0 0 0 0 0 0 0 0 0 0 0 0 0 0 0 0 0 0 0 0 0 0 0 0 0 0 1 1 1 1 1 1 1 1
C-000398,000398,Crash-1500/000398.mp4,CCD,official,test,10,50,5.0,1,32,3.2,10.0,Day,Snowy,Yes,0 0 0 0 0 0 0 0 0 0 0 0 0 0 0 0 0 0 0 0 0 0 0 0 0 0 0 0 0 0 0 0 1 1 1 1 1 1 1 1 1 1 1 1 1 1 1 1 1 1
C-000399,000399,Crash-1500/000399.mp4,CCD,official,val,10,50,5.0,1,45,4.5,10.0,Day,Snowy,Yes,0 0 0 0 0 0 0 0 0 0 0 0 0 0 0 0 0 0 0 0 0 0 0 0 0 0 0 0 0 0 0 0 0 0 0 0 0 0 0 0 0 0 0 0 0 1 1 1 1 1
C-000400,000400,Crash-1500/000400.mp4,CCD,official,train,10,50,5.0,1,39,3.9,10.0,Day,Snowy,Yes,0 0 0 0 0 0 0 0 0 0 0 0 0 0 0 0 0 0 0 0 0 0 0 0 0 0 0 0 0 0 0 0 0 0 0 0 0 0 0 1 1 1 1 1 1 1 1 1 1 1
C-000401,000401,Crash-1500/000401.mp4,CCD,official,test,10,50,5.0,1,31,3.1,10.0,Night,Snowy,Yes,0 0 0 0 0 0 0 0 0 0 0 0 0 0 0 0 0 0 0 0 0 0 0 0 0 0 0 0 0 0 0 1 1 1 1 1 1 1 1 1 1 1 1 1 1 1 1 1 1 1
C-000402,000402,Crash-1500/000402.mp4,CCD,official,val,10,50,5.0,1,36,3.6,10.0,Day,Snowy,Yes,0 0 0 0 0 0 0 0 0 0 0 0 0 0 0 0 0 0 0 0 0 0 0 0 0 0 0 0 0 0 0 0 0 0 0 0 1 1 1 1 1 1 1 1 1 1 1 1 1 1
C-000403,000403,Crash-1500/000403.mp4,CCD,official,test,10,50,5.0,1,48,4.8,10.0,Day,Snowy,Yes,0 0 0 0 0 0 0 0 0 0 0 0 0 0 0 0 0 0 0 0 0 0 0 0 0 0 0 0 0 0 0 0 0 0 0 0 0 0 0 0 0 0 0 0 0 0 0 0 1 1
C-000404,000404,Crash-1500/000404.mp4,CCD,official,test,10,50,5.0,1,32,3.2,10.0,Day,Normal,No,0 0 0 0 0 0 0 0 0 0 0 0 0 0 0 0 0 0 0 0 0 0 0 0 0 0 0 0 0 0 0 0 1 1 1 1 1 1 1 1 1 1 1 1 1 1 1 1 1 1
C-000405,000405,Crash-1500/000405.mp4,CCD,official,train,10,50,5.0,1,40,4.0,10.0,Day,Rainy,Yes,0 0 0 0 0 0 0 0 0 0 0 0 0 0 0 0 0 0 0 0 0 0 0 0 0 0 0 0 0 0 0 0 0 0 0 0 0 0 0 0 1 1 1 1 1 1 1 1 1 1
C-000406,000406,Crash-1500/000406.mp4,CCD,official,val,10,50,5.0,1,46,4.6,10.0,Day,Normal,No,0 0 0 0 0 0 0 0 0 0 0 0 0 0 0 0 0 0 0 0 0 0 0 0 0 0 0 0 0 0 0 0 0 0 0 0 0 0 0 0 0 0 0 0 0 0 1 1 1 1
C-000407,000407,Crash-1500/000407.mp4,CCD,official,val,10,50,5.0,1,40,4.0,10.0,Day,Snowy,No,0 0 0 0 0 0 0 0 0 0 0 0 0 0 0 0 0 0 0 0 0 0 0 0 0 0 0 0 0 0 0 0 0 0 0 0 0 0 0 0 1 1 1 1 1 1 1 1 1 1
C-000408,000408,Crash-1500/000408.mp4,CCD,official,train,10,50,5.0,1,42,4.2,10.0,Day,Snowy,Yes,0 0 0 0 0 0 0 0 0 0 0 0 0 0 0 0 0 0 0 0 0 0 0 0 0 0 0 0 0 0 0 0 0 0 0 0 0 0 0 0 0 0 1 1 1 1 1 1 1 1
C-000409,000409,Crash-1500/000409.mp4,CCD,official,val,10,50,5.0,1,31,3.1,10.0,Day,Normal,No,0 0 0 0 0 0 0 0 0 0 0 0 0 0 0 0 0 0 0 0 0 0 0 0 0 0 0 0 0 0 0 1 1 1 1 1 1 1 1 1 1 1 1 1 1 1 1 1 1 1
C-000410,000410,Crash-1500/000410.mp4,CCD,official,train,10,50,5.0,1,37,3.7,10.0,Day,Snowy,Yes,0 0 0 0 0 0 0 0 0 0 0 0 0 0 0 0 0 0 0 0 0 0 0 0 0 0 0 0 0 0 0 0 0 0 0 0 0 1 1 1 1 1 1 1 1 1 1 1 1 1
C-000411,000411,Crash-1500/000411.mp4,CCD,official,test,10,50,5.0,1,38,3.8,10.0,Night,Normal,Yes,0 0 0 0 0 0 0 0 0 0 0 0 0 0 0 0 0 0 0 0 0 0 0 0 0 0 0 0 0 0 0 0 0 0 0 0 0 0 1 1 1 1 1 1 1 1 1 1 1 1
C-000412,000412,Crash-1500/000412.mp4,CCD,official,train,10,50,5.0,1,33,3.3,10.0,Day,Normal,No,0 0 0 0 0 0 0 0 0 0 0 0 0 0 0 0 0 0 0 0 0 0 0 0 0 0 0 0 0 0 0 0 0 1 1 1 1 1 1 1 1 1 1 1 1 1 1 1 1 1
C-000413,000413,Crash-1500/000413.mp4,CCD,official,train,10,50,5.0,1,35,3.5,10.0,Day,Normal,Yes,0 0 0 0 0 0 0 0 0 0 0 0 0 0 0 0 0 0 0 0 0 0 0 0 0 0 0 0 0 0 0 0 0 0 0 1 1 1 1 1 1 1 1 1 1 1 1 1 1 1
C-000414,000414,Crash-1500/000414.mp4,CCD,official,test,10,50,5.0,1,32,3.2,10.0,Day,Normal,No,0 0 0 0 0 0 0 0 0 0 0 0 0 0 0 0 0 0 0 0 0 0 0 0 0 0 0 0 0 0 0 0 1 1 1 1 1 1 1 1 1 1 1 1 1 1 1 1 1 1
C-000415,000415,Crash-1500/000415.mp4,CCD,official,train,10,50,5.0,1,34,3.4,10.0,Day,Rainy,No,0 0 0 0 0 0 0 0 0 0 0 0 0 0 0 0 0 0 0 0 0 0 0 0 0 0 0 0 0 0 0 0 0 0 1 1 1 1 1 1 1 1 1 1 1 1 1 1 1 1
C-000416,000416,Crash-1500/000416.mp4,CCD,official,test,10,50,5.0,1,31,3.1,10.0,Day,Normal,Yes,0 0 0 0 0 0 0 0 0 0 0 0 0 0 0 0 0 0 0 0 0 0 0 0 0 0 0 0 0 0 0 1 1 1 1 1 1 1 1 1 1 1 1 1 1 1 1 1 1 1
C-000417,000417,Crash-1500/000417.mp4,CCD,official,train,10,50,5.0,1,30,3.0,10.0,Day,Normal,No,0 0 0 0 0 0 0 0 0 0 0 0 0 0 0 0 0 0 0 0 0 0 0 0 0 0 0 0 0 0 1 1 1 1 1 1 1 1 1 1 1 1 1 1 1 1 1 1 1 1
C-000418,000418,Crash-1500/000418.mp4,CCD,official,test,10,50,5.0,1,30,3.0,10.0,Day,Normal,No,0 0 0 0 0 0 0 0 0 0 0 0 0 0 0 0 0 0 0 0 0 0 0 0 0 0 0 0 0 0 1 1 1 1 1 1 1 1 1 1 1 1 1 1 1 1 1 1 1 1
C-000419,000419,Crash-1500/000419.mp4,CCD,official,test,10,50,5.0,1,36,3.6,10.0,Day,Normal,No,0 0 0 0 0 0 0 0 0 0 0 0 0 0 0 0 0 0 0 0 0 0 0 0 0 0 0 0 0 0 0 0 0 0 0 0 1 1 1 1 1 1 1 1 1 1 1 1 1 1
C-000420,000420,Crash-1500/000420.mp4,CCD,official,train,10,50,5.0,1,39,3.9,10.0,Day,Snowy,Yes,0 0 0 0 0 0 0 0 0 0 0 0 0 0 0 0 0 0 0 0 0 0 0 0 0 0 0 0 0 0 0 0 0 0 0 0 0 0 0 1 1 1 1 1 1 1 1 1 1 1
C-000421,000421,Crash-1500/000421.mp4,CCD,official,train,10,50,5.0,1,39,3.9,10.0,Day,Normal,Yes,0 0 0 0 0 0 0 0 0 0 0 0 0 0 0 0 0 0 0 0 0 0 0 0 0 0 0 0 0 0 0 0 0 0 0 0 0 0 0 1 1 1 1 1 1 1 1 1 1 1
C-000422,000422,Crash-1500/000422.mp4,CCD,official,train,10,50,5.0,1,37,3.7,10.0,Day,Normal,No,0 0 0 0 0 0 0 0 0 0 0 0 0 0 0 0 0 0 0 0 0 0 0 0 0 0 0 0 0 0 0 0 0 0 0 0 0 1 1 1 1 1 1 1 1 1 1 1 1 1
C-000423,000423,Crash-1500/000423.mp4,CCD,official,train,10,50,5.0,1,41,4.1,10.0,Day,Normal,No,0 0 0 0 0 0 0 0 0 0 0 0 0 0 0 0 0 0 0 0 0 0 0 0 0 0 0 0 0 0 0 0 0 0 0 0 0 0 0 0 0 1 1 1 1 1 1 1 1 1
C-000424,000424,Crash-1500/000424.mp4,CCD,official,train,10,50,5.0,1,30,3.0,10.0,Day,Rainy,No,0 0 0 0 0 0 0 0 0 0 0 0 0 0 0 0 0 0 0 0 0 0 0 0 0 0 0 0 0 0 1 1 1 1 1 1 1 1 1 1 1 1 1 1 1 1 1 1 1 1
C-000425,000425,Crash-1500/000425.mp4,CCD,official,test,10,50,5.0,1,30,3.0,10.0,Day,Normal,Yes,0 0 0 0 0 0 0 0 0 0 0 0 0 0 0 0 0 0 0 0 0 0 0 0 0 0 0 0 0 0 1 1 1 1 1 1 1 1 1 1 1 1 1 1 1 1 1 1 1 1
C-000426,000426,Crash-1500/000426.mp4,CCD,official,train,10,50,5.0,1,30,3.0,10.0,Day,Normal,No,0 0 0 0 0 0 0 0 0 0 0 0 0 0 0 0 0 0 0 0 0 0 0 0 0 0 0 0 0 0 1 1 1 1 1 1 1 1 1 1 1 1 1 1 1 1 1 1 1 1
C-000427,000427,Crash-1500/000427.mp4,CCD,official,test,10,50,5.0,1,41,4.1,10.0,Day,Normal,No,0 0 0 0 0 0 0 0 0 0 0 0 0 0 0 0 0 0 0 0 0 0 0 0 0 0 0 0 0 0 0 0 0 0 0 0 0 0 0 0 0 1 1 1 1 1 1 1 1 1
C-000428,000428,Crash-1500/000428.mp4,CCD,official,train,10,50,5.0,1,37,3.7,10.0,Day,Normal,No,0 0 0 0 0 0 0 0 0 0 0 0 0 0 0 0 0 0 0 0 0 0 0 0 0 0 0 0 0 0 0 0 0 0 0 0 0 1 1 1 1 1 1 1 1 1 1 1 1 1
C-000429,000429,Crash-1500/000429.mp4,CCD,official,train,10,50,5.0,1,46,4.6,10.0,Day,Normal,Yes,0 0 0 0 0 0 0 0 0 0 0 0 0 0 0 0 0 0 0 0 0 0 0 0 0 0 0 0 0 0 0 0 0 0 0 0 0 0 0 0 0 0 0 0 0 0 1 1 1 1
C-000430,000430,Crash-1500/000430.mp4,CCD,official,train,10,50,5.0,1,49,4.9,10.0,Day,Normal,Yes,0 0 0 0 0 0 0 0 0 0 0 0 0 0 0 0 0 0 0 0 0 0 0 0 0 0 0 0 0 0 0 0 0 0 0 0 0 0 0 0 0 0 0 0 0 0 0 0 0 1
C-000431,000431,Crash-1500/000431.mp4,CCD,official,train,10,50,5.0,1,43,4.3,10.0,Day,Normal,Yes,0 0 0 0 0 0 0 0 0 0 0 0 0 0 0 0 0 0 0 0 0 0 0 0 0 0 0 0 0 0 0 0 0 0 0 0 0 0 0 0 0 0 0 1 1 1 1 1 1 1
C-000432,000432,Crash-1500/000432.mp4,CCD,official,test,10,50,5.0,1,43,4.3,10.0,Day,Normal,No,0 0 0 0 0 0 0 0 0 0 0 0 0 0 0 0 0 0 0 0 0 0 0 0 0 0 0 0 0 0 0 0 0 0 0 0 0 0 0 0 0 0 0 1 1 1 1 1 1 1
C-000433,000433,Crash-1500/000433.mp4,CCD,official,train,10,50,5.0,1,36,3.6,10.0,Day,Normal,Yes,0 0 0 0 0 0 0 0 0 0 0 0 0 0 0 0 0 0 0 0 0 0 0 0 0 0 0 0 0 0 0 0 0 0 0 0 1 1 1 1 1 1 1 1 1 1 1 1 1 1
C-000434,000434,Crash-1500/000434.mp4,CCD,official,val,10,50,5.0,1,44,4.4,10.0,Day,Normal,Yes,0 0 0 0 0 0 0 0 0 0 0 0 0 0 0 0 0 0 0 0 0 0 0 0 0 0 0 0 0 0 0 0 0 0 0 0 0 0 0 0 0 0 0 0 1 1 1 1 1 1
C-000435,000435,Crash-1500/000435.mp4,CCD,official,test,10,50,5.0,1,33,3.3,10.0,Day,Normal,Yes,0 0 0 0 0 0 0 0 0 0 0 0 0 0 0 0 0 0 0 0 0 0 0 0 0 0 0 0 0 0 0 0 0 1 1 1 1 1 1 1 1 1 1 1 1 1 1 1 1 1
C-000436,000436,Crash-1500/000436.mp4,CCD,official,train,10,50,5.0,1,40,4.0,10.0,Day,Normal,Yes,0 0 0 0 0 0 0 0 0 0 0 0 0 0 0 0 0 0 0 0 0 0 0 0 0 0 0 0 0 0 0 0 0 0 0 0 0 0 0 0 1 1 1 1 1 1 1 1 1 1
C-000437,000437,Crash-1500/000437.mp4,CCD,official,test,10,50,5.0,1,35,3.5,10.0,Day,Normal,Yes,0 0 0 0 0 0 0 0 0 0 0 0 0 0 0 0 0 0 0 0 0 0 0 0 0 0 0 0 0 0 0 0 0 0 0 1 1 1 1 1 1 1 1 1 1 1 1 1 1 1
C-000438,000438,Crash-1500/000438.mp4,CCD,official,test,10,50,5.0,1,35,3.5,10.0,Day,Rainy,Yes,0 0 0 0 0 0 0 0 0 0 0 0 0 0 0 0 0 0 0 0 0 0 0 0 0 0 0 0 0 0 0 0 0 0 0 1 1 1 1 1 1 1 1 1 1 1 1 1 1 1
C-000439,000439,Crash-1500/000439.mp4,CCD,official,train,10,50,5.0,1,44,4.4,10.0,Day,Normal,Yes,0 0 0 0 0 0 0 0 0 0 0 0 0 0 0 0 0 0 0 0 0 0 0 0 0 0 0 0 0 0 0 0 0 0 0 0 0 0 0 0 0 0 0 0 1 1 1 1 1 1
C-000440,000440,Crash-1500/000440.mp4,CCD,official,train,10,50,5.0,1,30,3.0,10.0,Day,Normal,Yes,0 0 0 0 0 0 0 0 0 0 0 0 0 0 0 0 0 0 0 0 0 0 0 0 0 0 0 0 0 0 1 1 1 1 1 1 1 1 1 1 1 1 1 1 1 1 1 1 1 1
C-000441,000441,Crash-1500/000441.mp4,CCD,official,val,10,50,5.0,1,32,3.2,10.0,Day,Normal,Yes,0 0 0 0 0 0 0 0 0 0 0 0 0 0 0 0 0 0 0 0 0 0 0 0 0 0 0 0 0 0 0 0 1 1 1 1 1 1 1 1 1 1 1 1 1 1 1 1 1 1
C-000442,000442,Crash-1500/000442.mp4,CCD,official,train,10,50,5.0,1,46,4.6,10.0,Day,Normal,Yes,0 0 0 0 0 0 0 0 0 0 0 0 0 0 0 0 0 0 0 0 0 0 0 0 0 0 0 0 0 0 0 0 0 0 0 0 0 0 0 0 0 0 0 0 0 0 1 1 1 1
C-000443,000443,Crash-1500/000443.mp4,CCD,official,train,10,50,5.0,1,36,3.6,10.0,Day,Normal,Yes,0 0 0 0 0 0 0 0 0 0 0 0 0 0 0 0 0 0 0 0 0 0 0 0 0 0 0 0 0 0 0 0 0 0 0 0 1 1 1 1 1 1 1 1 1 1 1 1 1 1
C-000444,000444,Crash-1500/000444.mp4,CCD,official,val,10,50,5.0,1,36,3.6,10.0,Day,Normal,No,0 0 0 0 0 0 0 0 0 0 0 0 0 0 0 0 0 0 0 0 0 0 0 0 0 0 0 0 0 0 0 0 0 0 0 0 1 1 1 1 1 1 1 1 1 1 1 1 1 1
C-000445,000445,Crash-1500/000445.mp4,CCD,official,test,10,50,5.0,1,33,3.3,10.0,Day,Normal,No,0 0 0 0 0 0 0 0 0 0 0 0 0 0 0 0 0 0 0 0 0 0 0 0 0 0 0 0 0 0 0 0 0 1 1 1 1 1 1 1 1 1 1 1 1 1 1 1 1 1
C-000446,000446,Crash-1500/000446.mp4,CCD,official,train,10,50,5.0,1,32,3.2,10.0,Day,Normal,Yes,0 0 0 0 0 0 0 0 0 0 0 0 0 0 0 0 0 0 0 0 0 0 0 0 0 0 0 0 0 0 0 0 1 1 1 1 1 1 1 1 1 1 1 1 1 1 1 1 1 1
C-000447,000447,Crash-1500/000447.mp4,CCD,official,train,10,50,5.0,1,47,4.7,10.0,Night,Rainy,No,0 0 0 0 0 0 0 0 0 0 0 0 0 0 0 0 0 0 0 0 0 0 0 0 0 0 0 0 0 0 0 0 0 0 0 0 0 0 0 0 0 0 0 0 0 0 0 1 1 1
C-000448,000448,Crash-1500/000448.mp4,CCD,official,train,10,50,5.0,1,49,4.9,10.0,Day,Normal,No,0 0 0 0 0 0 0 0 0 0 0 0 0 0 0 0 0 0 0 0 0 0 0 0 0 0 0 0 0 0 0 0 0 0 0 0 0 0 0 0 0 0 0 0 0 0 0 0 0 1
C-000449,000449,Crash-1500/000449.mp4,CCD,official,train,10,50,5.0,1,45,4.5,10.0,Day,Normal,No,0 0 0 0 0 0 0 0 0 0 0 0 0 0 0 0 0 0 0 0 0 0 0 0 0 0 0 0 0 0 0 0 0 0 0 0 0 0 0 0 0 0 0 0 0 1 1 1 1 1
C-000450,000450,Crash-1500/000450.mp4,CCD,official,val,10,50,5.0,1,45,4.5,10.0,Day,Snowy,No,0 0 0 0 0 0 0 0 0 0 0 0 0 0 0 0 0 0 0 0 0 0 0 0 0 0 0 0 0 0 0 0 0 0 0 0 0 0 0 0 0 0 0 0 0 1 1 1 1 1
C-000451,000451,Crash-1500/000451.mp4,CCD,official,train,10,50,5.0,1,32,3.2,10.0,Day,Normal,No,0 0 0 0 0 0 0 0 0 0 0 0 0 0 0 0 0 0 0 0 0 0 0 0 0 0 0 0 0 0 0 0 1 1 1 1 1 1 1 1 1 1 1 1 1 1 1 1 1 1
C-000452,000452,Crash-1500/000452.mp4,CCD,official,train,10,50,5.0,1,42,4.2,10.0,Day,Normal,No,0 0 0 0 0 0 0 0 0 0 0 0 0 0 0 0 0 0 0 0 0 0 0 0 0 0 0 0 0 0 0 0 0 0 0 0 0 0 0 0 0 0 1 1 1 1 1 1 1 1
C-000453,000453,Crash-1500/000453.mp4,CCD,official,train,10,50,5.0,1,31,3.1,10.0,Day,Normal,Yes,0 0 0 0 0 0 0 0 0 0 0 0 0 0 0 0 0 0 0 0 0 0 0 0 0 0 0 0 0 0 0 1 1 1 1 1 1 1 1 1 1 1 1 1 1 1 1 1 1 1
C-000454,000454,Crash-1500/000454.mp4,CCD,official,val,10,50,5.0,1,35,3.5,10.0,Day,Normal,Yes,0 0 0 0 0 0 0 0 0 0 0 0 0 0 0 0 0 0 0 0 0 0 0 0 0 0 0 0 0 0 0 0 0 0 0 1 1 1 1 1 1 1 1 1 1 1 1 1 1 1
C-000455,000455,Crash-1500/000455.mp4,CCD,official,train,10,50,5.0,1,46,4.6,10.0,Night,Normal,No,0 0 0 0 0 0 0 0 0 0 0 0 0 0 0 0 0 0 0 0 0 0 0 0 0 0 0 0 0 0 0 0 0 0 0 0 0 0 0 0 0 0 0 0 0 0 1 1 1 1
C-000456,000456,Crash-1500/000456.mp4,CCD,official,train,10,50,5.0,1,47,4.7,10.0,Day,Snowy,Yes,0 0 0 0 0 0 0 0 0 0 0 0 0 0 0 0 0 0 0 0 0 0 0 0 0 0 0 0 0 0 0 0 0 0 0 0 0 0 0 0 0 0 0 0 0 0 0 1 1 1
C-000457,000457,Crash-1500/000457.mp4,CCD,official,train,10,50,5.0,1,36,3.6,10.0,Day,Normal,No,0 0 0 0 0 0 0 0 0 0 0 0 0 0 0 0 0 0 0 0 0 0 0 0 0 0 0 0 0 0 0 0 0 0 0 0 1 1 1 1 1 1 1 1 1 1 1 1 1 1
C-000458,000458,Crash-1500/000458.mp4,CCD,official,train,10,50,5.0,1,44,4.4,10.0,Day,Normal,No,0 0 0 0 0 0 0 0 0 0 0 0 0 0 0 0 0 0 0 0 0 0 0 0 0 0 0 0 0 0 0 0 0 0 0 0 0 0 0 0 0 0 0 0 1 1 1 1 1 1
C-000459,000459,Crash-1500/000459.mp4,CCD,official,train,10,50,5.0,1,40,4.0,10.0,Day,Normal,No,0 0 0 0 0 0 0 0 0 0 0 0 0 0 0 0 0 0 0 0 0 0 0 0 0 0 0 0 0 0 0 0 0 0 0 0 0 0 0 0 1 1 1 1 1 1 1 1 1 1
C-000460,000460,Crash-1500/000460.mp4,CCD,official,val,10,50,5.0,1,34,3.4,10.0,Day,Normal,Yes,0 0 0 0 0 0 0 0 0 0 0 0 0 0 0 0 0 0 0 0 0 0 0 0 0 0 0 0 0 0 0 0 0 0 1 1 1 1 1 1 1 1 1 1 1 1 1 1 1 1
C-000461,000461,Crash-1500/000461.mp4,CCD,official,train,10,50,5.0,1,31,3.1,10.0,Day,Normal,Yes,0 0 0 0 0 0 0 0 0 0 0 0 0 0 0 0 0 0 0 0 0 0 0 0 0 0 0 0 0 0 0 1 1 1 1 1 1 1 1 1 1 1 1 1 1 1 1 1 1 1
C-000462,000462,Crash-1500/000462.mp4,CCD,official,train,10,50,5.0,1,45,4.5,10.0,Day,Normal,Yes,0 0 0 0 0 0 0 0 0 0 0 0 0 0 0 0 0 0 0 0 0 0 0 0 0 0 0 0 0 0 0 0 0 0 0 0 0 0 0 0 0 0 0 0 0 1 1 1 1 1
C-000463,000463,Crash-1500/000463.mp4,CCD,official,train,10,50,5.0,1,30,3.0,10.0,Day,Normal,Yes,0 0 0 0 0 0 0 0 0 0 0 0 0 0 0 0 0 0 0 0 0 0 0 0 0 0 0 0 0 0 1 1 1 1 1 1 1 1 1 1 1 1 1 1 1 1 1 1 1 1
C-000464,000464,Crash-1500/000464.mp4,CCD,official,train,10,50,5.0,1,37,3.7,10.0,Day,Normal,Yes,0 0 0 0 0 0 0 0 0 0 0 0 0 0 0 0 0 0 0 0 0 0 0 0 0 0 0 0 0 0 0 0 0 0 0 0 0 1 1 1 1 1 1 1 1 1 1 1 1 1
C-000465,000465,Crash-1500/000465.mp4,CCD,official,test,10,50,5.0,1,30,3.0,10.0,Day,Normal,Yes,0 0 0 0 0 0 0 0 0 0 0 0 0 0 0 0 0 0 0 0 0 0 0 0 0 0 0 0 0 0 1 1 1 1 1 1 1 1 1 1 1 1 1 1 1 1 1 1 1 1
C-000466,000466,Crash-1500/000466.mp4,CCD,official,train,10,50,5.0,1,40,4.0,10.0,Day,Normal,No,0 0 0 0 0 0 0 0 0 0 0 0 0 0 0 0 0 0 0 0 0 0 0 0 0 0 0 0 0 0 0 0 0 0 0 0 0 0 0 0 1 1 1 1 1 1 1 1 1 1
C-000467,000467,Crash-1500/000467.mp4,CCD,official,train,10,50,5.0,1,47,4.7,10.0,Day,Normal,No,0 0 0 0 0 0 0 0 0 0 0 0 0 0 0 0 0 0 0 0 0 0 0 0 0 0 0 0 0 0 0 0 0 0 0 0 0 0 0 0 0 0 0 0 0 0 0 1 1 1
C-000468,000468,Crash-1500/000468.mp4,CCD,official,train,10,50,5.0,1,35,3.5,10.0,Day,Rainy,Yes,0 0 0 0 0 0 0 0 0 0 0 0 0 0 0 0 0 0 0 0 0 0 0 0 0 0 0 0 0 0 0 0 0 0 0 1 1 1 1 1 1 1 1 1 1 1 1 1 1 1
C-000469,000469,Crash-1500/000469.mp4,CCD,official,train,10,50,5.0,1,33,3.3,10.0,Day,Normal,Yes,0 0 0 0 0 0 0 0 0 0 0 0 0 0 0 0 0 0 0 0 0 0 0 0 0 0 0 0 0 0 0 0 0 1 1 1 1 1 1 1 1 1 1 1 1 1 1 1 1 1
C-000470,000470,Crash-1500/000470.mp4,CCD,official,test,10,50,5.0,1,37,3.7,10.0,Day,Snowy,Yes,0 0 0 0 0 0 0 0 0 0 0 0 0 0 0 0 0 0 0 0 0 0 0 0 0 0 0 0 0 0 0 0 0 0 0 0 0 1 1 1 1 1 1 1 1 1 1 1 1 1
C-000471,000471,Crash-1500/000471.mp4,CCD,official,train,10,50,5.0,1,40,4.0,10.0,Day,Normal,Yes,0 0 0 0 0 0 0 0 0 0 0 0 0 0 0 0 0 0 0 0 0 0 0 0 0 0 0 0 0 0 0 0 0 0 0 0 0 0 0 0 1 1 1 1 1 1 1 1 1 1
C-000472,000472,Crash-1500/000472.mp4,CCD,official,train,10,50,5.0,1,32,3.2,10.0,Day,Snowy,Yes,0 0 0 0 0 0 0 0 0 0 0 0 0 0 0 0 0 0 0 0 0 0 0 0 0 0 0 0 0 0 0 0 1 1 1 1 1 1 1 1 1 1 1 1 1 1 1 1 1 1
C-000473,000473,Crash-1500/000473.mp4,CCD,official,train,10,50,5.0,1,49,4.9,10.0,Day,Snowy,Yes,0 0 0 0 0 0 0 0 0 0 0 0 0 0 0 0 0 0 0 0 0 0 0 0 0 0 0 0 0 0 0 0 0 0 0 0 0 0 0 0 0 0 0 0 0 0 0 0 0 1
C-000474,000474,Crash-1500/000474.mp4,CCD,official,train,10,50,5.0,1,41,4.1,10.0,Day,Normal,No,0 0 0 0 0 0 0 0 0 0 0 0 0 0 0 0 0 0 0 0 0 0 0 0 0 0 0 0 0 0 0 0 0 0 0 0 0 0 0 0 0 1 1 1 1 1 1 1 1 1
C-000475,000475,Crash-1500/000475.mp4,CCD,official,val,10,50,5.0,1,42,4.2,10.0,Day,Normal,Yes,0 0 0 0 0 0 0 0 0 0 0 0 0 0 0 0 0 0 0 0 0 0 0 0 0 0 0 0 0 0 0 0 0 0 0 0 0 0 0 0 0 0 1 1 1 1 1 1 1 1
C-000476,000476,Crash-1500/000476.mp4,CCD,official,train,10,50,5.0,1,41,4.1,10.0,Day,Normal,Yes,0 0 0 0 0 0 0 0 0 0 0 0 0 0 0 0 0 0 0 0 0 0 0 0 0 0 0 0 0 0 0 0 0 0 0 0 0 0 0 0 0 1 1 1 1 1 1 1 1 1
C-000477,000477,Crash-1500/000477.mp4,CCD,official,test,10,50,5.0,1,38,3.8,10.0,Day,Rainy,No,0 0 0 0 0 0 0 0 0 0 0 0 0 0 0 0 0 0 0 0 0 0 0 0 0 0 0 0 0 0 0 0 0 0 0 0 0 0 1 1 1 1 1 1 1 1 1 1 1 1
C-000478,000478,Crash-1500/000478.mp4,CCD,official,test,10,50,5.0,1,39,3.9,10.0,Day,Normal,Yes,0 0 0 0 0 0 0 0 0 0 0 0 0 0 0 0 0 0 0 0 0 0 0 0 0 0 0 0 0 0 0 0 0 0 0 0 0 0 0 1 1 1 1 1 1 1 1 1 1 1
C-000479,000479,Crash-1500/000479.mp4,CCD,official,train,10,50,5.0,1,37,3.7,10.0,Day,Normal,No,0 0 0 0 0 0 0 0 0 0 0 0 0 0 0 0 0 0 0 0 0 0 0 0 0 0 0 0 0 0 0 0 0 0 0 0 0 1 1 1 1 1 1 1 1 1 1 1 1 1
C-000480,000480,Crash-1500/000480.mp4,CCD,official,test,10,50,5.0,1,41,4.1,10.0,Day,Normal,No,0 0 0 0 0 0 0 0 0 0 0 0 0 0 0 0 0 0 0 0 0 0 0 0 0 0 0 0 0 0 0 0 0 0 0 0 0 0 0 0 0 1 1 1 1 1 1 1 1 1
C-000481,000481,Crash-1500/000481.mp4,CCD,official,val,10,50,5.0,1,40,4.0,10.0,Day,Normal,Yes,0 0 0 0 0 0 0 0 0 0 0 0 0 0 0 0 0 0 0 0 0 0 0 0 0 0 0 0 0 0 0 0 0 0 0 0 0 0 0 0 1 1 1 1 1 1 1 1 1 1
C-000482,000482,Crash-1500/000482.mp4,CCD,official,train,10,50,5.0,1,36,3.6,10.0,Day,Normal,Yes,0 0 0 0 0 0 0 0 0 0 0 0 0 0 0 0 0 0 0 0 0 0 0 0 0 0 0 0 0 0 0 0 0 0 0 0 1 1 1 1 1 1 1 1 1 1 1 1 1 1
C-000483,000483,Crash-1500/000483.mp4,CCD,official,test,10,50,5.0,1,38,3.8,10.0,Day,Normal,Yes,0 0 0 0 0 0 0 0 0 0 0 0 0 0 0 0 0 0 0 0 0 0 0 0 0 0 0 0 0 0 0 0 0 0 0 0 0 0 1 1 1 1 1 1 1 1 1 1 1 1
C-000484,000484,Crash-1500/000484.mp4,CCD,official,train,10,50,5.0,1,41,4.1,10.0,Day,Normal,Yes,0 0 0 0 0 0 0 0 0 0 0 0 0 0 0 0 0 0 0 0 0 0 0 0 0 0 0 0 0 0 0 0 0 0 0 0 0 0 0 0 0 1 1 1 1 1 1 1 1 1
C-000485,000485,Crash-1500/000485.mp4,CCD,official,train,10,50,5.0,1,42,4.2,10.0,Day,Normal,No,0 0 0 0 0 0 0 0 0 0 0 0 0 0 0 0 0 0 0 0 0 0 0 0 0 0 0 0 0 0 0 0 0 0 0 0 0 0 0 0 0 0 1 1 1 1 1 1 1 1
C-000486,000486,Crash-1500/000486.mp4,CCD,official,train,10,50,5.0,1,49,4.9,10.0,Day,Normal,Yes,0 0 0 0 0 0 0 0 0 0 0 0 0 0 0 0 0 0 0 0 0 0 0 0 0 0 0 0 0 0 0 0 0 0 0 0 0 0 0 0 0 0 0 0 0 0 0 0 0 1
C-000487,000487,Crash-1500/000487.mp4,CCD,official,train,10,50,5.0,1,39,3.9,10.0,Day,Normal,Yes,0 0 0 0 0 0 0 0 0 0 0 0 0 0 0 0 0 0 0 0 0 0 0 0 0 0 0 0 0 0 0 0 0 0 0 0 0 0 0 1 1 1 1 1 1 1 1 1 1 1
C-000488,000488,Crash-1500/000488.mp4,CCD,official,test,10,50,5.0,1,44,4.4,10.0,Day,Normal,Yes,0 0 0 0 0 0 0 0 0 0 0 0 0 0 0 0 0 0 0 0 0 0 0 0 0 0 0 0 0 0 0 0 0 0 0 0 0 0 0 0 0 0 0 0 1 1 1 1 1 1
C-000489,000489,Crash-1500/000489.mp4,CCD,official,train,10,50,5.0,1,46,4.6,10.0,Day,Normal,Yes,0 0 0 0 0 0 0 0 0 0 0 0 0 0 0 0 0 0 0 0 0 0 0 0 0 0 0 0 0 0 0 0 0 0 0 0 0 0 0 0 0 0 0 0 0 0 1 1 1 1
C-000490,000490,Crash-1500/000490.mp4,CCD,official,train,10,50,5.0,1,44,4.4,10.0,Day,Normal,Yes,0 0 0 0 0 0 0 0 0 0 0 0 0 0 0 0 0 0 0 0 0 0 0 0 0 0 0 0 0 0 0 0 0 0 0 0 0 0 0 0 0 0 0 0 1 1 1 1 1 1
C-000491,000491,Crash-1500/000491.mp4,CCD,official,val,10,50,5.0,1,31,3.1,10.0,Day,Normal,Yes,0 0 0 0 0 0 0 0 0 0 0 0 0 0 0 0 0 0 0 0 0 0 0 0 0 0 0 0 0 0 0 1 1 1 1 1 1 1 1 1 1 1 1 1 1 1 1 1 1 1
C-000492,000492,Crash-1500/000492.mp4,CCD,official,val,10,50,5.0,1,45,4.5,10.0,Night,Rainy,No,0 0 0 0 0 0 0 0 0 0 0 0 0 0 0 0 0 0 0 0 0 0 0 0 0 0 0 0 0 0 0 0 0 0 0 0 0 0 0 0 0 0 0 0 0 1 1 1 1 1
C-000493,000493,Crash-1500/000493.mp4,CCD,official,train,10,50,5.0,1,41,4.1,10.0,Day,Snowy,Yes,0 0 0 0 0 0 0 0 0 0 0 0 0 0 0 0 0 0 0 0 0 0 0 0 0 0 0 0 0 0 0 0 0 0 0 0 0 0 0 0 0 1 1 1 1 1 1 1 1 1
C-000494,000494,Crash-1500/000494.mp4,CCD,official,test,10,50,5.0,1,41,4.1,10.0,Day,Snowy,No,0 0 0 0 0 0 0 0 0 0 0 0 0 0 0 0 0 0 0 0 0 0 0 0 0 0 0 0 0 0 0 0 0 0 0 0 0 0 0 0 0 1 1 1 1 1 1 1 1 1
C-000495,000495,Crash-1500/000495.mp4,CCD,official,train,10,50,5.0,1,39,3.9,10.0,Day,Normal,Yes,0 0 0 0 0 0 0 0 0 0 0 0 0 0 0 0 0 0 0 0 0 0 0 0 0 0 0 0 0 0 0 0 0 0 0 0 0 0 0 1 1 1 1 1 1 1 1 1 1 1
C-000496,000496,Crash-1500/000496.mp4,CCD,official,val,10,50,5.0,1,36,3.6,10.0,Day,Snowy,Yes,0 0 0 0 0 0 0 0 0 0 0 0 0 0 0 0 0 0 0 0 0 0 0 0 0 0 0 0 0 0 0 0 0 0 0 0 1 1 1 1 1 1 1 1 1 1 1 1 1 1
C-000497,000497,Crash-1500/000497.mp4,CCD,official,val,10,50,5.0,1,42,4.2,10.0,Day,Normal,No,0 0 0 0 0 0 0 0 0 0 0 0 0 0 0 0 0 0 0 0 0 0 0 0 0 0 0 0 0 0 0 0 0 0 0 0 0 0 0 0 0 0 1 1 1 1 1 1 1 1
C-000498,000498,Crash-1500/000498.mp4,CCD,official,train,10,50,5.0,1,41,4.1,10.0,Day,Normal,No,0 0 0 0 0 0 0 0 0 0 0 0 0 0 0 0 0 0 0 0 0 0 0 0 0 0 0 0 0 0 0 0 0 0 0 0 0 0 0 0 0 1 1 1 1 1 1 1 1 1
C-000499,000499,Crash-1500/000499.mp4,CCD,official,train,10,50,5.0,1,30,3.0,10.0,Day,Snowy,Yes,0 0 0 0 0 0 0 0 0 0 0 0 0 0 0 0 0 0 0 0 0 0 0 0 0 0 0 0 0 0 1 1 1 1 1 1 1 1 1 1 1 1 1 1 1 1 1 1 1 1
C-000500,000500,Crash-1500/000500.mp4,CCD,official,train,10,50,5.0,1,38,3.8,10.0,Day,Snowy,No,0 0 0 0 0 0 0 0 0 0 0 0 0 0 0 0 0 0 0 0 0 0 0 0 0 0 0 0 0 0 0 0 0 0 0 0 0 0 1 1 1 1 1 1 1 1 1 1 1 1
C-000501,000501,Crash-1500/000501.mp4,CCD,official,train,10,50,5.0,1,34,3.4,10.0,Day,Normal,No,0 0 0 0 0 0 0 0 0 0 0 0 0 0 0 0 0 0 0 0 0 0 0 0 0 0 0 0 0 0 0 0 0 0 1 1 1 1 1 1 1 1 1 1 1 1 1 1 1 1
C-000502,000502,Crash-1500/000502.mp4,CCD,official,val,10,50,5.0,1,45,4.5,10.0,Night,Normal,Yes,0 0 0 0 0 0 0 0 0 0 0 0 0 0 0 0 0 0 0 0 0 0 0 0 0 0 0 0 0 0 0 0 0 0 0 0 0 0 0 0 0 0 0 0 0 1 1 1 1 1
C-000503,000503,Crash-1500/000503.mp4,CCD,official,train,10,50,5.0,1,35,3.5,10.0,Night,Normal,Yes,0 0 0 0 0 0 0 0 0 0 0 0 0 0 0 0 0 0 0 0 0 0 0 0 0 0 0 0 0 0 0 0 0 0 0 1 1 1 1 1 1 1 1 1 1 1 1 1 1 1
C-000504,000504,Crash-1500/000504.mp4,CCD,official,train,10,50,5.0,1,38,3.8,10.0,Night,Rainy,Yes,0 0 0 0 0 0 0 0 0 0 0 0 0 0 0 0 0 0 0 0 0 0 0 0 0 0 0 0 0 0 0 0 0 0 0 0 0 0 1 1 1 1 1 1 1 1 1 1 1 1
C-000505,000505,Crash-1500/000505.mp4,CCD,official,test,10,50,5.0,1,45,4.5,10.0,Night,Normal,No,0 0 0 0 0 0 0 0 0 0 0 0 0 0 0 0 0 0 0 0 0 0 0 0 0 0 0 0 0 0 0 0 0 0 0 0 0 0 0 0 0 0 0 0 0 1 1 1 1 1
C-000506,000506,Crash-1500/000506.mp4,CCD,official,val,10,50,5.0,1,48,4.8,10.0,Night,Normal,No,0 0 0 0 0 0 0 0 0 0 0 0 0 0 0 0 0 0 0 0 0 0 0 0 0 0 0 0 0 0 0 0 0 0 0 0 0 0 0 0 0 0 0 0 0 0 0 0 1 1
C-000507,000507,Crash-1500/000507.mp4,CCD,official,train,10,50,5.0,1,41,4.1,10.0,Night,Normal,Yes,0 0 0 0 0 0 0 0 0 0 0 0 0 0 0 0 0 0 0 0 0 0 0 0 0 0 0 0 0 0 0 0 0 0 0 0 0 0 0 0 0 1 1 1 1 1 1 1 1 1
C-000508,000508,Crash-1500/000508.mp4,CCD,official,train,10,50,5.0,1,43,4.3,10.0,Night,Snowy,Yes,0 0 0 0 0 0 0 0 0 0 0 0 0 0 0 0 0 0 0 0 0 0 0 0 0 0 0 0 0 0 0 0 0 0 0 0 0 0 0 0 0 0 0 1 1 1 1 1 1 1
C-000509,000509,Crash-1500/000509.mp4,CCD,official,train,10,50,5.0,1,48,4.8,10.0,Night,Snowy,Yes,0 0 0 0 0 0 0 0 0 0 0 0 0 0 0 0 0 0 0 0 0 0 0 0 0 0 0 0 0 0 0 0 0 0 0 0 0 0 0 0 0 0 0 0 0 0 0 0 1 1
C-000510,000510,Crash-1500/000510.mp4,CCD,official,test,10,50,5.0,1,40,4.0,10.0,Night,Normal,No,0 0 0 0 0 0 0 0 0 0 0 0 0 0 0 0 0 0 0 0 0 0 0 0 0 0 0 0 0 0 0 0 0 0 0 0 0 0 0 0 1 1 1 1 1 1 1 1 1 1
C-000511,000511,Crash-1500/000511.mp4,CCD,official,train,10,50,5.0,1,32,3.2,10.0,Night,Normal,Yes,0 0 0 0 0 0 0 0 0 0 0 0 0 0 0 0 0 0 0 0 0 0 0 0 0 0 0 0 0 0 0 0 1 1 1 1 1 1 1 1 1 1 1 1 1 1 1 1 1 1
C-000512,000512,Crash-1500/000512.mp4,CCD,official,train,10,50,5.0,1,44,4.4,10.0,Night,Snowy,Yes,0 0 0 0 0 0 0 0 0 0 0 0 0 0 0 0 0 0 0 0 0 0 0 0 0 0 0 0 0 0 0 0 0 0 0 0 0 0 0 0 0 0 0 0 1 1 1 1 1 1
C-000513,000513,Crash-1500/000513.mp4,CCD,official,train,10,50,5.0,1,42,4.2,10.0,Night,Normal,No,0 0 0 0 0 0 0 0 0 0 0 0 0 0 0 0 0 0 0 0 0 0 0 0 0 0 0 0 0 0 0 0 0 0 0 0 0 0 0 0 0 0 1 1 1 1 1 1 1 1
C-000514,000514,Crash-1500/000514.mp4,CCD,official,test,10,50,5.0,1,39,3.9,10.0,Night,Normal,Yes,0 0 0 0 0 0 0 0 0 0 0 0 0 0 0 0 0 0 0 0 0 0 0 0 0 0 0 0 0 0 0 0 0 0 0 0 0 0 0 1 1 1 1 1 1 1 1 1 1 1
C-000515,000515,Crash-1500/000515.mp4,CCD,official,val,10,50,5.0,1,41,4.1,10.0,Day,Rainy,No,0 0 0 0 0 0 0 0 0 0 0 0 0 0 0 0 0 0 0 0 0 0 0 0 0 0 0 0 0 0 0 0 0 0 0 0 0 0 0 0 0 1 1 1 1 1 1 1 1 1
C-000516,000516,Crash-1500/000516.mp4,CCD,official,train,10,50,5.0,1,48,4.8,10.0,Day,Normal,Yes,0 0 0 0 0 0 0 0 0 0 0 0 0 0 0 0 0 0 0 0 0 0 0 0 0 0 0 0 0 0 0 0 0 0 0 0 0 0 0 0 0 0 0 0 0 0 0 0 1 1
C-000517,000517,Crash-1500/000517.mp4,CCD,official,val,10,50,5.0,1,37,3.7,10.0,Day,Normal,Yes,0 0 0 0 0 0 0 0 0 0 0 0 0 0 0 0 0 0 0 0 0 0 0 0 0 0 0 0 0 0 0 0 0 0 0 0 0 1 1 1 1 1 1 1 1 1 1 1 1 1
C-000518,000518,Crash-1500/000518.mp4,CCD,official,test,10,50,5.0,1,39,3.9,10.0,Day,Snowy,No,0 0 0 0 0 0 0 0 0 0 0 0 0 0 0 0 0 0 0 0 0 0 0 0 0 0 0 0 0 0 0 0 0 0 0 0 0 0 0 1 1 1 1 1 1 1 1 1 1 1
C-000519,000519,Crash-1500/000519.mp4,CCD,official,val,10,50,5.0,1,42,4.2,10.0,Day,Normal,Yes,0 0 0 0 0 0 0 0 0 0 0 0 0 0 0 0 0 0 0 0 0 0 0 0 0 0 0 0 0 0 0 0 0 0 0 0 0 0 0 0 0 0 1 1 1 1 1 1 1 1
C-000520,000520,Crash-1500/000520.mp4,CCD,official,train,10,50,5.0,1,45,4.5,10.0,Day,Snowy,Yes,0 0 0 0 0 0 0 0 0 0 0 0 0 0 0 0 0 0 0 0 0 0 0 0 0 0 0 0 0 0 0 0 0 0 0 0 0 0 0 0 0 0 0 0 0 1 1 1 1 1
C-000521,000521,Crash-1500/000521.mp4,CCD,official,val,10,50,5.0,1,30,3.0,10.0,Day,Snowy,No,0 0 0 0 0 0 0 0 0 0 0 0 0 0 0 0 0 0 0 0 0 0 0 0 0 0 0 0 0 0 1 1 1 1 1 1 1 1 1 1 1 1 1 1 1 1 1 1 1 1
C-000522,000522,Crash-1500/000522.mp4,CCD,official,train,10,50,5.0,1,38,3.8,10.0,Day,Rainy,Yes,0 0 0 0 0 0 0 0 0 0 0 0 0 0 0 0 0 0 0 0 0 0 0 0 0 0 0 0 0 0 0 0 0 0 0 0 0 0 1 1 1 1 1 1 1 1 1 1 1 1
C-000523,000523,Crash-1500/000523.mp4,CCD,official,val,10,50,5.0,1,35,3.5,10.0,Day,Normal,No,0 0 0 0 0 0 0 0 0 0 0 0 0 0 0 0 0 0 0 0 0 0 0 0 0 0 0 0 0 0 0 0 0 0 0 1 1 1 1 1 1 1 1 1 1 1 1 1 1 1
C-000524,000524,Crash-1500/000524.mp4,CCD,official,train,10,50,5.0,1,35,3.5,10.0,Day,Normal,No,0 0 0 0 0 0 0 0 0 0 0 0 0 0 0 0 0 0 0 0 0 0 0 0 0 0 0 0 0 0 0 0 0 0 0 1 1 1 1 1 1 1 1 1 1 1 1 1 1 1
C-000525,000525,Crash-1500/000525.mp4,CCD,official,train,10,50,5.0,1,32,3.2,10.0,Day,Normal,Yes,0 0 0 0 0 0 0 0 0 0 0 0 0 0 0 0 0 0 0 0 0 0 0 0 0 0 0 0 0 0 0 0 1 1 1 1 1 1 1 1 1 1 1 1 1 1 1 1 1 1
C-000526,000526,Crash-1500/000526.mp4,CCD,official,train,10,50,5.0,1,35,3.5,10.0,Night,Snowy,No,0 0 0 0 0 0 0 0 0 0 0 0 0 0 0 0 0 0 0 0 0 0 0 0 0 0 0 0 0 0 0 0 0 0 0 1 1 1 1 1 1 1 1 1 1 1 1 1 1 1
C-000527,000527,Crash-1500/000527.mp4,CCD,official,train,10,50,5.0,1,36,3.6,10.0,Day,Normal,Yes,0 0 0 0 0 0 0 0 0 0 0 0 0 0 0 0 0 0 0 0 0 0 0 0 0 0 0 0 0 0 0 0 0 0 0 0 1 1 1 1 1 1 1 1 1 1 1 1 1 1
C-000528,000528,Crash-1500/000528.mp4,CCD,official,train,10,50,5.0,1,31,3.1,10.0,Day,Normal,No,0 0 0 0 0 0 0 0 0 0 0 0 0 0 0 0 0 0 0 0 0 0 0 0 0 0 0 0 0 0 0 1 1 1 1 1 1 1 1 1 1 1 1 1 1 1 1 1 1 1
C-000529,000529,Crash-1500/000529.mp4,CCD,official,test,10,50,5.0,1,36,3.6,10.0,Day,Rainy,Yes,0 0 0 0 0 0 0 0 0 0 0 0 0 0 0 0 0 0 0 0 0 0 0 0 0 0 0 0 0 0 0 0 0 0 0 0 1 1 1 1 1 1 1 1 1 1 1 1 1 1
C-000530,000530,Crash-1500/000530.mp4,CCD,official,train,10,50,5.0,1,33,3.3,10.0,Day,Normal,Yes,0 0 0 0 0 0 0 0 0 0 0 0 0 0 0 0 0 0 0 0 0 0 0 0 0 0 0 0 0 0 0 0 0 1 1 1 1 1 1 1 1 1 1 1 1 1 1 1 1 1
C-000531,000531,Crash-1500/000531.mp4,CCD,official,train,10,50,5.0,1,31,3.1,10.0,Night,Snowy,Yes,0 0 0 0 0 0 0 0 0 0 0 0 0 0 0 0 0 0 0 0 0 0 0 0 0 0 0 0 0 0 0 1 1 1 1 1 1 1 1 1 1 1 1 1 1 1 1 1 1 1
C-000532,000532,Crash-1500/000532.mp4,CCD,official,train,10,50,5.0,1,36,3.6,10.0,Night,Normal,Yes,0 0 0 0 0 0 0 0 0 0 0 0 0 0 0 0 0 0 0 0 0 0 0 0 0 0 0 0 0 0 0 0 0 0 0 0 1 1 1 1 1 1 1 1 1 1 1 1 1 1
C-000533,000533,Crash-1500/000533.mp4,CCD,official,train,10,50,5.0,1,32,3.2,10.0,Night,Normal,Yes,0 0 0 0 0 0 0 0 0 0 0 0 0 0 0 0 0 0 0 0 0 0 0 0 0 0 0 0 0 0 0 0 1 1 1 1 1 1 1 1 1 1 1 1 1 1 1 1 1 1
C-000534,000534,Crash-1500/000534.mp4,CCD,official,train,10,50,5.0,1,37,3.7,10.0,Night,Normal,Yes,0 0 0 0 0 0 0 0 0 0 0 0 0 0 0 0 0 0 0 0 0 0 0 0 0 0 0 0 0 0 0 0 0 0 0 0 0 1 1 1 1 1 1 1 1 1 1 1 1 1
C-000535,000535,Crash-1500/000535.mp4,CCD,official,train,10,50,5.0,1,39,3.9,10.0,Night,Normal,Yes,0 0 0 0 0 0 0 0 0 0 0 0 0 0 0 0 0 0 0 0 0 0 0 0 0 0 0 0 0 0 0 0 0 0 0 0 0 0 0 1 1 1 1 1 1 1 1 1 1 1
C-000536,000536,Crash-1500/000536.mp4,CCD,official,val,10,50,5.0,1,43,4.3,10.0,Night,Rainy,No,0 0 0 0 0 0 0 0 0 0 0 0 0 0 0 0 0 0 0 0 0 0 0 0 0 0 0 0 0 0 0 0 0 0 0 0 0 0 0 0 0 0 0 1 1 1 1 1 1 1
C-000537,000537,Crash-1500/000537.mp4,CCD,official,test,10,50,5.0,1,45,4.5,10.0,Night,Rainy,No,0 0 0 0 0 0 0 0 0 0 0 0 0 0 0 0 0 0 0 0 0 0 0 0 0 0 0 0 0 0 0 0 0 0 0 0 0 0 0 0 0 0 0 0 0 1 1 1 1 1
C-000538,000538,Crash-1500/000538.mp4,CCD,official,train,10,50,5.0,1,33,3.3,10.0,Day,Normal,No,0 0 0 0 0 0 0 0 0 0 0 0 0 0 0 0 0 0 0 0 0 0 0 0 0 0 0 0 0 0 0 0 0 1 1 1 1 1 1 1 1 1 1 1 1 1 1 1 1 1
C-000539,000539,Crash-1500/000539.mp4,CCD,official,train,10,50,5.0,1,35,3.5,10.0,Day,Normal,No,0 0 0 0 0 0 0 0 0 0 0 0 0 0 0 0 0 0 0 0 0 0 0 0 0 0 0 0 0 0 0 0 0 0 0 1 1 1 1 1 1 1 1 1 1 1 1 1 1 1
C-000540,000540,Crash-1500/000540.mp4,CCD,official,train,10,50,5.0,1,33,3.3,10.0,Day,Normal,Yes,0 0 0 0 0 0 0 0 0 0 0 0 0 0 0 0 0 0 0 0 0 0 0 0 0 0 0 0 0 0 0 0 0 1 1 1 1 1 1 1 1 1 1 1 1 1 1 1 1 1
C-000541,000541,Crash-1500/000541.mp4,CCD,official,train,10,50,5.0,1,30,3.0,10.0,Day,Normal,Yes,0 0 0 0 0 0 0 0 0 0 0 0 0 0 0 0 0 0 0 0 0 0 0 0 0 0 0 0 0 0 1 1 1 1 1 1 1 1 1 1 1 1 1 1 1 1 1 1 1 1
C-000542,000542,Crash-1500/000542.mp4,CCD,official,train,10,50,5.0,1,49,4.9,10.0,Day,Normal,Yes,0 0 0 0 0 0 0 0 0 0 0 0 0 0 0 0 0 0 0 0 0 0 0 0 0 0 0 0 0 0 0 0 0 0 0 0 0 0 0 0 0 0 0 0 0 0 0 0 0 1
C-000543,000543,Crash-1500/000543.mp4,CCD,official,train,10,50,5.0,1,39,3.9,10.0,Day,Normal,Yes,0 0 0 0 0 0 0 0 0 0 0 0 0 0 0 0 0 0 0 0 0 0 0 0 0 0 0 0 0 0 0 0 0 0 0 0 0 0 0 1 1 1 1 1 1 1 1 1 1 1
C-000544,000544,Crash-1500/000544.mp4,CCD,official,test,10,50,5.0,1,44,4.4,10.0,Day,Normal,Yes,0 0 0 0 0 0 0 0 0 0 0 0 0 0 0 0 0 0 0 0 0 0 0 0 0 0 0 0 0 0 0 0 0 0 0 0 0 0 0 0 0 0 0 0 1 1 1 1 1 1
C-000545,000545,Crash-1500/000545.mp4,CCD,official,test,10,50,5.0,1,38,3.8,10.0,Day,Normal,No,0 0 0 0 0 0 0 0 0 0 0 0 0 0 0 0 0 0 0 0 0 0 0 0 0 0 0 0 0 0 0 0 0 0 0 0 0 0 1 1 1 1 1 1 1 1 1 1 1 1
C-000546,000546,Crash-1500/000546.mp4,CCD,official,train,10,50,5.0,1,35,3.5,10.0,Day,Rainy,No,0 0 0 0 0 0 0 0 0 0 0 0 0 0 0 0 0 0 0 0 0 0 0 0 0 0 0 0 0 0 0 0 0 0 0 1 1 1 1 1 1 1 1 1 1 1 1 1 1 1
C-000547,000547,Crash-1500/000547.mp4,CCD,official,test,10,50,5.0,1,32,3.2,10.0,Day,Snowy,No,0 0 0 0 0 0 0 0 0 0 0 0 0 0 0 0 0 0 0 0 0 0 0 0 0 0 0 0 0 0 0 0 1 1 1 1 1 1 1 1 1 1 1 1 1 1 1 1 1 1
C-000548,000548,Crash-1500/000548.mp4,CCD,official,train,10,50,5.0,1,35,3.5,10.0,Day,Normal,Yes,0 0 0 0 0 0 0 0 0 0 0 0 0 0 0 0 0 0 0 0 0 0 0 0 0 0 0 0 0 0 0 0 0 0 0 1 1 1 1 1 1 1 1 1 1 1 1 1 1 1
C-000549,000549,Crash-1500/000549.mp4,CCD,official,train,10,50,5.0,1,33,3.3,10.0,Day,Snowy,Yes,0 0 0 0 0 0 0 0 0 0 0 0 0 0 0 0 0 0 0 0 0 0 0 0 0 0 0 0 0 0 0 0 0 1 1 1 1 1 1 1 1 1 1 1 1 1 1 1 1 1
C-000550,000550,Crash-1500/000550.mp4,CCD,official,train,10,50,5.0,1,44,4.4,10.0,Day,Snowy,No,0 0 0 0 0 0 0 0 0 0 0 0 0 0 0 0 0 0 0 0 0 0 0 0 0 0 0 0 0 0 0 0 0 0 0 0 0 0 0 0 0 0 0 0 1 1 1 1 1 1
C-000551,000551,Crash-1500/000551.mp4,CCD,official,train,10,50,5.0,1,48,4.8,10.0,Day,Snowy,Yes,0 0 0 0 0 0 0 0 0 0 0 0 0 0 0 0 0 0 0 0 0 0 0 0 0 0 0 0 0 0 0 0 0 0 0 0 0 0 0 0 0 0 0 0 0 0 0 0 1 1
C-000552,000552,Crash-1500/000552.mp4,CCD,official,train,10,50,5.0,1,43,4.3,10.0,Night,Normal,Yes,0 0 0 0 0 0 0 0 0 0 0 0 0 0 0 0 0 0 0 0 0 0 0 0 0 0 0 0 0 0 0 0 0 0 0 0 0 0 0 0 0 0 0 1 1 1 1 1 1 1
C-000553,000553,Crash-1500/000553.mp4,CCD,official,train,10,50,5.0,1,36,3.6,10.0,Night,Rainy,No,0 0 0 0 0 0 0 0 0 0 0 0 0 0 0 0 0 0 0 0 0 0 0 0 0 0 0 0 0 0 0 0 0 0 0 0 1 1 1 1 1 1 1 1 1 1 1 1 1 1
C-000554,000554,Crash-1500/000554.mp4,CCD,official,test,10,50,5.0,1,40,4.0,10.0,Day,Normal,Yes,0 0 0 0 0 0 0 0 0 0 0 0 0 0 0 0 0 0 0 0 0 0 0 0 0 0 0 0 0 0 0 0 0 0 0 0 0 0 0 0 1 1 1 1 1 1 1 1 1 1
C-000555,000555,Crash-1500/000555.mp4,CCD,official,val,10,50,5.0,1,49,4.9,10.0,Day,Normal,Yes,0 0 0 0 0 0 0 0 0 0 0 0 0 0 0 0 0 0 0 0 0 0 0 0 0 0 0 0 0 0 0 0 0 0 0 0 0 0 0 0 0 0 0 0 0 0 0 0 0 1
C-000556,000556,Crash-1500/000556.mp4,CCD,official,test,10,50,5.0,1,38,3.8,10.0,Day,Normal,No,0 0 0 0 0 0 0 0 0 0 0 0 0 0 0 0 0 0 0 0 0 0 0 0 0 0 0 0 0 0 0 0 0 0 0 0 0 0 1 1 1 1 1 1 1 1 1 1 1 1
C-000557,000557,Crash-1500/000557.mp4,CCD,official,val,10,50,5.0,1,39,3.9,10.0,Day,Rainy,No,0 0 0 0 0 0 0 0 0 0 0 0 0 0 0 0 0 0 0 0 0 0 0 0 0 0 0 0 0 0 0 0 0 0 0 0 0 0 0 1 1 1 1 1 1 1 1 1 1 1
C-000558,000558,Crash-1500/000558.mp4,CCD,official,train,10,50,5.0,1,39,3.9,10.0,Day,Normal,No,0 0 0 0 0 0 0 0 0 0 0 0 0 0 0 0 0 0 0 0 0 0 0 0 0 0 0 0 0 0 0 0 0 0 0 0 0 0 0 1 1 1 1 1 1 1 1 1 1 1
C-000559,000559,Crash-1500/000559.mp4,CCD,official,train,10,50,5.0,1,41,4.1,10.0,Day,Normal,Yes,0 0 0 0 0 0 0 0 0 0 0 0 0 0 0 0 0 0 0 0 0 0 0 0 0 0 0 0 0 0 0 0 0 0 0 0 0 0 0 0 0 1 1 1 1 1 1 1 1 1
C-000560,000560,Crash-1500/000560.mp4,CCD,official,test,10,50,5.0,1,45,4.5,10.0,Day,Rainy,No,0 0 0 0 0 0 0 0 0 0 0 0 0 0 0 0 0 0 0 0 0 0 0 0 0 0 0 0 0 0 0 0 0 0 0 0 0 0 0 0 0 0 0 0 0 1 1 1 1 1
C-000561,000561,Crash-1500/000561.mp4,CCD,official,test,10,50,5.0,1,39,3.9,10.0,Day,Normal,Yes,0 0 0 0 0 0 0 0 0 0 0 0 0 0 0 0 0 0 0 0 0 0 0 0 0 0 0 0 0 0 0 0 0 0 0 0 0 0 0 1 1 1 1 1 1 1 1 1 1 1
C-000562,000562,Crash-1500/000562.mp4,CCD,official,train,10,50,5.0,1,49,4.9,10.0,Day,Normal,Yes,0 0 0 0 0 0 0 0 0 0 0 0 0 0 0 0 0 0 0 0 0 0 0 0 0 0 0 0 0 0 0 0 0 0 0 0 0 0 0 0 0 0 0 0 0 0 0 0 0 1
C-000563,000563,Crash-1500/000563.mp4,CCD,official,val,10,50,5.0,1,41,4.1,10.0,Night,Normal,Yes,0 0 0 0 0 0 0 0 0 0 0 0 0 0 0 0 0 0 0 0 0 0 0 0 0 0 0 0 0 0 0 0 0 0 0 0 0 0 0 0 0 1 1 1 1 1 1 1 1 1
C-000564,000564,Crash-1500/000564.mp4,CCD,official,train,10,50,5.0,1,48,4.8,10.0,Day,Normal,Yes,0 0 0 0 0 0 0 0 0 0 0 0 0 0 0 0 0 0 0 0 0 0 0 0 0 0 0 0 0 0 0 0 0 0 0 0 0 0 0 0 0 0 0 0 0 0 0 0 1 1
C-000565,000565,Crash-1500/000565.mp4,CCD,official,train,10,50,5.0,1,31,3.1,10.0,Day,Normal,Yes,0 0 0 0 0 0 0 0 0 0 0 0 0 0 0 0 0 0 0 0 0 0 0 0 0 0 0 0 0 0 0 1 1 1 1 1 1 1 1 1 1 1 1 1 1 1 1 1 1 1
C-000566,000566,Crash-1500/000566.mp4,CCD,official,train,10,50,5.0,1,34,3.4,10.0,Day,Normal,No,0 0 0 0 0 0 0 0 0 0 0 0 0 0 0 0 0 0 0 0 0 0 0 0 0 0 0 0 0 0 0 0 0 0 1 1 1 1 1 1 1 1 1 1 1 1 1 1 1 1
C-000567,000567,Crash-1500/000567.mp4,CCD,official,val,10,50,5.0,1,30,3.0,10.0,Day,Normal,No,0 0 0 0 0 0 0 0 0 0 0 0 0 0 0 0 0 0 0 0 0 0 0 0 0 0 0 0 0 0 1 1 1 1 1 1 1 1 1 1 1 1 1 1 1 1 1 1 1 1
C-000568,000568,Crash-1500/000568.mp4,CCD,official,train,10,50,5.0,1,46,4.6,10.0,Day,Normal,No,0 0 0 0 0 0 0 0 0 0 0 0 0 0 0 0 0 0 0 0 0 0 0 0 0 0 0 0 0 0 0 0 0 0 0 0 0 0 0 0 0 0 0 0 0 0 1 1 1 1
C-000569,000569,Crash-1500/000569.mp4,CCD,official,train,10,50,5.0,1,35,3.5,10.0,Day,Normal,Yes,0 0 0 0 0 0 0 0 0 0 0 0 0 0 0 0 0 0 0 0 0 0 0 0 0 0 0 0 0 0 0 0 0 0 0 1 1 1 1 1 1 1 1 1 1 1 1 1 1 1
C-000570,000570,Crash-1500/000570.mp4,CCD,official,train,10,50,5.0,1,40,4.0,10.0,Day,Normal,Yes,0 0 0 0 0 0 0 0 0 0 0 0 0 0 0 0 0 0 0 0 0 0 0 0 0 0 0 0 0 0 0 0 0 0 0 0 0 0 0 0 1 1 1 1 1 1 1 1 1 1
C-000571,000571,Crash-1500/000571.mp4,CCD,official,val,10,50,5.0,1,42,4.2,10.0,Day,Normal,No,0 0 0 0 0 0 0 0 0 0 0 0 0 0 0 0 0 0 0 0 0 0 0 0 0 0 0 0 0 0 0 0 0 0 0 0 0 0 0 0 0 0 1 1 1 1 1 1 1 1
C-000572,000572,Crash-1500/000572.mp4,CCD,official,test,10,50,5.0,1,34,3.4,10.0,Day,Normal,No,0 0 0 0 0 0 0 0 0 0 0 0 0 0 0 0 0 0 0 0 0 0 0 0 0 0 0 0 0 0 0 0 0 0 1 1 1 1 1 1 1 1 1 1 1 1 1 1 1 1
C-000573,000573,Crash-1500/000573.mp4,CCD,official,train,10,50,5.0,1,32,3.2,10.0,Day,Normal,No,0 0 0 0 0 0 0 0 0 0 0 0 0 0 0 0 0 0 0 0 0 0 0 0 0 0 0 0 0 0 0 0 1 1 1 1 1 1 1 1 1 1 1 1 1 1 1 1 1 1
C-000574,000574,Crash-1500/000574.mp4,CCD,official,train,10,50,5.0,1,43,4.3,10.0,Day,Normal,Yes,0 0 0 0 0 0 0 0 0 0 0 0 0 0 0 0 0 0 0 0 0 0 0 0 0 0 0 0 0 0 0 0 0 0 0 0 0 0 0 0 0 0 0 1 1 1 1 1 1 1
C-000575,000575,Crash-1500/000575.mp4,CCD,official,train,10,50,5.0,1,42,4.2,10.0,Day,Normal,No,0 0 0 0 0 0 0 0 0 0 0 0 0 0 0 0 0 0 0 0 0 0 0 0 0 0 0 0 0 0 0 0 0 0 0 0 0 0 0 0 0 0 1 1 1 1 1 1 1 1
C-000576,000576,Crash-1500/000576.mp4,CCD,official,test,10,50,5.0,1,35,3.5,10.0,Day,Normal,Yes,0 0 0 0 0 0 0 0 0 0 0 0 0 0 0 0 0 0 0 0 0 0 0 0 0 0 0 0 0 0 0 0 0 0 0 1 1 1 1 1 1 1 1 1 1 1 1 1 1 1
C-000577,000577,Crash-1500/000577.mp4,CCD,official,test,10,50,5.0,1,44,4.4,10.0,Day,Normal,Yes,0 0 0 0 0 0 0 0 0 0 0 0 0 0 0 0 0 0 0 0 0 0 0 0 0 0 0 0 0 0 0 0 0 0 0 0 0 0 0 0 0 0 0 0 1 1 1 1 1 1
C-000578,000578,Crash-1500/000578.mp4,CCD,official,val,10,50,5.0,1,36,3.6,10.0,Day,Normal,Yes,0 0 0 0 0 0 0 0 0 0 0 0 0 0 0 0 0 0 0 0 0 0 0 0 0 0 0 0 0 0 0 0 0 0 0 0 1 1 1 1 1 1 1 1 1 1 1 1 1 1
C-000579,000579,Crash-1500/000579.mp4,CCD,official,train,10,50,5.0,1,32,3.2,10.0,Day,Normal,No,0 0 0 0 0 0 0 0 0 0 0 0 0 0 0 0 0 0 0 0 0 0 0 0 0 0 0 0 0 0 0 0 1 1 1 1 1 1 1 1 1 1 1 1 1 1 1 1 1 1
C-000580,000580,Crash-1500/000580.mp4,CCD,official,test,10,50,5.0,1,43,4.3,10.0,Day,Normal,Yes,0 0 0 0 0 0 0 0 0 0 0 0 0 0 0 0 0 0 0 0 0 0 0 0 0 0 0 0 0 0 0 0 0 0 0 0 0 0 0 0 0 0 0 1 1 1 1 1 1 1
C-000581,000581,Crash-1500/000581.mp4,CCD,official,test,10,50,5.0,1,49,4.9,10.0,Day,Normal,No,0 0 0 0 0 0 0 0 0 0 0 0 0 0 0 0 0 0 0 0 0 0 0 0 0 0 0 0 0 0 0 0 0 0 0 0 0 0 0 0 0 0 0 0 0 0 0 0 0 1
C-000582,000582,Crash-1500/000582.mp4,CCD,official,val,10,50,5.0,1,37,3.7,10.0,Day,Normal,No,0 0 0 0 0 0 0 0 0 0 0 0 0 0 0 0 0 0 0 0 0 0 0 0 0 0 0 0 0 0 0 0 0 0 0 0 0 1 1 1 1 1 1 1 1 1 1 1 1 1
C-000583,000583,Crash-1500/000583.mp4,CCD,official,train,10,50,5.0,1,44,4.4,10.0,Day,Rainy,No,0 0 0 0 0 0 0 0 0 0 0 0 0 0 0 0 0 0 0 0 0 0 0 0 0 0 0 0 0 0 0 0 0 0 0 0 0 0 0 0 0 0 0 0 1 1 1 1 1 1
C-000584,000584,Crash-1500/000584.mp4,CCD,official,train,10,50,5.0,1,47,4.7,10.0,Day,Normal,Yes,0 0 0 0 0 0 0 0 0 0 0 0 0 0 0 0 0 0 0 0 0 0 0 0 0 0 0 0 0 0 0 0 0 0 0 0 0 0 0 0 0 0 0 0 0 0 0 1 1 1
C-000585,000585,Crash-1500/000585.mp4,CCD,official,train,10,50,5.0,1,33,3.3,10.0,Day,Normal,Yes,0 0 0 0 0 0 0 0 0 0 0 0 0 0 0 0 0 0 0 0 0 0 0 0 0 0 0 0 0 0 0 0 0 1 1 1 1 1 1 1 1 1 1 1 1 1 1 1 1 1
C-000586,000586,Crash-1500/000586.mp4,CCD,official,test,10,50,5.0,1,38,3.8,10.0,Day,Normal,Yes,0 0 0 0 0 0 0 0 0 0 0 0 0 0 0 0 0 0 0 0 0 0 0 0 0 0 0 0 0 0 0 0 0 0 0 0 0 0 1 1 1 1 1 1 1 1 1 1 1 1
C-000587,000587,Crash-1500/000587.mp4,CCD,official,train,10,50,5.0,1,39,3.9,10.0,Day,Normal,No,0 0 0 0 0 0 0 0 0 0 0 0 0 0 0 0 0 0 0 0 0 0 0 0 0 0 0 0 0 0 0 0 0 0 0 0 0 0 0 1 1 1 1 1 1 1 1 1 1 1
C-000588,000588,Crash-1500/000588.mp4,CCD,official,train,10,50,5.0,1,41,4.1,10.0,Day,Normal,No,0 0 0 0 0 0 0 0 0 0 0 0 0 0 0 0 0 0 0 0 0 0 0 0 0 0 0 0 0 0 0 0 0 0 0 0 0 0 0 0 0 1 1 1 1 1 1 1 1 1
C-000589,000589,Crash-1500/000589.mp4,CCD,official,train,10,50,5.0,1,45,4.5,10.0,Day,Normal,No,0 0 0 0 0 0 0 0 0 0 0 0 0 0 0 0 0 0 0 0 0 0 0 0 0 0 0 0 0 0 0 0 0 0 0 0 0 0 0 0 0 0 0 0 0 1 1 1 1 1
C-000590,000590,Crash-1500/000590.mp4,CCD,official,test,10,50,5.0,1,45,4.5,10.0,Day,Normal,No,0 0 0 0 0 0 0 0 0 0 0 0 0 0 0 0 0 0 0 0 0 0 0 0 0 0 0 0 0 0 0 0 0 0 0 0 0 0 0 0 0 0 0 0 0 1 1 1 1 1
C-000591,000591,Crash-1500/000591.mp4,CCD,official,train,10,50,5.0,1,36,3.6,10.0,Day,Normal,No,0 0 0 0 0 0 0 0 0 0 0 0 0 0 0 0 0 0 0 0 0 0 0 0 0 0 0 0 0 0 0 0 0 0 0 0 1 1 1 1 1 1 1 1 1 1 1 1 1 1
C-000592,000592,Crash-1500/000592.mp4,CCD,official,train,10,50,5.0,1,43,4.3,10.0,Night,Normal,No,0 0 0 0 0 0 0 0 0 0 0 0 0 0 0 0 0 0 0 0 0 0 0 0 0 0 0 0 0 0 0 0 0 0 0 0 0 0 0 0 0 0 0 1 1 1 1 1 1 1
C-000593,000593,Crash-1500/000593.mp4,CCD,official,train,10,50,5.0,1,35,3.5,10.0,Night,Normal,Yes,0 0 0 0 0 0 0 0 0 0 0 0 0 0 0 0 0 0 0 0 0 0 0 0 0 0 0 0 0 0 0 0 0 0 0 1 1 1 1 1 1 1 1 1 1 1 1 1 1 1
C-000594,000594,Crash-1500/000594.mp4,CCD,official,train,10,50,5.0,1,45,4.5,10.0,Night,Normal,Yes,0 0 0 0 0 0 0 0 0 0 0 0 0 0 0 0 0 0 0 0 0 0 0 0 0 0 0 0 0 0 0 0 0 0 0 0 0 0 0 0 0 0 0 0 0 1 1 1 1 1
C-000595,000595,Crash-1500/000595.mp4,CCD,official,train,10,50,5.0,1,46,4.6,10.0,Day,Normal,Yes,0 0 0 0 0 0 0 0 0 0 0 0 0 0 0 0 0 0 0 0 0 0 0 0 0 0 0 0 0 0 0 0 0 0 0 0 0 0 0 0 0 0 0 0 0 0 1 1 1 1
C-000596,000596,Crash-1500/000596.mp4,CCD,official,train,10,50,5.0,1,33,3.3,10.0,Night,Normal,Yes,0 0 0 0 0 0 0 0 0 0 0 0 0 0 0 0 0 0 0 0 0 0 0 0 0 0 0 0 0 0 0 0 0 1 1 1 1 1 1 1 1 1 1 1 1 1 1 1 1 1
C-000597,000597,Crash-1500/000597.mp4,CCD,official,val,10,50,5.0,1,34,3.4,10.0,Day,Normal,No,0 0 0 0 0 0 0 0 0 0 0 0 0 0 0 0 0 0 0 0 0 0 0 0 0 0 0 0 0 0 0 0 0 0 1 1 1 1 1 1 1 1 1 1 1 1 1 1 1 1
C-000598,000598,Crash-1500/000598.mp4,CCD,official,train,10,50,5.0,1,32,3.2,10.0,Day,Normal,No,0 0 0 0 0 0 0 0 0 0 0 0 0 0 0 0 0 0 0 0 0 0 0 0 0 0 0 0 0 0 0 0 1 1 1 1 1 1 1 1 1 1 1 1 1 1 1 1 1 1
C-000599,000599,Crash-1500/000599.mp4,CCD,official,train,10,50,5.0,1,38,3.8,10.0,Day,Normal,Yes,0 0 0 0 0 0 0 0 0 0 0 0 0 0 0 0 0 0 0 0 0 0 0 0 0 0 0 0 0 0 0 0 0 0 0 0 0 0 1 1 1 1 1 1 1 1 1 1 1 1
C-000600,000600,Crash-1500/000600.mp4,CCD,official,train,10,50,5.0,1,46,4.6,10.0,Day,Normal,No,0 0 0 0 0 0 0 0 0 0 0 0 0 0 0 0 0 0 0 0 0 0 0 0 0 0 0 0 0 0 0 0 0 0 0 0 0 0 0 0 0 0 0 0 0 0 1 1 1 1
C-000601,000601,Crash-1500/000601.mp4,CCD,official,train,10,50,5.0,1,35,3.5,10.0,Day,Normal,No,0 0 0 0 0 0 0 0 0 0 0 0 0 0 0 0 0 0 0 0 0 0 0 0 0 0 0 0 0 0 0 0 0 0 0 1 1 1 1 1 1 1 1 1 1 1 1 1 1 1
C-000602,000602,Crash-1500/000602.mp4,CCD,official,val,10,50,5.0,1,42,4.2,10.0,Day,Normal,Yes,0 0 0 0 0 0 0 0 0 0 0 0 0 0 0 0 0 0 0 0 0 0 0 0 0 0 0 0 0 0 0 0 0 0 0 0 0 0 0 0 0 0 1 1 1 1 1 1 1 1
C-000603,000603,Crash-1500/000603.mp4,CCD,official,train,10,50,5.0,1,39,3.9,10.0,Day,Normal,Yes,0 0 0 0 0 0 0 0 0 0 0 0 0 0 0 0 0 0 0 0 0 0 0 0 0 0 0 0 0 0 0 0 0 0 0 0 0 0 0 1 1 1 1 1 1 1 1 1 1 1
C-000604,000604,Crash-1500/000604.mp4,CCD,official,train,10,50,5.0,1,34,3.4,10.0,Day,Normal,No,0 0 0 0 0 0 0 0 0 0 0 0 0 0 0 0 0 0 0 0 0 0 0 0 0 0 0 0 0 0 0 0 0 0 1 1 1 1 1 1 1 1 1 1 1 1 1 1 1 1
C-000605,000605,Crash-1500/000605.mp4,CCD,official,train,10,50,5.0,1,43,4.3,10.0,Day,Normal,No,0 0 0 0 0 0 0 0 0 0 0 0 0 0 0 0 0 0 0 0 0 0 0 0 0 0 0 0 0 0 0 0 0 0 0 0 0 0 0 0 0 0 0 1 1 1 1 1 1 1
C-000606,000606,Crash-1500/000606.mp4,CCD,official,train,10,50,5.0,1,33,3.3,10.0,Day,Normal,No,0 0 0 0 0 0 0 0 0 0 0 0 0 0 0 0 0 0 0 0 0 0 0 0 0 0 0 0 0 0 0 0 0 1 1 1 1 1 1 1 1 1 1 1 1 1 1 1 1 1
C-000607,000607,Crash-1500/000607.mp4,CCD,official,train,10,50,5.0,1,38,3.8,10.0,Day,Normal,Yes,0 0 0 0 0 0 0 0 0 0 0 0 0 0 0 0 0 0 0 0 0 0 0 0 0 0 0 0 0 0 0 0 0 0 0 0 0 0 1 1 1 1 1 1 1 1 1 1 1 1
C-000608,000608,Crash-1500/000608.mp4,CCD,official,train,10,50,5.0,1,36,3.6,10.0,Day,Normal,Yes,0 0 0 0 0 0 0 0 0 0 0 0 0 0 0 0 0 0 0 0 0 0 0 0 0 0 0 0 0 0 0 0 0 0 0 0 1 1 1 1 1 1 1 1 1 1 1 1 1 1
C-000609,000609,Crash-1500/000609.mp4,CCD,official,train,10,50,5.0,1,31,3.1,10.0,Day,Normal,Yes,0 0 0 0 0 0 0 0 0 0 0 0 0 0 0 0 0 0 0 0 0 0 0 0 0 0 0 0 0 0 0 1 1 1 1 1 1 1 1 1 1 1 1 1 1 1 1 1 1 1
C-000610,000610,Crash-1500/000610.mp4,CCD,official,val,10,50,5.0,1,45,4.5,10.0,Night,Normal,No,0 0 0 0 0 0 0 0 0 0 0 0 0 0 0 0 0 0 0 0 0 0 0 0 0 0 0 0 0 0 0 0 0 0 0 0 0 0 0 0 0 0 0 0 0 1 1 1 1 1
C-000611,000611,Crash-1500/000611.mp4,CCD,official,train,10,50,5.0,1,48,4.8,10.0,Day,Rainy,No,0 0 0 0 0 0 0 0 0 0 0 0 0 0 0 0 0 0 0 0 0 0 0 0 0 0 0 0 0 0 0 0 0 0 0 0 0 0 0 0 0 0 0 0 0 0 0 0 1 1
C-000612,000612,Crash-1500/000612.mp4,CCD,official,train,10,50,5.0,1,49,4.9,10.0,Day,Normal,Yes,0 0 0 0 0 0 0 0 0 0 0 0 0 0 0 0 0 0 0 0 0 0 0 0 0 0 0 0 0 0 0 0 0 0 0 0 0 0 0 0 0 0 0 0 0 0 0 0 0 1
C-000613,000613,Crash-1500/000613.mp4,CCD,official,train,10,50,5.0,1,41,4.1,10.0,Day,Normal,No,0 0 0 0 0 0 0 0 0 0 0 0 0 0 0 0 0 0 0 0 0 0 0 0 0 0 0 0 0 0 0 0 0 0 0 0 0 0 0 0 0 1 1 1 1 1 1 1 1 1
C-000614,000614,Crash-1500/000614.mp4,CCD,official,val,10,50,5.0,1,32,3.2,10.0,Day,Normal,Yes,0 0 0 0 0 0 0 0 0 0 0 0 0 0 0 0 0 0 0 0 0 0 0 0 0 0 0 0 0 0 0 0 1 1 1 1 1 1 1 1 1 1 1 1 1 1 1 1 1 1
C-000615,000615,Crash-1500/000615.mp4,CCD,official,train,10,50,5.0,1,41,4.1,10.0,Day,Normal,No,0 0 0 0 0 0 0 0 0 0 0 0 0 0 0 0 0 0 0 0 0 0 0 0 0 0 0 0 0 0 0 0 0 0 0 0 0 0 0 0 0 1 1 1 1 1 1 1 1 1
C-000616,000616,Crash-1500/000616.mp4,CCD,official,train,10,50,5.0,1,35,3.5,10.0,Day,Snowy,No,0 0 0 0 0 0 0 0 0 0 0 0 0 0 0 0 0 0 0 0 0 0 0 0 0 0 0 0 0 0 0 0 0 0 0 1 1 1 1 1 1 1 1 1 1 1 1 1 1 1
C-000617,000617,Crash-1500/000617.mp4,CCD,official,train,10,50,5.0,1,37,3.7,10.0,Day,Snowy,No,0 0 0 0 0 0 0 0 0 0 0 0 0 0 0 0 0 0 0 0 0 0 0 0 0 0 0 0 0 0 0 0 0 0 0 0 0 1 1 1 1 1 1 1 1 1 1 1 1 1
C-000618,000618,Crash-1500/000618.mp4,CCD,official,test,10,50,5.0,1,32,3.2,10.0,Day,Normal,Yes,0 0 0 0 0 0 0 0 0 0 0 0 0 0 0 0 0 0 0 0 0 0 0 0 0 0 0 0 0 0 0 0 1 1 1 1 1 1 1 1 1 1 1 1 1 1 1 1 1 1
C-000619,000619,Crash-1500/000619.mp4,CCD,official,train,10,50,5.0,1,33,3.3,10.0,Night,Snowy,Yes,0 0 0 0 0 0 0 0 0 0 0 0 0 0 0 0 0 0 0 0 0 0 0 0 0 0 0 0 0 0 0 0 0 1 1 1 1 1 1 1 1 1 1 1 1 1 1 1 1 1
C-000620,000620,Crash-1500/000620.mp4,CCD,official,train,10,50,5.0,1,49,4.9,10.0,Day,Normal,Yes,0 0 0 0 0 0 0 0 0 0 0 0 0 0 0 0 0 0 0 0 0 0 0 0 0 0 0 0 0 0 0 0 0 0 0 0 0 0 0 0 0 0 0 0 0 0 0 0 0 1
C-000621,000621,Crash-1500/000621.mp4,CCD,official,val,10,50,5.0,1,31,3.1,10.0,Day,Normal,Yes,0 0 0 0 0 0 0 0 0 0 0 0 0 0 0 0 0 0 0 0 0 0 0 0 0 0 0 0 0 0 0 1 1 1 1 1 1 1 1 1 1 1 1 1 1 1 1 1 1 1
C-000622,000622,Crash-1500/000622.mp4,CCD,official,train,10,50,5.0,1,46,4.6,10.0,Day,Normal,No,0 0 0 0 0 0 0 0 0 0 0 0 0 0 0 0 0 0 0 0 0 0 0 0 0 0 0 0 0 0 0 0 0 0 0 0 0 0 0 0 0 0 0 0 0 0 1 1 1 1
C-000623,000623,Crash-1500/000623.mp4,CCD,official,train,10,50,5.0,1,35,3.5,10.0,Day,Normal,No,0 0 0 0 0 0 0 0 0 0 0 0 0 0 0 0 0 0 0 0 0 0 0 0 0 0 0 0 0 0 0 0 0 0 0 1 1 1 1 1 1 1 1 1 1 1 1 1 1 1
C-000624,000624,Crash-1500/000624.mp4,CCD,official,val,10,50,5.0,1,34,3.4,10.0,Night,Normal,No,0 0 0 0 0 0 0 0 0 0 0 0 0 0 0 0 0 0 0 0 0 0 0 0 0 0 0 0 0 0 0 0 0 0 1 1 1 1 1 1 1 1 1 1 1 1 1 1 1 1
C-000625,000625,Crash-1500/000625.mp4,CCD,official,val,10,50,5.0,1,38,3.8,10.0,Night,Normal,Yes,0 0 0 0 0 0 0 0 0 0 0 0 0 0 0 0 0 0 0 0 0 0 0 0 0 0 0 0 0 0 0 0 0 0 0 0 0 0 1 1 1 1 1 1 1 1 1 1 1 1
C-000626,000626,Crash-1500/000626.mp4,CCD,official,test,10,50,5.0,1,44,4.4,10.0,Night,Normal,No,0 0 0 0 0 0 0 0 0 0 0 0 0 0 0 0 0 0 0 0 0 0 0 0 0 0 0 0 0 0 0 0 0 0 0 0 0 0 0 0 0 0 0 0 1 1 1 1 1 1
C-000627,000627,Crash-1500/000627.mp4,CCD,official,train,10,50,5.0,1,37,3.7,10.0,Night,Normal,No,0 0 0 0 0 0 0 0 0 0 0 0 0 0 0 0 0 0 0 0 0 0 0 0 0 0 0 0 0 0 0 0 0 0 0 0 0 1 1 1 1 1 1 1 1 1 1 1 1 1
C-000628,000628,Crash-1500/000628.mp4,CCD,official,test,10,50,5.0,1,33,3.3,10.0,Day,Normal,Yes,0 0 0 0 0 0 0 0 0 0 0 0 0 0 0 0 0 0 0 0 0 0 0 0 0 0 0 0 0 0 0 0 0 1 1 1 1 1 1 1 1 1 1 1 1 1 1 1 1 1
C-000629,000629,Crash-1500/000629.mp4,CCD,official,train,10,50,5.0,1,47,4.7,10.0,Day,Normal,No,0 0 0 0 0 0 0 0 0 0 0 0 0 0 0 0 0 0 0 0 0 0 0 0 0 0 0 0 0 0 0 0 0 0 0 0 0 0 0 0 0 0 0 0 0 0 0 1 1 1
C-000630,000630,Crash-1500/000630.mp4,CCD,official,train,10,50,5.0,1,34,3.4,10.0,Day,Normal,Yes,0 0 0 0 0 0 0 0 0 0 0 0 0 0 0 0 0 0 0 0 0 0 0 0 0 0 0 0 0 0 0 0 0 0 1 1 1 1 1 1 1 1 1 1 1 1 1 1 1 1
C-000631,000631,Crash-1500/000631.mp4,CCD,official,test,10,50,5.0,1,32,3.2,10.0,Day,Normal,No,0 0 0 0 0 0 0 0 0 0 0 0 0 0 0 0 0 0 0 0 0 0 0 0 0 0 0 0 0 0 0 0 1 1 1 1 1 1 1 1 1 1 1 1 1 1 1 1 1 1
C-000632,000632,Crash-1500/000632.mp4,CCD,official,train,10,50,5.0,1,38,3.8,10.0,Day,Normal,Yes,0 0 0 0 0 0 0 0 0 0 0 0 0 0 0 0 0 0 0 0 0 0 0 0 0 0 0 0 0 0 0 0 0 0 0 0 0 0 1 1 1 1 1 1 1 1 1 1 1 1
C-000633,000633,Crash-1500/000633.mp4,CCD,official,val,10,50,5.0,1,45,4.5,10.0,Day,Normal,No,0 0 0 0 0 0 0 0 0 0 0 0 0 0 0 0 0 0 0 0 0 0 0 0 0 0 0 0 0 0 0 0 0 0 0 0 0 0 0 0 0 0 0 0 0 1 1 1 1 1
C-000634,000634,Crash-1500/000634.mp4,CCD,official,train,10,50,5.0,1,31,3.1,10.0,Day,Normal,No,0 0 0 0 0 0 0 0 0 0 0 0 0 0 0 0 0 0 0 0 0 0 0 0 0 0 0 0 0 0 0 1 1 1 1 1 1 1 1 1 1 1 1 1 1 1 1 1 1 1
C-000635,000635,Crash-1500/000635.mp4,CCD,official,train,10,50,5.0,1,41,4.1,10.0,Day,Normal,Yes,0 0 0 0 0 0 0 0 0 0 0 0 0 0 0 0 0 0 0 0 0 0 0 0 0 0 0 0 0 0 0 0 0 0 0 0 0 0 0 0 0 1 1 1 1 1 1 1 1 1
C-000636,000636,Crash-1500/000636.mp4,CCD,official,train,10,50,5.0,1,43,4.3,10.0,Day,Normal,No,0 0 0 0 0 0 0 0 0 0 0 0 0 0 0 0 0 0 0 0 0 0 0 0 0 0 0 0 0 0 0 0 0 0 0 0 0 0 0 0 0 0 0 1 1 1 1 1 1 1
C-000637,000637,Crash-1500/000637.mp4,CCD,official,train,10,50,5.0,1,33,3.3,10.0,Night,Normal,No,0 0 0 0 0 0 0 0 0 0 0 0 0 0 0 0 0 0 0 0 0 0 0 0 0 0 0 0 0 0 0 0 0 1 1 1 1 1 1 1 1 1 1 1 1 1 1 1 1 1
C-000638,000638,Crash-1500/000638.mp4,CCD,official,val,10,50,5.0,1,36,3.6,10.0,Night,Normal,Yes,0 0 0 0 0 0 0 0 0 0 0 0 0 0 0 0 0 0 0 0 0 0 0 0 0 0 0 0 0 0 0 0 0 0 0 0 1 1 1 1 1 1 1 1 1 1 1 1 1 1
C-000639,000639,Crash-1500/000639.mp4,CCD,official,train,10,50,5.0,1,32,3.2,10.0,Day,Normal,Yes,0 0 0 0 0 0 0 0 0 0 0 0 0 0 0 0 0 0 0 0 0 0 0 0 0 0 0 0 0 0 0 0 1 1 1 1 1 1 1 1 1 1 1 1 1 1 1 1 1 1
C-000640,000640,Crash-1500/000640.mp4,CCD,official,test,10,50,5.0,1,42,4.2,10.0,Day,Normal,Yes,0 0 0 0 0 0 0 0 0 0 0 0 0 0 0 0 0 0 0 0 0 0 0 0 0 0 0 0 0 0 0 0 0 0 0 0 0 0 0 0 0 0 1 1 1 1 1 1 1 1
C-000641,000641,Crash-1500/000641.mp4,CCD,official,test,10,50,5.0,1,47,4.7,10.0,Day,Normal,Yes,0 0 0 0 0 0 0 0 0 0 0 0 0 0 0 0 0 0 0 0 0 0 0 0 0 0 0 0 0 0 0 0 0 0 0 0 0 0 0 0 0 0 0 0 0 0 0 1 1 1
C-000642,000642,Crash-1500/000642.mp4,CCD,official,test,10,50,5.0,1,38,3.8,10.0,Day,Normal,Yes,0 0 0 0 0 0 0 0 0 0 0 0 0 0 0 0 0 0 0 0 0 0 0 0 0 0 0 0 0 0 0 0 0 0 0 0 0 0 1 1 1 1 1 1 1 1 1 1 1 1
C-000643,000643,Crash-1500/000643.mp4,CCD,official,val,10,50,5.0,1,41,4.1,10.0,Day,Snowy,Yes,0 0 0 0 0 0 0 0 0 0 0 0 0 0 0 0 0 0 0 0 0 0 0 0 0 0 0 0 0 0 0 0 0 0 0 0 0 0 0 0 0 1 1 1 1 1 1 1 1 1
C-000644,000644,Crash-1500/000644.mp4,CCD,official,train,10,50,5.0,1,38,3.8,10.0,Day,Snowy,Yes,0 0 0 0 0 0 0 0 0 0 0 0 0 0 0 0 0 0 0 0 0 0 0 0 0 0 0 0 0 0 0 0 0 0 0 0 0 0 1 1 1 1 1 1 1 1 1 1 1 1
C-000645,000645,Crash-1500/000645.mp4,CCD,official,train,10,50,5.0,1,37,3.7,10.0,Day,Snowy,No,0 0 0 0 0 0 0 0 0 0 0 0 0 0 0 0 0 0 0 0 0 0 0 0 0 0 0 0 0 0 0 0 0 0 0 0 0 1 1 1 1 1 1 1 1 1 1 1 1 1
C-000646,000646,Crash-1500/000646.mp4,CCD,official,train,10,50,5.0,1,37,3.7,10.0,Day,Snowy,Yes,0 0 0 0 0 0 0 0 0 0 0 0 0 0 0 0 0 0 0 0 0 0 0 0 0 0 0 0 0 0 0 0 0 0 0 0 0 1 1 1 1 1 1 1 1 1 1 1 1 1
C-000647,000647,Crash-1500/000647.mp4,CCD,official,test,10,50,5.0,1,32,3.2,10.0,Day,Snowy,Yes,0 0 0 0 0 0 0 0 0 0 0 0 0 0 0 0 0 0 0 0 0 0 0 0 0 0 0 0 0 0 0 0 1 1 1 1 1 1 1 1 1 1 1 1 1 1 1 1 1 1
C-000648,000648,Crash-1500/000648.mp4,CCD,official,val,10,50,5.0,1,40,4.0,10.0,Night,Normal,Yes,0 0 0 0 0 0 0 0 0 0 0 0 0 0 0 0 0 0 0 0 0 0 0 0 0 0 0 0 0 0 0 0 0 0 0 0 0 0 0 0 1 1 1 1 1 1 1 1 1 1
C-000649,000649,Crash-1500/000649.mp4,CCD,official,test,10,50,5.0,1,43,4.3,10.0,Night,Snowy,Yes,0 0 0 0 0 0 0 0 0 0 0 0 0 0 0 0 0 0 0 0 0 0 0 0 0 0 0 0 0 0 0 0 0 0 0 0 0 0 0 0 0 0 0 1 1 1 1 1 1 1
C-000650,000650,Crash-1500/000650.mp4,CCD,official,train,10,50,5.0,1,38,3.8,10.0,Night,Snowy,Yes,0 0 0 0 0 0 0 0 0 0 0 0 0 0 0 0 0 0 0 0 0 0 0 0 0 0 0 0 0 0 0 0 0 0 0 0 0 0 1 1 1 1 1 1 1 1 1 1 1 1
C-000651,000651,Crash-1500/000651.mp4,CCD,official,train,10,50,5.0,1,48,4.8,10.0,Night,Normal,Yes,0 0 0 0 0 0 0 0 0 0 0 0 0 0 0 0 0 0 0 0 0 0 0 0 0 0 0 0 0 0 0 0 0 0 0 0 0 0 0 0 0 0 0 0 0 0 0 0 1 1
C-000652,000652,Crash-1500/000652.mp4,CCD,official,train,10,50,5.0,1,35,3.5,10.0,Night,Normal,Yes,0 0 0 0 0 0 0 0 0 0 0 0 0 0 0 0 0 0 0 0 0 0 0 0 0 0 0 0 0 0 0 0 0 0 0 1 1 1 1 1 1 1 1 1 1 1 1 1 1 1
C-000653,000653,Crash-1500/000653.mp4,CCD,official,test,10,50,5.0,1,46,4.6,10.0,Night,Snowy,Yes,0 0 0 0 0 0 0 0 0 0 0 0 0 0 0 0 0 0 0 0 0 0 0 0 0 0 0 0 0 0 0 0 0 0 0 0 0 0 0 0 0 0 0 0 0 0 1 1 1 1
C-000654,000654,Crash-1500/000654.mp4,CCD,official,val,10,50,5.0,1,40,4.0,10.0,Day,Normal,Yes,0 0 0 0 0 0 0 0 0 0 0 0 0 0 0 0 0 0 0 0 0 0 0 0 0 0 0 0 0 0 0 0 0 0 0 0 0 0 0 0 1 1 1 1 1 1 1 1 1 1
C-000655,000655,Crash-1500/000655.mp4,CCD,official,test,10,50,5.0,1,47,4.7,10.0,Day,Normal,Yes,0 0 0 0 0 0 0 0 0 0 0 0 0 0 0 0 0 0 0 0 0 0 0 0 0 0 0 0 0 0 0 0 0 0 0 0 0 0 0 0 0 0 0 0 0 0 0 1 1 1
C-000656,000656,Crash-1500/000656.mp4,CCD,official,val,10,50,5.0,1,38,3.8,10.0,Day,Normal,Yes,0 0 0 0 0 0 0 0 0 0 0 0 0 0 0 0 0 0 0 0 0 0 0 0 0 0 0 0 0 0 0 0 0 0 0 0 0 0 1 1 1 1 1 1 1 1 1 1 1 1
C-000657,000657,Crash-1500/000657.mp4,CCD,official,test,10,50,5.0,1,44,4.4,10.0,Day,Normal,Yes,0 0 0 0 0 0 0 0 0 0 0 0 0 0 0 0 0 0 0 0 0 0 0 0 0 0 0 0 0 0 0 0 0 0 0 0 0 0 0 0 0 0 0 0 1 1 1 1 1 1
C-000658,000658,Crash-1500/000658.mp4,CCD,official,val,10,50,5.0,1,39,3.9,10.0,Day,Normal,No,0 0 0 0 0 0 0 0 0 0 0 0 0 0 0 0 0 0 0 0 0 0 0 0 0 0 0 0 0 0 0 0 0 0 0 0 0 0 0 1 1 1 1 1 1 1 1 1 1 1
C-000659,000659,Crash-1500/000659.mp4,CCD,official,test,10,50,5.0,1,31,3.1,10.0,Day,Normal,No,0 0 0 0 0 0 0 0 0 0 0 0 0 0 0 0 0 0 0 0 0 0 0 0 0 0 0 0 0 0 0 1 1 1 1 1 1 1 1 1 1 1 1 1 1 1 1 1 1 1
C-000660,000660,Crash-1500/000660.mp4,CCD,official,val,10,50,5.0,1,47,4.7,10.0,Day,Normal,No,0 0 0 0 0 0 0 0 0 0 0 0 0 0 0 0 0 0 0 0 0 0 0 0 0 0 0 0 0 0 0 0 0 0 0 0 0 0 0 0 0 0 0 0 0 0 0 1 1 1
C-000661,000661,Crash-1500/000661.mp4,CCD,official,val,10,50,5.0,1,39,3.9,10.0,Day,Normal,No,0 0 0 0 0 0 0 0 0 0 0 0 0 0 0 0 0 0 0 0 0 0 0 0 0 0 0 0 0 0 0 0 0 0 0 0 0 0 0 1 1 1 1 1 1 1 1 1 1 1
C-000662,000662,Crash-1500/000662.mp4,CCD,official,train,10,50,5.0,1,36,3.6,10.0,Night,Normal,No,0 0 0 0 0 0 0 0 0 0 0 0 0 0 0 0 0 0 0 0 0 0 0 0 0 0 0 0 0 0 0 0 0 0 0 0 1 1 1 1 1 1 1 1 1 1 1 1 1 1
C-000663,000663,Crash-1500/000663.mp4,CCD,official,val,10,50,5.0,1,32,3.2,10.0,Day,Normal,No,0 0 0 0 0 0 0 0 0 0 0 0 0 0 0 0 0 0 0 0 0 0 0 0 0 0 0 0 0 0 0 0 1 1 1 1 1 1 1 1 1 1 1 1 1 1 1 1 1 1
C-000664,000664,Crash-1500/000664.mp4,CCD,official,train,10,50,5.0,1,41,4.1,10.0,Day,Normal,Yes,0 0 0 0 0 0 0 0 0 0 0 0 0 0 0 0 0 0 0 0 0 0 0 0 0 0 0 0 0 0 0 0 0 0 0 0 0 0 0 0 0 1 1 1 1 1 1 1 1 1
C-000665,000665,Crash-1500/000665.mp4,CCD,official,train,10,50,5.0,1,46,4.6,10.0,Day,Normal,No,0 0 0 0 0 0 0 0 0 0 0 0 0 0 0 0 0 0 0 0 0 0 0 0 0 0 0 0 0 0 0 0 0 0 0 0 0 0 0 0 0 0 0 0 0 0 1 1 1 1
C-000666,000666,Crash-1500/000666.mp4,CCD,official,train,10,50,5.0,1,45,4.5,10.0,Day,Normal,Yes,0 0 0 0 0 0 0 0 0 0 0 0 0 0 0 0 0 0 0 0 0 0 0 0 0 0 0 0 0 0 0 0 0 0 0 0 0 0 0 0 0 0 0 0 0 1 1 1 1 1
C-000667,000667,Crash-1500/000667.mp4,CCD,official,test,10,50,5.0,1,38,3.8,10.0,Day,Normal,No,0 0 0 0 0 0 0 0 0 0 0 0 0 0 0 0 0 0 0 0 0 0 0 0 0 0 0 0 0 0 0 0 0 0 0 0 0 0 1 1 1 1 1 1 1 1 1 1 1 1
C-000668,000668,Crash-1500/000668.mp4,CCD,official,train,10,50,5.0,1,45,4.5,10.0,Day,Normal,No,0 0 0 0 0 0 0 0 0 0 0 0 0 0 0 0 0 0 0 0 0 0 0 0 0 0 0 0 0 0 0 0 0 0 0 0 0 0 0 0 0 0 0 0 0 1 1 1 1 1
C-000669,000669,Crash-1500/000669.mp4,CCD,official,val,10,50,5.0,1,33,3.3,10.0,Day,Normal,Yes,0 0 0 0 0 0 0 0 0 0 0 0 0 0 0 0 0 0 0 0 0 0 0 0 0 0 0 0 0 0 0 0 0 1 1 1 1 1 1 1 1 1 1 1 1 1 1 1 1 1
C-000670,000670,Crash-1500/000670.mp4,CCD,official,train,10,50,5.0,1,44,4.4,10.0,Day,Normal,Yes,0 0 0 0 0 0 0 0 0 0 0 0 0 0 0 0 0 0 0 0 0 0 0 0 0 0 0 0 0 0 0 0 0 0 0 0 0 0 0 0 0 0 0 0 1 1 1 1 1 1
C-000671,000671,Crash-1500/000671.mp4,CCD,official,val,10,50,5.0,1,45,4.5,10.0,Day,Normal,Yes,0 0 0 0 0 0 0 0 0 0 0 0 0 0 0 0 0 0 0 0 0 0 0 0 0 0 0 0 0 0 0 0 0 0 0 0 0 0 0 0 0 0 0 0 0 1 1 1 1 1
C-000672,000672,Crash-1500/000672.mp4,CCD,official,train,10,50,5.0,1,47,4.7,10.0,Day,Snowy,Yes,0 0 0 0 0 0 0 0 0 0 0 0 0 0 0 0 0 0 0 0 0 0 0 0 0 0 0 0 0 0 0 0 0 0 0 0 0 0 0 0 0 0 0 0 0 0 0 1 1 1
C-000673,000673,Crash-1500/000673.mp4,CCD,official,train,10,50,5.0,1,44,4.4,10.0,Day,Normal,Yes,0 0 0 0 0 0 0 0 0 0 0 0 0 0 0 0 0 0 0 0 0 0 0 0 0 0 0 0 0 0 0 0 0 0 0 0 0 0 0 0 0 0 0 0 1 1 1 1 1 1
C-000674,000674,Crash-1500/000674.mp4,CCD,official,test,10,50,5.0,1,49,4.9,10.0,Night,Rainy,Yes,0 0 0 0 0 0 0 0 0 0 0 0 0 0 0 0 0 0 0 0 0 0 0 0 0 0 0 0 0 0 0 0 0 0 0 0 0 0 0 0 0 0 0 0 0 0 0 0 0 1
C-000675,000675,Crash-1500/000675.mp4,CCD,official,train,10,50,5.0,1,36,3.6,10.0,Day,Snowy,No,0 0 0 0 0 0 0 0 0 0 0 0 0 0 0 0 0 0 0 0 0 0 0 0 0 0 0 0 0 0 0 0 0 0 0 0 1 1 1 1 1 1 1 1 1 1 1 1 1 1
C-000676,000676,Crash-1500/000676.mp4,CCD,official,test,10,50,5.0,1,38,3.8,10.0,Day,Normal,Yes,0 0 0 0 0 0 0 0 0 0 0 0 0 0 0 0 0 0 0 0 0 0 0 0 0 0 0 0 0 0 0 0 0 0 0 0 0 0 1 1 1 1 1 1 1 1 1 1 1 1
C-000677,000677,Crash-1500/000677.mp4,CCD,official,train,10,50,5.0,1,38,3.8,10.0,Day,Normal,No,0 0 0 0 0 0 0 0 0 0 0 0 0 0 0 0 0 0 0 0 0 0 0 0 0 0 0 0 0 0 0 0 0 0 0 0 0 0 1 1 1 1 1 1 1 1 1 1 1 1
C-000678,000678,Crash-1500/000678.mp4,CCD,official,train,10,50,5.0,1,48,4.8,10.0,Day,Normal,Yes,0 0 0 0 0 0 0 0 0 0 0 0 0 0 0 0 0 0 0 0 0 0 0 0 0 0 0 0 0 0 0 0 0 0 0 0 0 0 0 0 0 0 0 0 0 0 0 0 1 1
C-000679,000679,Crash-1500/000679.mp4,CCD,official,train,10,50,5.0,1,43,4.3,10.0,Day,Normal,Yes,0 0 0 0 0 0 0 0 0 0 0 0 0 0 0 0 0 0 0 0 0 0 0 0 0 0 0 0 0 0 0 0 0 0 0 0 0 0 0 0 0 0 0 1 1 1 1 1 1 1
C-000680,000680,Crash-1500/000680.mp4,CCD,official,train,10,50,5.0,1,41,4.1,10.0,Day,Normal,Yes,0 0 0 0 0 0 0 0 0 0 0 0 0 0 0 0 0 0 0 0 0 0 0 0 0 0 0 0 0 0 0 0 0 0 0 0 0 0 0 0 0 1 1 1 1 1 1 1 1 1
C-000681,000681,Crash-1500/000681.mp4,CCD,official,val,10,50,5.0,1,35,3.5,10.0,Day,Normal,Yes,0 0 0 0 0 0 0 0 0 0 0 0 0 0 0 0 0 0 0 0 0 0 0 0 0 0 0 0 0 0 0 0 0 0 0 1 1 1 1 1 1 1 1 1 1 1 1 1 1 1
C-000682,000682,Crash-1500/000682.mp4,CCD,official,train,10,50,5.0,1,31,3.1,10.0,Day,Normal,No,0 0 0 0 0 0 0 0 0 0 0 0 0 0 0 0 0 0 0 0 0 0 0 0 0 0 0 0 0 0 0 1 1 1 1 1 1 1 1 1 1 1 1 1 1 1 1 1 1 1
C-000683,000683,Crash-1500/000683.mp4,CCD,official,train,10,50,5.0,1,37,3.7,10.0,Day,Normal,Yes,0 0 0 0 0 0 0 0 0 0 0 0 0 0 0 0 0 0 0 0 0 0 0 0 0 0 0 0 0 0 0 0 0 0 0 0 0 1 1 1 1 1 1 1 1 1 1 1 1 1
C-000684,000684,Crash-1500/000684.mp4,CCD,official,val,10,50,5.0,1,31,3.1,10.0,Day,Normal,No,0 0 0 0 0 0 0 0 0 0 0 0 0 0 0 0 0 0 0 0 0 0 0 0 0 0 0 0 0 0 0 1 1 1 1 1 1 1 1 1 1 1 1 1 1 1 1 1 1 1
C-000685,000685,Crash-1500/000685.mp4,CCD,official,train,10,50,5.0,1,45,4.5,10.0,Day,Normal,No,0 0 0 0 0 0 0 0 0 0 0 0 0 0 0 0 0 0 0 0 0 0 0 0 0 0 0 0 0 0 0 0 0 0 0 0 0 0 0 0 0 0 0 0 0 1 1 1 1 1
C-000686,000686,Crash-1500/000686.mp4,CCD,official,val,10,50,5.0,1,43,4.3,10.0,Day,Normal,Yes,0 0 0 0 0 0 0 0 0 0 0 0 0 0 0 0 0 0 0 0 0 0 0 0 0 0 0 0 0 0 0 0 0 0 0 0 0 0 0 0 0 0 0 1 1 1 1 1 1 1
C-000687,000687,Crash-1500/000687.mp4,CCD,official,val,10,50,5.0,1,33,3.3,10.0,Day,Normal,Yes,0 0 0 0 0 0 0 0 0 0 0 0 0 0 0 0 0 0 0 0 0 0 0 0 0 0 0 0 0 0 0 0 0 1 1 1 1 1 1 1 1 1 1 1 1 1 1 1 1 1
C-000688,000688,Crash-1500/000688.mp4,CCD,official,train,10,50,5.0,1,38,3.8,10.0,Day,Normal,Yes,0 0 0 0 0 0 0 0 0 0 0 0 0 0 0 0 0 0 0 0 0 0 0 0 0 0 0 0 0 0 0 0 0 0 0 0 0 0 1 1 1 1 1 1 1 1 1 1 1 1
C-000689,000689,Crash-1500/000689.mp4,CCD,official,train,10,50,5.0,1,41,4.1,10.0,Day,Normal,Yes,0 0 0 0 0 0 0 0 0 0 0 0 0 0 0 0 0 0 0 0 0 0 0 0 0 0 0 0 0 0 0 0 0 0 0 0 0 0 0 0 0 1 1 1 1 1 1 1 1 1
C-000690,000690,Crash-1500/000690.mp4,CCD,official,test,10,50,5.0,1,33,3.3,10.0,Day,Normal,Yes,0 0 0 0 0 0 0 0 0 0 0 0 0 0 0 0 0 0 0 0 0 0 0 0 0 0 0 0 0 0 0 0 0 1 1 1 1 1 1 1 1 1 1 1 1 1 1 1 1 1
C-000691,000691,Crash-1500/000691.mp4,CCD,official,test,10,50,5.0,1,38,3.8,10.0,Day,Snowy,No,0 0 0 0 0 0 0 0 0 0 0 0 0 0 0 0 0 0 0 0 0 0 0 0 0 0 0 0 0 0 0 0 0 0 0 0 0 0 1 1 1 1 1 1 1 1 1 1 1 1
C-000692,000692,Crash-1500/000692.mp4,CCD,official,train,10,50,5.0,1,32,3.2,10.0,Day,Normal,Yes,0 0 0 0 0 0 0 0 0 0 0 0 0 0 0 0 0 0 0 0 0 0 0 0 0 0 0 0 0 0 0 0 1 1 1 1 1 1 1 1 1 1 1 1 1 1 1 1 1 1
C-000693,000693,Crash-1500/000693.mp4,CCD,official,train,10,50,5.0,1,42,4.2,10.0,Day,Normal,Yes,0 0 0 0 0 0 0 0 0 0 0 0 0 0 0 0 0 0 0 0 0 0 0 0 0 0 0 0 0 0 0 0 0 0 0 0 0 0 0 0 0 0 1 1 1 1 1 1 1 1
C-000694,000694,Crash-1500/000694.mp4,CCD,official,train,10,50,5.0,1,46,4.6,10.0,Day,Normal,Yes,0 0 0 0 0 0 0 0 0 0 0 0 0 0 0 0 0 0 0 0 0 0 0 0 0 0 0 0 0 0 0 0 0 0 0 0 0 0 0 0 0 0 0 0 0 0 1 1 1 1
C-000695,000695,Crash-1500/000695.mp4,CCD,official,val,10,50,5.0,1,39,3.9,10.0,Day,Normal,No,0 0 0 0 0 0 0 0 0 0 0 0 0 0 0 0 0 0 0 0 0 0 0 0 0 0 0 0 0 0 0 0 0 0 0 0 0 0 0 1 1 1 1 1 1 1 1 1 1 1
C-000696,000696,Crash-1500/000696.mp4,CCD,official,train,10,50,5.0,1,46,4.6,10.0,Night,Rainy,No,0 0 0 0 0 0 0 0 0 0 0 0 0 0 0 0 0 0 0 0 0 0 0 0 0 0 0 0 0 0 0 0 0 0 0 0 0 0 0 0 0 0 0 0 0 0 1 1 1 1
C-000697,000697,Crash-1500/000697.mp4,CCD,official,train,10,50,5.0,1,36,3.6,10.0,Day,Normal,No,0 0 0 0 0 0 0 0 0 0 0 0 0 0 0 0 0 0 0 0 0 0 0 0 0 0 0 0 0 0 0 0 0 0 0 0 1 1 1 1 1 1 1 1 1 1 1 1 1 1
C-000698,000698,Crash-1500/000698.mp4,CCD,official,test,10,50,5.0,1,43,4.3,10.0,Day,Normal,Yes,0 0 0 0 0 0 0 0 0 0 0 0 0 0 0 0 0 0 0 0 0 0 0 0 0 0 0 0 0 0 0 0 0 0 0 0 0 0 0 0 0 0 0 1 1 1 1 1 1 1
C-000699,000699,Crash-1500/000699.mp4,CCD,official,test,10,50,5.0,1,34,3.4,10.0,Day,Normal,Yes,0 0 0 0 0 0 0 0 0 0 0 0 0 0 0 0 0 0 0 0 0 0 0 0 0 0 0 0 0 0 0 0 0 0 1 1 1 1 1 1 1 1 1 1 1 1 1 1 1 1
C-000700,000700,Crash-1500/000700.mp4,CCD,official,train,10,50,5.0,1,46,4.6,10.0,Day,Normal,No,0 0 0 0 0 0 0 0 0 0 0 0 0 0 0 0 0 0 0 0 0 0 0 0 0 0 0 0 0 0 0 0 0 0 0 0 0 0 0 0 0 0 0 0 0 0 1 1 1 1
C-000701,000701,Crash-1500/000701.mp4,CCD,official,train,10,50,5.0,1,30,3.0,10.0,Night,Rainy,Yes,0 0 0 0 0 0 0 0 0 0 0 0 0 0 0 0 0 0 0 0 0 0 0 0 0 0 0 0 0 0 1 1 1 1 1 1 1 1 1 1 1 1 1 1 1 1 1 1 1 1
C-000702,000702,Crash-1500/000702.mp4,CCD,official,val,10,50,5.0,1,42,4.2,10.0,Day,Normal,No,0 0 0 0 0 0 0 0 0 0 0 0 0 0 0 0 0 0 0 0 0 0 0 0 0 0 0 0 0 0 0 0 0 0 0 0 0 0 0 0 0 0 1 1 1 1 1 1 1 1
C-000703,000703,Crash-1500/000703.mp4,CCD,official,train,10,50,5.0,1,32,3.2,10.0,Day,Normal,Yes,0 0 0 0 0 0 0 0 0 0 0 0 0 0 0 0 0 0 0 0 0 0 0 0 0 0 0 0 0 0 0 0 1 1 1 1 1 1 1 1 1 1 1 1 1 1 1 1 1 1
C-000704,000704,Crash-1500/000704.mp4,CCD,official,train,10,50,5.0,1,40,4.0,10.0,Night,Normal,Yes,0 0 0 0 0 0 0 0 0 0 0 0 0 0 0 0 0 0 0 0 0 0 0 0 0 0 0 0 0 0 0 0 0 0 0 0 0 0 0 0 1 1 1 1 1 1 1 1 1 1
C-000705,000705,Crash-1500/000705.mp4,CCD,official,train,10,50,5.0,1,38,3.8,10.0,Day,Normal,Yes,0 0 0 0 0 0 0 0 0 0 0 0 0 0 0 0 0 0 0 0 0 0 0 0 0 0 0 0 0 0 0 0 0 0 0 0 0 0 1 1 1 1 1 1 1 1 1 1 1 1
C-000706,000706,Crash-1500/000706.mp4,CCD,official,train,10,50,5.0,1,41,4.1,10.0,Day,Normal,Yes,0 0 0 0 0 0 0 0 0 0 0 0 0 0 0 0 0 0 0 0 0 0 0 0 0 0 0 0 0 0 0 0 0 0 0 0 0 0 0 0 0 1 1 1 1 1 1 1 1 1
C-000707,000707,Crash-1500/000707.mp4,CCD,official,test,10,50,5.0,1,38,3.8,10.0,Day,Normal,Yes,0 0 0 0 0 0 0 0 0 0 0 0 0 0 0 0 0 0 0 0 0 0 0 0 0 0 0 0 0 0 0 0 0 0 0 0 0 0 1 1 1 1 1 1 1 1 1 1 1 1
C-000708,000708,Crash-1500/000708.mp4,CCD,official,train,10,50,5.0,1,33,3.3,10.0,Day,Normal,Yes,0 0 0 0 0 0 0 0 0 0 0 0 0 0 0 0 0 0 0 0 0 0 0 0 0 0 0 0 0 0 0 0 0 1 1 1 1 1 1 1 1 1 1 1 1 1 1 1 1 1
C-000709,000709,Crash-1500/000709.mp4,CCD,official,test,10,50,5.0,1,42,4.2,10.0,Day,Normal,No,0 0 0 0 0 0 0 0 0 0 0 0 0 0 0 0 0 0 0 0 0 0 0 0 0 0 0 0 0 0 0 0 0 0 0 0 0 0 0 0 0 0 1 1 1 1 1 1 1 1
C-000710,000710,Crash-1500/000710.mp4,CCD,official,train,10,50,5.0,1,49,4.9,10.0,Day,Normal,Yes,0 0 0 0 0 0 0 0 0 0 0 0 0 0 0 0 0 0 0 0 0 0 0 0 0 0 0 0 0 0 0 0 0 0 0 0 0 0 0 0 0 0 0 0 0 0 0 0 0 1
C-000711,000711,Crash-1500/000711.mp4,CCD,official,test,10,50,5.0,1,33,3.3,10.0,Day,Normal,Yes,0 0 0 0 0 0 0 0 0 0 0 0 0 0 0 0 0 0 0 0 0 0 0 0 0 0 0 0 0 0 0 0 0 1 1 1 1 1 1 1 1 1 1 1 1 1 1 1 1 1
C-000712,000712,Crash-1500/000712.mp4,CCD,official,train,10,50,5.0,1,41,4.1,10.0,Day,Normal,Yes,0 0 0 0 0 0 0 0 0 0 0 0 0 0 0 0 0 0 0 0 0 0 0 0 0 0 0 0 0 0 0 0 0 0 0 0 0 0 0 0 0 1 1 1 1 1 1 1 1 1
C-000713,000713,Crash-1500/000713.mp4,CCD,official,train,10,50,5.0,1,41,4.1,10.0,Day,Normal,No,0 0 0 0 0 0 0 0 0 0 0 0 0 0 0 0 0 0 0 0 0 0 0 0 0 0 0 0 0 0 0 0 0 0 0 0 0 0 0 0 0 1 1 1 1 1 1 1 1 1
C-000714,000714,Crash-1500/000714.mp4,CCD,official,test,10,50,5.0,1,44,4.4,10.0,Day,Normal,No,0 0 0 0 0 0 0 0 0 0 0 0 0 0 0 0 0 0 0 0 0 0 0 0 0 0 0 0 0 0 0 0 0 0 0 0 0 0 0 0 0 0 0 0 1 1 1 1 1 1
C-000715,000715,Crash-1500/000715.mp4,CCD,official,test,10,50,5.0,1,39,3.9,10.0,Day,Snowy,Yes,0 0 0 0 0 0 0 0 0 0 0 0 0 0 0 0 0 0 0 0 0 0 0 0 0 0 0 0 0 0 0 0 0 0 0 0 0 0 0 1 1 1 1 1 1 1 1 1 1 1
C-000716,000716,Crash-1500/000716.mp4,CCD,official,val,10,50,5.0,1,41,4.1,10.0,Day,Normal,No,0 0 0 0 0 0 0 0 0 0 0 0 0 0 0 0 0 0 0 0 0 0 0 0 0 0 0 0 0 0 0 0 0 0 0 0 0 0 0 0 0 1 1 1 1 1 1 1 1 1
C-000717,000717,Crash-1500/000717.mp4,CCD,official,train,10,50,5.0,1,36,3.6,10.0,Day,Normal,No,0 0 0 0 0 0 0 0 0 0 0 0 0 0 0 0 0 0 0 0 0 0 0 0 0 0 0 0 0 0 0 0 0 0 0 0 1 1 1 1 1 1 1 1 1 1 1 1 1 1
C-000718,000718,Crash-1500/000718.mp4,CCD,official,train,10,50,5.0,1,46,4.6,10.0,Day,Snowy,Yes,0 0 0 0 0 0 0 0 0 0 0 0 0 0 0 0 0 0 0 0 0 0 0 0 0 0 0 0 0 0 0 0 0 0 0 0 0 0 0 0 0 0 0 0 0 0 1 1 1 1
C-000719,000719,Crash-1500/000719.mp4,CCD,official,val,10,50,5.0,1,44,4.4,10.0,Night,Normal,Yes,0 0 0 0 0 0 0 0 0 0 0 0 0 0 0 0 0 0 0 0 0 0 0 0 0 0 0 0 0 0 0 0 0 0 0 0 0 0 0 0 0 0 0 0 1 1 1 1 1 1
C-000720,000720,Crash-1500/000720.mp4,CCD,official,val,10,50,5.0,1,39,3.9,10.0,Day,Normal,Yes,0 0 0 0 0 0 0 0 0 0 0 0 0 0 0 0 0 0 0 0 0 0 0 0 0 0 0 0 0 0 0 0 0 0 0 0 0 0 0 1 1 1 1 1 1 1 1 1 1 1
C-000721,000721,Crash-1500/000721.mp4,CCD,official,train,10,50,5.0,1,40,4.0,10.0,Night,Normal,Yes,0 0 0 0 0 0 0 0 0 0 0 0 0 0 0 0 0 0 0 0 0 0 0 0 0 0 0 0 0 0 0 0 0 0 0 0 0 0 0 0 1 1 1 1 1 1 1 1 1 1
C-000722,000722,Crash-1500/000722.mp4,CCD,official,val,10,50,5.0,1,30,3.0,10.0,Day,Normal,Yes,0 0 0 0 0 0 0 0 0 0 0 0 0 0 0 0 0 0 0 0 0 0 0 0 0 0 0 0 0 0 1 1 1 1 1 1 1 1 1 1 1 1 1 1 1 1 1 1 1 1
C-000723,000723,Crash-1500/000723.mp4,CCD,official,train,10,50,5.0,1,39,3.9,10.0,Day,Normal,No,0 0 0 0 0 0 0 0 0 0 0 0 0 0 0 0 0 0 0 0 0 0 0 0 0 0 0 0 0 0 0 0 0 0 0 0 0 0 0 1 1 1 1 1 1 1 1 1 1 1
C-000724,000724,Crash-1500/000724.mp4,CCD,official,train,10,50,5.0,1,37,3.7,10.0,Day,Snowy,Yes,0 0 0 0 0 0 0 0 0 0 0 0 0 0 0 0 0 0 0 0 0 0 0 0 0 0 0 0 0 0 0 0 0 0 0 0 0 1 1 1 1 1 1 1 1 1 1 1 1 1
C-000725,000725,Crash-1500/000725.mp4,CCD,official,train,10,50,5.0,1,31,3.1,10.0,Day,Normal,Yes,0 0 0 0 0 0 0 0 0 0 0 0 0 0 0 0 0 0 0 0 0 0 0 0 0 0 0 0 0 0 0 1 1 1 1 1 1 1 1 1 1 1 1 1 1 1 1 1 1 1
C-000726,000726,Crash-1500/000726.mp4,CCD,official,test,10,50,5.0,1,40,4.0,10.0,Day,Normal,No,0 0 0 0 0 0 0 0 0 0 0 0 0 0 0 0 0 0 0 0 0 0 0 0 0 0 0 0 0 0 0 0 0 0 0 0 0 0 0 0 1 1 1 1 1 1 1 1 1 1
C-000727,000727,Crash-1500/000727.mp4,CCD,official,train,10,50,5.0,1,42,4.2,10.0,Day,Normal,Yes,0 0 0 0 0 0 0 0 0 0 0 0 0 0 0 0 0 0 0 0 0 0 0 0 0 0 0 0 0 0 0 0 0 0 0 0 0 0 0 0 0 0 1 1 1 1 1 1 1 1
C-000728,000728,Crash-1500/000728.mp4,CCD,official,train,10,50,5.0,1,32,3.2,10.0,Day,Normal,Yes,0 0 0 0 0 0 0 0 0 0 0 0 0 0 0 0 0 0 0 0 0 0 0 0 0 0 0 0 0 0 0 0 1 1 1 1 1 1 1 1 1 1 1 1 1 1 1 1 1 1
C-000729,000729,Crash-1500/000729.mp4,CCD,official,test,10,50,5.0,1,35,3.5,10.0,Day,Normal,No,0 0 0 0 0 0 0 0 0 0 0 0 0 0 0 0 0 0 0 0 0 0 0 0 0 0 0 0 0 0 0 0 0 0 0 1 1 1 1 1 1 1 1 1 1 1 1 1 1 1
C-000730,000730,Crash-1500/000730.mp4,CCD,official,train,10,50,5.0,1,35,3.5,10.0,Day,Rainy,No,0 0 0 0 0 0 0 0 0 0 0 0 0 0 0 0 0 0 0 0 0 0 0 0 0 0 0 0 0 0 0 0 0 0 0 1 1 1 1 1 1 1 1 1 1 1 1 1 1 1
C-000731,000731,Crash-1500/000731.mp4,CCD,official,train,10,50,5.0,1,30,3.0,10.0,Night,Normal,No,0 0 0 0 0 0 0 0 0 0 0 0 0 0 0 0 0 0 0 0 0 0 0 0 0 0 0 0 0 0 1 1 1 1 1 1 1 1 1 1 1 1 1 1 1 1 1 1 1 1
C-000732,000732,Crash-1500/000732.mp4,CCD,official,train,10,50,5.0,1,30,3.0,10.0,Day,Normal,Yes,0 0 0 0 0 0 0 0 0 0 0 0 0 0 0 0 0 0 0 0 0 0 0 0 0 0 0 0 0 0 1 1 1 1 1 1 1 1 1 1 1 1 1 1 1 1 1 1 1 1
C-000733,000733,Crash-1500/000733.mp4,CCD,official,train,10,50,5.0,1,30,3.0,10.0,Day,Normal,Yes,0 0 0 0 0 0 0 0 0 0 0 0 0 0 0 0 0 0 0 0 0 0 0 0 0 0 0 0 0 0 1 1 1 1 1 1 1 1 1 1 1 1 1 1 1 1 1 1 1 1
C-000734,000734,Crash-1500/000734.mp4,CCD,official,train,10,50,5.0,1,35,3.5,10.0,Day,Normal,Yes,0 0 0 0 0 0 0 0 0 0 0 0 0 0 0 0 0 0 0 0 0 0 0 0 0 0 0 0 0 0 0 0 0 0 0 1 1 1 1 1 1 1 1 1 1 1 1 1 1 1
C-000735,000735,Crash-1500/000735.mp4,CCD,official,val,10,50,5.0,1,30,3.0,10.0,Day,Rainy,No,0 0 0 0 0 0 0 0 0 0 0 0 0 0 0 0 0 0 0 0 0 0 0 0 0 0 0 0 0 0 1 1 1 1 1 1 1 1 1 1 1 1 1 1 1 1 1 1 1 1
C-000736,000736,Crash-1500/000736.mp4,CCD,official,train,10,50,5.0,1,39,3.9,10.0,Day,Normal,No,0 0 0 0 0 0 0 0 0 0 0 0 0 0 0 0 0 0 0 0 0 0 0 0 0 0 0 0 0 0 0 0 0 0 0 0 0 0 0 1 1 1 1 1 1 1 1 1 1 1
C-000737,000737,Crash-1500/000737.mp4,CCD,official,train,10,50,5.0,1,40,4.0,10.0,Day,Normal,Yes,0 0 0 0 0 0 0 0 0 0 0 0 0 0 0 0 0 0 0 0 0 0 0 0 0 0 0 0 0 0 0 0 0 0 0 0 0 0 0 0 1 1 1 1 1 1 1 1 1 1
C-000738,000738,Crash-1500/000738.mp4,CCD,official,train,10,50,5.0,1,35,3.5,10.0,Day,Normal,No,0 0 0 0 0 0 0 0 0 0 0 0 0 0 0 0 0 0 0 0 0 0 0 0 0 0 0 0 0 0 0 0 0 0 0 1 1 1 1 1 1 1 1 1 1 1 1 1 1 1
C-000739,000739,Crash-1500/000739.mp4,CCD,official,train,10,50,5.0,1,30,3.0,10.0,Night,Rainy,Yes,0 0 0 0 0 0 0 0 0 0 0 0 0 0 0 0 0 0 0 0 0 0 0 0 0 0 0 0 0 0 1 1 1 1 1 1 1 1 1 1 1 1 1 1 1 1 1 1 1 1
C-000740,000740,Crash-1500/000740.mp4,CCD,official,train,10,50,5.0,1,32,3.2,10.0,Day,Rainy,Yes,0 0 0 0 0 0 0 0 0 0 0 0 0 0 0 0 0 0 0 0 0 0 0 0 0 0 0 0 0 0 0 0 1 1 1 1 1 1 1 1 1 1 1 1 1 1 1 1 1 1
C-000741,000741,Crash-1500/000741.mp4,CCD,official,train,10,50,5.0,1,48,4.8,10.0,Day,Normal,No,0 0 0 0 0 0 0 0 0 0 0 0 0 0 0 0 0 0 0 0 0 0 0 0 0 0 0 0 0 0 0 0 0 0 0 0 0 0 0 0 0 0 0 0 0 0 0 0 1 1
C-000742,000742,Crash-1500/000742.mp4,CCD,official,test,10,50,5.0,1,35,3.5,10.0,Day,Normal,No,0 0 0 0 0 0 0 0 0 0 0 0 0 0 0 0 0 0 0 0 0 0 0 0 0 0 0 0 0 0 0 0 0 0 0 1 1 1 1 1 1 1 1 1 1 1 1 1 1 1
C-000743,000743,Crash-1500/000743.mp4,CCD,official,train,10,50,5.0,1,32,3.2,10.0,Day,Normal,Yes,0 0 0 0 0 0 0 0 0 0 0 0 0 0 0 0 0 0 0 0 0 0 0 0 0 0 0 0 0 0 0 0 1 1 1 1 1 1 1 1 1 1 1 1 1 1 1 1 1 1
C-000744,000744,Crash-1500/000744.mp4,CCD,official,test,10,50,5.0,1,30,3.0,10.0,Day,Normal,Yes,0 0 0 0 0 0 0 0 0 0 0 0 0 0 0 0 0 0 0 0 0 0 0 0 0 0 0 0 0 0 1 1 1 1 1 1 1 1 1 1 1 1 1 1 1 1 1 1 1 1
C-000745,000745,Crash-1500/000745.mp4,CCD,official,test,10,50,5.0,1,32,3.2,10.0,Night,Normal,No,0 0 0 0 0 0 0 0 0 0 0 0 0 0 0 0 0 0 0 0 0 0 0 0 0 0 0 0 0 0 0 0 1 1 1 1 1 1 1 1 1 1 1 1 1 1 1 1 1 1
C-000746,000746,Crash-1500/000746.mp4,CCD,official,test,10,50,5.0,1,34,3.4,10.0,Day,Rainy,Yes,0 0 0 0 0 0 0 0 0 0 0 0 0 0 0 0 0 0 0 0 0 0 0 0 0 0 0 0 0 0 0 0 0 0 1 1 1 1 1 1 1 1 1 1 1 1 1 1 1 1
C-000747,000747,Crash-1500/000747.mp4,CCD,official,train,10,50,5.0,1,30,3.0,10.0,Night,Normal,No,0 0 0 0 0 0 0 0 0 0 0 0 0 0 0 0 0 0 0 0 0 0 0 0 0 0 0 0 0 0 1 1 1 1 1 1 1 1 1 1 1 1 1 1 1 1 1 1 1 1
C-000748,000748,Crash-1500/000748.mp4,CCD,official,train,10,50,5.0,1,38,3.8,10.0,Day,Normal,No,0 0 0 0 0 0 0 0 0 0 0 0 0 0 0 0 0 0 0 0 0 0 0 0 0 0 0 0 0 0 0 0 0 0 0 0 0 0 1 1 1 1 1 1 1 1 1 1 1 1
C-000749,000749,Crash-1500/000749.mp4,CCD,official,test,10,50,5.0,1,32,3.2,10.0,Day,Normal,Yes,0 0 0 0 0 0 0 0 0 0 0 0 0 0 0 0 0 0 0 0 0 0 0 0 0 0 0 0 0 0 0 0 1 1 1 1 1 1 1 1 1 1 1 1 1 1 1 1 1 1
C-000750,000750,Crash-1500/000750.mp4,CCD,official,train,10,50,5.0,1,34,3.4,10.0,Day,Normal,Yes,0 0 0 0 0 0 0 0 0 0 0 0 0 0 0 0 0 0 0 0 0 0 0 0 0 0 0 0 0 0 0 0 0 0 1 1 1 1 1 1 1 1 1 1 1 1 1 1 1 1
C-000751,000751,Crash-1500/000751.mp4,CCD,official,val,10,50,5.0,1,40,4.0,10.0,Day,Normal,Yes,0 0 0 0 0 0 0 0 0 0 0 0 0 0 0 0 0 0 0 0 0 0 0 0 0 0 0 0 0 0 0 0 0 0 0 0 0 0 0 0 1 1 1 1 1 1 1 1 1 1
C-000752,000752,Crash-1500/000752.mp4,CCD,official,train,10,50,5.0,1,32,3.2,10.0,Day,Normal,No,0 0 0 0 0 0 0 0 0 0 0 0 0 0 0 0 0 0 0 0 0 0 0 0 0 0 0 0 0 0 0 0 1 1 1 1 1 1 1 1 1 1 1 1 1 1 1 1 1 1
C-000753,000753,Crash-1500/000753.mp4,CCD,official,val,10,50,5.0,1,47,4.7,10.0,Day,Normal,Yes,0 0 0 0 0 0 0 0 0 0 0 0 0 0 0 0 0 0 0 0 0 0 0 0 0 0 0 0 0 0 0 0 0 0 0 0 0 0 0 0 0 0 0 0 0 0 0 1 1 1
C-000754,000754,Crash-1500/000754.mp4,CCD,official,train,10,50,5.0,1,46,4.6,10.0,Day,Normal,Yes,0 0 0 0 0 0 0 0 0 0 0 0 0 0 0 0 0 0 0 0 0 0 0 0 0 0 0 0 0 0 0 0 0 0 0 0 0 0 0 0 0 0 0 0 0 0 1 1 1 1
C-000755,000755,Crash-1500/000755.mp4,CCD,official,train,10,50,5.0,1,41,4.1,10.0,Day,Normal,Yes,0 0 0 0 0 0 0 0 0 0 0 0 0 0 0 0 0 0 0 0 0 0 0 0 0 0 0 0 0 0 0 0 0 0 0 0 0 0 0 0 0 1 1 1 1 1 1 1 1 1
C-000756,000756,Crash-1500/000756.mp4,CCD,official,train,10,50,5.0,1,42,4.2,10.0,Day,Normal,No,0 0 0 0 0 0 0 0 0 0 0 0 0 0 0 0 0 0 0 0 0 0 0 0 0 0 0 0 0 0 0 0 0 0 0 0 0 0 0 0 0 0 1 1 1 1 1 1 1 1
C-000757,000757,Crash-1500/000757.mp4,CCD,official,test,10,50,5.0,1,36,3.6,10.0,Day,Normal,No,0 0 0 0 0 0 0 0 0 0 0 0 0 0 0 0 0 0 0 0 0 0 0 0 0 0 0 0 0 0 0 0 0 0 0 0 1 1 1 1 1 1 1 1 1 1 1 1 1 1
C-000758,000758,Crash-1500/000758.mp4,CCD,official,train,10,50,5.0,1,47,4.7,10.0,Day,Normal,Yes,0 0 0 0 0 0 0 0 0 0 0 0 0 0 0 0 0 0 0 0 0 0 0 0 0 0 0 0 0 0 0 0 0 0 0 0 0 0 0 0 0 0 0 0 0 0 0 1 1 1
C-000759,000759,Crash-1500/000759.mp4,CCD,official,train,10,50,5.0,1,32,3.2,10.0,Day,Normal,No,0 0 0 0 0 0 0 0 0 0 0 0 0 0 0 0 0 0 0 0 0 0 0 0 0 0 0 0 0 0 0 0 1 1 1 1 1 1 1 1 1 1 1 1 1 1 1 1 1 1
C-000760,000760,Crash-1500/000760.mp4,CCD,official,train,10,50,5.0,1,49,4.9,10.0,Day,Normal,No,0 0 0 0 0 0 0 0 0 0 0 0 0 0 0 0 0 0 0 0 0 0 0 0 0 0 0 0 0 0 0 0 0 0 0 0 0 0 0 0 0 0 0 0 0 0 0 0 0 1
C-000761,000761,Crash-1500/000761.mp4,CCD,official,train,10,50,5.0,1,30,3.0,10.0,Day,Normal,No,0 0 0 0 0 0 0 0 0 0 0 0 0 0 0 0 0 0 0 0 0 0 0 0 0 0 0 0 0 0 1 1 1 1 1 1 1 1 1 1 1 1 1 1 1 1 1 1 1 1
C-000762,000762,Crash-1500/000762.mp4,CCD,official,test,10,50,5.0,1,34,3.4,10.0,Day,Normal,No,0 0 0 0 0 0 0 0 0 0 0 0 0 0 0 0 0 0 0 0 0 0 0 0 0 0 0 0 0 0 0 0 0 0 1 1 1 1 1 1 1 1 1 1 1 1 1 1 1 1
C-000763,000763,Crash-1500/000763.mp4,CCD,official,val,10,50,5.0,1,39,3.9,10.0,Day,Normal,Yes,0 0 0 0 0 0 0 0 0 0 0 0 0 0 0 0 0 0 0 0 0 0 0 0 0 0 0 0 0 0 0 0 0 0 0 0 0 0 0 1 1 1 1 1 1 1 1 1 1 1
C-000764,000764,Crash-1500/000764.mp4,CCD,official,train,10,50,5.0,1,34,3.4,10.0,Day,Normal,No,0 0 0 0 0 0 0 0 0 0 0 0 0 0 0 0 0 0 0 0 0 0 0 0 0 0 0 0 0 0 0 0 0 0 1 1 1 1 1 1 1 1 1 1 1 1 1 1 1 1
C-000765,000765,Crash-1500/000765.mp4,CCD,official,val,10,50,5.0,1,39,3.9,10.0,Day,Normal,No,0 0 0 0 0 0 0 0 0 0 0 0 0 0 0 0 0 0 0 0 0 0 0 0 0 0 0 0 0 0 0 0 0 0 0 0 0 0 0 1 1 1 1 1 1 1 1 1 1 1
C-000766,000766,Crash-1500/000766.mp4,CCD,official,train,10,50,5.0,1,42,4.2,10.0,Day,Normal,Yes,0 0 0 0 0 0 0 0 0 0 0 0 0 0 0 0 0 0 0 0 0 0 0 0 0 0 0 0 0 0 0 0 0 0 0 0 0 0 0 0 0 0 1 1 1 1 1 1 1 1
C-000767,000767,Crash-1500/000767.mp4,CCD,official,train,10,50,5.0,1,40,4.0,10.0,Day,Normal,Yes,0 0 0 0 0 0 0 0 0 0 0 0 0 0 0 0 0 0 0 0 0 0 0 0 0 0 0 0 0 0 0 0 0 0 0 0 0 0 0 0 1 1 1 1 1 1 1 1 1 1
C-000768,000768,Crash-1500/000768.mp4,CCD,official,train,10,50,5.0,1,35,3.5,10.0,Day,Normal,Yes,0 0 0 0 0 0 0 0 0 0 0 0 0 0 0 0 0 0 0 0 0 0 0 0 0 0 0 0 0 0 0 0 0 0 0 1 1 1 1 1 1 1 1 1 1 1 1 1 1 1
C-000769,000769,Crash-1500/000769.mp4,CCD,official,train,10,50,5.0,1,32,3.2,10.0,Day,Normal,No,0 0 0 0 0 0 0 0 0 0 0 0 0 0 0 0 0 0 0 0 0 0 0 0 0 0 0 0 0 0 0 0 1 1 1 1 1 1 1 1 1 1 1 1 1 1 1 1 1 1
C-000770,000770,Crash-1500/000770.mp4,CCD,official,train,10,50,5.0,1,33,3.3,10.0,Day,Normal,Yes,0 0 0 0 0 0 0 0 0 0 0 0 0 0 0 0 0 0 0 0 0 0 0 0 0 0 0 0 0 0 0 0 0 1 1 1 1 1 1 1 1 1 1 1 1 1 1 1 1 1
C-000771,000771,Crash-1500/000771.mp4,CCD,official,val,10,50,5.0,1,33,3.3,10.0,Day,Normal,No,0 0 0 0 0 0 0 0 0 0 0 0 0 0 0 0 0 0 0 0 0 0 0 0 0 0 0 0 0 0 0 0 0 1 1 1 1 1 1 1 1 1 1 1 1 1 1 1 1 1
C-000772,000772,Crash-1500/000772.mp4,CCD,official,train,10,50,5.0,1,46,4.6,10.0,Day,Normal,Yes,0 0 0 0 0 0 0 0 0 0 0 0 0 0 0 0 0 0 0 0 0 0 0 0 0 0 0 0 0 0 0 0 0 0 0 0 0 0 0 0 0 0 0 0 0 0 1 1 1 1
C-000773,000773,Crash-1500/000773.mp4,CCD,official,train,10,50,5.0,1,34,3.4,10.0,Day,Normal,No,0 0 0 0 0 0 0 0 0 0 0 0 0 0 0 0 0 0 0 0 0 0 0 0 0 0 0 0 0 0 0 0 0 0 1 1 1 1 1 1 1 1 1 1 1 1 1 1 1 1
C-000774,000774,Crash-1500/000774.mp4,CCD,official,train,10,50,5.0,1,31,3.1,10.0,Day,Normal,No,0 0 0 0 0 0 0 0 0 0 0 0 0 0 0 0 0 0 0 0 0 0 0 0 0 0 0 0 0 0 0 1 1 1 1 1 1 1 1 1 1 1 1 1 1 1 1 1 1 1
C-000775,000775,Crash-1500/000775.mp4,CCD,official,test,10,50,5.0,1,38,3.8,10.0,Day,Normal,No,0 0 0 0 0 0 0 0 0 0 0 0 0 0 0 0 0 0 0 0 0 0 0 0 0 0 0 0 0 0 0 0 0 0 0 0 0 0 1 1 1 1 1 1 1 1 1 1 1 1
C-000776,000776,Crash-1500/000776.mp4,CCD,official,val,10,50,5.0,1,34,3.4,10.0,Day,Normal,No,0 0 0 0 0 0 0 0 0 0 0 0 0 0 0 0 0 0 0 0 0 0 0 0 0 0 0 0 0 0 0 0 0 0 1 1 1 1 1 1 1 1 1 1 1 1 1 1 1 1
C-000777,000777,Crash-1500/000777.mp4,CCD,official,train,10,50,5.0,1,39,3.9,10.0,Day,Normal,Yes,0 0 0 0 0 0 0 0 0 0 0 0 0 0 0 0 0 0 0 0 0 0 0 0 0 0 0 0 0 0 0 0 0 0 0 0 0 0 0 1 1 1 1 1 1 1 1 1 1 1
C-000778,000778,Crash-1500/000778.mp4,CCD,official,train,10,50,5.0,1,43,4.3,10.0,Day,Rainy,Yes,0 0 0 0 0 0 0 0 0 0 0 0 0 0 0 0 0 0 0 0 0 0 0 0 0 0 0 0 0 0 0 0 0 0 0 0 0 0 0 0 0 0 0 1 1 1 1 1 1 1
C-000779,000779,Crash-1500/000779.mp4,CCD,official,train,10,50,5.0,1,33,3.3,10.0,Day,Normal,Yes,0 0 0 0 0 0 0 0 0 0 0 0 0 0 0 0 0 0 0 0 0 0 0 0 0 0 0 0 0 0 0 0 0 1 1 1 1 1 1 1 1 1 1 1 1 1 1 1 1 1
C-000780,000780,Crash-1500/000780.mp4,CCD,official,train,10,50,5.0,1,32,3.2,10.0,Day,Normal,No,0 0 0 0 0 0 0 0 0 0 0 0 0 0 0 0 0 0 0 0 0 0 0 0 0 0 0 0 0 0 0 0 1 1 1 1 1 1 1 1 1 1 1 1 1 1 1 1 1 1
C-000781,000781,Crash-1500/000781.mp4,CCD,official,train,10,50,5.0,1,38,3.8,10.0,Day,Normal,No,0 0 0 0 0 0 0 0 0 0 0 0 0 0 0 0 0 0 0 0 0 0 0 0 0 0 0 0 0 0 0 0 0 0 0 0 0 0 1 1 1 1 1 1 1 1 1 1 1 1
C-000782,000782,Crash-1500/000782.mp4,CCD,official,train,10,50,5.0,1,32,3.2,10.0,Night,Normal,No,0 0 0 0 0 0 0 0 0 0 0 0 0 0 0 0 0 0 0 0 0 0 0 0 0 0 0 0 0 0 0 0 1 1 1 1 1 1 1 1 1 1 1 1 1 1 1 1 1 1
C-000783,000783,Crash-1500/000783.mp4,CCD,official,val,10,50,5.0,1,37,3.7,10.0,Day,Normal,No,0 0 0 0 0 0 0 0 0 0 0 0 0 0 0 0 0 0 0 0 0 0 0 0 0 0 0 0 0 0 0 0 0 0 0 0 0 1 1 1 1 1 1 1 1 1 1 1 1 1
C-000784,000784,Crash-1500/000784.mp4,CCD,official,train,10,50,5.0,1,33,3.3,10.0,Day,Rainy,Yes,0 0 0 0 0 0 0 0 0 0 0 0 0 0 0 0 0 0 0 0 0 0 0 0 0 0 0 0 0 0 0 0 0 1 1 1 1 1 1 1 1 1 1 1 1 1 1 1 1 1
C-000785,000785,Crash-1500/000785.mp4,CCD,official,train,10,50,5.0,1,32,3.2,10.0,Day,Normal,No,0 0 0 0 0 0 0 0 0 0 0 0 0 0 0 0 0 0 0 0 0 0 0 0 0 0 0 0 0 0 0 0 1 1 1 1 1 1 1 1 1 1 1 1 1 1 1 1 1 1
C-000786,000786,Crash-1500/000786.mp4,CCD,official,train,10,50,5.0,1,43,4.3,10.0,Day,Normal,No,0 0 0 0 0 0 0 0 0 0 0 0 0 0 0 0 0 0 0 0 0 0 0 0 0 0 0 0 0 0 0 0 0 0 0 0 0 0 0 0 0 0 0 1 1 1 1 1 1 1
C-000787,000787,Crash-1500/000787.mp4,CCD,official,train,10,50,5.0,1,43,4.3,10.0,Day,Normal,Yes,0 0 0 0 0 0 0 0 0 0 0 0 0 0 0 0 0 0 0 0 0 0 0 0 0 0 0 0 0 0 0 0 0 0 0 0 0 0 0 0 0 0 0 1 1 1 1 1 1 1
C-000788,000788,Crash-1500/000788.mp4,CCD,official,train,10,50,5.0,1,36,3.6,10.0,Day,Normal,No,0 0 0 0 0 0 0 0 0 0 0 0 0 0 0 0 0 0 0 0 0 0 0 0 0 0 0 0 0 0 0 0 0 0 0 0 1 1 1 1 1 1 1 1 1 1 1 1 1 1
C-000789,000789,Crash-1500/000789.mp4,CCD,official,train,10,50,5.0,1,47,4.7,10.0,Day,Rainy,No,0 0 0 0 0 0 0 0 0 0 0 0 0 0 0 0 0 0 0 0 0 0 0 0 0 0 0 0 0 0 0 0 0 0 0 0 0 0 0 0 0 0 0 0 0 0 0 1 1 1
C-000790,000790,Crash-1500/000790.mp4,CCD,official,val,10,50,5.0,1,31,3.1,10.0,Day,Normal,No,0 0 0 0 0 0 0 0 0 0 0 0 0 0 0 0 0 0 0 0 0 0 0 0 0 0 0 0 0 0 0 1 1 1 1 1 1 1 1 1 1 1 1 1 1 1 1 1 1 1
C-000791,000791,Crash-1500/000791.mp4,CCD,official,val,10,50,5.0,1,38,3.8,10.0,Day,Normal,No,0 0 0 0 0 0 0 0 0 0 0 0 0 0 0 0 0 0 0 0 0 0 0 0 0 0 0 0 0 0 0 0 0 0 0 0 0 0 1 1 1 1 1 1 1 1 1 1 1 1
C-000792,000792,Crash-1500/000792.mp4,CCD,official,train,10,50,5.0,1,34,3.4,10.0,Day,Normal,Yes,0 0 0 0 0 0 0 0 0 0 0 0 0 0 0 0 0 0 0 0 0 0 0 0 0 0 0 0 0 0 0 0 0 0 1 1 1 1 1 1 1 1 1 1 1 1 1 1 1 1
C-000793,000793,Crash-1500/000793.mp4,CCD,official,train,10,50,5.0,1,33,3.3,10.0,Day,Normal,No,0 0 0 0 0 0 0 0 0 0 0 0 0 0 0 0 0 0 0 0 0 0 0 0 0 0 0 0 0 0 0 0 0 1 1 1 1 1 1 1 1 1 1 1 1 1 1 1 1 1
C-000794,000794,Crash-1500/000794.mp4,CCD,official,train,10,50,5.0,1,38,3.8,10.0,Day,Normal,No,0 0 0 0 0 0 0 0 0 0 0 0 0 0 0 0 0 0 0 0 0 0 0 0 0 0 0 0 0 0 0 0 0 0 0 0 0 0 1 1 1 1 1 1 1 1 1 1 1 1
C-000795,000795,Crash-1500/000795.mp4,CCD,official,train,10,50,5.0,1,42,4.2,10.0,Day,Normal,Yes,0 0 0 0 0 0 0 0 0 0 0 0 0 0 0 0 0 0 0 0 0 0 0 0 0 0 0 0 0 0 0 0 0 0 0 0 0 0 0 0 0 0 1 1 1 1 1 1 1 1
C-000796,000796,Crash-1500/000796.mp4,CCD,official,test,10,50,5.0,1,49,4.9,10.0,Day,Normal,No,0 0 0 0 0 0 0 0 0 0 0 0 0 0 0 0 0 0 0 0 0 0 0 0 0 0 0 0 0 0 0 0 0 0 0 0 0 0 0 0 0 0 0 0 0 0 0 0 0 1
C-000797,000797,Crash-1500/000797.mp4,CCD,official,train,10,50,5.0,1,41,4.1,10.0,Day,Normal,Yes,0 0 0 0 0 0 0 0 0 0 0 0 0 0 0 0 0 0 0 0 0 0 0 0 0 0 0 0 0 0 0 0 0 0 0 0 0 0 0 0 0 1 1 1 1 1 1 1 1 1
C-000798,000798,Crash-1500/000798.mp4,CCD,official,train,10,50,5.0,1,37,3.7,10.0,Day,Normal,Yes,0 0 0 0 0 0 0 0 0 0 0 0 0 0 0 0 0 0 0 0 0 0 0 0 0 0 0 0 0 0 0 0 0 0 0 0 0 1 1 1 1 1 1 1 1 1 1 1 1 1
C-000799,000799,Crash-1500/000799.mp4,CCD,official,test,10,50,5.0,1,40,4.0,10.0,Day,Normal,No,0 0 0 0 0 0 0 0 0 0 0 0 0 0 0 0 0 0 0 0 0 0 0 0 0 0 0 0 0 0 0 0 0 0 0 0 0 0 0 0 1 1 1 1 1 1 1 1 1 1
C-000800,000800,Crash-1500/000800.mp4,CCD,official,train,10,50,5.0,1,45,4.5,10.0,Day,Normal,No,0 0 0 0 0 0 0 0 0 0 0 0 0 0 0 0 0 0 0 0 0 0 0 0 0 0 0 0 0 0 0 0 0 0 0 0 0 0 0 0 0 0 0 0 0 1 1 1 1 1
C-000801,000801,Crash-1500/000801.mp4,CCD,official,train,10,50,5.0,1,33,3.3,10.0,Day,Normal,Yes,0 0 0 0 0 0 0 0 0 0 0 0 0 0 0 0 0 0 0 0 0 0 0 0 0 0 0 0 0 0 0 0 0 1 1 1 1 1 1 1 1 1 1 1 1 1 1 1 1 1
C-000802,000802,Crash-1500/000802.mp4,CCD,official,train,10,50,5.0,1,40,4.0,10.0,Day,Normal,No,0 0 0 0 0 0 0 0 0 0 0 0 0 0 0 0 0 0 0 0 0 0 0 0 0 0 0 0 0 0 0 0 0 0 0 0 0 0 0 0 1 1 1 1 1 1 1 1 1 1
C-000803,000803,Crash-1500/000803.mp4,CCD,official,train,10,50,5.0,1,36,3.6,10.0,Day,Normal,Yes,0 0 0 0 0 0 0 0 0 0 0 0 0 0 0 0 0 0 0 0 0 0 0 0 0 0 0 0 0 0 0 0 0 0 0 0 1 1 1 1 1 1 1 1 1 1 1 1 1 1
C-000804,000804,Crash-1500/000804.mp4,CCD,official,train,10,50,5.0,1,30,3.0,10.0,Day,Normal,No,0 0 0 0 0 0 0 0 0 0 0 0 0 0 0 0 0 0 0 0 0 0 0 0 0 0 0 0 0 0 1 1 1 1 1 1 1 1 1 1 1 1 1 1 1 1 1 1 1 1
C-000805,000805,Crash-1500/000805.mp4,CCD,official,train,10,50,5.0,1,30,3.0,10.0,Day,Normal,Yes,0 0 0 0 0 0 0 0 0 0 0 0 0 0 0 0 0 0 0 0 0 0 0 0 0 0 0 0 0 0 1 1 1 1 1 1 1 1 1 1 1 1 1 1 1 1 1 1 1 1
C-000806,000806,Crash-1500/000806.mp4,CCD,official,train,10,50,5.0,1,35,3.5,10.0,Day,Normal,No,0 0 0 0 0 0 0 0 0 0 0 0 0 0 0 0 0 0 0 0 0 0 0 0 0 0 0 0 0 0 0 0 0 0 0 1 1 1 1 1 1 1 1 1 1 1 1 1 1 1
C-000807,000807,Crash-1500/000807.mp4,CCD,official,train,10,50,5.0,1,31,3.1,10.0,Day,Normal,No,0 0 0 0 0 0 0 0 0 0 0 0 0 0 0 0 0 0 0 0 0 0 0 0 0 0 0 0 0 0 0 1 1 1 1 1 1 1 1 1 1 1 1 1 1 1 1 1 1 1
C-000808,000808,Crash-1500/000808.mp4,CCD,official,val,10,50,5.0,1,31,3.1,10.0,Day,Rainy,No,0 0 0 0 0 0 0 0 0 0 0 0 0 0 0 0 0 0 0 0 0 0 0 0 0 0 0 0 0 0 0 1 1 1 1 1 1 1 1 1 1 1 1 1 1 1 1 1 1 1
C-000809,000809,Crash-1500/000809.mp4,CCD,official,train,10,50,5.0,1,34,3.4,10.0,Day,Normal,No,0 0 0 0 0 0 0 0 0 0 0 0 0 0 0 0 0 0 0 0 0 0 0 0 0 0 0 0 0 0 0 0 0 0 1 1 1 1 1 1 1 1 1 1 1 1 1 1 1 1
C-000810,000810,Crash-1500/000810.mp4,CCD,official,test,10,50,5.0,1,32,3.2,10.0,Day,Normal,Yes,0 0 0 0 0 0 0 0 0 0 0 0 0 0 0 0 0 0 0 0 0 0 0 0 0 0 0 0 0 0 0 0 1 1 1 1 1 1 1 1 1 1 1 1 1 1 1 1 1 1
C-000811,000811,Crash-1500/000811.mp4,CCD,official,train,10,50,5.0,1,30,3.0,10.0,Day,Normal,Yes,0 0 0 0 0 0 0 0 0 0 0 0 0 0 0 0 0 0 0 0 0 0 0 0 0 0 0 0 0 0 1 1 1 1 1 1 1 1 1 1 1 1 1 1 1 1 1 1 1 1
C-000812,000812,Crash-1500/000812.mp4,CCD,official,train,10,50,5.0,1,30,3.0,10.0,Day,Normal,No,0 0 0 0 0 0 0 0 0 0 0 0 0 0 0 0 0 0 0 0 0 0 0 0 0 0 0 0 0 0 1 1 1 1 1 1 1 1 1 1 1 1 1 1 1 1 1 1 1 1
C-000813,000813,Crash-1500/000813.mp4,CCD,official,train,10,50,5.0,1,44,4.4,10.0,Day,Normal,Yes,0 0 0 0 0 0 0 0 0 0 0 0 0 0 0 0 0 0 0 0 0 0 0 0 0 0 0 0 0 0 0 0 0 0 0 0 0 0 0 0 0 0 0 0 1 1 1 1 1 1
C-000814,000814,Crash-1500/000814.mp4,CCD,official,train,10,50,5.0,1,34,3.4,10.0,Day,Normal,Yes,0 0 0 0 0 0 0 0 0 0 0 0 0 0 0 0 0 0 0 0 0 0 0 0 0 0 0 0 0 0 0 0 0 0 1 1 1 1 1 1 1 1 1 1 1 1 1 1 1 1
C-000815,000815,Crash-1500/000815.mp4,CCD,official,train,10,50,5.0,1,42,4.2,10.0,Day,Normal,Yes,0 0 0 0 0 0 0 0 0 0 0 0 0 0 0 0 0 0 0 0 0 0 0 0 0 0 0 0 0 0 0 0 0 0 0 0 0 0 0 0 0 0 1 1 1 1 1 1 1 1
C-000816,000816,Crash-1500/000816.mp4,CCD,official,train,10,50,5.0,1,31,3.1,10.0,Day,Normal,No,0 0 0 0 0 0 0 0 0 0 0 0 0 0 0 0 0 0 0 0 0 0 0 0 0 0 0 0 0 0 0 1 1 1 1 1 1 1 1 1 1 1 1 1 1 1 1 1 1 1
C-000817,000817,Crash-1500/000817.mp4,CCD,official,val,10,50,5.0,1,37,3.7,10.0,Day,Normal,No,0 0 0 0 0 0 0 0 0 0 0 0 0 0 0 0 0 0 0 0 0 0 0 0 0 0 0 0 0 0 0 0 0 0 0 0 0 1 1 1 1 1 1 1 1 1 1 1 1 1
C-000818,000818,Crash-1500/000818.mp4,CCD,official,test,10,50,5.0,1,36,3.6,10.0,Day,Normal,Yes,0 0 0 0 0 0 0 0 0 0 0 0 0 0 0 0 0 0 0 0 0 0 0 0 0 0 0 0 0 0 0 0 0 0 0 0 1 1 1 1 1 1 1 1 1 1 1 1 1 1
C-000819,000819,Crash-1500/000819.mp4,CCD,official,train,10,50,5.0,1,33,3.3,10.0,Day,Normal,No,0 0 0 0 0 0 0 0 0 0 0 0 0 0 0 0 0 0 0 0 0 0 0 0 0 0 0 0 0 0 0 0 0 1 1 1 1 1 1 1 1 1 1 1 1 1 1 1 1 1
C-000820,000820,Crash-1500/000820.mp4,CCD,official,train,10,50,5.0,1,46,4.6,10.0,Day,Normal,No,0 0 0 0 0 0 0 0 0 0 0 0 0 0 0 0 0 0 0 0 0 0 0 0 0 0 0 0 0 0 0 0 0 0 0 0 0 0 0 0 0 0 0 0 0 0 1 1 1 1
C-000821,000821,Crash-1500/000821.mp4,CCD,official,train,10,50,5.0,1,41,4.1,10.0,Day,Normal,No,0 0 0 0 0 0 0 0 0 0 0 0 0 0 0 0 0 0 0 0 0 0 0 0 0 0 0 0 0 0 0 0 0 0 0 0 0 0 0 0 0 1 1 1 1 1 1 1 1 1
C-000822,000822,Crash-1500/000822.mp4,CCD,official,train,10,50,5.0,1,45,4.5,10.0,Day,Rainy,No,0 0 0 0 0 0 0 0 0 0 0 0 0 0 0 0 0 0 0 0 0 0 0 0 0 0 0 0 0 0 0 0 0 0 0 0 0 0 0 0 0 0 0 0 0 1 1 1 1 1
C-000823,000823,Crash-1500/000823.mp4,CCD,official,train,10,50,5.0,1,49,4.9,10.0,Day,Normal,No,0 0 0 0 0 0 0 0 0 0 0 0 0 0 0 0 0 0 0 0 0 0 0 0 0 0 0 0 0 0 0 0 0 0 0 0 0 0 0 0 0 0 0 0 0 0 0 0 0 1
C-000824,000824,Crash-1500/000824.mp4,CCD,official,test,10,50,5.0,1,30,3.0,10.0,Day,Normal,No,0 0 0 0 0 0 0 0 0 0 0 0 0 0 0 0 0 0 0 0 0 0 0 0 0 0 0 0 0 0 1 1 1 1 1 1 1 1 1 1 1 1 1 1 1 1 1 1 1 1
C-000825,000825,Crash-1500/000825.mp4,CCD,official,train,10,50,5.0,1,44,4.4,10.0,Day,Normal,No,0 0 0 0 0 0 0 0 0 0 0 0 0 0 0 0 0 0 0 0 0 0 0 0 0 0 0 0 0 0 0 0 0 0 0 0 0 0 0 0 0 0 0 0 1 1 1 1 1 1
C-000826,000826,Crash-1500/000826.mp4,CCD,official,train,10,50,5.0,1,33,3.3,10.0,Day,Normal,Yes,0 0 0 0 0 0 0 0 0 0 0 0 0 0 0 0 0 0 0 0 0 0 0 0 0 0 0 0 0 0 0 0 0 1 1 1 1 1 1 1 1 1 1 1 1 1 1 1 1 1
C-000827,000827,Crash-1500/000827.mp4,CCD,official,train,10,50,5.0,1,37,3.7,10.0,Day,Rainy,Yes,0 0 0 0 0 0 0 0 0 0 0 0 0 0 0 0 0 0 0 0 0 0 0 0 0 0 0 0 0 0 0 0 0 0 0 0 0 1 1 1 1 1 1 1 1 1 1 1 1 1
C-000828,000828,Crash-1500/000828.mp4,CCD,official,val,10,50,5.0,1,38,3.8,10.0,Day,Rainy,Yes,0 0 0 0 0 0 0 0 0 0 0 0 0 0 0 0 0 0 0 0 0 0 0 0 0 0 0 0 0 0 0 0 0 0 0 0 0 0 1 1 1 1 1 1 1 1 1 1 1 1
C-000829,000829,Crash-1500/000829.mp4,CCD,official,train,10,50,5.0,1,37,3.7,10.0,Day,Normal,Yes,0 0 0 0 0 0 0 0 0 0 0 0 0 0 0 0 0 0 0 0 0 0 0 0 0 0 0 0 0 0 0 0 0 0 0 0 0 1 1 1 1 1 1 1 1 1 1 1 1 1
C-000830,000830,Crash-1500/000830.mp4,CCD,official,train,10,50,5.0,1,38,3.8,10.0,Day,Normal,No,0 0 0 0 0 0 0 0 0 0 0 0 0 0 0 0 0 0 0 0 0 0 0 0 0 0 0 0 0 0 0 0 0 0 0 0 0 0 1 1 1 1 1 1 1 1 1 1 1 1
C-000831,000831,Crash-1500/000831.mp4,CCD,official,train,10,50,5.0,1,30,3.0,10.0,Day,Normal,Yes,0 0 0 0 0 0 0 0 0 0 0 0 0 0 0 0 0 0 0 0 0 0 0 0 0 0 0 0 0 0 1 1 1 1 1 1 1 1 1 1 1 1 1 1 1 1 1 1 1 1
C-000832,000832,Crash-1500/000832.mp4,CCD,official,train,10,50,5.0,1,31,3.1,10.0,Day,Normal,No,0 0 0 0 0 0 0 0 0 0 0 0 0 0 0 0 0 0 0 0 0 0 0 0 0 0 0 0 0 0 0 1 1 1 1 1 1 1 1 1 1 1 1 1 1 1 1 1 1 1
C-000833,000833,Crash-1500/000833.mp4,CCD,official,train,10,50,5.0,1,34,3.4,10.0,Day,Normal,No,0 0 0 0 0 0 0 0 0 0 0 0 0 0 0 0 0 0 0 0 0 0 0 0 0 0 0 0 0 0 0 0 0 0 1 1 1 1 1 1 1 1 1 1 1 1 1 1 1 1
C-000834,000834,Crash-1500/000834.mp4,CCD,official,train,10,50,5.0,1,30,3.0,10.0,Day,Normal,No,0 0 0 0 0 0 0 0 0 0 0 0 0 0 0 0 0 0 0 0 0 0 0 0 0 0 0 0 0 0 1 1 1 1 1 1 1 1 1 1 1 1 1 1 1 1 1 1 1 1
C-000835,000835,Crash-1500/000835.mp4,CCD,official,test,10,50,5.0,1,32,3.2,10.0,Day,Normal,Yes,0 0 0 0 0 0 0 0 0 0 0 0 0 0 0 0 0 0 0 0 0 0 0 0 0 0 0 0 0 0 0 0 1 1 1 1 1 1 1 1 1 1 1 1 1 1 1 1 1 1
C-000836,000836,Crash-1500/000836.mp4,CCD,official,train,10,50,5.0,1,38,3.8,10.0,Day,Normal,No,0 0 0 0 0 0 0 0 0 0 0 0 0 0 0 0 0 0 0 0 0 0 0 0 0 0 0 0 0 0 0 0 0 0 0 0 0 0 1 1 1 1 1 1 1 1 1 1 1 1
C-000837,000837,Crash-1500/000837.mp4,CCD,official,train,10,50,5.0,1,30,3.0,10.0,Day,Normal,Yes,0 0 0 0 0 0 0 0 0 0 0 0 0 0 0 0 0 0 0 0 0 0 0 0 0 0 0 0 0 0 1 1 1 1 1 1 1 1 1 1 1 1 1 1 1 1 1 1 1 1
C-000838,000838,Crash-1500/000838.mp4,CCD,official,test,10,50,5.0,1,31,3.1,10.0,Day,Normal,Yes,0 0 0 0 0 0 0 0 0 0 0 0 0 0 0 0 0 0 0 0 0 0 0 0 0 0 0 0 0 0 0 1 1 1 1 1 1 1 1 1 1 1 1 1 1 1 1 1 1 1
C-000839,000839,Crash-1500/000839.mp4,CCD,official,train,10,50,5.0,1,33,3.3,10.0,Day,Normal,No,0 0 0 0 0 0 0 0 0 0 0 0 0 0 0 0 0 0 0 0 0 0 0 0 0 0 0 0 0 0 0 0 0 1 1 1 1 1 1 1 1 1 1 1 1 1 1 1 1 1
C-000840,000840,Crash-1500/000840.mp4,CCD,official,val,10,50,5.0,1,41,4.1,10.0,Day,Normal,Yes,0 0 0 0 0 0 0 0 0 0 0 0 0 0 0 0 0 0 0 0 0 0 0 0 0 0 0 0 0 0 0 0 0 0 0 0 0 0 0 0 0 1 1 1 1 1 1 1 1 1
C-000841,000841,Crash-1500/000841.mp4,CCD,official,train,10,50,5.0,1,47,4.7,10.0,Day,Normal,No,0 0 0 0 0 0 0 0 0 0 0 0 0 0 0 0 0 0 0 0 0 0 0 0 0 0 0 0 0 0 0 0 0 0 0 0 0 0 0 0 0 0 0 0 0 0 0 1 1 1
C-000842,000842,Crash-1500/000842.mp4,CCD,official,train,10,50,5.0,1,32,3.2,10.0,Day,Normal,No,0 0 0 0 0 0 0 0 0 0 0 0 0 0 0 0 0 0 0 0 0 0 0 0 0 0 0 0 0 0 0 0 1 1 1 1 1 1 1 1 1 1 1 1 1 1 1 1 1 1
C-000843,000843,Crash-1500/000843.mp4,CCD,official,train,10,50,5.0,1,32,3.2,10.0,Day,Normal,No,0 0 0 0 0 0 0 0 0 0 0 0 0 0 0 0 0 0 0 0 0 0 0 0 0 0 0 0 0 0 0 0 1 1 1 1 1 1 1 1 1 1 1 1 1 1 1 1 1 1
C-000844,000844,Crash-1500/000844.mp4,CCD,official,test,10,50,5.0,1,34,3.4,10.0,Day,Normal,No,0 0 0 0 0 0 0 0 0 0 0 0 0 0 0 0 0 0 0 0 0 0 0 0 0 0 0 0 0 0 0 0 0 0 1 1 1 1 1 1 1 1 1 1 1 1 1 1 1 1
C-000845,000845,Crash-1500/000845.mp4,CCD,official,train,10,50,5.0,1,36,3.6,10.0,Day,Normal,No,0 0 0 0 0 0 0 0 0 0 0 0 0 0 0 0 0 0 0 0 0 0 0 0 0 0 0 0 0 0 0 0 0 0 0 0 1 1 1 1 1 1 1 1 1 1 1 1 1 1
C-000846,000846,Crash-1500/000846.mp4,CCD,official,test,10,50,5.0,1,30,3.0,10.0,Day,Normal,No,0 0 0 0 0 0 0 0 0 0 0 0 0 0 0 0 0 0 0 0 0 0 0 0 0 0 0 0 0 0 1 1 1 1 1 1 1 1 1 1 1 1 1 1 1 1 1 1 1 1
C-000847,000847,Crash-1500/000847.mp4,CCD,official,train,10,50,5.0,1,44,4.4,10.0,Day,Normal,No,0 0 0 0 0 0 0 0 0 0 0 0 0 0 0 0 0 0 0 0 0 0 0 0 0 0 0 0 0 0 0 0 0 0 0 0 0 0 0 0 0 0 0 0 1 1 1 1 1 1
C-000848,000848,Crash-1500/000848.mp4,CCD,official,test,10,50,5.0,1,30,3.0,10.0,Day,Normal,No,0 0 0 0 0 0 0 0 0 0 0 0 0 0 0 0 0 0 0 0 0 0 0 0 0 0 0 0 0 0 1 1 1 1 1 1 1 1 1 1 1 1 1 1 1 1 1 1 1 1
C-000849,000849,Crash-1500/000849.mp4,CCD,official,test,10,50,5.0,1,37,3.7,10.0,Day,Normal,No,0 0 0 0 0 0 0 0 0 0 0 0 0 0 0 0 0 0 0 0 0 0 0 0 0 0 0 0 0 0 0 0 0 0 0 0 0 1 1 1 1 1 1 1 1 1 1 1 1 1
C-000850,000850,Crash-1500/000850.mp4,CCD,official,train,10,50,5.0,1,33,3.3,10.0,Day,Normal,No,0 0 0 0 0 0 0 0 0 0 0 0 0 0 0 0 0 0 0 0 0 0 0 0 0 0 0 0 0 0 0 0 0 1 1 1 1 1 1 1 1 1 1 1 1 1 1 1 1 1
C-000851,000851,Crash-1500/000851.mp4,CCD,official,test,10,50,5.0,1,42,4.2,10.0,Day,Normal,Yes,0 0 0 0 0 0 0 0 0 0 0 0 0 0 0 0 0 0 0 0 0 0 0 0 0 0 0 0 0 0 0 0 0 0 0 0 0 0 0 0 0 0 1 1 1 1 1 1 1 1
C-000852,000852,Crash-1500/000852.mp4,CCD,official,train,10,50,5.0,1,45,4.5,10.0,Day,Normal,Yes,0 0 0 0 0 0 0 0 0 0 0 0 0 0 0 0 0 0 0 0 0 0 0 0 0 0 0 0 0 0 0 0 0 0 0 0 0 0 0 0 0 0 0 0 0 1 1 1 1 1
C-000853,000853,Crash-1500/000853.mp4,CCD,official,test,10,50,5.0,1,33,3.3,10.0,Day,Normal,Yes,0 0 0 0 0 0 0 0 0 0 0 0 0 0 0 0 0 0 0 0 0 0 0 0 0 0 0 0 0 0 0 0 0 1 1 1 1 1 1 1 1 1 1 1 1 1 1 1 1 1
C-000854,000854,Crash-1500/000854.mp4,CCD,official,train,10,50,5.0,1,35,3.5,10.0,Day,Normal,Yes,0 0 0 0 0 0 0 0 0 0 0 0 0 0 0 0 0 0 0 0 0 0 0 0 0 0 0 0 0 0 0 0 0 0 0 1 1 1 1 1 1 1 1 1 1 1 1 1 1 1
C-000855,000855,Crash-1500/000855.mp4,CCD,official,train,10,50,5.0,1,34,3.4,10.0,Day,Normal,No,0 0 0 0 0 0 0 0 0 0 0 0 0 0 0 0 0 0 0 0 0 0 0 0 0 0 0 0 0 0 0 0 0 0 1 1 1 1 1 1 1 1 1 1 1 1 1 1 1 1
C-000856,000856,Crash-1500/000856.mp4,CCD,official,test,10,50,5.0,1,30,3.0,10.0,Day,Normal,No,0 0 0 0 0 0 0 0 0 0 0 0 0 0 0 0 0 0 0 0 0 0 0 0 0 0 0 0 0 0 1 1 1 1 1 1 1 1 1 1 1 1 1 1 1 1 1 1 1 1
C-000857,000857,Crash-1500/000857.mp4,CCD,official,test,10,50,5.0,1,35,3.5,10.0,Day,Normal,No,0 0 0 0 0 0 0 0 0 0 0 0 0 0 0 0 0 0 0 0 0 0 0 0 0 0 0 0 0 0 0 0 0 0 0 1 1 1 1 1 1 1 1 1 1 1 1 1 1 1
C-000858,000858,Crash-1500/000858.mp4,CCD,official,test,10,50,5.0,1,31,3.1,10.0,Day,Normal,No,0 0 0 0 0 0 0 0 0 0 0 0 0 0 0 0 0 0 0 0 0 0 0 0 0 0 0 0 0 0 0 1 1 1 1 1 1 1 1 1 1 1 1 1 1 1 1 1 1 1
C-000859,000859,Crash-1500/000859.mp4,CCD,official,test,10,50,5.0,1,40,4.0,10.0,Day,Rainy,No,0 0 0 0 0 0 0 0 0 0 0 0 0 0 0 0 0 0 0 0 0 0 0 0 0 0 0 0 0 0 0 0 0 0 0 0 0 0 0 0 1 1 1 1 1 1 1 1 1 1
C-000860,000860,Crash-1500/000860.mp4,CCD,official,test,10,50,5.0,1,35,3.5,10.0,Day,Normal,No,0 0 0 0 0 0 0 0 0 0 0 0 0 0 0 0 0 0 0 0 0 0 0 0 0 0 0 0 0 0 0 0 0 0 0 1 1 1 1 1 1 1 1 1 1 1 1 1 1 1
C-000861,000861,Crash-1500/000861.mp4,CCD,official,train,10,50,5.0,1,33,3.3,10.0,Night,Normal,Yes,0 0 0 0 0 0 0 0 0 0 0 0 0 0 0 0 0 0 0 0 0 0 0 0 0 0 0 0 0 0 0 0 0 1 1 1 1 1 1 1 1 1 1 1 1 1 1 1 1 1
C-000862,000862,Crash-1500/000862.mp4,CCD,official,train,10,50,5.0,1,39,3.9,10.0,Day,Normal,Yes,0 0 0 0 0 0 0 0 0 0 0 0 0 0 0 0 0 0 0 0 0 0 0 0 0 0 0 0 0 0 0 0 0 0 0 0 0 0 0 1 1 1 1 1 1 1 1 1 1 1
C-000863,000863,Crash-1500/000863.mp4,CCD,official,train,10,50,5.0,1,33,3.3,10.0,Day,Normal,No,0 0 0 0 0 0 0 0 0 0 0 0 0 0 0 0 0 0 0 0 0 0 0 0 0 0 0 0 0 0 0 0 0 1 1 1 1 1 1 1 1 1 1 1 1 1 1 1 1 1
C-000864,000864,Crash-1500/000864.mp4,CCD,official,val,10,50,5.0,1,36,3.6,10.0,Day,Normal,No,0 0 0 0 0 0 0 0 0 0 0 0 0 0 0 0 0 0 0 0 0 0 0 0 0 0 0 0 0 0 0 0 0 0 0 0 1 1 1 1 1 1 1 1 1 1 1 1 1 1
C-000865,000865,Crash-1500/000865.mp4,CCD,official,test,10,50,5.0,1,47,4.7,10.0,Day,Normal,No,0 0 0 0 0 0 0 0 0 0 0 0 0 0 0 0 0 0 0 0 0 0 0 0 0 0 0 0 0 0 0 0 0 0 0 0 0 0 0 0 0 0 0 0 0 0 0 1 1 1
C-000866,000866,Crash-1500/000866.mp4,CCD,official,test,10,50,5.0,1,33,3.3,10.0,Night,Normal,No,0 0 0 0 0 0 0 0 0 0 0 0 0 0 0 0 0 0 0 0 0 0 0 0 0 0 0 0 0 0 0 0 0 1 1 1 1 1 1 1 1 1 1 1 1 1 1 1 1 1
C-000867,000867,Crash-1500/000867.mp4,CCD,official,train,10,50,5.0,1,32,3.2,10.0,Day,Rainy,No,0 0 0 0 0 0 0 0 0 0 0 0 0 0 0 0 0 0 0 0 0 0 0 0 0 0 0 0 0 0 0 0 1 1 1 1 1 1 1 1 1 1 1 1 1 1 1 1 1 1
C-000868,000868,Crash-1500/000868.mp4,CCD,official,val,10,50,5.0,1,48,4.8,10.0,Day,Normal,No,0 0 0 0 0 0 0 0 0 0 0 0 0 0 0 0 0 0 0 0 0 0 0 0 0 0 0 0 0 0 0 0 0 0 0 0 0 0 0 0 0 0 0 0 0 0 0 0 1 1
C-000869,000869,Crash-1500/000869.mp4,CCD,official,train,10,50,5.0,1,43,4.3,10.0,Day,Normal,No,0 0 0 0 0 0 0 0 0 0 0 0 0 0 0 0 0 0 0 0 0 0 0 0 0 0 0 0 0 0 0 0 0 0 0 0 0 0 0 0 0 0 0 1 1 1 1 1 1 1
C-000870,000870,Crash-1500/000870.mp4,CCD,official,train,10,50,5.0,1,41,4.1,10.0,Day,Rainy,No,0 0 0 0 0 0 0 0 0 0 0 0 0 0 0 0 0 0 0 0 0 0 0 0 0 0 0 0 0 0 0 0 0 0 0 0 0 0 0 0 0 1 1 1 1 1 1 1 1 1
C-000871,000871,Crash-1500/000871.mp4,CCD,official,train,10,50,5.0,1,30,3.0,10.0,Day,Normal,Yes,0 0 0 0 0 0 0 0 0 0 0 0 0 0 0 0 0 0 0 0 0 0 0 0 0 0 0 0 0 0 1 1 1 1 1 1 1 1 1 1 1 1 1 1 1 1 1 1 1 1
C-000872,000872,Crash-1500/000872.mp4,CCD,official,val,10,50,5.0,1,36,3.6,10.0,Day,Normal,No,0 0 0 0 0 0 0 0 0 0 0 0 0 0 0 0 0 0 0 0 0 0 0 0 0 0 0 0 0 0 0 0 0 0 0 0 1 1 1 1 1 1 1 1 1 1 1 1 1 1
C-000873,000873,Crash-1500/000873.mp4,CCD,official,train,10,50,5.0,1,32,3.2,10.0,Day,Normal,Yes,0 0 0 0 0 0 0 0 0 0 0 0 0 0 0 0 0 0 0 0 0 0 0 0 0 0 0 0 0 0 0 0 1 1 1 1 1 1 1 1 1 1 1 1 1 1 1 1 1 1
C-000874,000874,Crash-1500/000874.mp4,CCD,official,train,10,50,5.0,1,30,3.0,10.0,Day,Normal,No,0 0 0 0 0 0 0 0 0 0 0 0 0 0 0 0 0 0 0 0 0 0 0 0 0 0 0 0 0 0 1 1 1 1 1 1 1 1 1 1 1 1 1 1 1 1 1 1 1 1
C-000875,000875,Crash-1500/000875.mp4,CCD,official,train,10,50,5.0,1,36,3.6,10.0,Night,Normal,Yes,0 0 0 0 0 0 0 0 0 0 0 0 0 0 0 0 0 0 0 0 0 0 0 0 0 0 0 0 0 0 0 0 0 0 0 0 1 1 1 1 1 1 1 1 1 1 1 1 1 1
C-000876,000876,Crash-1500/000876.mp4,CCD,official,test,10,50,5.0,1,30,3.0,10.0,Day,Normal,No,0 0 0 0 0 0 0 0 0 0 0 0 0 0 0 0 0 0 0 0 0 0 0 0 0 0 0 0 0 0 1 1 1 1 1 1 1 1 1 1 1 1 1 1 1 1 1 1 1 1
C-000877,000877,Crash-1500/000877.mp4,CCD,official,val,10,50,5.0,1,34,3.4,10.0,Day,Normal,No,0 0 0 0 0 0 0 0 0 0 0 0 0 0 0 0 0 0 0 0 0 0 0 0 0 0 0 0 0 0 0 0 0 0 1 1 1 1 1 1 1 1 1 1 1 1 1 1 1 1
C-000878,000878,Crash-1500/000878.mp4,CCD,official,val,10,50,5.0,1,34,3.4,10.0,Day,Normal,No,0 0 0 0 0 0 0 0 0 0 0 0 0 0 0 0 0 0 0 0 0 0 0 0 0 0 0 0 0 0 0 0 0 0 1 1 1 1 1 1 1 1 1 1 1 1 1 1 1 1
C-000879,000879,Crash-1500/000879.mp4,CCD,official,train,10,50,5.0,1,30,3.0,10.0,Day,Rainy,No,0 0 0 0 0 0 0 0 0 0 0 0 0 0 0 0 0 0 0 0 0 0 0 0 0 0 0 0 0 0 1 1 1 1 1 1 1 1 1 1 1 1 1 1 1 1 1 1 1 1
C-000880,000880,Crash-1500/000880.mp4,CCD,official,train,10,50,5.0,1,31,3.1,10.0,Night,Normal,No,0 0 0 0 0 0 0 0 0 0 0 0 0 0 0 0 0 0 0 0 0 0 0 0 0 0 0 0 0 0 0 1 1 1 1 1 1 1 1 1 1 1 1 1 1 1 1 1 1 1
C-000881,000881,Crash-1500/000881.mp4,CCD,official,train,10,50,5.0,1,33,3.3,10.0,Day,Normal,Yes,0 0 0 0 0 0 0 0 0 0 0 0 0 0 0 0 0 0 0 0 0 0 0 0 0 0 0 0 0 0 0 0 0 1 1 1 1 1 1 1 1 1 1 1 1 1 1 1 1 1
C-000882,000882,Crash-1500/000882.mp4,CCD,official,test,10,50,5.0,1,30,3.0,10.0,Day,Normal,Yes,0 0 0 0 0 0 0 0 0 0 0 0 0 0 0 0 0 0 0 0 0 0 0 0 0 0 0 0 0 0 1 1 1 1 1 1 1 1 1 1 1 1 1 1 1 1 1 1 1 1
C-000883,000883,Crash-1500/000883.mp4,CCD,official,test,10,50,5.0,1,30,3.0,10.0,Day,Normal,No,0 0 0 0 0 0 0 0 0 0 0 0 0 0 0 0 0 0 0 0 0 0 0 0 0 0 0 0 0 0 1 1 1 1 1 1 1 1 1 1 1 1 1 1 1 1 1 1 1 1
C-000884,000884,Crash-1500/000884.mp4,CCD,official,train,10,50,5.0,1,30,3.0,10.0,Day,Normal,Yes,0 0 0 0 0 0 0 0 0 0 0 0 0 0 0 0 0 0 0 0 0 0 0 0 0 0 0 0 0 0 1 1 1 1 1 1 1 1 1 1 1 1 1 1 1 1 1 1 1 1
C-000885,000885,Crash-1500/000885.mp4,CCD,official,train,10,50,5.0,1,30,3.0,10.0,Day,Normal,No,0 0 0 0 0 0 0 0 0 0 0 0 0 0 0 0 0 0 0 0 0 0 0 0 0 0 0 0 0 0 1 1 1 1 1 1 1 1 1 1 1 1 1 1 1 1 1 1 1 1
C-000886,000886,Crash-1500/000886.mp4,CCD,official,train,10,50,5.0,1,30,3.0,10.0,Day,Rainy,Yes,0 0 0 0 0 0 0 0 0 0 0 0 0 0 0 0 0 0 0 0 0 0 0 0 0 0 0 0 0 0 1 1 1 1 1 1 1 1 1 1 1 1 1 1 1 1 1 1 1 1
C-000887,000887,Crash-1500/000887.mp4,CCD,official,train,10,50,5.0,1,40,4.0,10.0,Day,Normal,No,0 0 0 0 0 0 0 0 0 0 0 0 0 0 0 0 0 0 0 0 0 0 0 0 0 0 0 0 0 0 0 0 0 0 0 0 0 0 0 0 1 1 1 1 1 1 1 1 1 1
C-000888,000888,Crash-1500/000888.mp4,CCD,official,val,10,50,5.0,1,35,3.5,10.0,Day,Normal,No,0 0 0 0 0 0 0 0 0 0 0 0 0 0 0 0 0 0 0 0 0 0 0 0 0 0 0 0 0 0 0 0 0 0 0 1 1 1 1 1 1 1 1 1 1 1 1 1 1 1
C-000889,000889,Crash-1500/000889.mp4,CCD,official,test,10,50,5.0,1,30,3.0,10.0,Day,Normal,No,0 0 0 0 0 0 0 0 0 0 0 0 0 0 0 0 0 0 0 0 0 0 0 0 0 0 0 0 0 0 1 1 1 1 1 1 1 1 1 1 1 1 1 1 1 1 1 1 1 1
C-000890,000890,Crash-1500/000890.mp4,CCD,official,train,10,50,5.0,1,30,3.0,10.0,Day,Normal,No,0 0 0 0 0 0 0 0 0 0 0 0 0 0 0 0 0 0 0 0 0 0 0 0 0 0 0 0 0 0 1 1 1 1 1 1 1 1 1 1 1 1 1 1 1 1 1 1 1 1
C-000891,000891,Crash-1500/000891.mp4,CCD,official,train,10,50,5.0,1,30,3.0,10.0,Day,Normal,Yes,0 0 0 0 0 0 0 0 0 0 0 0 0 0 0 0 0 0 0 0 0 0 0 0 0 0 0 0 0 0 1 1 1 1 1 1 1 1 1 1 1 1 1 1 1 1 1 1 1 1
C-000892,000892,Crash-1500/000892.mp4,CCD,official,train,10,50,5.0,1,42,4.2,10.0,Day,Normal,No,0 0 0 0 0 0 0 0 0 0 0 0 0 0 0 0 0 0 0 0 0 0 0 0 0 0 0 0 0 0 0 0 0 0 0 0 0 0 0 0 0 0 1 1 1 1 1 1 1 1
C-000893,000893,Crash-1500/000893.mp4,CCD,official,train,10,50,5.0,1,32,3.2,10.0,Day,Normal,Yes,0 0 0 0 0 0 0 0 0 0 0 0 0 0 0 0 0 0 0 0 0 0 0 0 0 0 0 0 0 0 0 0 1 1 1 1 1 1 1 1 1 1 1 1 1 1 1 1 1 1
C-000894,000894,Crash-1500/000894.mp4,CCD,official,val,10,50,5.0,1,30,3.0,10.0,Day,Normal,Yes,0 0 0 0 0 0 0 0 0 0 0 0 0 0 0 0 0 0 0 0 0 0 0 0 0 0 0 0 0 0 1 1 1 1 1 1 1 1 1 1 1 1 1 1 1 1 1 1 1 1
C-000895,000895,Crash-1500/000895.mp4,CCD,official,train,10,50,5.0,1,38,3.8,10.0,Day,Normal,No,0 0 0 0 0 0 0 0 0 0 0 0 0 0 0 0 0 0 0 0 0 0 0 0 0 0 0 0 0 0 0 0 0 0 0 0 0 0 1 1 1 1 1 1 1 1 1 1 1 1
C-000896,000896,Crash-1500/000896.mp4,CCD,official,train,10,50,5.0,1,30,3.0,10.0,Day,Normal,No,0 0 0 0 0 0 0 0 0 0 0 0 0 0 0 0 0 0 0 0 0 0 0 0 0 0 0 0 0 0 1 1 1 1 1 1 1 1 1 1 1 1 1 1 1 1 1 1 1 1
C-000897,000897,Crash-1500/000897.mp4,CCD,official,train,10,50,5.0,1,35,3.5,10.0,Day,Rainy,No,0 0 0 0 0 0 0 0 0 0 0 0 0 0 0 0 0 0 0 0 0 0 0 0 0 0 0 0 0 0 0 0 0 0 0 1 1 1 1 1 1 1 1 1 1 1 1 1 1 1
C-000898,000898,Crash-1500/000898.mp4,CCD,official,val,10,50,5.0,1,34,3.4,10.0,Day,Normal,Yes,0 0 0 0 0 0 0 0 0 0 0 0 0 0 0 0 0 0 0 0 0 0 0 0 0 0 0 0 0 0 0 0 0 0 1 1 1 1 1 1 1 1 1 1 1 1 1 1 1 1
C-000899,000899,Crash-1500/000899.mp4,CCD,official,test,10,50,5.0,1,30,3.0,10.0,Day,Normal,Yes,0 0 0 0 0 0 0 0 0 0 0 0 0 0 0 0 0 0 0 0 0 0 0 0 0 0 0 0 0 0 1 1 1 1 1 1 1 1 1 1 1 1 1 1 1 1 1 1 1 1
C-000900,000900,Crash-1500/000900.mp4,CCD,official,test,10,50,5.0,1,33,3.3,10.0,Day,Normal,No,0 0 0 0 0 0 0 0 0 0 0 0 0 0 0 0 0 0 0 0 0 0 0 0 0 0 0 0 0 0 0 0 0 1 1 1 1 1 1 1 1 1 1 1 1 1 1 1 1 1
C-000901,000901,Crash-1500/000901.mp4,CCD,official,train,10,50,5.0,1,30,3.0,10.0,Day,Normal,No,0 0 0 0 0 0 0 0 0 0 0 0 0 0 0 0 0 0 0 0 0 0 0 0 0 0 0 0 0 0 1 1 1 1 1 1 1 1 1 1 1 1 1 1 1 1 1 1 1 1
C-000902,000902,Crash-1500/000902.mp4,CCD,official,train,10,50,5.0,1,30,3.0,10.0,Day,Normal,No,0 0 0 0 0 0 0 0 0 0 0 0 0 0 0 0 0 0 0 0 0 0 0 0 0 0 0 0 0 0 1 1 1 1 1 1 1 1 1 1 1 1 1 1 1 1 1 1 1 1
C-000903,000903,Crash-1500/000903.mp4,CCD,official,train,10,50,5.0,1,32,3.2,10.0,Day,Normal,No,0 0 0 0 0 0 0 0 0 0 0 0 0 0 0 0 0 0 0 0 0 0 0 0 0 0 0 0 0 0 0 0 1 1 1 1 1 1 1 1 1 1 1 1 1 1 1 1 1 1
C-000904,000904,Crash-1500/000904.mp4,CCD,official,test,10,50,5.0,1,31,3.1,10.0,Day,Normal,No,0 0 0 0 0 0 0 0 0 0 0 0 0 0 0 0 0 0 0 0 0 0 0 0 0 0 0 0 0 0 0 1 1 1 1 1 1 1 1 1 1 1 1 1 1 1 1 1 1 1
C-000905,000905,Crash-1500/000905.mp4,CCD,official,train,10,50,5.0,1,31,3.1,10.0,Day,Normal,No,0 0 0 0 0 0 0 0 0 0 0 0 0 0 0 0 0 0 0 0 0 0 0 0 0 0 0 0 0 0 0 1 1 1 1 1 1 1 1 1 1 1 1 1 1 1 1 1 1 1
C-000906,000906,Crash-1500/000906.mp4,CCD,official,test,10,50,5.0,1,44,4.4,10.0,Day,Normal,No,0 0 0 0 0 0 0 0 0 0 0 0 0 0 0 0 0 0 0 0 0 0 0 0 0 0 0 0 0 0 0 0 0 0 0 0 0 0 0 0 0 0 0 0 1 1 1 1 1 1
C-000907,000907,Crash-1500/000907.mp4,CCD,official,val,10,50,5.0,1,42,4.2,10.0,Day,Normal,Yes,0 0 0 0 0 0 0 0 0 0 0 0 0 0 0 0 0 0 0 0 0 0 0 0 0 0 0 0 0 0 0 0 0 0 0 0 0 0 0 0 0 0 1 1 1 1 1 1 1 1
C-000908,000908,Crash-1500/000908.mp4,CCD,official,train,10,50,5.0,1,31,3.1,10.0,Day,Normal,No,0 0 0 0 0 0 0 0 0 0 0 0 0 0 0 0 0 0 0 0 0 0 0 0 0 0 0 0 0 0 0 1 1 1 1 1 1 1 1 1 1 1 1 1 1 1 1 1 1 1
C-000909,000909,Crash-1500/000909.mp4,CCD,official,train,10,50,5.0,1,34,3.4,10.0,Day,Normal,No,0 0 0 0 0 0 0 0 0 0 0 0 0 0 0 0 0 0 0 0 0 0 0 0 0 0 0 0 0 0 0 0 0 0 1 1 1 1 1 1 1 1 1 1 1 1 1 1 1 1
C-000910,000910,Crash-1500/000910.mp4,CCD,official,train,10,50,5.0,1,30,3.0,10.0,Day,Normal,No,0 0 0 0 0 0 0 0 0 0 0 0 0 0 0 0 0 0 0 0 0 0 0 0 0 0 0 0 0 0 1 1 1 1 1 1 1 1 1 1 1 1 1 1 1 1 1 1 1 1
C-000911,000911,Crash-1500/000911.mp4,CCD,official,test,10,50,5.0,1,30,3.0,10.0,Day,Normal,Yes,0 0 0 0 0 0 0 0 0 0 0 0 0 0 0 0 0 0 0 0 0 0 0 0 0 0 0 0 0 0 1 1 1 1 1 1 1 1 1 1 1 1 1 1 1 1 1 1 1 1
C-000912,000912,Crash-1500/000912.mp4,CCD,official,train,10,50,5.0,1,36,3.6,10.0,Day,Normal,Yes,0 0 0 0 0 0 0 0 0 0 0 0 0 0 0 0 0 0 0 0 0 0 0 0 0 0 0 0 0 0 0 0 0 0 0 0 1 1 1 1 1 1 1 1 1 1 1 1 1 1
C-000913,000913,Crash-1500/000913.mp4,CCD,official,val,10,50,5.0,1,32,3.2,10.0,Day,Normal,No,0 0 0 0 0 0 0 0 0 0 0 0 0 0 0 0 0 0 0 0 0 0 0 0 0 0 0 0 0 0 0 0 1 1 1 1 1 1 1 1 1 1 1 1 1 1 1 1 1 1
C-000914,000914,Crash-1500/000914.mp4,CCD,official,train,10,50,5.0,1,30,3.0,10.0,Day,Normal,No,0 0 0 0 0 0 0 0 0 0 0 0 0 0 0 0 0 0 0 0 0 0 0 0 0 0 0 0 0 0 1 1 1 1 1 1 1 1 1 1 1 1 1 1 1 1 1 1 1 1
C-000915,000915,Crash-1500/000915.mp4,CCD,official,train,10,50,5.0,1,45,4.5,10.0,Day,Normal,No,0 0 0 0 0 0 0 0 0 0 0 0 0 0 0 0 0 0 0 0 0 0 0 0 0 0 0 0 0 0 0 0 0 0 0 0 0 0 0 0 0 0 0 0 0 1 1 1 1 1
C-000916,000916,Crash-1500/000916.mp4,CCD,official,test,10,50,5.0,1,30,3.0,10.0,Day,Normal,No,0 0 0 0 0 0 0 0 0 0 0 0 0 0 0 0 0 0 0 0 0 0 0 0 0 0 0 0 0 0 1 1 1 1 1 1 1 1 1 1 1 1 1 1 1 1 1 1 1 1
C-000917,000917,Crash-1500/000917.mp4,CCD,official,train,10,50,5.0,1,36,3.6,10.0,Day,Normal,Yes,0 0 0 0 0 0 0 0 0 0 0 0 0 0 0 0 0 0 0 0 0 0 0 0 0 0 0 0 0 0 0 0 0 0 0 0 1 1 1 1 1 1 1 1 1 1 1 1 1 1
C-000918,000918,Crash-1500/000918.mp4,CCD,official,train,10,50,5.0,1,34,3.4,10.0,Night,Normal,No,0 0 0 0 0 0 0 0 0 0 0 0 0 0 0 0 0 0 0 0 0 0 0 0 0 0 0 0 0 0 0 0 0 0 1 1 1 1 1 1 1 1 1 1 1 1 1 1 1 1
C-000919,000919,Crash-1500/000919.mp4,CCD,official,train,10,50,5.0,1,32,3.2,10.0,Day,Normal,Yes,0 0 0 0 0 0 0 0 0 0 0 0 0 0 0 0 0 0 0 0 0 0 0 0 0 0 0 0 0 0 0 0 1 1 1 1 1 1 1 1 1 1 1 1 1 1 1 1 1 1
C-000920,000920,Crash-1500/000920.mp4,CCD,official,train,10,50,5.0,1,31,3.1,10.0,Day,Normal,No,0 0 0 0 0 0 0 0 0 0 0 0 0 0 0 0 0 0 0 0 0 0 0 0 0 0 0 0 0 0 0 1 1 1 1 1 1 1 1 1 1 1 1 1 1 1 1 1 1 1
C-000921,000921,Crash-1500/000921.mp4,CCD,official,val,10,50,5.0,1,30,3.0,10.0,Day,Normal,No,0 0 0 0 0 0 0 0 0 0 0 0 0 0 0 0 0 0 0 0 0 0 0 0 0 0 0 0 0 0 1 1 1 1 1 1 1 1 1 1 1 1 1 1 1 1 1 1 1 1
C-000922,000922,Crash-1500/000922.mp4,CCD,official,train,10,50,5.0,1,31,3.1,10.0,Day,Normal,No,0 0 0 0 0 0 0 0 0 0 0 0 0 0 0 0 0 0 0 0 0 0 0 0 0 0 0 0 0 0 0 1 1 1 1 1 1 1 1 1 1 1 1 1 1 1 1 1 1 1
C-000923,000923,Crash-1500/000923.mp4,CCD,official,train,10,50,5.0,1,30,3.0,10.0,Day,Normal,Yes,0 0 0 0 0 0 0 0 0 0 0 0 0 0 0 0 0 0 0 0 0 0 0 0 0 0 0 0 0 0 1 1 1 1 1 1 1 1 1 1 1 1 1 1 1 1 1 1 1 1
C-000924,000924,Crash-1500/000924.mp4,CCD,official,train,10,50,5.0,1,30,3.0,10.0,Day,Normal,No,0 0 0 0 0 0 0 0 0 0 0 0 0 0 0 0 0 0 0 0 0 0 0 0 0 0 0 0 0 0 1 1 1 1 1 1 1 1 1 1 1 1 1 1 1 1 1 1 1 1
C-000925,000925,Crash-1500/000925.mp4,CCD,official,val,10,50,5.0,1,31,3.1,10.0,Day,Normal,No,0 0 0 0 0 0 0 0 0 0 0 0 0 0 0 0 0 0 0 0 0 0 0 0 0 0 0 0 0 0 0 1 1 1 1 1 1 1 1 1 1 1 1 1 1 1 1 1 1 1
C-000926,000926,Crash-1500/000926.mp4,CCD,official,train,10,50,5.0,1,30,3.0,10.0,Day,Normal,Yes,0 0 0 0 0 0 0 0 0 0 0 0 0 0 0 0 0 0 0 0 0 0 0 0 0 0 0 0 0 0 1 1 1 1 1 1 1 1 1 1 1 1 1 1 1 1 1 1 1 1
C-000927,000927,Crash-1500/000927.mp4,CCD,official,train,10,50,5.0,1,30,3.0,10.0,Day,Normal,No,0 0 0 0 0 0 0 0 0 0 0 0 0 0 0 0 0 0 0 0 0 0 0 0 0 0 0 0 0 0 1 1 1 1 1 1 1 1 1 1 1 1 1 1 1 1 1 1 1 1
C-000928,000928,Crash-1500/000928.mp4,CCD,official,val,10,50,5.0,1,30,3.0,10.0,Day,Normal,No,0 0 0 0 0 0 0 0 0 0 0 0 0 0 0 0 0 0 0 0 0 0 0 0 0 0 0 0 0 0 1 1 1 1 1 1 1 1 1 1 1 1 1 1 1 1 1 1 1 1
C-000929,000929,Crash-1500/000929.mp4,CCD,official,train,10,50,5.0,1,35,3.5,10.0,Day,Normal,No,0 0 0 0 0 0 0 0 0 0 0 0 0 0 0 0 0 0 0 0 0 0 0 0 0 0 0 0 0 0 0 0 0 0 0 1 1 1 1 1 1 1 1 1 1 1 1 1 1 1
C-000930,000930,Crash-1500/000930.mp4,CCD,official,train,10,50,5.0,1,35,3.5,10.0,Night,Normal,Yes,0 0 0 0 0 0 0 0 0 0 0 0 0 0 0 0 0 0 0 0 0 0 0 0 0 0 0 0 0 0 0 0 0 0 0 1 1 1 1 1 1 1 1 1 1 1 1 1 1 1
C-000931,000931,Crash-1500/000931.mp4,CCD,official,val,10,50,5.0,1,30,3.0,10.0,Night,Snowy,Yes,0 0 0 0 0 0 0 0 0 0 0 0 0 0 0 0 0 0 0 0 0 0 0 0 0 0 0 0 0 0 1 1 1 1 1 1 1 1 1 1 1 1 1 1 1 1 1 1 1 1
C-000932,000932,Crash-1500/000932.mp4,CCD,official,train,10,50,5.0,1,30,3.0,10.0,Day,Normal,Yes,0 0 0 0 0 0 0 0 0 0 0 0 0 0 0 0 0 0 0 0 0 0 0 0 0 0 0 0 0 0 1 1 1 1 1 1 1 1 1 1 1 1 1 1 1 1 1 1 1 1
C-000933,000933,Crash-1500/000933.mp4,CCD,official,train,10,50,5.0,1,30,3.0,10.0,Day,Normal,No,0 0 0 0 0 0 0 0 0 0 0 0 0 0 0 0 0 0 0 0 0 0 0 0 0 0 0 0 0 0 1 1 1 1 1 1 1 1 1 1 1 1 1 1 1 1 1 1 1 1
C-000934,000934,Crash-1500/000934.mp4,CCD,official,test,10,50,5.0,1,30,3.0,10.0,Day,Normal,No,0 0 0 0 0 0 0 0 0 0 0 0 0 0 0 0 0 0 0 0 0 0 0 0 0 0 0 0 0 0 1 1 1 1 1 1 1 1 1 1 1 1 1 1 1 1 1 1 1 1
C-000935,000935,Crash-1500/000935.mp4,CCD,official,train,10,50,5.0,1,30,3.0,10.0,Night,Normal,Yes,0 0 0 0 0 0 0 0 0 0 0 0 0 0 0 0 0 0 0 0 0 0 0 0 0 0 0 0 0 0 1 1 1 1 1 1 1 1 1 1 1 1 1 1 1 1 1 1 1 1
C-000936,000936,Crash-1500/000936.mp4,CCD,official,train,10,50,5.0,1,42,4.2,10.0,Day,Normal,No,0 0 0 0 0 0 0 0 0 0 0 0 0 0 0 0 0 0 0 0 0 0 0 0 0 0 0 0 0 0 0 0 0 0 0 0 0 0 0 0 0 0 1 1 1 1 1 1 1 1
C-000937,000937,Crash-1500/000937.mp4,CCD,official,test,10,50,5.0,1,30,3.0,10.0,Day,Normal,Yes,0 0 0 0 0 0 0 0 0 0 0 0 0 0 0 0 0 0 0 0 0 0 0 0 0 0 0 0 0 0 1 1 1 1 1 1 1 1 1 1 1 1 1 1 1 1 1 1 1 1
C-000938,000938,Crash-1500/000938.mp4,CCD,official,train,10,50,5.0,1,40,4.0,10.0,Day,Normal,No,0 0 0 0 0 0 0 0 0 0 0 0 0 0 0 0 0 0 0 0 0 0 0 0 0 0 0 0 0 0 0 0 0 0 0 0 0 0 0 0 1 1 1 1 1 1 1 1 1 1
C-000939,000939,Crash-1500/000939.mp4,CCD,official,val,10,50,5.0,1,45,4.5,10.0,Day,Normal,No,0 0 0 0 0 0 0 0 0 0 0 0 0 0 0 0 0 0 0 0 0 0 0 0 0 0 0 0 0 0 0 0 0 0 0 0 0 0 0 0 0 0 0 0 0 1 1 1 1 1
C-000940,000940,Crash-1500/000940.mp4,CCD,official,train,10,50,5.0,1,31,3.1,10.0,Day,Rainy,Yes,0 0 0 0 0 0 0 0 0 0 0 0 0 0 0 0 0 0 0 0 0 0 0 0 0 0 0 0 0 0 0 1 1 1 1 1 1 1 1 1 1 1 1 1 1 1 1 1 1 1
C-000941,000941,Crash-1500/000941.mp4,CCD,official,test,10,50,5.0,1,44,4.4,10.0,Day,Normal,Yes,0 0 0 0 0 0 0 0 0 0 0 0 0 0 0 0 0 0 0 0 0 0 0 0 0 0 0 0 0 0 0 0 0 0 0 0 0 0 0 0 0 0 0 0 1 1 1 1 1 1
C-000942,000942,Crash-1500/000942.mp4,CCD,official,val,10,50,5.0,1,34,3.4,10.0,Day,Normal,Yes,0 0 0 0 0 0 0 0 0 0 0 0 0 0 0 0 0 0 0 0 0 0 0 0 0 0 0 0 0 0 0 0 0 0 1 1 1 1 1 1 1 1 1 1 1 1 1 1 1 1
C-000943,000943,Crash-1500/000943.mp4,CCD,official,test,10,50,5.0,1,48,4.8,10.0,Day,Normal,No,0 0 0 0 0 0 0 0 0 0 0 0 0 0 0 0 0 0 0 0 0 0 0 0 0 0 0 0 0 0 0 0 0 0 0 0 0 0 0 0 0 0 0 0 0 0 0 0 1 1
C-000944,000944,Crash-1500/000944.mp4,CCD,official,val,10,50,5.0,1,30,3.0,10.0,Day,Normal,No,0 0 0 0 0 0 0 0 0 0 0 0 0 0 0 0 0 0 0 0 0 0 0 0 0 0 0 0 0 0 1 1 1 1 1 1 1 1 1 1 1 1 1 1 1 1 1 1 1 1
C-000945,000945,Crash-1500/000945.mp4,CCD,official,train,10,50,5.0,1,30,3.0,10.0,Day,Rainy,No,0 0 0 0 0 0 0 0 0 0 0 0 0 0 0 0 0 0 0 0 0 0 0 0 0 0 0 0 0 0 1 1 1 1 1 1 1 1 1 1 1 1 1 1 1 1 1 1 1 1
C-000946,000946,Crash-1500/000946.mp4,CCD,official,train,10,50,5.0,1,41,4.1,10.0,Day,Normal,Yes,0 0 0 0 0 0 0 0 0 0 0 0 0 0 0 0 0 0 0 0 0 0 0 0 0 0 0 0 0 0 0 0 0 0 0 0 0 0 0 0 0 1 1 1 1 1 1 1 1 1
C-000947,000947,Crash-1500/000947.mp4,CCD,official,train,10,50,5.0,1,30,3.0,10.0,Day,Rainy,No,0 0 0 0 0 0 0 0 0 0 0 0 0 0 0 0 0 0 0 0 0 0 0 0 0 0 0 0 0 0 1 1 1 1 1 1 1 1 1 1 1 1 1 1 1 1 1 1 1 1
C-000948,000948,Crash-1500/000948.mp4,CCD,official,train,10,50,5.0,1,30,3.0,10.0,Day,Normal,No,0 0 0 0 0 0 0 0 0 0 0 0 0 0 0 0 0 0 0 0 0 0 0 0 0 0 0 0 0 0 1 1 1 1 1 1 1 1 1 1 1 1 1 1 1 1 1 1 1 1
C-000949,000949,Crash-1500/000949.mp4,CCD,official,train,10,50,5.0,1,30,3.0,10.0,Day,Normal,Yes,0 0 0 0 0 0 0 0 0 0 0 0 0 0 0 0 0 0 0 0 0 0 0 0 0 0 0 0 0 0 1 1 1 1 1 1 1 1 1 1 1 1 1 1 1 1 1 1 1 1
C-000950,000950,Crash-1500/000950.mp4,CCD,official,train,10,50,5.0,1,37,3.7,10.0,Day,Normal,Yes,0 0 0 0 0 0 0 0 0 0 0 0 0 0 0 0 0 0 0 0 0 0 0 0 0 0 0 0 0 0 0 0 0 0 0 0 0 1 1 1 1 1 1 1 1 1 1 1 1 1
C-000951,000951,Crash-1500/000951.mp4,CCD,official,test,10,50,5.0,1,35,3.5,10.0,Day,Normal,No,0 0 0 0 0 0 0 0 0 0 0 0 0 0 0 0 0 0 0 0 0 0 0 0 0 0 0 0 0 0 0 0 0 0 0 1 1 1 1 1 1 1 1 1 1 1 1 1 1 1
C-000952,000952,Crash-1500/000952.mp4,CCD,official,val,10,50,5.0,1,45,4.5,10.0,Day,Normal,No,0 0 0 0 0 0 0 0 0 0 0 0 0 0 0 0 0 0 0 0 0 0 0 0 0 0 0 0 0 0 0 0 0 0 0 0 0 0 0 0 0 0 0 0 0 1 1 1 1 1
C-000953,000953,Crash-1500/000953.mp4,CCD,official,train,10,50,5.0,1,42,4.2,10.0,Day,Normal,Yes,0 0 0 0 0 0 0 0 0 0 0 0 0 0 0 0 0 0 0 0 0 0 0 0 0 0 0 0 0 0 0 0 0 0 0 0 0 0 0 0 0 0 1 1 1 1 1 1 1 1
C-000954,000954,Crash-1500/000954.mp4,CCD,official,train,10,50,5.0,1,40,4.0,10.0,Day,Normal,No,0 0 0 0 0 0 0 0 0 0 0 0 0 0 0 0 0 0 0 0 0 0 0 0 0 0 0 0 0 0 0 0 0 0 0 0 0 0 0 0 1 1 1 1 1 1 1 1 1 1
C-000955,000955,Crash-1500/000955.mp4,CCD,official,test,10,50,5.0,1,31,3.1,10.0,Day,Normal,No,0 0 0 0 0 0 0 0 0 0 0 0 0 0 0 0 0 0 0 0 0 0 0 0 0 0 0 0 0 0 0 1 1 1 1 1 1 1 1 1 1 1 1 1 1 1 1 1 1 1
C-000956,000956,Crash-1500/000956.mp4,CCD,official,val,10,50,5.0,1,34,3.4,10.0,Day,Rainy,No,0 0 0 0 0 0 0 0 0 0 0 0 0 0 0 0 0 0 0 0 0 0 0 0 0 0 0 0 0 0 0 0 0 0 1 1 1 1 1 1 1 1 1 1 1 1 1 1 1 1
C-000957,000957,Crash-1500/000957.mp4,CCD,official,train,10,50,5.0,1,46,4.6,10.0,Day,Normal,No,0 0 0 0 0 0 0 0 0 0 0 0 0 0 0 0 0 0 0 0 0 0 0 0 0 0 0 0 0 0 0 0 0 0 0 0 0 0 0 0 0 0 0 0 0 0 1 1 1 1
C-000958,000958,Crash-1500/000958.mp4,CCD,official,test,10,50,5.0,1,32,3.2,10.0,Day,Normal,No,0 0 0 0 0 0 0 0 0 0 0 0 0 0 0 0 0 0 0 0 0 0 0 0 0 0 0 0 0 0 0 0 1 1 1 1 1 1 1 1 1 1 1 1 1 1 1 1 1 1
C-000959,000959,Crash-1500/000959.mp4,CCD,official,train,10,50,5.0,1,34,3.4,10.0,Day,Normal,Yes,0 0 0 0 0 0 0 0 0 0 0 0 0 0 0 0 0 0 0 0 0 0 0 0 0 0 0 0 0 0 0 0 0 0 1 1 1 1 1 1 1 1 1 1 1 1 1 1 1 1
C-000960,000960,Crash-1500/000960.mp4,CCD,official,test,10,50,5.0,1,41,4.1,10.0,Day,Normal,No,0 0 0 0 0 0 0 0 0 0 0 0 0 0 0 0 0 0 0 0 0 0 0 0 0 0 0 0 0 0 0 0 0 0 0 0 0 0 0 0 0 1 1 1 1 1 1 1 1 1
C-000961,000961,Crash-1500/000961.mp4,CCD,official,test,10,50,5.0,1,30,3.0,10.0,Day,Normal,No,0 0 0 0 0 0 0 0 0 0 0 0 0 0 0 0 0 0 0 0 0 0 0 0 0 0 0 0 0 0 1 1 1 1 1 1 1 1 1 1 1 1 1 1 1 1 1 1 1 1
C-000962,000962,Crash-1500/000962.mp4,CCD,official,test,10,50,5.0,1,49,4.9,10.0,Day,Normal,No,0 0 0 0 0 0 0 0 0 0 0 0 0 0 0 0 0 0 0 0 0 0 0 0 0 0 0 0 0 0 0 0 0 0 0 0 0 0 0 0 0 0 0 0 0 0 0 0 0 1
C-000963,000963,Crash-1500/000963.mp4,CCD,official,test,10,50,5.0,1,44,4.4,10.0,Day,Normal,No,0 0 0 0 0 0 0 0 0 0 0 0 0 0 0 0 0 0 0 0 0 0 0 0 0 0 0 0 0 0 0 0 0 0 0 0 0 0 0 0 0 0 0 0 1 1 1 1 1 1
C-000964,000964,Crash-1500/000964.mp4,CCD,official,train,10,50,5.0,1,47,4.7,10.0,Day,Normal,No,0 0 0 0 0 0 0 0 0 0 0 0 0 0 0 0 0 0 0 0 0 0 0 0 0 0 0 0 0 0 0 0 0 0 0 0 0 0 0 0 0 0 0 0 0 0 0 1 1 1
C-000965,000965,Crash-1500/000965.mp4,CCD,official,train,10,50,5.0,1,38,3.8,10.0,Day,Normal,Yes,0 0 0 0 0 0 0 0 0 0 0 0 0 0 0 0 0 0 0 0 0 0 0 0 0 0 0 0 0 0 0 0 0 0 0 0 0 0 1 1 1 1 1 1 1 1 1 1 1 1
C-000966,000966,Crash-1500/000966.mp4,CCD,official,train,10,50,5.0,1,46,4.6,10.0,Day,Normal,No,0 0 0 0 0 0 0 0 0 0 0 0 0 0 0 0 0 0 0 0 0 0 0 0 0 0 0 0 0 0 0 0 0 0 0 0 0 0 0 0 0 0 0 0 0 0 1 1 1 1
C-000967,000967,Crash-1500/000967.mp4,CCD,official,test,10,50,5.0,1,31,3.1,10.0,Day,Normal,Yes,0 0 0 0 0 0 0 0 0 0 0 0 0 0 0 0 0 0 0 0 0 0 0 0 0 0 0 0 0 0 0 1 1 1 1 1 1 1 1 1 1 1 1 1 1 1 1 1 1 1
C-000968,000968,Crash-1500/000968.mp4,CCD,official,train,10,50,5.0,1,32,3.2,10.0,Day,Normal,Yes,0 0 0 0 0 0 0 0 0 0 0 0 0 0 0 0 0 0 0 0 0 0 0 0 0 0 0 0 0 0 0 0 1 1 1 1 1 1 1 1 1 1 1 1 1 1 1 1 1 1
C-000969,000969,Crash-1500/000969.mp4,CCD,official,train,10,50,5.0,1,32,3.2,10.0,Day,Normal,Yes,0 0 0 0 0 0 0 0 0 0 0 0 0 0 0 0 0 0 0 0 0 0 0 0 0 0 0 0 0 0 0 0 1 1 1 1 1 1 1 1 1 1 1 1 1 1 1 1 1 1
C-000970,000970,Crash-1500/000970.mp4,CCD,official,train,10,50,5.0,1,48,4.8,10.0,Day,Normal,Yes,0 0 0 0 0 0 0 0 0 0 0 0 0 0 0 0 0 0 0 0 0 0 0 0 0 0 0 0 0 0 0 0 0 0 0 0 0 0 0 0 0 0 0 0 0 0 0 0 1 1
C-000971,000971,Crash-1500/000971.mp4,CCD,official,train,10,50,5.0,1,40,4.0,10.0,Day,Rainy,Yes,0 0 0 0 0 0 0 0 0 0 0 0 0 0 0 0 0 0 0 0 0 0 0 0 0 0 0 0 0 0 0 0 0 0 0 0 0 0 0 0 1 1 1 1 1 1 1 1 1 1
C-000972,000972,Crash-1500/000972.mp4,CCD,official,val,10,50,5.0,1,46,4.6,10.0,Day,Normal,No,0 0 0 0 0 0 0 0 0 0 0 0 0 0 0 0 0 0 0 0 0 0 0 0 0 0 0 0 0 0 0 0 0 0 0 0 0 0 0 0 0 0 0 0 0 0 1 1 1 1
C-000973,000973,Crash-1500/000973.mp4,CCD,official,test,10,50,5.0,1,30,3.0,10.0,Day,Normal,No,0 0 0 0 0 0 0 0 0 0 0 0 0 0 0 0 0 0 0 0 0 0 0 0 0 0 0 0 0 0 1 1 1 1 1 1 1 1 1 1 1 1 1 1 1 1 1 1 1 1
C-000974,000974,Crash-1500/000974.mp4,CCD,official,val,10,50,5.0,1,33,3.3,10.0,Day,Normal,Yes,0 0 0 0 0 0 0 0 0 0 0 0 0 0 0 0 0 0 0 0 0 0 0 0 0 0 0 0 0 0 0 0 0 1 1 1 1 1 1 1 1 1 1 1 1 1 1 1 1 1
C-000975,000975,Crash-1500/000975.mp4,CCD,official,train,10,50,5.0,1,31,3.1,10.0,Day,Normal,No,0 0 0 0 0 0 0 0 0 0 0 0 0 0 0 0 0 0 0 0 0 0 0 0 0 0 0 0 0 0 0 1 1 1 1 1 1 1 1 1 1 1 1 1 1 1 1 1 1 1
C-000976,000976,Crash-1500/000976.mp4,CCD,official,test,10,50,5.0,1,40,4.0,10.0,Day,Normal,No,0 0 0 0 0 0 0 0 0 0 0 0 0 0 0 0 0 0 0 0 0 0 0 0 0 0 0 0 0 0 0 0 0 0 0 0 0 0 0 0 1 1 1 1 1 1 1 1 1 1
C-000977,000977,Crash-1500/000977.mp4,CCD,official,val,10,50,5.0,1,43,4.3,10.0,Day,Normal,Yes,0 0 0 0 0 0 0 0 0 0 0 0 0 0 0 0 0 0 0 0 0 0 0 0 0 0 0 0 0 0 0 0 0 0 0 0 0 0 0 0 0 0 0 1 1 1 1 1 1 1
C-000978,000978,Crash-1500/000978.mp4,CCD,official,train,10,50,5.0,1,45,4.5,10.0,Day,Normal,Yes,0 0 0 0 0 0 0 0 0 0 0 0 0 0 0 0 0 0 0 0 0 0 0 0 0 0 0 0 0 0 0 0 0 0 0 0 0 0 0 0 0 0 0 0 0 1 1 1 1 1
C-000979,000979,Crash-1500/000979.mp4,CCD,official,train,10,50,5.0,1,33,3.3,10.0,Day,Normal,No,0 0 0 0 0 0 0 0 0 0 0 0 0 0 0 0 0 0 0 0 0 0 0 0 0 0 0 0 0 0 0 0 0 1 1 1 1 1 1 1 1 1 1 1 1 1 1 1 1 1
C-000980,000980,Crash-1500/000980.mp4,CCD,official,test,10,50,5.0,1,32,3.2,10.0,Day,Normal,No,0 0 0 0 0 0 0 0 0 0 0 0 0 0 0 0 0 0 0 0 0 0 0 0 0 0 0 0 0 0 0 0 1 1 1 1 1 1 1 1 1 1 1 1 1 1 1 1 1 1
C-000981,000981,Crash-1500/000981.mp4,CCD,official,train,10,50,5.0,1,30,3.0,10.0,Day,Normal,Yes,0 0 0 0 0 0 0 0 0 0 0 0 0 0 0 0 0 0 0 0 0 0 0 0 0 0 0 0 0 0 1 1 1 1 1 1 1 1 1 1 1 1 1 1 1 1 1 1 1 1
C-000982,000982,Crash-1500/000982.mp4,CCD,official,train,10,50,5.0,1,33,3.3,10.0,Day,Normal,Yes,0 0 0 0 0 0 0 0 0 0 0 0 0 0 0 0 0 0 0 0 0 0 0 0 0 0 0 0 0 0 0 0 0 1 1 1 1 1 1 1 1 1 1 1 1 1 1 1 1 1
C-000983,000983,Crash-1500/000983.mp4,CCD,official,train,10,50,5.0,1,47,4.7,10.0,Day,Rainy,No,0 0 0 0 0 0 0 0 0 0 0 0 0 0 0 0 0 0 0 0 0 0 0 0 0 0 0 0 0 0 0 0 0 0 0 0 0 0 0 0 0 0 0 0 0 0 0 1 1 1
C-000984,000984,Crash-1500/000984.mp4,CCD,official,train,10,50,5.0,1,40,4.0,10.0,Day,Normal,Yes,0 0 0 0 0 0 0 0 0 0 0 0 0 0 0 0 0 0 0 0 0 0 0 0 0 0 0 0 0 0 0 0 0 0 0 0 0 0 0 0 1 1 1 1 1 1 1 1 1 1
C-000985,000985,Crash-1500/000985.mp4,CCD,official,train,10,50,5.0,1,38,3.8,10.0,Day,Normal,No,0 0 0 0 0 0 0 0 0 0 0 0 0 0 0 0 0 0 0 0 0 0 0 0 0 0 0 0 0 0 0 0 0 0 0 0 0 0 1 1 1 1 1 1 1 1 1 1 1 1
C-000986,000986,Crash-1500/000986.mp4,CCD,official,val,10,50,5.0,1,43,4.3,10.0,Day,Normal,Yes,0 0 0 0 0 0 0 0 0 0 0 0 0 0 0 0 0 0 0 0 0 0 0 0 0 0 0 0 0 0 0 0 0 0 0 0 0 0 0 0 0 0 0 1 1 1 1 1 1 1
C-000987,000987,Crash-1500/000987.mp4,CCD,official,train,10,50,5.0,1,49,4.9,10.0,Day,Normal,No,0 0 0 0 0 0 0 0 0 0 0 0 0 0 0 0 0 0 0 0 0 0 0 0 0 0 0 0 0 0 0 0 0 0 0 0 0 0 0 0 0 0 0 0 0 0 0 0 0 1
C-000988,000988,Crash-1500/000988.mp4,CCD,official,train,10,50,5.0,1,36,3.6,10.0,Day,Normal,Yes,0 0 0 0 0 0 0 0 0 0 0 0 0 0 0 0 0 0 0 0 0 0 0 0 0 0 0 0 0 0 0 0 0 0 0 0 1 1 1 1 1 1 1 1 1 1 1 1 1 1
C-000989,000989,Crash-1500/000989.mp4,CCD,official,train,10,50,5.0,1,36,3.6,10.0,Night,Normal,Yes,0 0 0 0 0 0 0 0 0 0 0 0 0 0 0 0 0 0 0 0 0 0 0 0 0 0 0 0 0 0 0 0 0 0 0 0 1 1 1 1 1 1 1 1 1 1 1 1 1 1
C-000990,000990,Crash-1500/000990.mp4,CCD,official,train,10,50,5.0,1,37,3.7,10.0,Night,Normal,No,0 0 0 0 0 0 0 0 0 0 0 0 0 0 0 0 0 0 0 0 0 0 0 0 0 0 0 0 0 0 0 0 0 0 0 0 0 1 1 1 1 1 1 1 1 1 1 1 1 1
C-000991,000991,Crash-1500/000991.mp4,CCD,official,train,10,50,5.0,1,41,4.1,10.0,Day,Rainy,No,0 0 0 0 0 0 0 0 0 0 0 0 0 0 0 0 0 0 0 0 0 0 0 0 0 0 0 0 0 0 0 0 0 0 0 0 0 0 0 0 0 1 1 1 1 1 1 1 1 1
C-000992,000992,Crash-1500/000992.mp4,CCD,official,val,10,50,5.0,1,36,3.6,10.0,Day,Normal,Yes,0 0 0 0 0 0 0 0 0 0 0 0 0 0 0 0 0 0 0 0 0 0 0 0 0 0 0 0 0 0 0 0 0 0 0 0 1 1 1 1 1 1 1 1 1 1 1 1 1 1
C-000993,000993,Crash-1500/000993.mp4,CCD,official,val,10,50,5.0,1,40,4.0,10.0,Day,Normal,Yes,0 0 0 0 0 0 0 0 0 0 0 0 0 0 0 0 0 0 0 0 0 0 0 0 0 0 0 0 0 0 0 0 0 0 0 0 0 0 0 0 1 1 1 1 1 1 1 1 1 1
C-000994,000994,Crash-1500/000994.mp4,CCD,official,test,10,50,5.0,1,34,3.4,10.0,Day,Normal,Yes,0 0 0 0 0 0 0 0 0 0 0 0 0 0 0 0 0 0 0 0 0 0 0 0 0 0 0 0 0 0 0 0 0 0 1 1 1 1 1 1 1 1 1 1 1 1 1 1 1 1
C-000995,000995,Crash-1500/000995.mp4,CCD,official,test,10,50,5.0,1,47,4.7,10.0,Day,Normal,Yes,0 0 0 0 0 0 0 0 0 0 0 0 0 0 0 0 0 0 0 0 0 0 0 0 0 0 0 0 0 0 0 0 0 0 0 0 0 0 0 0 0 0 0 0 0 0 0 1 1 1
C-000996,000996,Crash-1500/000996.mp4,CCD,official,train,10,50,5.0,1,44,4.4,10.0,Day,Normal,No,0 0 0 0 0 0 0 0 0 0 0 0 0 0 0 0 0 0 0 0 0 0 0 0 0 0 0 0 0 0 0 0 0 0 0 0 0 0 0 0 0 0 0 0 1 1 1 1 1 1
C-000997,000997,Crash-1500/000997.mp4,CCD,official,train,10,50,5.0,1,37,3.7,10.0,Day,Normal,Yes,0 0 0 0 0 0 0 0 0 0 0 0 0 0 0 0 0 0 0 0 0 0 0 0 0 0 0 0 0 0 0 0 0 0 0 0 0 1 1 1 1 1 1 1 1 1 1 1 1 1
C-000998,000998,Crash-1500/000998.mp4,CCD,official,test,10,50,5.0,1,31,3.1,10.0,Day,Normal,Yes,0 0 0 0 0 0 0 0 0 0 0 0 0 0 0 0 0 0 0 0 0 0 0 0 0 0 0 0 0 0 0 1 1 1 1 1 1 1 1 1 1 1 1 1 1 1 1 1 1 1
C-000999,000999,Crash-1500/000999.mp4,CCD,official,train,10,50,5.0,1,31,3.1,10.0,Day,Snowy,Yes,0 0 0 0 0 0 0 0 0 0 0 0 0 0 0 0 0 0 0 0 0 0 0 0 0 0 0 0 0 0 0 1 1 1 1 1 1 1 1 1 1 1 1 1 1 1 1 1 1 1
C-001000,001000,Crash-1500/001000.mp4,CCD,official,train,10,50,5.0,1,32,3.2,10.0,Day,Normal,No,0 0 0 0 0 0 0 0 0 0 0 0 0 0 0 0 0 0 0 0 0 0 0 0 0 0 0 0 0 0 0 0 1 1 1 1 1 1 1 1 1 1 1 1 1 1 1 1 1 1
C-001001,001001,Crash-1500/001001.mp4,CCD,official,train,10,50,5.0,1,48,4.8,10.0,Night,Normal,No,0 0 0 0 0 0 0 0 0 0 0 0 0 0 0 0 0 0 0 0 0 0 0 0 0 0 0 0 0 0 0 0 0 0 0 0 0 0 0 0 0 0 0 0 0 0 0 0 1 1
C-001002,001002,Crash-1500/001002.mp4,CCD,official,train,10,50,5.0,1,30,3.0,10.0,Day,Normal,No,0 0 0 0 0 0 0 0 0 0 0 0 0 0 0 0 0 0 0 0 0 0 0 0 0 0 0 0 0 0 1 1 1 1 1 1 1 1 1 1 1 1 1 1 1 1 1 1 1 1
C-001003,001003,Crash-1500/001003.mp4,CCD,official,test,10,50,5.0,1,30,3.0,10.0,Day,Normal,No,0 0 0 0 0 0 0 0 0 0 0 0 0 0 0 0 0 0 0 0 0 0 0 0 0 0 0 0 0 0 1 1 1 1 1 1 1 1 1 1 1 1 1 1 1 1 1 1 1 1
C-001004,001004,Crash-1500/001004.mp4,CCD,official,train,10,50,5.0,1,31,3.1,10.0,Day,Normal,No,0 0 0 0 0 0 0 0 0 0 0 0 0 0 0 0 0 0 0 0 0 0 0 0 0 0 0 0 0 0 0 1 1 1 1 1 1 1 1 1 1 1 1 1 1 1 1 1 1 1
C-001005,001005,Crash-1500/001005.mp4,CCD,official,train,10,50,5.0,1,36,3.6,10.0,Day,Rainy,Yes,0 0 0 0 0 0 0 0 0 0 0 0 0 0 0 0 0 0 0 0 0 0 0 0 0 0 0 0 0 0 0 0 0 0 0 0 1 1 1 1 1 1 1 1 1 1 1 1 1 1
C-001006,001006,Crash-1500/001006.mp4,CCD,official,test,10,50,5.0,1,30,3.0,10.0,Day,Normal,No,0 0 0 0 0 0 0 0 0 0 0 0 0 0 0 0 0 0 0 0 0 0 0 0 0 0 0 0 0 0 1 1 1 1 1 1 1 1 1 1 1 1 1 1 1 1 1 1 1 1
C-001007,001007,Crash-1500/001007.mp4,CCD,official,val,10,50,5.0,1,31,3.1,10.0,Day,Normal,Yes,0 0 0 0 0 0 0 0 0 0 0 0 0 0 0 0 0 0 0 0 0 0 0 0 0 0 0 0 0 0 0 1 1 1 1 1 1 1 1 1 1 1 1 1 1 1 1 1 1 1
C-001008,001008,Crash-1500/001008.mp4,CCD,official,test,10,50,5.0,1,38,3.8,10.0,Day,Normal,Yes,0 0 0 0 0 0 0 0 0 0 0 0 0 0 0 0 0 0 0 0 0 0 0 0 0 0 0 0 0 0 0 0 0 0 0 0 0 0 1 1 1 1 1 1 1 1 1 1 1 1
C-001009,001009,Crash-1500/001009.mp4,CCD,official,train,10,50,5.0,1,45,4.5,10.0,Day,Normal,No,0 0 0 0 0 0 0 0 0 0 0 0 0 0 0 0 0 0 0 0 0 0 0 0 0 0 0 0 0 0 0 0 0 0 0 0 0 0 0 0 0 0 0 0 0 1 1 1 1 1
C-001010,001010,Crash-1500/001010.mp4,CCD,official,val,10,50,5.0,1,33,3.3,10.0,Day,Snowy,No,0 0 0 0 0 0 0 0 0 0 0 0 0 0 0 0 0 0 0 0 0 0 0 0 0 0 0 0 0 0 0 0 0 1 1 1 1 1 1 1 1 1 1 1 1 1 1 1 1 1
C-001011,001011,Crash-1500/001011.mp4,CCD,official,train,10,50,5.0,1,45,4.5,10.0,Day,Normal,Yes,0 0 0 0 0 0 0 0 0 0 0 0 0 0 0 0 0 0 0 0 0 0 0 0 0 0 0 0 0 0 0 0 0 0 0 0 0 0 0 0 0 0 0 0 0 1 1 1 1 1
C-001012,001012,Crash-1500/001012.mp4,CCD,official,train,10,50,5.0,1,37,3.7,10.0,Day,Normal,No,0 0 0 0 0 0 0 0 0 0 0 0 0 0 0 0 0 0 0 0 0 0 0 0 0 0 0 0 0 0 0 0 0 0 0 0 0 1 1 1 1 1 1 1 1 1 1 1 1 1
C-001013,001013,Crash-1500/001013.mp4,CCD,official,train,10,50,5.0,1,42,4.2,10.0,Day,Normal,Yes,0 0 0 0 0 0 0 0 0 0 0 0 0 0 0 0 0 0 0 0 0 0 0 0 0 0 0 0 0 0 0 0 0 0 0 0 0 0 0 0 0 0 1 1 1 1 1 1 1 1
C-001014,001014,Crash-1500/001014.mp4,CCD,official,train,10,50,5.0,1,31,3.1,10.0,Night,Snowy,Yes,0 0 0 0 0 0 0 0 0 0 0 0 0 0 0 0 0 0 0 0 0 0 0 0 0 0 0 0 0 0 0 1 1 1 1 1 1 1 1 1 1 1 1 1 1 1 1 1 1 1
C-001015,001015,Crash-1500/001015.mp4,CCD,official,train,10,50,5.0,1,44,4.4,10.0,Day,Normal,No,0 0 0 0 0 0 0 0 0 0 0 0 0 0 0 0 0 0 0 0 0 0 0 0 0 0 0 0 0 0 0 0 0 0 0 0 0 0 0 0 0 0 0 0 1 1 1 1 1 1
C-001016,001016,Crash-1500/001016.mp4,CCD,official,val,10,50,5.0,1,38,3.8,10.0,Day,Normal,No,0 0 0 0 0 0 0 0 0 0 0 0 0 0 0 0 0 0 0 0 0 0 0 0 0 0 0 0 0 0 0 0 0 0 0 0 0 0 1 1 1 1 1 1 1 1 1 1 1 1
C-001017,001017,Crash-1500/001017.mp4,CCD,official,test,10,50,5.0,1,33,3.3,10.0,Day,Normal,No,0 0 0 0 0 0 0 0 0 0 0 0 0 0 0 0 0 0 0 0 0 0 0 0 0 0 0 0 0 0 0 0 0 1 1 1 1 1 1 1 1 1 1 1 1 1 1 1 1 1
C-001018,001018,Crash-1500/001018.mp4,CCD,official,val,10,50,5.0,1,31,3.1,10.0,Night,Normal,Yes,0 0 0 0 0 0 0 0 0 0 0 0 0 0 0 0 0 0 0 0 0 0 0 0 0 0 0 0 0 0 0 1 1 1 1 1 1 1 1 1 1 1 1 1 1 1 1 1 1 1
C-001019,001019,Crash-1500/001019.mp4,CCD,official,train,10,50,5.0,1,41,4.1,10.0,Day,Normal,No,0 0 0 0 0 0 0 0 0 0 0 0 0 0 0 0 0 0 0 0 0 0 0 0 0 0 0 0 0 0 0 0 0 0 0 0 0 0 0 0 0 1 1 1 1 1 1 1 1 1
C-001020,001020,Crash-1500/001020.mp4,CCD,official,train,10,50,5.0,1,43,4.3,10.0,Day,Normal,Yes,0 0 0 0 0 0 0 0 0 0 0 0 0 0 0 0 0 0 0 0 0 0 0 0 0 0 0 0 0 0 0 0 0 0 0 0 0 0 0 0 0 0 0 1 1 1 1 1 1 1
C-001021,001021,Crash-1500/001021.mp4,CCD,official,test,10,50,5.0,1,49,4.9,10.0,Day,Normal,Yes,0 0 0 0 0 0 0 0 0 0 0 0 0 0 0 0 0 0 0 0 0 0 0 0 0 0 0 0 0 0 0 0 0 0 0 0 0 0 0 0 0 0 0 0 0 0 0 0 0 1
C-001022,001022,Crash-1500/001022.mp4,CCD,official,train,10,50,5.0,1,30,3.0,10.0,Day,Rainy,No,0 0 0 0 0 0 0 0 0 0 0 0 0 0 0 0 0 0 0 0 0 0 0 0 0 0 0 0 0 0 1 1 1 1 1 1 1 1 1 1 1 1 1 1 1 1 1 1 1 1
C-001023,001023,Crash-1500/001023.mp4,CCD,official,test,10,50,5.0,1,42,4.2,10.0,Day,Normal,No,0 0 0 0 0 0 0 0 0 0 0 0 0 0 0 0 0 0 0 0 0 0 0 0 0 0 0 0 0 0 0 0 0 0 0 0 0 0 0 0 0 0 1 1 1 1 1 1 1 1
C-001024,001024,Crash-1500/001024.mp4,CCD,official,test,10,50,5.0,1,35,3.5,10.0,Day,Rainy,Yes,0 0 0 0 0 0 0 0 0 0 0 0 0 0 0 0 0 0 0 0 0 0 0 0 0 0 0 0 0 0 0 0 0 0 0 1 1 1 1 1 1 1 1 1 1 1 1 1 1 1
C-001025,001025,Crash-1500/001025.mp4,CCD,official,train,10,50,5.0,1,38,3.8,10.0,Day,Normal,No,0 0 0 0 0 0 0 0 0 0 0 0 0 0 0 0 0 0 0 0 0 0 0 0 0 0 0 0 0 0 0 0 0 0 0 0 0 0 1 1 1 1 1 1 1 1 1 1 1 1
C-001026,001026,Crash-1500/001026.mp4,CCD,official,val,10,50,5.0,1,47,4.7,10.0,Night,Normal,Yes,0 0 0 0 0 0 0 0 0 0 0 0 0 0 0 0 0 0 0 0 0 0 0 0 0 0 0 0 0 0 0 0 0 0 0 0 0 0 0 0 0 0 0 0 0 0 0 1 1 1
C-001027,001027,Crash-1500/001027.mp4,CCD,official,train,10,50,5.0,1,42,4.2,10.0,Day,Normal,Yes,0 0 0 0 0 0 0 0 0 0 0 0 0 0 0 0 0 0 0 0 0 0 0 0 0 0 0 0 0 0 0 0 0 0 0 0 0 0 0 0 0 0 1 1 1 1 1 1 1 1
C-001028,001028,Crash-1500/001028.mp4,CCD,official,test,10,50,5.0,1,38,3.8,10.0,Night,Snowy,No,0 0 0 0 0 0 0 0 0 0 0 0 0 0 0 0 0 0 0 0 0 0 0 0 0 0 0 0 0 0 0 0 0 0 0 0 0 0 1 1 1 1 1 1 1 1 1 1 1 1
C-001029,001029,Crash-1500/001029.mp4,CCD,official,train,10,50,5.0,1,44,4.4,10.0,Day,Normal,No,0 0 0 0 0 0 0 0 0 0 0 0 0 0 0 0 0 0 0 0 0 0 0 0 0 0 0 0 0 0 0 0 0 0 0 0 0 0 0 0 0 0 0 0 1 1 1 1 1 1
C-001030,001030,Crash-1500/001030.mp4,CCD,official,train,10,50,5.0,1,49,4.9,10.0,Day,Snowy,No,0 0 0 0 0 0 0 0 0 0 0 0 0 0 0 0 0 0 0 0 0 0 0 0 0 0 0 0 0 0 0 0 0 0 0 0 0 0 0 0 0 0 0 0 0 0 0 0 0 1
C-001031,001031,Crash-1500/001031.mp4,CCD,official,val,10,50,5.0,1,37,3.7,10.0,Day,Normal,No,0 0 0 0 0 0 0 0 0 0 0 0 0 0 0 0 0 0 0 0 0 0 0 0 0 0 0 0 0 0 0 0 0 0 0 0 0 1 1 1 1 1 1 1 1 1 1 1 1 1
C-001032,001032,Crash-1500/001032.mp4,CCD,official,test,10,50,5.0,1,45,4.5,10.0,Day,Normal,No,0 0 0 0 0 0 0 0 0 0 0 0 0 0 0 0 0 0 0 0 0 0 0 0 0 0 0 0 0 0 0 0 0 0 0 0 0 0 0 0 0 0 0 0 0 1 1 1 1 1
C-001033,001033,Crash-1500/001033.mp4,CCD,official,train,10,50,5.0,1,42,4.2,10.0,Day,Normal,No,0 0 0 0 0 0 0 0 0 0 0 0 0 0 0 0 0 0 0 0 0 0 0 0 0 0 0 0 0 0 0 0 0 0 0 0 0 0 0 0 0 0 1 1 1 1 1 1 1 1
C-001034,001034,Crash-1500/001034.mp4,CCD,official,train,10,50,5.0,1,40,4.0,10.0,Day,Normal,No,0 0 0 0 0 0 0 0 0 0 0 0 0 0 0 0 0 0 0 0 0 0 0 0 0 0 0 0 0 0 0 0 0 0 0 0 0 0 0 0 1 1 1 1 1 1 1 1 1 1
C-001035,001035,Crash-1500/001035.mp4,CCD,official,train,10,50,5.0,1,31,3.1,10.0,Day,Normal,No,0 0 0 0 0 0 0 0 0 0 0 0 0 0 0 0 0 0 0 0 0 0 0 0 0 0 0 0 0 0 0 1 1 1 1 1 1 1 1 1 1 1 1 1 1 1 1 1 1 1
C-001036,001036,Crash-1500/001036.mp4,CCD,official,train,10,50,5.0,1,42,4.2,10.0,Day,Normal,Yes,0 0 0 0 0 0 0 0 0 0 0 0 0 0 0 0 0 0 0 0 0 0 0 0 0 0 0 0 0 0 0 0 0 0 0 0 0 0 0 0 0 0 1 1 1 1 1 1 1 1
C-001037,001037,Crash-1500/001037.mp4,CCD,official,test,10,50,5.0,1,43,4.3,10.0,Day,Normal,No,0 0 0 0 0 0 0 0 0 0 0 0 0 0 0 0 0 0 0 0 0 0 0 0 0 0 0 0 0 0 0 0 0 0 0 0 0 0 0 0 0 0 0 1 1 1 1 1 1 1
C-001038,001038,Crash-1500/001038.mp4,CCD,official,val,10,50,5.0,1,36,3.6,10.0,Day,Snowy,Yes,0 0 0 0 0 0 0 0 0 0 0 0 0 0 0 0 0 0 0 0 0 0 0 0 0 0 0 0 0 0 0 0 0 0 0 0 1 1 1 1 1 1 1 1 1 1 1 1 1 1
C-001039,001039,Crash-1500/001039.mp4,CCD,official,train,10,50,5.0,1,37,3.7,10.0,Night,Normal,No,0 0 0 0 0 0 0 0 0 0 0 0 0 0 0 0 0 0 0 0 0 0 0 0 0 0 0 0 0 0 0 0 0 0 0 0 0 1 1 1 1 1 1 1 1 1 1 1 1 1
C-001040,001040,Crash-1500/001040.mp4,CCD,official,train,10,50,5.0,1,40,4.0,10.0,Day,Snowy,Yes,0 0 0 0 0 0 0 0 0 0 0 0 0 0 0 0 0 0 0 0 0 0 0 0 0 0 0 0 0 0 0 0 0 0 0 0 0 0 0 0 1 1 1 1 1 1 1 1 1 1
C-001041,001041,Crash-1500/001041.mp4,CCD,official,train,10,50,5.0,1,32,3.2,10.0,Day,Normal,No,0 0 0 0 0 0 0 0 0 0 0 0 0 0 0 0 0 0 0 0 0 0 0 0 0 0 0 0 0 0 0 0 1 1 1 1 1 1 1 1 1 1 1 1 1 1 1 1 1 1
C-001042,001042,Crash-1500/001042.mp4,CCD,official,train,10,50,5.0,1,38,3.8,10.0,Day,Normal,Yes,0 0 0 0 0 0 0 0 0 0 0 0 0 0 0 0 0 0 0 0 0 0 0 0 0 0 0 0 0 0 0 0 0 0 0 0 0 0 1 1 1 1 1 1 1 1 1 1 1 1
C-001043,001043,Crash-1500/001043.mp4,CCD,official,test,10,50,5.0,1,46,4.6,10.0,Day,Snowy,No,0 0 0 0 0 0 0 0 0 0 0 0 0 0 0 0 0 0 0 0 0 0 0 0 0 0 0 0 0 0 0 0 0 0 0 0 0 0 0 0 0 0 0 0 0 0 1 1 1 1
C-001044,001044,Crash-1500/001044.mp4,CCD,official,train,10,50,5.0,1,41,4.1,10.0,Day,Normal,Yes,0 0 0 0 0 0 0 0 0 0 0 0 0 0 0 0 0 0 0 0 0 0 0 0 0 0 0 0 0 0 0 0 0 0 0 0 0 0 0 0 0 1 1 1 1 1 1 1 1 1
C-001045,001045,Crash-1500/001045.mp4,CCD,official,train,10,50,5.0,1,36,3.6,10.0,Day,Normal,No,0 0 0 0 0 0 0 0 0 0 0 0 0 0 0 0 0 0 0 0 0 0 0 0 0 0 0 0 0 0 0 0 0 0 0 0 1 1 1 1 1 1 1 1 1 1 1 1 1 1
C-001046,001046,Crash-1500/001046.mp4,CCD,official,train,10,50,5.0,1,42,4.2,10.0,Day,Normal,Yes,0 0 0 0 0 0 0 0 0 0 0 0 0 0 0 0 0 0 0 0 0 0 0 0 0 0 0 0 0 0 0 0 0 0 0 0 0 0 0 0 0 0 1 1 1 1 1 1 1 1
C-001047,001047,Crash-1500/001047.mp4,CCD,official,val,10,50,5.0,1,44,4.4,10.0,Day,Normal,Yes,0 0 0 0 0 0 0 0 0 0 0 0 0 0 0 0 0 0 0 0 0 0 0 0 0 0 0 0 0 0 0 0 0 0 0 0 0 0 0 0 0 0 0 0 1 1 1 1 1 1
C-001048,001048,Crash-1500/001048.mp4,CCD,official,train,10,50,5.0,1,44,4.4,10.0,Day,Snowy,Yes,0 0 0 0 0 0 0 0 0 0 0 0 0 0 0 0 0 0 0 0 0 0 0 0 0 0 0 0 0 0 0 0 0 0 0 0 0 0 0 0 0 0 0 0 1 1 1 1 1 1
C-001049,001049,Crash-1500/001049.mp4,CCD,official,val,10,50,5.0,1,37,3.7,10.0,Day,Normal,No,0 0 0 0 0 0 0 0 0 0 0 0 0 0 0 0 0 0 0 0 0 0 0 0 0 0 0 0 0 0 0 0 0 0 0 0 0 1 1 1 1 1 1 1 1 1 1 1 1 1
C-001050,001050,Crash-1500/001050.mp4,CCD,official,train,10,50,5.0,1,38,3.8,10.0,Day,Normal,Yes,0 0 0 0 0 0 0 0 0 0 0 0 0 0 0 0 0 0 0 0 0 0 0 0 0 0 0 0 0 0 0 0 0 0 0 0 0 0 1 1 1 1 1 1 1 1 1 1 1 1
C-001051,001051,Crash-1500/001051.mp4,CCD,official,train,10,50,5.0,1,31,3.1,10.0,Day,Normal,Yes,0 0 0 0 0 0 0 0 0 0 0 0 0 0 0 0 0 0 0 0 0 0 0 0 0 0 0 0 0 0 0 1 1 1 1 1 1 1 1 1 1 1 1 1 1 1 1 1 1 1
C-001052,001052,Crash-1500/001052.mp4,CCD,official,train,10,50,5.0,1,40,4.0,10.0,Night,Normal,No,0 0 0 0 0 0 0 0 0 0 0 0 0 0 0 0 0 0 0 0 0 0 0 0 0 0 0 0 0 0 0 0 0 0 0 0 0 0 0 0 1 1 1 1 1 1 1 1 1 1
C-001053,001053,Crash-1500/001053.mp4,CCD,official,train,10,50,5.0,1,33,3.3,10.0,Night,Normal,No,0 0 0 0 0 0 0 0 0 0 0 0 0 0 0 0 0 0 0 0 0 0 0 0 0 0 0 0 0 0 0 0 0 1 1 1 1 1 1 1 1 1 1 1 1 1 1 1 1 1
C-001054,001054,Crash-1500/001054.mp4,CCD,official,train,10,50,5.0,1,38,3.8,10.0,Day,Normal,No,0 0 0 0 0 0 0 0 0 0 0 0 0 0 0 0 0 0 0 0 0 0 0 0 0 0 0 0 0 0 0 0 0 0 0 0 0 0 1 1 1 1 1 1 1 1 1 1 1 1
C-001055,001055,Crash-1500/001055.mp4,CCD,official,train,10,50,5.0,1,32,3.2,10.0,Day,Normal,No,0 0 0 0 0 0 0 0 0 0 0 0 0 0 0 0 0 0 0 0 0 0 0 0 0 0 0 0 0 0 0 0 1 1 1 1 1 1 1 1 1 1 1 1 1 1 1 1 1 1
C-001056,001056,Crash-1500/001056.mp4,CCD,official,test,10,50,5.0,1,30,3.0,10.0,Day,Normal,No,0 0 0 0 0 0 0 0 0 0 0 0 0 0 0 0 0 0 0 0 0 0 0 0 0 0 0 0 0 0 1 1 1 1 1 1 1 1 1 1 1 1 1 1 1 1 1 1 1 1
C-001057,001057,Crash-1500/001057.mp4,CCD,official,train,10,50,5.0,1,33,3.3,10.0,Day,Snowy,Yes,0 0 0 0 0 0 0 0 0 0 0 0 0 0 0 0 0 0 0 0 0 0 0 0 0 0 0 0 0 0 0 0 0 1 1 1 1 1 1 1 1 1 1 1 1 1 1 1 1 1
C-001058,001058,Crash-1500/001058.mp4,CCD,official,train,10,50,5.0,1,30,3.0,10.0,Day,Normal,No,0 0 0 0 0 0 0 0 0 0 0 0 0 0 0 0 0 0 0 0 0 0 0 0 0 0 0 0 0 0 1 1 1 1 1 1 1 1 1 1 1 1 1 1 1 1 1 1 1 1
C-001059,001059,Crash-1500/001059.mp4,CCD,official,train,10,50,5.0,1,30,3.0,10.0,Day,Normal,No,0 0 0 0 0 0 0 0 0 0 0 0 0 0 0 0 0 0 0 0 0 0 0 0 0 0 0 0 0 0 1 1 1 1 1 1 1 1 1 1 1 1 1 1 1 1 1 1 1 1
C-001060,001060,Crash-1500/001060.mp4,CCD,official,train,10,50,5.0,1,38,3.8,10.0,Day,Snowy,No,0 0 0 0 0 0 0 0 0 0 0 0 0 0 0 0 0 0 0 0 0 0 0 0 0 0 0 0 0 0 0 0 0 0 0 0 0 0 1 1 1 1 1 1 1 1 1 1 1 1
C-001061,001061,Crash-1500/001061.mp4,CCD,official,val,10,50,5.0,1,36,3.6,10.0,Day,Normal,Yes,0 0 0 0 0 0 0 0 0 0 0 0 0 0 0 0 0 0 0 0 0 0 0 0 0 0 0 0 0 0 0 0 0 0 0 0 1 1 1 1 1 1 1 1 1 1 1 1 1 1
C-001062,001062,Crash-1500/001062.mp4,CCD,official,train,10,50,5.0,1,48,4.8,10.0,Day,Normal,Yes,0 0 0 0 0 0 0 0 0 0 0 0 0 0 0 0 0 0 0 0 0 0 0 0 0 0 0 0 0 0 0 0 0 0 0 0 0 0 0 0 0 0 0 0 0 0 0 0 1 1
C-001063,001063,Crash-1500/001063.mp4,CCD,official,train,10,50,5.0,1,35,3.5,10.0,Day,Normal,No,0 0 0 0 0 0 0 0 0 0 0 0 0 0 0 0 0 0 0 0 0 0 0 0 0 0 0 0 0 0 0 0 0 0 0 1 1 1 1 1 1 1 1 1 1 1 1 1 1 1
C-001064,001064,Crash-1500/001064.mp4,CCD,official,train,10,50,5.0,1,43,4.3,10.0,Day,Rainy,No,0 0 0 0 0 0 0 0 0 0 0 0 0 0 0 0 0 0 0 0 0 0 0 0 0 0 0 0 0 0 0 0 0 0 0 0 0 0 0 0 0 0 0 1 1 1 1 1 1 1
C-001065,001065,Crash-1500/001065.mp4,CCD,official,train,10,50,5.0,1,35,3.5,10.0,Day,Normal,No,0 0 0 0 0 0 0 0 0 0 0 0 0 0 0 0 0 0 0 0 0 0 0 0 0 0 0 0 0 0 0 0 0 0 0 1 1 1 1 1 1 1 1 1 1 1 1 1 1 1
C-001066,001066,Crash-1500/001066.mp4,CCD,official,train,10,50,5.0,1,33,3.3,10.0,Day,Normal,No,0 0 0 0 0 0 0 0 0 0 0 0 0 0 0 0 0 0 0 0 0 0 0 0 0 0 0 0 0 0 0 0 0 1 1 1 1 1 1 1 1 1 1 1 1 1 1 1 1 1
C-001067,001067,Crash-1500/001067.mp4,CCD,official,train,10,50,5.0,1,41,4.1,10.0,Day,Normal,No,0 0 0 0 0 0 0 0 0 0 0 0 0 0 0 0 0 0 0 0 0 0 0 0 0 0 0 0 0 0 0 0 0 0 0 0 0 0 0 0 0 1 1 1 1 1 1 1 1 1
C-001068,001068,Crash-1500/001068.mp4,CCD,official,train,10,50,5.0,1,45,4.5,10.0,Night,Normal,Yes,0 0 0 0 0 0 0 0 0 0 0 0 0 0 0 0 0 0 0 0 0 0 0 0 0 0 0 0 0 0 0 0 0 0 0 0 0 0 0 0 0 0 0 0 0 1 1 1 1 1
C-001069,001069,Crash-1500/001069.mp4,CCD,official,train,10,50,5.0,1,31,3.1,10.0,Day,Snowy,Yes,0 0 0 0 0 0 0 0 0 0 0 0 0 0 0 0 0 0 0 0 0 0 0 0 0 0 0 0 0 0 0 1 1 1 1 1 1 1 1 1 1 1 1 1 1 1 1 1 1 1
C-001070,001070,Crash-1500/001070.mp4,CCD,official,train,10,50,5.0,1,31,3.1,10.0,Day,Normal,No,0 0 0 0 0 0 0 0 0 0 0 0 0 0 0 0 0 0 0 0 0 0 0 0 0 0 0 0 0 0 0 1 1 1 1 1 1 1 1 1 1 1 1 1 1 1 1 1 1 1
C-001071,001071,Crash-1500/001071.mp4,CCD,official,val,10,50,5.0,1,36,3.6,10.0,Day,Normal,Yes,0 0 0 0 0 0 0 0 0 0 0 0 0 0 0 0 0 0 0 0 0 0 0 0 0 0 0 0 0 0 0 0 0 0 0 0 1 1 1 1 1 1 1 1 1 1 1 1 1 1
C-001072,001072,Crash-1500/001072.mp4,CCD,official,val,10,50,5.0,1,32,3.2,10.0,Day,Normal,Yes,0 0 0 0 0 0 0 0 0 0 0 0 0 0 0 0 0 0 0 0 0 0 0 0 0 0 0 0 0 0 0 0 1 1 1 1 1 1 1 1 1 1 1 1 1 1 1 1 1 1
C-001073,001073,Crash-1500/001073.mp4,CCD,official,train,10,50,5.0,1,39,3.9,10.0,Day,Normal,Yes,0 0 0 0 0 0 0 0 0 0 0 0 0 0 0 0 0 0 0 0 0 0 0 0 0 0 0 0 0 0 0 0 0 0 0 0 0 0 0 1 1 1 1 1 1 1 1 1 1 1
C-001074,001074,Crash-1500/001074.mp4,CCD,official,train,10,50,5.0,1,31,3.1,10.0,Day,Normal,No,0 0 0 0 0 0 0 0 0 0 0 0 0 0 0 0 0 0 0 0 0 0 0 0 0 0 0 0 0 0 0 1 1 1 1 1 1 1 1 1 1 1 1 1 1 1 1 1 1 1
C-001075,001075,Crash-1500/001075.mp4,CCD,official,train,10,50,5.0,1,30,3.0,10.0,Day,Normal,No,0 0 0 0 0 0 0 0 0 0 0 0 0 0 0 0 0 0 0 0 0 0 0 0 0 0 0 0 0 0 1 1 1 1 1 1 1 1 1 1 1 1 1 1 1 1 1 1 1 1
C-001076,001076,Crash-1500/001076.mp4,CCD,official,train,10,50,5.0,1,44,4.4,10.0,Day,Normal,No,0 0 0 0 0 0 0 0 0 0 0 0 0 0 0 0 0 0 0 0 0 0 0 0 0 0 0 0 0 0 0 0 0 0 0 0 0 0 0 0 0 0 0 0 1 1 1 1 1 1
C-001077,001077,Crash-1500/001077.mp4,CCD,official,train,10,50,5.0,1,45,4.5,10.0,Day,Normal,Yes,0 0 0 0 0 0 0 0 0 0 0 0 0 0 0 0 0 0 0 0 0 0 0 0 0 0 0 0 0 0 0 0 0 0 0 0 0 0 0 0 0 0 0 0 0 1 1 1 1 1
C-001078,001078,Crash-1500/001078.mp4,CCD,official,val,10,50,5.0,1,39,3.9,10.0,Day,Snowy,No,0 0 0 0 0 0 0 0 0 0 0 0 0 0 0 0 0 0 0 0 0 0 0 0 0 0 0 0 0 0 0 0 0 0 0 0 0 0 0 1 1 1 1 1 1 1 1 1 1 1
C-001079,001079,Crash-1500/001079.mp4,CCD,official,train,10,50,5.0,1,42,4.2,10.0,Day,Normal,Yes,0 0 0 0 0 0 0 0 0 0 0 0 0 0 0 0 0 0 0 0 0 0 0 0 0 0 0 0 0 0 0 0 0 0 0 0 0 0 0 0 0 0 1 1 1 1 1 1 1 1
C-001080,001080,Crash-1500/001080.mp4,CCD,official,train,10,50,5.0,1,34,3.4,10.0,Day,Normal,No,0 0 0 0 0 0 0 0 0 0 0 0 0 0 0 0 0 0 0 0 0 0 0 0 0 0 0 0 0 0 0 0 0 0 1 1 1 1 1 1 1 1 1 1 1 1 1 1 1 1
C-001081,001081,Crash-1500/001081.mp4,CCD,official,test,10,50,5.0,1,39,3.9,10.0,Day,Normal,No,0 0 0 0 0 0 0 0 0 0 0 0 0 0 0 0 0 0 0 0 0 0 0 0 0 0 0 0 0 0 0 0 0 0 0 0 0 0 0 1 1 1 1 1 1 1 1 1 1 1
C-001082,001082,Crash-1500/001082.mp4,CCD,official,train,10,50,5.0,1,32,3.2,10.0,Day,Normal,Yes,0 0 0 0 0 0 0 0 0 0 0 0 0 0 0 0 0 0 0 0 0 0 0 0 0 0 0 0 0 0 0 0 1 1 1 1 1 1 1 1 1 1 1 1 1 1 1 1 1 1
C-001083,001083,Crash-1500/001083.mp4,CCD,official,train,10,50,5.0,1,33,3.3,10.0,Day,Normal,No,0 0 0 0 0 0 0 0 0 0 0 0 0 0 0 0 0 0 0 0 0 0 0 0 0 0 0 0 0 0 0 0 0 1 1 1 1 1 1 1 1 1 1 1 1 1 1 1 1 1
C-001084,001084,Crash-1500/001084.mp4,CCD,official,train,10,50,5.0,1,37,3.7,10.0,Day,Normal,Yes,0 0 0 0 0 0 0 0 0 0 0 0 0 0 0 0 0 0 0 0 0 0 0 0 0 0 0 0 0 0 0 0 0 0 0 0 0 1 1 1 1 1 1 1 1 1 1 1 1 1
C-001085,001085,Crash-1500/001085.mp4,CCD,official,test,10,50,5.0,1,31,3.1,10.0,Day,Normal,No,0 0 0 0 0 0 0 0 0 0 0 0 0 0 0 0 0 0 0 0 0 0 0 0 0 0 0 0 0 0 0 1 1 1 1 1 1 1 1 1 1 1 1 1 1 1 1 1 1 1
C-001086,001086,Crash-1500/001086.mp4,CCD,official,train,10,50,5.0,1,44,4.4,10.0,Day,Normal,Yes,0 0 0 0 0 0 0 0 0 0 0 0 0 0 0 0 0 0 0 0 0 0 0 0 0 0 0 0 0 0 0 0 0 0 0 0 0 0 0 0 0 0 0 0 1 1 1 1 1 1
C-001087,001087,Crash-1500/001087.mp4,CCD,official,train,10,50,5.0,1,48,4.8,10.0,Day,Normal,No,0 0 0 0 0 0 0 0 0 0 0 0 0 0 0 0 0 0 0 0 0 0 0 0 0 0 0 0 0 0 0 0 0 0 0 0 0 0 0 0 0 0 0 0 0 0 0 0 1 1
C-001088,001088,Crash-1500/001088.mp4,CCD,official,train,10,50,5.0,1,46,4.6,10.0,Day,Snowy,Yes,0 0 0 0 0 0 0 0 0 0 0 0 0 0 0 0 0 0 0 0 0 0 0 0 0 0 0 0 0 0 0 0 0 0 0 0 0 0 0 0 0 0 0 0 0 0 1 1 1 1
C-001089,001089,Crash-1500/001089.mp4,CCD,official,val,10,50,5.0,1,41,4.1,10.0,Day,Snowy,Yes,0 0 0 0 0 0 0 0 0 0 0 0 0 0 0 0 0 0 0 0 0 0 0 0 0 0 0 0 0 0 0 0 0 0 0 0 0 0 0 0 0 1 1 1 1 1 1 1 1 1
C-001090,001090,Crash-1500/001090.mp4,CCD,official,train,10,50,5.0,1,49,4.9,10.0,Day,Rainy,Yes,0 0 0 0 0 0 0 0 0 0 0 0 0 0 0 0 0 0 0 0 0 0 0 0 0 0 0 0 0 0 0 0 0 0 0 0 0 0 0 0 0 0 0 0 0 0 0 0 0 1
C-001091,001091,Crash-1500/001091.mp4,CCD,official,test,10,50,5.0,1,34,3.4,10.0,Day,Rainy,Yes,0 0 0 0 0 0 0 0 0 0 0 0 0 0 0 0 0 0 0 0 0 0 0 0 0 0 0 0 0 0 0 0 0 0 1 1 1 1 1 1 1 1 1 1 1 1 1 1 1 1
C-001092,001092,Crash-1500/001092.mp4,CCD,official,train,10,50,5.0,1,44,4.4,10.0,Day,Normal,No,0 0 0 0 0 0 0 0 0 0 0 0 0 0 0 0 0 0 0 0 0 0 0 0 0 0 0 0 0 0 0 0 0 0 0 0 0 0 0 0 0 0 0 0 1 1 1 1 1 1
C-001093,001093,Crash-1500/001093.mp4,CCD,official,train,10,50,5.0,1,33,3.3,10.0,Day,Normal,Yes,0 0 0 0 0 0 0 0 0 0 0 0 0 0 0 0 0 0 0 0 0 0 0 0 0 0 0 0 0 0 0 0 0 1 1 1 1 1 1 1 1 1 1 1 1 1 1 1 1 1
C-001094,001094,Crash-1500/001094.mp4,CCD,official,test,10,50,5.0,1,36,3.6,10.0,Day,Normal,No,0 0 0 0 0 0 0 0 0 0 0 0 0 0 0 0 0 0 0 0 0 0 0 0 0 0 0 0 0 0 0 0 0 0 0 0 1 1 1 1 1 1 1 1 1 1 1 1 1 1
C-001095,001095,Crash-1500/001095.mp4,CCD,official,train,10,50,5.0,1,33,3.3,10.0,Night,Normal,No,0 0 0 0 0 0 0 0 0 0 0 0 0 0 0 0 0 0 0 0 0 0 0 0 0 0 0 0 0 0 0 0 0 1 1 1 1 1 1 1 1 1 1 1 1 1 1 1 1 1
C-001096,001096,Crash-1500/001096.mp4,CCD,official,test,10,50,5.0,1,40,4.0,10.0,Day,Rainy,Yes,0 0 0 0 0 0 0 0 0 0 0 0 0 0 0 0 0 0 0 0 0 0 0 0 0 0 0 0 0 0 0 0 0 0 0 0 0 0 0 0 1 1 1 1 1 1 1 1 1 1
C-001097,001097,Crash-1500/001097.mp4,CCD,official,train,10,50,5.0,1,40,4.0,10.0,Day,Rainy,Yes,0 0 0 0 0 0 0 0 0 0 0 0 0 0 0 0 0 0 0 0 0 0 0 0 0 0 0 0 0 0 0 0 0 0 0 0 0 0 0 0 1 1 1 1 1 1 1 1 1 1
C-001098,001098,Crash-1500/001098.mp4,CCD,official,test,10,50,5.0,1,40,4.0,10.0,Day,Normal,No,0 0 0 0 0 0 0 0 0 0 0 0 0 0 0 0 0 0 0 0 0 0 0 0 0 0 0 0 0 0 0 0 0 0 0 0 0 0 0 0 1 1 1 1 1 1 1 1 1 1
C-001099,001099,Crash-1500/001099.mp4,CCD,official,val,10,50,5.0,1,48,4.8,10.0,Day,Normal,Yes,0 0 0 0 0 0 0 0 0 0 0 0 0 0 0 0 0 0 0 0 0 0 0 0 0 0 0 0 0 0 0 0 0 0 0 0 0 0 0 0 0 0 0 0 0 0 0 0 1 1
C-001100,001100,Crash-1500/001100.mp4,CCD,official,test,10,50,5.0,1,33,3.3,10.0,Night,Rainy,No,0 0 0 0 0 0 0 0 0 0 0 0 0 0 0 0 0 0 0 0 0 0 0 0 0 0 0 0 0 0 0 0 0 1 1 1 1 1 1 1 1 1 1 1 1 1 1 1 1 1
C-001101,001101,Crash-1500/001101.mp4,CCD,official,train,10,50,5.0,1,40,4.0,10.0,Night,Normal,Yes,0 0 0 0 0 0 0 0 0 0 0 0 0 0 0 0 0 0 0 0 0 0 0 0 0 0 0 0 0 0 0 0 0 0 0 0 0 0 0 0 1 1 1 1 1 1 1 1 1 1
C-001102,001102,Crash-1500/001102.mp4,CCD,official,train,10,50,5.0,1,47,4.7,10.0,Day,Normal,No,0 0 0 0 0 0 0 0 0 0 0 0 0 0 0 0 0 0 0 0 0 0 0 0 0 0 0 0 0 0 0 0 0 0 0 0 0 0 0 0 0 0 0 0 0 0 0 1 1 1
C-001103,001103,Crash-1500/001103.mp4,CCD,official,train,10,50,5.0,1,42,4.2,10.0,Day,Normal,No,0 0 0 0 0 0 0 0 0 0 0 0 0 0 0 0 0 0 0 0 0 0 0 0 0 0 0 0 0 0 0 0 0 0 0 0 0 0 0 0 0 0 1 1 1 1 1 1 1 1
C-001104,001104,Crash-1500/001104.mp4,CCD,official,train,10,50,5.0,1,37,3.7,10.0,Day,Rainy,No,0 0 0 0 0 0 0 0 0 0 0 0 0 0 0 0 0 0 0 0 0 0 0 0 0 0 0 0 0 0 0 0 0 0 0 0 0 1 1 1 1 1 1 1 1 1 1 1 1 1
C-001105,001105,Crash-1500/001105.mp4,CCD,official,val,10,50,5.0,1,35,3.5,10.0,Day,Snowy,Yes,0 0 0 0 0 0 0 0 0 0 0 0 0 0 0 0 0 0 0 0 0 0 0 0 0 0 0 0 0 0 0 0 0 0 0 1 1 1 1 1 1 1 1 1 1 1 1 1 1 1
C-001106,001106,Crash-1500/001106.mp4,CCD,official,train,10,50,5.0,1,46,4.6,10.0,Day,Normal,No,0 0 0 0 0 0 0 0 0 0 0 0 0 0 0 0 0 0 0 0 0 0 0 0 0 0 0 0 0 0 0 0 0 0 0 0 0 0 0 0 0 0 0 0 0 0 1 1 1 1
C-001107,001107,Crash-1500/001107.mp4,CCD,official,test,10,50,5.0,1,31,3.1,10.0,Day,Normal,No,0 0 0 0 0 0 0 0 0 0 0 0 0 0 0 0 0 0 0 0 0 0 0 0 0 0 0 0 0 0 0 1 1 1 1 1 1 1 1 1 1 1 1 1 1 1 1 1 1 1
C-001108,001108,Crash-1500/001108.mp4,CCD,official,test,10,50,5.0,1,48,4.8,10.0,Day,Normal,Yes,0 0 0 0 0 0 0 0 0 0 0 0 0 0 0 0 0 0 0 0 0 0 0 0 0 0 0 0 0 0 0 0 0 0 0 0 0 0 0 0 0 0 0 0 0 0 0 0 1 1
C-001109,001109,Crash-1500/001109.mp4,CCD,official,train,10,50,5.0,1,37,3.7,10.0,Day,Normal,No,0 0 0 0 0 0 0 0 0 0 0 0 0 0 0 0 0 0 0 0 0 0 0 0 0 0 0 0 0 0 0 0 0 0 0 0 0 1 1 1 1 1 1 1 1 1 1 1 1 1
C-001110,001110,Crash-1500/001110.mp4,CCD,official,train,10,50,5.0,1,34,3.4,10.0,Night,Snowy,Yes,0 0 0 0 0 0 0 0 0 0 0 0 0 0 0 0 0 0 0 0 0 0 0 0 0 0 0 0 0 0 0 0 0 0 1 1 1 1 1 1 1 1 1 1 1 1 1 1 1 1
C-001111,001111,Crash-1500/001111.mp4,CCD,official,train,10,50,5.0,1,33,3.3,10.0,Day,Snowy,Yes,0 0 0 0 0 0 0 0 0 0 0 0 0 0 0 0 0 0 0 0 0 0 0 0 0 0 0 0 0 0 0 0 0 1 1 1 1 1 1 1 1 1 1 1 1 1 1 1 1 1
C-001112,001112,Crash-1500/001112.mp4,CCD,official,train,10,50,5.0,1,34,3.4,10.0,Night,Normal,No,0 0 0 0 0 0 0 0 0 0 0 0 0 0 0 0 0 0 0 0 0 0 0 0 0 0 0 0 0 0 0 0 0 0 1 1 1 1 1 1 1 1 1 1 1 1 1 1 1 1
C-001113,001113,Crash-1500/001113.mp4,CCD,official,test,10,50,5.0,1,45,4.5,10.0,Night,Snowy,Yes,0 0 0 0 0 0 0 0 0 0 0 0 0 0 0 0 0 0 0 0 0 0 0 0 0 0 0 0 0 0 0 0 0 0 0 0 0 0 0 0 0 0 0 0 0 1 1 1 1 1
C-001114,001114,Crash-1500/001114.mp4,CCD,official,train,10,50,5.0,1,38,3.8,10.0,Day,Normal,No,0 0 0 0 0 0 0 0 0 0 0 0 0 0 0 0 0 0 0 0 0 0 0 0 0 0 0 0 0 0 0 0 0 0 0 0 0 0 1 1 1 1 1 1 1 1 1 1 1 1
C-001115,001115,Crash-1500/001115.mp4,CCD,official,val,10,50,5.0,1,41,4.1,10.0,Day,Snowy,Yes,0 0 0 0 0 0 0 0 0 0 0 0 0 0 0 0 0 0 0 0 0 0 0 0 0 0 0 0 0 0 0 0 0 0 0 0 0 0 0 0 0 1 1 1 1 1 1 1 1 1
C-001116,001116,Crash-1500/001116.mp4,CCD,official,train,10,50,5.0,1,48,4.8,10.0,Day,Normal,No,0 0 0 0 0 0 0 0 0 0 0 0 0 0 0 0 0 0 0 0 0 0 0 0 0 0 0 0 0 0 0 0 0 0 0 0 0 0 0 0 0 0 0 0 0 0 0 0 1 1
C-001117,001117,Crash-1500/001117.mp4,CCD,official,train,10,50,5.0,1,45,4.5,10.0,Day,Normal,Yes,0 0 0 0 0 0 0 0 0 0 0 0 0 0 0 0 0 0 0 0 0 0 0 0 0 0 0 0 0 0 0 0 0 0 0 0 0 0 0 0 0 0 0 0 0 1 1 1 1 1
C-001118,001118,Crash-1500/001118.mp4,CCD,official,train,10,50,5.0,1,42,4.2,10.0,Day,Normal,Yes,0 0 0 0 0 0 0 0 0 0 0 0 0 0 0 0 0 0 0 0 0 0 0 0 0 0 0 0 0 0 0 0 0 0 0 0 0 0 0 0 0 0 1 1 1 1 1 1 1 1
C-001119,001119,Crash-1500/001119.mp4,CCD,official,train,10,50,5.0,1,35,3.5,10.0,Day,Normal,Yes,0 0 0 0 0 0 0 0 0 0 0 0 0 0 0 0 0 0 0 0 0 0 0 0 0 0 0 0 0 0 0 0 0 0 0 1 1 1 1 1 1 1 1 1 1 1 1 1 1 1
C-001120,001120,Crash-1500/001120.mp4,CCD,official,val,10,50,5.0,1,32,3.2,10.0,Day,Normal,Yes,0 0 0 0 0 0 0 0 0 0 0 0 0 0 0 0 0 0 0 0 0 0 0 0 0 0 0 0 0 0 0 0 1 1 1 1 1 1 1 1 1 1 1 1 1 1 1 1 1 1
C-001121,001121,Crash-1500/001121.mp4,CCD,official,train,10,50,5.0,1,42,4.2,10.0,Day,Rainy,Yes,0 0 0 0 0 0 0 0 0 0 0 0 0 0 0 0 0 0 0 0 0 0 0 0 0 0 0 0 0 0 0 0 0 0 0 0 0 0 0 0 0 0 1 1 1 1 1 1 1 1
C-001122,001122,Crash-1500/001122.mp4,CCD,official,val,10,50,5.0,1,46,4.6,10.0,Day,Snowy,Yes,0 0 0 0 0 0 0 0 0 0 0 0 0 0 0 0 0 0 0 0 0 0 0 0 0 0 0 0 0 0 0 0 0 0 0 0 0 0 0 0 0 0 0 0 0 0 1 1 1 1
C-001123,001123,Crash-1500/001123.mp4,CCD,official,train,10,50,5.0,1,44,4.4,10.0,Day,Snowy,Yes,0 0 0 0 0 0 0 0 0 0 0 0 0 0 0 0 0 0 0 0 0 0 0 0 0 0 0 0 0 0 0 0 0 0 0 0 0 0 0 0 0 0 0 0 1 1 1 1 1 1
C-001124,001124,Crash-1500/001124.mp4,CCD,official,train,10,50,5.0,1,43,4.3,10.0,Day,Normal,Yes,0 0 0 0 0 0 0 0 0 0 0 0 0 0 0 0 0 0 0 0 0 0 0 0 0 0 0 0 0 0 0 0 0 0 0 0 0 0 0 0 0 0 0 1 1 1 1 1 1 1
C-001125,001125,Crash-1500/001125.mp4,CCD,official,test,10,50,5.0,1,45,4.5,10.0,Day,Snowy,Yes,0 0 0 0 0 0 0 0 0 0 0 0 0 0 0 0 0 0 0 0 0 0 0 0 0 0 0 0 0 0 0 0 0 0 0 0 0 0 0 0 0 0 0 0 0 1 1 1 1 1
C-001126,001126,Crash-1500/001126.mp4,CCD,official,train,10,50,5.0,1,36,3.6,10.0,Day,Snowy,Yes,0 0 0 0 0 0 0 0 0 0 0 0 0 0 0 0 0 0 0 0 0 0 0 0 0 0 0 0 0 0 0 0 0 0 0 0 1 1 1 1 1 1 1 1 1 1 1 1 1 1
C-001127,001127,Crash-1500/001127.mp4,CCD,official,test,10,50,5.0,1,30,3.0,10.0,Day,Snowy,No,0 0 0 0 0 0 0 0 0 0 0 0 0 0 0 0 0 0 0 0 0 0 0 0 0 0 0 0 0 0 1 1 1 1 1 1 1 1 1 1 1 1 1 1 1 1 1 1 1 1
C-001128,001128,Crash-1500/001128.mp4,CCD,official,train,10,50,5.0,1,30,3.0,10.0,Day,Snowy,Yes,0 0 0 0 0 0 0 0 0 0 0 0 0 0 0 0 0 0 0 0 0 0 0 0 0 0 0 0 0 0 1 1 1 1 1 1 1 1 1 1 1 1 1 1 1 1 1 1 1 1
C-001129,001129,Crash-1500/001129.mp4,CCD,official,train,10,50,5.0,1,30,3.0,10.0,Day,Normal,Yes,0 0 0 0 0 0 0 0 0 0 0 0 0 0 0 0 0 0 0 0 0 0 0 0 0 0 0 0 0 0 1 1 1 1 1 1 1 1 1 1 1 1 1 1 1 1 1 1 1 1
C-001130,001130,Crash-1500/001130.mp4,CCD,official,test,10,50,5.0,1,36,3.6,10.0,Night,Snowy,Yes,0 0 0 0 0 0 0 0 0 0 0 0 0 0 0 0 0 0 0 0 0 0 0 0 0 0 0 0 0 0 0 0 0 0 0 0 1 1 1 1 1 1 1 1 1 1 1 1 1 1
C-001131,001131,Crash-1500/001131.mp4,CCD,official,train,10,50,5.0,1,34,3.4,10.0,Day,Normal,Yes,0 0 0 0 0 0 0 0 0 0 0 0 0 0 0 0 0 0 0 0 0 0 0 0 0 0 0 0 0 0 0 0 0 0 1 1 1 1 1 1 1 1 1 1 1 1 1 1 1 1
C-001132,001132,Crash-1500/001132.mp4,CCD,official,train,10,50,5.0,1,36,3.6,10.0,Night,Normal,No,0 0 0 0 0 0 0 0 0 0 0 0 0 0 0 0 0 0 0 0 0 0 0 0 0 0 0 0 0 0 0 0 0 0 0 0 1 1 1 1 1 1 1 1 1 1 1 1 1 1
C-001133,001133,Crash-1500/001133.mp4,CCD,official,train,10,50,5.0,1,42,4.2,10.0,Day,Snowy,Yes,0 0 0 0 0 0 0 0 0 0 0 0 0 0 0 0 0 0 0 0 0 0 0 0 0 0 0 0 0 0 0 0 0 0 0 0 0 0 0 0 0 0 1 1 1 1 1 1 1 1
C-001134,001134,Crash-1500/001134.mp4,CCD,official,val,10,50,5.0,1,36,3.6,10.0,Night,Normal,No,0 0 0 0 0 0 0 0 0 0 0 0 0 0 0 0 0 0 0 0 0 0 0 0 0 0 0 0 0 0 0 0 0 0 0 0 1 1 1 1 1 1 1 1 1 1 1 1 1 1
C-001135,001135,Crash-1500/001135.mp4,CCD,official,train,10,50,5.0,1,30,3.0,10.0,Day,Normal,Yes,0 0 0 0 0 0 0 0 0 0 0 0 0 0 0 0 0 0 0 0 0 0 0 0 0 0 0 0 0 0 1 1 1 1 1 1 1 1 1 1 1 1 1 1 1 1 1 1 1 1
C-001136,001136,Crash-1500/001136.mp4,CCD,official,val,10,50,5.0,1,42,4.2,10.0,Day,Normal,No,0 0 0 0 0 0 0 0 0 0 0 0 0 0 0 0 0 0 0 0 0 0 0 0 0 0 0 0 0 0 0 0 0 0 0 0 0 0 0 0 0 0 1 1 1 1 1 1 1 1
C-001137,001137,Crash-1500/001137.mp4,CCD,official,train,10,50,5.0,1,49,4.9,10.0,Night,Snowy,No,0 0 0 0 0 0 0 0 0 0 0 0 0 0 0 0 0 0 0 0 0 0 0 0 0 0 0 0 0 0 0 0 0 0 0 0 0 0 0 0 0 0 0 0 0 0 0 0 0 1
C-001138,001138,Crash-1500/001138.mp4,CCD,official,train,10,50,5.0,1,33,3.3,10.0,Night,Normal,Yes,0 0 0 0 0 0 0 0 0 0 0 0 0 0 0 0 0 0 0 0 0 0 0 0 0 0 0 0 0 0 0 0 0 1 1 1 1 1 1 1 1 1 1 1 1 1 1 1 1 1
C-001139,001139,Crash-1500/001139.mp4,CCD,official,val,10,50,5.0,1,49,4.9,10.0,Day,Normal,Yes,0 0 0 0 0 0 0 0 0 0 0 0 0 0 0 0 0 0 0 0 0 0 0 0 0 0 0 0 0 0 0 0 0 0 0 0 0 0 0 0 0 0 0 0 0 0 0 0 0 1
C-001140,001140,Crash-1500/001140.mp4,CCD,official,train,10,50,5.0,1,38,3.8,10.0,Day,Snowy,Yes,0 0 0 0 0 0 0 0 0 0 0 0 0 0 0 0 0 0 0 0 0 0 0 0 0 0 0 0 0 0 0 0 0 0 0 0 0 0 1 1 1 1 1 1 1 1 1 1 1 1
C-001141,001141,Crash-1500/001141.mp4,CCD,official,train,10,50,5.0,1,36,3.6,10.0,Day,Normal,No,0 0 0 0 0 0 0 0 0 0 0 0 0 0 0 0 0 0 0 0 0 0 0 0 0 0 0 0 0 0 0 0 0 0 0 0 1 1 1 1 1 1 1 1 1 1 1 1 1 1
C-001142,001142,Crash-1500/001142.mp4,CCD,official,train,10,50,5.0,1,49,4.9,10.0,Day,Normal,Yes,0 0 0 0 0 0 0 0 0 0 0 0 0 0 0 0 0 0 0 0 0 0 0 0 0 0 0 0 0 0 0 0 0 0 0 0 0 0 0 0 0 0 0 0 0 0 0 0 0 1
C-001143,001143,Crash-1500/001143.mp4,CCD,official,test,10,50,5.0,1,47,4.7,10.0,Day,Normal,Yes,0 0 0 0 0 0 0 0 0 0 0 0 0 0 0 0 0 0 0 0 0 0 0 0 0 0 0 0 0 0 0 0 0 0 0 0 0 0 0 0 0 0 0 0 0 0 0 1 1 1
C-001144,001144,Crash-1500/001144.mp4,CCD,official,val,10,50,5.0,1,39,3.9,10.0,Day,Snowy,Yes,0 0 0 0 0 0 0 0 0 0 0 0 0 0 0 0 0 0 0 0 0 0 0 0 0 0 0 0 0 0 0 0 0 0 0 0 0 0 0 1 1 1 1 1 1 1 1 1 1 1
C-001145,001145,Crash-1500/001145.mp4,CCD,official,train,10,50,5.0,1,33,3.3,10.0,Day,Normal,Yes,0 0 0 0 0 0 0 0 0 0 0 0 0 0 0 0 0 0 0 0 0 0 0 0 0 0 0 0 0 0 0 0 0 1 1 1 1 1 1 1 1 1 1 1 1 1 1 1 1 1
C-001146,001146,Crash-1500/001146.mp4,CCD,official,val,10,50,5.0,1,47,4.7,10.0,Day,Normal,Yes,0 0 0 0 0 0 0 0 0 0 0 0 0 0 0 0 0 0 0 0 0 0 0 0 0 0 0 0 0 0 0 0 0 0 0 0 0 0 0 0 0 0 0 0 0 0 0 1 1 1
C-001147,001147,Crash-1500/001147.mp4,CCD,official,train,10,50,5.0,1,31,3.1,10.0,Day,Normal,Yes,0 0 0 0 0 0 0 0 0 0 0 0 0 0 0 0 0 0 0 0 0 0 0 0 0 0 0 0 0 0 0 1 1 1 1 1 1 1 1 1 1 1 1 1 1 1 1 1 1 1
C-001148,001148,Crash-1500/001148.mp4,CCD,official,test,10,50,5.0,1,31,3.1,10.0,Day,Normal,No,0 0 0 0 0 0 0 0 0 0 0 0 0 0 0 0 0 0 0 0 0 0 0 0 0 0 0 0 0 0 0 1 1 1 1 1 1 1 1 1 1 1 1 1 1 1 1 1 1 1
C-001149,001149,Crash-1500/001149.mp4,CCD,official,train,10,50,5.0,1,39,3.9,10.0,Night,Normal,Yes,0 0 0 0 0 0 0 0 0 0 0 0 0 0 0 0 0 0 0 0 0 0 0 0 0 0 0 0 0 0 0 0 0 0 0 0 0 0 0 1 1 1 1 1 1 1 1 1 1 1
C-001150,001150,Crash-1500/001150.mp4,CCD,official,train,10,50,5.0,1,41,4.1,10.0,Day,Snowy,Yes,0 0 0 0 0 0 0 0 0 0 0 0 0 0 0 0 0 0 0 0 0 0 0 0 0 0 0 0 0 0 0 0 0 0 0 0 0 0 0 0 0 1 1 1 1 1 1 1 1 1
C-001151,001151,Crash-1500/001151.mp4,CCD,official,test,10,50,5.0,1,30,3.0,10.0,Day,Snowy,Yes,0 0 0 0 0 0 0 0 0 0 0 0 0 0 0 0 0 0 0 0 0 0 0 0 0 0 0 0 0 0 1 1 1 1 1 1 1 1 1 1 1 1 1 1 1 1 1 1 1 1
C-001152,001152,Crash-1500/001152.mp4,CCD,official,val,10,50,5.0,1,45,4.5,10.0,Night,Normal,No,0 0 0 0 0 0 0 0 0 0 0 0 0 0 0 0 0 0 0 0 0 0 0 0 0 0 0 0 0 0 0 0 0 0 0 0 0 0 0 0 0 0 0 0 0 1 1 1 1 1
C-001153,001153,Crash-1500/001153.mp4,CCD,official,train,10,50,5.0,1,49,4.9,10.0,Day,Normal,No,0 0 0 0 0 0 0 0 0 0 0 0 0 0 0 0 0 0 0 0 0 0 0 0 0 0 0 0 0 0 0 0 0 0 0 0 0 0 0 0 0 0 0 0 0 0 0 0 0 1
C-001154,001154,Crash-1500/001154.mp4,CCD,official,train,10,50,5.0,1,47,4.7,10.0,Night,Normal,Yes,0 0 0 0 0 0 0 0 0 0 0 0 0 0 0 0 0 0 0 0 0 0 0 0 0 0 0 0 0 0 0 0 0 0 0 0 0 0 0 0 0 0 0 0 0 0 0 1 1 1
C-001155,001155,Crash-1500/001155.mp4,CCD,official,val,10,50,5.0,1,30,3.0,10.0,Night,Normal,No,0 0 0 0 0 0 0 0 0 0 0 0 0 0 0 0 0 0 0 0 0 0 0 0 0 0 0 0 0 0 1 1 1 1 1 1 1 1 1 1 1 1 1 1 1 1 1 1 1 1
C-001156,001156,Crash-1500/001156.mp4,CCD,official,train,10,50,5.0,1,30,3.0,10.0,Day,Snowy,Yes,0 0 0 0 0 0 0 0 0 0 0 0 0 0 0 0 0 0 0 0 0 0 0 0 0 0 0 0 0 0 1 1 1 1 1 1 1 1 1 1 1 1 1 1 1 1 1 1 1 1
C-001157,001157,Crash-1500/001157.mp4,CCD,official,train,10,50,5.0,1,34,3.4,10.0,Day,Normal,No,0 0 0 0 0 0 0 0 0 0 0 0 0 0 0 0 0 0 0 0 0 0 0 0 0 0 0 0 0 0 0 0 0 0 1 1 1 1 1 1 1 1 1 1 1 1 1 1 1 1
C-001158,001158,Crash-1500/001158.mp4,CCD,official,train,10,50,5.0,1,30,3.0,10.0,Day,Normal,No,0 0 0 0 0 0 0 0 0 0 0 0 0 0 0 0 0 0 0 0 0 0 0 0 0 0 0 0 0 0 1 1 1 1 1 1 1 1 1 1 1 1 1 1 1 1 1 1 1 1
C-001159,001159,Crash-1500/001159.mp4,CCD,official,train,10,50,5.0,1,39,3.9,10.0,Night,Normal,Yes,0 0 0 0 0 0 0 0 0 0 0 0 0 0 0 0 0 0 0 0 0 0 0 0 0 0 0 0 0 0 0 0 0 0 0 0 0 0 0 1 1 1 1 1 1 1 1 1 1 1
C-001160,001160,Crash-1500/001160.mp4,CCD,official,train,10,50,5.0,1,47,4.7,10.0,Day,Normal,No,0 0 0 0 0 0 0 0 0 0 0 0 0 0 0 0 0 0 0 0 0 0 0 0 0 0 0 0 0 0 0 0 0 0 0 0 0 0 0 0 0 0 0 0 0 0 0 1 1 1
C-001161,001161,Crash-1500/001161.mp4,CCD,official,train,10,50,5.0,1,34,3.4,10.0,Day,Snowy,No,0 0 0 0 0 0 0 0 0 0 0 0 0 0 0 0 0 0 0 0 0 0 0 0 0 0 0 0 0 0 0 0 0 0 1 1 1 1 1 1 1 1 1 1 1 1 1 1 1 1
C-001162,001162,Crash-1500/001162.mp4,CCD,official,test,10,50,5.0,1,30,3.0,10.0,Day,Normal,No,0 0 0 0 0 0 0 0 0 0 0 0 0 0 0 0 0 0 0 0 0 0 0 0 0 0 0 0 0 0 1 1 1 1 1 1 1 1 1 1 1 1 1 1 1 1 1 1 1 1
C-001163,001163,Crash-1500/001163.mp4,CCD,official,test,10,50,5.0,1,40,4.0,10.0,Day,Snowy,Yes,0 0 0 0 0 0 0 0 0 0 0 0 0 0 0 0 0 0 0 0 0 0 0 0 0 0 0 0 0 0 0 0 0 0 0 0 0 0 0 0 1 1 1 1 1 1 1 1 1 1
C-001164,001164,Crash-1500/001164.mp4,CCD,official,train,10,50,5.0,1,49,4.9,10.0,Day,Normal,Yes,0 0 0 0 0 0 0 0 0 0 0 0 0 0 0 0 0 0 0 0 0 0 0 0 0 0 0 0 0 0 0 0 0 0 0 0 0 0 0 0 0 0 0 0 0 0 0 0 0 1
C-001165,001165,Crash-1500/001165.mp4,CCD,official,train,10,50,5.0,1,44,4.4,10.0,Night,Normal,Yes,0 0 0 0 0 0 0 0 0 0 0 0 0 0 0 0 0 0 0 0 0 0 0 0 0 0 0 0 0 0 0 0 0 0 0 0 0 0 0 0 0 0 0 0 1 1 1 1 1 1
C-001166,001166,Crash-1500/001166.mp4,CCD,official,test,10,50,5.0,1,34,3.4,10.0,Day,Normal,Yes,0 0 0 0 0 0 0 0 0 0 0 0 0 0 0 0 0 0 0 0 0 0 0 0 0 0 0 0 0 0 0 0 0 0 1 1 1 1 1 1 1 1 1 1 1 1 1 1 1 1
C-001167,001167,Crash-1500/001167.mp4,CCD,official,train,10,50,5.0,1,39,3.9,10.0,Night,Snowy,Yes,0 0 0 0 0 0 0 0 0 0 0 0 0 0 0 0 0 0 0 0 0 0 0 0 0 0 0 0 0 0 0 0 0 0 0 0 0 0 0 1 1 1 1 1 1 1 1 1 1 1
C-001168,001168,Crash-1500/001168.mp4,CCD,official,train,10,50,5.0,1,41,4.1,10.0,Day,Normal,No,0 0 0 0 0 0 0 0 0 0 0 0 0 0 0 0 0 0 0 0 0 0 0 0 0 0 0 0 0 0 0 0 0 0 0 0 0 0 0 0 0 1 1 1 1 1 1 1 1 1
C-001169,001169,Crash-1500/001169.mp4,CCD,official,train,10,50,5.0,1,30,3.0,10.0,Day,Normal,No,0 0 0 0 0 0 0 0 0 0 0 0 0 0 0 0 0 0 0 0 0 0 0 0 0 0 0 0 0 0 1 1 1 1 1 1 1 1 1 1 1 1 1 1 1 1 1 1 1 1
C-001170,001170,Crash-1500/001170.mp4,CCD,official,train,10,50,5.0,1,49,4.9,10.0,Day,Snowy,Yes,0 0 0 0 0 0 0 0 0 0 0 0 0 0 0 0 0 0 0 0 0 0 0 0 0 0 0 0 0 0 0 0 0 0 0 0 0 0 0 0 0 0 0 0 0 0 0 0 0 1
C-001171,001171,Crash-1500/001171.mp4,CCD,official,train,10,50,5.0,1,38,3.8,10.0,Day,Normal,Yes,0 0 0 0 0 0 0 0 0 0 0 0 0 0 0 0 0 0 0 0 0 0 0 0 0 0 0 0 0 0 0 0 0 0 0 0 0 0 1 1 1 1 1 1 1 1 1 1 1 1
C-001172,001172,Crash-1500/001172.mp4,CCD,official,test,10,50,5.0,1,33,3.3,10.0,Day,Normal,No,0 0 0 0 0 0 0 0 0 0 0 0 0 0 0 0 0 0 0 0 0 0 0 0 0 0 0 0 0 0 0 0 0 1 1 1 1 1 1 1 1 1 1 1 1 1 1 1 1 1
C-001173,001173,Crash-1500/001173.mp4,CCD,official,test,10,50,5.0,1,36,3.6,10.0,Day,Normal,Yes,0 0 0 0 0 0 0 0 0 0 0 0 0 0 0 0 0 0 0 0 0 0 0 0 0 0 0 0 0 0 0 0 0 0 0 0 1 1 1 1 1 1 1 1 1 1 1 1 1 1
C-001174,001174,Crash-1500/001174.mp4,CCD,official,train,10,50,5.0,1,46,4.6,10.0,Day,Snowy,No,0 0 0 0 0 0 0 0 0 0 0 0 0 0 0 0 0 0 0 0 0 0 0 0 0 0 0 0 0 0 0 0 0 0 0 0 0 0 0 0 0 0 0 0 0 0 1 1 1 1
C-001175,001175,Crash-1500/001175.mp4,CCD,official,train,10,50,5.0,1,47,4.7,10.0,Day,Snowy,Yes,0 0 0 0 0 0 0 0 0 0 0 0 0 0 0 0 0 0 0 0 0 0 0 0 0 0 0 0 0 0 0 0 0 0 0 0 0 0 0 0 0 0 0 0 0 0 0 1 1 1
C-001176,001176,Crash-1500/001176.mp4,CCD,official,val,10,50,5.0,1,49,4.9,10.0,Night,Snowy,No,0 0 0 0 0 0 0 0 0 0 0 0 0 0 0 0 0 0 0 0 0 0 0 0 0 0 0 0 0 0 0 0 0 0 0 0 0 0 0 0 0 0 0 0 0 0 0 0 0 1
C-001177,001177,Crash-1500/001177.mp4,CCD,official,val,10,50,5.0,1,34,3.4,10.0,Day,Snowy,Yes,0 0 0 0 0 0 0 0 0 0 0 0 0 0 0 0 0 0 0 0 0 0 0 0 0 0 0 0 0 0 0 0 0 0 1 1 1 1 1 1 1 1 1 1 1 1 1 1 1 1
C-001178,001178,Crash-1500/001178.mp4,CCD,official,val,10,50,5.0,1,31,3.1,10.0,Day,Snowy,No,0 0 0 0 0 0 0 0 0 0 0 0 0 0 0 0 0 0 0 0 0 0 0 0 0 0 0 0 0 0 0 1 1 1 1 1 1 1 1 1 1 1 1 1 1 1 1 1 1 1
C-001179,001179,Crash-1500/001179.mp4,CCD,official,val,10,50,5.0,1,38,3.8,10.0,Day,Snowy,Yes,0 0 0 0 0 0 0 0 0 0 0 0 0 0 0 0 0 0 0 0 0 0 0 0 0 0 0 0 0 0 0 0 0 0 0 0 0 0 1 1 1 1 1 1 1 1 1 1 1 1
C-001180,001180,Crash-1500/001180.mp4,CCD,official,train,10,50,5.0,1,39,3.9,10.0,Day,Snowy,No,0 0 0 0 0 0 0 0 0 0 0 0 0 0 0 0 0 0 0 0 0 0 0 0 0 0 0 0 0 0 0 0 0 0 0 0 0 0 0 1 1 1 1 1 1 1 1 1 1 1
C-001181,001181,Crash-1500/001181.mp4,CCD,official,test,10,50,5.0,1,42,4.2,10.0,Day,Normal,Yes,0 0 0 0 0 0 0 0 0 0 0 0 0 0 0 0 0 0 0 0 0 0 0 0 0 0 0 0 0 0 0 0 0 0 0 0 0 0 0 0 0 0 1 1 1 1 1 1 1 1
C-001182,001182,Crash-1500/001182.mp4,CCD,official,train,10,50,5.0,1,38,3.8,10.0,Night,Normal,Yes,0 0 0 0 0 0 0 0 0 0 0 0 0 0 0 0 0 0 0 0 0 0 0 0 0 0 0 0 0 0 0 0 0 0 0 0 0 0 1 1 1 1 1 1 1 1 1 1 1 1
C-001183,001183,Crash-1500/001183.mp4,CCD,official,train,10,50,5.0,1,37,3.7,10.0,Day,Normal,No,0 0 0 0 0 0 0 0 0 0 0 0 0 0 0 0 0 0 0 0 0 0 0 0 0 0 0 0 0 0 0 0 0 0 0 0 0 1 1 1 1 1 1 1 1 1 1 1 1 1
C-001184,001184,Crash-1500/001184.mp4,CCD,official,train,10,50,5.0,1,34,3.4,10.0,Day,Normal,No,0 0 0 0 0 0 0 0 0 0 0 0 0 0 0 0 0 0 0 0 0 0 0 0 0 0 0 0 0 0 0 0 0 0 1 1 1 1 1 1 1 1 1 1 1 1 1 1 1 1
C-001185,001185,Crash-1500/001185.mp4,CCD,official,test,10,50,5.0,1,30,3.0,10.0,Day,Normal,No,0 0 0 0 0 0 0 0 0 0 0 0 0 0 0 0 0 0 0 0 0 0 0 0 0 0 0 0 0 0 1 1 1 1 1 1 1 1 1 1 1 1 1 1 1 1 1 1 1 1
C-001186,001186,Crash-1500/001186.mp4,CCD,official,val,10,50,5.0,1,42,4.2,10.0,Day,Normal,No,0 0 0 0 0 0 0 0 0 0 0 0 0 0 0 0 0 0 0 0 0 0 0 0 0 0 0 0 0 0 0 0 0 0 0 0 0 0 0 0 0 0 1 1 1 1 1 1 1 1
C-001187,001187,Crash-1500/001187.mp4,CCD,official,test,10,50,5.0,1,47,4.7,10.0,Day,Normal,Yes,0 0 0 0 0 0 0 0 0 0 0 0 0 0 0 0 0 0 0 0 0 0 0 0 0 0 0 0 0 0 0 0 0 0 0 0 0 0 0 0 0 0 0 0 0 0 0 1 1 1
C-001188,001188,Crash-1500/001188.mp4,CCD,official,train,10,50,5.0,1,46,4.6,10.0,Day,Normal,Yes,0 0 0 0 0 0 0 0 0 0 0 0 0 0 0 0 0 0 0 0 0 0 0 0 0 0 0 0 0 0 0 0 0 0 0 0 0 0 0 0 0 0 0 0 0 0 1 1 1 1
C-001189,001189,Crash-1500/001189.mp4,CCD,official,train,10,50,5.0,1,39,3.9,10.0,Day,Normal,Yes,0 0 0 0 0 0 0 0 0 0 0 0 0 0 0 0 0 0 0 0 0 0 0 0 0 0 0 0 0 0 0 0 0 0 0 0 0 0 0 1 1 1 1 1 1 1 1 1 1 1
C-001190,001190,Crash-1500/001190.mp4,CCD,official,train,10,50,5.0,1,32,3.2,10.0,Day,Normal,No,0 0 0 0 0 0 0 0 0 0 0 0 0 0 0 0 0 0 0 0 0 0 0 0 0 0 0 0 0 0 0 0 1 1 1 1 1 1 1 1 1 1 1 1 1 1 1 1 1 1
C-001191,001191,Crash-1500/001191.mp4,CCD,official,train,10,50,5.0,1,43,4.3,10.0,Day,Normal,No,0 0 0 0 0 0 0 0 0 0 0 0 0 0 0 0 0 0 0 0 0 0 0 0 0 0 0 0 0 0 0 0 0 0 0 0 0 0 0 0 0 0 0 1 1 1 1 1 1 1
C-001192,001192,Crash-1500/001192.mp4,CCD,official,test,10,50,5.0,1,37,3.7,10.0,Day,Normal,Yes,0 0 0 0 0 0 0 0 0 0 0 0 0 0 0 0 0 0 0 0 0 0 0 0 0 0 0 0 0 0 0 0 0 0 0 0 0 1 1 1 1 1 1 1 1 1 1 1 1 1
C-001193,001193,Crash-1500/001193.mp4,CCD,official,train,10,50,5.0,1,32,3.2,10.0,Day,Snowy,Yes,0 0 0 0 0 0 0 0 0 0 0 0 0 0 0 0 0 0 0 0 0 0 0 0 0 0 0 0 0 0 0 0 1 1 1 1 1 1 1 1 1 1 1 1 1 1 1 1 1 1
C-001194,001194,Crash-1500/001194.mp4,CCD,official,train,10,50,5.0,1,42,4.2,10.0,Day,Snowy,Yes,0 0 0 0 0 0 0 0 0 0 0 0 0 0 0 0 0 0 0 0 0 0 0 0 0 0 0 0 0 0 0 0 0 0 0 0 0 0 0 0 0 0 1 1 1 1 1 1 1 1
C-001195,001195,Crash-1500/001195.mp4,CCD,official,train,10,50,5.0,1,48,4.8,10.0,Night,Normal,Yes,0 0 0 0 0 0 0 0 0 0 0 0 0 0 0 0 0 0 0 0 0 0 0 0 0 0 0 0 0 0 0 0 0 0 0 0 0 0 0 0 0 0 0 0 0 0 0 0 1 1
C-001196,001196,Crash-1500/001196.mp4,CCD,official,train,10,50,5.0,1,30,3.0,10.0,Day,Snowy,No,0 0 0 0 0 0 0 0 0 0 0 0 0 0 0 0 0 0 0 0 0 0 0 0 0 0 0 0 0 0 1 1 1 1 1 1 1 1 1 1 1 1 1 1 1 1 1 1 1 1
C-001197,001197,Crash-1500/001197.mp4,CCD,official,train,10,50,5.0,1,30,3.0,10.0,Day,Normal,No,0 0 0 0 0 0 0 0 0 0 0 0 0 0 0 0 0 0 0 0 0 0 0 0 0 0 0 0 0 0 1 1 1 1 1 1 1 1 1 1 1 1 1 1 1 1 1 1 1 1
C-001198,001198,Crash-1500/001198.mp4,CCD,official,train,10,50,5.0,1,45,4.5,10.0,Day,Normal,Yes,0 0 0 0 0 0 0 0 0 0 0 0 0 0 0 0 0 0 0 0 0 0 0 0 0 0 0 0 0 0 0 0 0 0 0 0 0 0 0 0 0 0 0 0 0 1 1 1 1 1
C-001199,001199,Crash-1500/001199.mp4,CCD,official,test,10,50,5.0,1,34,3.4,10.0,Day,Normal,Yes,0 0 0 0 0 0 0 0 0 0 0 0 0 0 0 0 0 0 0 0 0 0 0 0 0 0 0 0 0 0 0 0 0 0 1 1 1 1 1 1 1 1 1 1 1 1 1 1 1 1
C-001200,001200,Crash-1500/001200.mp4,CCD,official,train,10,50,5.0,1,47,4.7,10.0,Day,Normal,Yes,0 0 0 0 0 0 0 0 0 0 0 0 0 0 0 0 0 0 0 0 0 0 0 0 0 0 0 0 0 0 0 0 0 0 0 0 0 0 0 0 0 0 0 0 0 0 0 1 1 1
C-001201,001201,Crash-1500/001201.mp4,CCD,official,train,10,50,5.0,1,37,3.7,10.0,Day,Rainy,Yes,0 0 0 0 0 0 0 0 0 0 0 0 0 0 0 0 0 0 0 0 0 0 0 0 0 0 0 0 0 0 0 0 0 0 0 0 0 1 1 1 1 1 1 1 1 1 1 1 1 1
C-001202,001202,Crash-1500/001202.mp4,CCD,official,train,10,50,5.0,1,39,3.9,10.0,Day,Normal,Yes,0 0 0 0 0 0 0 0 0 0 0 0 0 0 0 0 0 0 0 0 0 0 0 0 0 0 0 0 0 0 0 0 0 0 0 0 0 0 0 1 1 1 1 1 1 1 1 1 1 1
C-001203,001203,Crash-1500/001203.mp4,CCD,official,train,10,50,5.0,1,30,3.0,10.0,Day,Normal,No,0 0 0 0 0 0 0 0 0 0 0 0 0 0 0 0 0 0 0 0 0 0 0 0 0 0 0 0 0 0 1 1 1 1 1 1 1 1 1 1 1 1 1 1 1 1 1 1 1 1
C-001204,001204,Crash-1500/001204.mp4,CCD,official,train,10,50,5.0,1,33,3.3,10.0,Day,Normal,No,0 0 0 0 0 0 0 0 0 0 0 0 0 0 0 0 0 0 0 0 0 0 0 0 0 0 0 0 0 0 0 0 0 1 1 1 1 1 1 1 1 1 1 1 1 1 1 1 1 1
C-001205,001205,Crash-1500/001205.mp4,CCD,official,train,10,50,5.0,1,45,4.5,10.0,Day,Normal,No,0 0 0 0 0 0 0 0 0 0 0 0 0 0 0 0 0 0 0 0 0 0 0 0 0 0 0 0 0 0 0 0 0 0 0 0 0 0 0 0 0 0 0 0 0 1 1 1 1 1
C-001206,001206,Crash-1500/001206.mp4,CCD,official,train,10,50,5.0,1,31,3.1,10.0,Day,Normal,Yes,0 0 0 0 0 0 0 0 0 0 0 0 0 0 0 0 0 0 0 0 0 0 0 0 0 0 0 0 0 0 0 1 1 1 1 1 1 1 1 1 1 1 1 1 1 1 1 1 1 1
C-001207,001207,Crash-1500/001207.mp4,CCD,official,train,10,50,5.0,1,36,3.6,10.0,Day,Rainy,No,0 0 0 0 0 0 0 0 0 0 0 0 0 0 0 0 0 0 0 0 0 0 0 0 0 0 0 0 0 0 0 0 0 0 0 0 1 1 1 1 1 1 1 1 1 1 1 1 1 1
C-001208,001208,Crash-1500/001208.mp4,CCD,official,train,10,50,5.0,1,38,3.8,10.0,Day,Normal,Yes,0 0 0 0 0 0 0 0 0 0 0 0 0 0 0 0 0 0 0 0 0 0 0 0 0 0 0 0 0 0 0 0 0 0 0 0 0 0 1 1 1 1 1 1 1 1 1 1 1 1
C-001209,001209,Crash-1500/001209.mp4,CCD,official,val,10,50,5.0,1,39,3.9,10.0,Day,Rainy,No,0 0 0 0 0 0 0 0 0 0 0 0 0 0 0 0 0 0 0 0 0 0 0 0 0 0 0 0 0 0 0 0 0 0 0 0 0 0 0 1 1 1 1 1 1 1 1 1 1 1
C-001210,001210,Crash-1500/001210.mp4,CCD,official,train,10,50,5.0,1,35,3.5,10.0,Night,Normal,No,0 0 0 0 0 0 0 0 0 0 0 0 0 0 0 0 0 0 0 0 0 0 0 0 0 0 0 0 0 0 0 0 0 0 0 1 1 1 1 1 1 1 1 1 1 1 1 1 1 1
C-001211,001211,Crash-1500/001211.mp4,CCD,official,test,10,50,5.0,1,47,4.7,10.0,Night,Normal,No,0 0 0 0 0 0 0 0 0 0 0 0 0 0 0 0 0 0 0 0 0 0 0 0 0 0 0 0 0 0 0 0 0 0 0 0 0 0 0 0 0 0 0 0 0 0 0 1 1 1
C-001212,001212,Crash-1500/001212.mp4,CCD,official,val,10,50,5.0,1,37,3.7,10.0,Day,Normal,Yes,0 0 0 0 0 0 0 0 0 0 0 0 0 0 0 0 0 0 0 0 0 0 0 0 0 0 0 0 0 0 0 0 0 0 0 0 0 1 1 1 1 1 1 1 1 1 1 1 1 1
C-001213,001213,Crash-1500/001213.mp4,CCD,official,train,10,50,5.0,1,46,4.6,10.0,Day,Normal,Yes,0 0 0 0 0 0 0 0 0 0 0 0 0 0 0 0 0 0 0 0 0 0 0 0 0 0 0 0 0 0 0 0 0 0 0 0 0 0 0 0 0 0 0 0 0 0 1 1 1 1
C-001214,001214,Crash-1500/001214.mp4,CCD,official,val,10,50,5.0,1,31,3.1,10.0,Day,Normal,Yes,0 0 0 0 0 0 0 0 0 0 0 0 0 0 0 0 0 0 0 0 0 0 0 0 0 0 0 0 0 0 0 1 1 1 1 1 1 1 1 1 1 1 1 1 1 1 1 1 1 1
C-001215,001215,Crash-1500/001215.mp4,CCD,official,train,10,50,5.0,1,34,3.4,10.0,Day,Normal,No,0 0 0 0 0 0 0 0 0 0 0 0 0 0 0 0 0 0 0 0 0 0 0 0 0 0 0 0 0 0 0 0 0 0 1 1 1 1 1 1 1 1 1 1 1 1 1 1 1 1
C-001216,001216,Crash-1500/001216.mp4,CCD,official,train,10,50,5.0,1,49,4.9,10.0,Day,Normal,Yes,0 0 0 0 0 0 0 0 0 0 0 0 0 0 0 0 0 0 0 0 0 0 0 0 0 0 0 0 0 0 0 0 0 0 0 0 0 0 0 0 0 0 0 0 0 0 0 0 0 1
C-001217,001217,Crash-1500/001217.mp4,CCD,official,test,10,50,5.0,1,44,4.4,10.0,Day,Normal,Yes,0 0 0 0 0 0 0 0 0 0 0 0 0 0 0 0 0 0 0 0 0 0 0 0 0 0 0 0 0 0 0 0 0 0 0 0 0 0 0 0 0 0 0 0 1 1 1 1 1 1
C-001218,001218,Crash-1500/001218.mp4,CCD,official,val,10,50,5.0,1,33,3.3,10.0,Day,Rainy,Yes,0 0 0 0 0 0 0 0 0 0 0 0 0 0 0 0 0 0 0 0 0 0 0 0 0 0 0 0 0 0 0 0 0 1 1 1 1 1 1 1 1 1 1 1 1 1 1 1 1 1
C-001219,001219,Crash-1500/001219.mp4,CCD,official,train,10,50,5.0,1,39,3.9,10.0,Day,Normal,No,0 0 0 0 0 0 0 0 0 0 0 0 0 0 0 0 0 0 0 0 0 0 0 0 0 0 0 0 0 0 0 0 0 0 0 0 0 0 0 1 1 1 1 1 1 1 1 1 1 1
C-001220,001220,Crash-1500/001220.mp4,CCD,official,train,10,50,5.0,1,33,3.3,10.0,Day,Normal,No,0 0 0 0 0 0 0 0 0 0 0 0 0 0 0 0 0 0 0 0 0 0 0 0 0 0 0 0 0 0 0 0 0 1 1 1 1 1 1 1 1 1 1 1 1 1 1 1 1 1
C-001221,001221,Crash-1500/001221.mp4,CCD,official,train,10,50,5.0,1,40,4.0,10.0,Day,Normal,No,0 0 0 0 0 0 0 0 0 0 0 0 0 0 0 0 0 0 0 0 0 0 0 0 0 0 0 0 0 0 0 0 0 0 0 0 0 0 0 0 1 1 1 1 1 1 1 1 1 1
C-001222,001222,Crash-1500/001222.mp4,CCD,official,val,10,50,5.0,1,34,3.4,10.0,Day,Normal,No,0 0 0 0 0 0 0 0 0 0 0 0 0 0 0 0 0 0 0 0 0 0 0 0 0 0 0 0 0 0 0 0 0 0 1 1 1 1 1 1 1 1 1 1 1 1 1 1 1 1
C-001223,001223,Crash-1500/001223.mp4,CCD,official,val,10,50,5.0,1,33,3.3,10.0,Day,Normal,No,0 0 0 0 0 0 0 0 0 0 0 0 0 0 0 0 0 0 0 0 0 0 0 0 0 0 0 0 0 0 0 0 0 1 1 1 1 1 1 1 1 1 1 1 1 1 1 1 1 1
C-001224,001224,Crash-1500/001224.mp4,CCD,official,test,10,50,5.0,1,33,3.3,10.0,Night,Normal,No,0 0 0 0 0 0 0 0 0 0 0 0 0 0 0 0 0 0 0 0 0 0 0 0 0 0 0 0 0 0 0 0 0 1 1 1 1 1 1 1 1 1 1 1 1 1 1 1 1 1
C-001225,001225,Crash-1500/001225.mp4,CCD,official,val,10,50,5.0,1,43,4.3,10.0,Day,Normal,No,0 0 0 0 0 0 0 0 0 0 0 0 0 0 0 0 0 0 0 0 0 0 0 0 0 0 0 0 0 0 0 0 0 0 0 0 0 0 0 0 0 0 0 1 1 1 1 1 1 1
C-001226,001226,Crash-1500/001226.mp4,CCD,official,train,10,50,5.0,1,32,3.2,10.0,Day,Rainy,Yes,0 0 0 0 0 0 0 0 0 0 0 0 0 0 0 0 0 0 0 0 0 0 0 0 0 0 0 0 0 0 0 0 1 1 1 1 1 1 1 1 1 1 1 1 1 1 1 1 1 1
C-001227,001227,Crash-1500/001227.mp4,CCD,official,train,10,50,5.0,1,38,3.8,10.0,Day,Normal,Yes,0 0 0 0 0 0 0 0 0 0 0 0 0 0 0 0 0 0 0 0 0 0 0 0 0 0 0 0 0 0 0 0 0 0 0 0 0 0 1 1 1 1 1 1 1 1 1 1 1 1
C-001228,001228,Crash-1500/001228.mp4,CCD,official,train,10,50,5.0,1,40,4.0,10.0,Day,Normal,No,0 0 0 0 0 0 0 0 0 0 0 0 0 0 0 0 0 0 0 0 0 0 0 0 0 0 0 0 0 0 0 0 0 0 0 0 0 0 0 0 1 1 1 1 1 1 1 1 1 1
C-001229,001229,Crash-1500/001229.mp4,CCD,official,train,10,50,5.0,1,37,3.7,10.0,Day,Normal,Yes,0 0 0 0 0 0 0 0 0 0 0 0 0 0 0 0 0 0 0 0 0 0 0 0 0 0 0 0 0 0 0 0 0 0 0 0 0 1 1 1 1 1 1 1 1 1 1 1 1 1
C-001230,001230,Crash-1500/001230.mp4,CCD,official,train,10,50,5.0,1,45,4.5,10.0,Day,Rainy,Yes,0 0 0 0 0 0 0 0 0 0 0 0 0 0 0 0 0 0 0 0 0 0 0 0 0 0 0 0 0 0 0 0 0 0 0 0 0 0 0 0 0 0 0 0 0 1 1 1 1 1
C-001231,001231,Crash-1500/001231.mp4,CCD,official,train,10,50,5.0,1,41,4.1,10.0,Day,Normal,Yes,0 0 0 0 0 0 0 0 0 0 0 0 0 0 0 0 0 0 0 0 0 0 0 0 0 0 0 0 0 0 0 0 0 0 0 0 0 0 0 0 0 1 1 1 1 1 1 1 1 1
C-001232,001232,Crash-1500/001232.mp4,CCD,official,train,10,50,5.0,1,31,3.1,10.0,Day,Normal,No,0 0 0 0 0 0 0 0 0 0 0 0 0 0 0 0 0 0 0 0 0 0 0 0 0 0 0 0 0 0 0 1 1 1 1 1 1 1 1 1 1 1 1 1 1 1 1 1 1 1
C-001233,001233,Crash-1500/001233.mp4,CCD,official,val,10,50,5.0,1,42,4.2,10.0,Day,Normal,Yes,0 0 0 0 0 0 0 0 0 0 0 0 0 0 0 0 0 0 0 0 0 0 0 0 0 0 0 0 0 0 0 0 0 0 0 0 0 0 0 0 0 0 1 1 1 1 1 1 1 1
C-001234,001234,Crash-1500/001234.mp4,CCD,official,test,10,50,5.0,1,40,4.0,10.0,Day,Normal,No,0 0 0 0 0 0 0 0 0 0 0 0 0 0 0 0 0 0 0 0 0 0 0 0 0 0 0 0 0 0 0 0 0 0 0 0 0 0 0 0 1 1 1 1 1 1 1 1 1 1
C-001235,001235,Crash-1500/001235.mp4,CCD,official,train,10,50,5.0,1,38,3.8,10.0,Night,Normal,No,0 0 0 0 0 0 0 0 0 0 0 0 0 0 0 0 0 0 0 0 0 0 0 0 0 0 0 0 0 0 0 0 0 0 0 0 0 0 1 1 1 1 1 1 1 1 1 1 1 1
C-001236,001236,Crash-1500/001236.mp4,CCD,official,train,10,50,5.0,1,49,4.9,10.0,Day,Normal,Yes,0 0 0 0 0 0 0 0 0 0 0 0 0 0 0 0 0 0 0 0 0 0 0 0 0 0 0 0 0 0 0 0 0 0 0 0 0 0 0 0 0 0 0 0 0 0 0 0 0 1
C-001237,001237,Crash-1500/001237.mp4,CCD,official,train,10,50,5.0,1,30,3.0,10.0,Day,Normal,Yes,0 0 0 0 0 0 0 0 0 0 0 0 0 0 0 0 0 0 0 0 0 0 0 0 0 0 0 0 0 0 1 1 1 1 1 1 1 1 1 1 1 1 1 1 1 1 1 1 1 1
C-001238,001238,Crash-1500/001238.mp4,CCD,official,train,10,50,5.0,1,35,3.5,10.0,Day,Normal,No,0 0 0 0 0 0 0 0 0 0 0 0 0 0 0 0 0 0 0 0 0 0 0 0 0 0 0 0 0 0 0 0 0 0 0 1 1 1 1 1 1 1 1 1 1 1 1 1 1 1
C-001239,001239,Crash-1500/001239.mp4,CCD,official,train,10,50,5.0,1,38,3.8,10.0,Day,Normal,No,0 0 0 0 0 0 0 0 0 0 0 0 0 0 0 0 0 0 0 0 0 0 0 0 0 0 0 0 0 0 0 0 0 0 0 0 0 0 1 1 1 1 1 1 1 1 1 1 1 1
C-001240,001240,Crash-1500/001240.mp4,CCD,official,train,10,50,5.0,1,35,3.5,10.0,Day,Normal,No,0 0 0 0 0 0 0 0 0 0 0 0 0 0 0 0 0 0 0 0 0 0 0 0 0 0 0 0 0 0 0 0 0 0 0 1 1 1 1 1 1 1 1 1 1 1 1 1 1 1
C-001241,001241,Crash-1500/001241.mp4,CCD,official,train,10,50,5.0,1,38,3.8,10.0,Day,Normal,No,0 0 0 0 0 0 0 0 0 0 0 0 0 0 0 0 0 0 0 0 0 0 0 0 0 0 0 0 0 0 0 0 0 0 0 0 0 0 1 1 1 1 1 1 1 1 1 1 1 1
C-001242,001242,Crash-1500/001242.mp4,CCD,official,train,10,50,5.0,1,38,3.8,10.0,Day,Rainy,No,0 0 0 0 0 0 0 0 0 0 0 0 0 0 0 0 0 0 0 0 0 0 0 0 0 0 0 0 0 0 0 0 0 0 0 0 0 0 1 1 1 1 1 1 1 1 1 1 1 1
C-001243,001243,Crash-1500/001243.mp4,CCD,official,train,10,50,5.0,1,32,3.2,10.0,Day,Normal,No,0 0 0 0 0 0 0 0 0 0 0 0 0 0 0 0 0 0 0 0 0 0 0 0 0 0 0 0 0 0 0 0 1 1 1 1 1 1 1 1 1 1 1 1 1 1 1 1 1 1
C-001244,001244,Crash-1500/001244.mp4,CCD,official,train,10,50,5.0,1,43,4.3,10.0,Day,Normal,Yes,0 0 0 0 0 0 0 0 0 0 0 0 0 0 0 0 0 0 0 0 0 0 0 0 0 0 0 0 0 0 0 0 0 0 0 0 0 0 0 0 0 0 0 1 1 1 1 1 1 1
C-001245,001245,Crash-1500/001245.mp4,CCD,official,train,10,50,5.0,1,34,3.4,10.0,Day,Normal,No,0 0 0 0 0 0 0 0 0 0 0 0 0 0 0 0 0 0 0 0 0 0 0 0 0 0 0 0 0 0 0 0 0 0 1 1 1 1 1 1 1 1 1 1 1 1 1 1 1 1
C-001246,001246,Crash-1500/001246.mp4,CCD,official,val,10,50,5.0,1,43,4.3,10.0,Day,Normal,Yes,0 0 0 0 0 0 0 0 0 0 0 0 0 0 0 0 0 0 0 0 0 0 0 0 0 0 0 0 0 0 0 0 0 0 0 0 0 0 0 0 0 0 0 1 1 1 1 1 1 1
C-001247,001247,Crash-1500/001247.mp4,CCD,official,train,10,50,5.0,1,36,3.6,10.0,Day,Normal,Yes,0 0 0 0 0 0 0 0 0 0 0 0 0 0 0 0 0 0 0 0 0 0 0 0 0 0 0 0 0 0 0 0 0 0 0 0 1 1 1 1 1 1 1 1 1 1 1 1 1 1
C-001248,001248,Crash-1500/001248.mp4,CCD,official,train,10,50,5.0,1,33,3.3,10.0,Day,Normal,Yes,0 0 0 0 0 0 0 0 0 0 0 0 0 0 0 0 0 0 0 0 0 0 0 0 0 0 0 0 0 0 0 0 0 1 1 1 1 1 1 1 1 1 1 1 1 1 1 1 1 1
C-001249,001249,Crash-1500/001249.mp4,CCD,official,test,10,50,5.0,1,46,4.6,10.0,Day,Rainy,No,0 0 0 0 0 0 0 0 0 0 0 0 0 0 0 0 0 0 0 0 0 0 0 0 0 0 0 0 0 0 0 0 0 0 0 0 0 0 0 0 0 0 0 0 0 0 1 1 1 1
C-001250,001250,Crash-1500/001250.mp4,CCD,official,val,10,50,5.0,1,35,3.5,10.0,Day,Normal,No,0 0 0 0 0 0 0 0 0 0 0 0 0 0 0 0 0 0 0 0 0 0 0 0 0 0 0 0 0 0 0 0 0 0 0 1 1 1 1 1 1 1 1 1 1 1 1 1 1 1
C-001251,001251,Crash-1500/001251.mp4,CCD,official,train,10,50,5.0,1,30,3.0,10.0,Day,Normal,No,0 0 0 0 0 0 0 0 0 0 0 0 0 0 0 0 0 0 0 0 0 0 0 0 0 0 0 0 0 0 1 1 1 1 1 1 1 1 1 1 1 1 1 1 1 1 1 1 1 1
C-001252,001252,Crash-1500/001252.mp4,CCD,official,test,10,50,5.0,1,44,4.4,10.0,Day,Normal,Yes,0 0 0 0 0 0 0 0 0 0 0 0 0 0 0 0 0 0 0 0 0 0 0 0 0 0 0 0 0 0 0 0 0 0 0 0 0 0 0 0 0 0 0 0 1 1 1 1 1 1
C-001253,001253,Crash-1500/001253.mp4,CCD,official,train,10,50,5.0,1,42,4.2,10.0,Day,Normal,Yes,0 0 0 0 0 0 0 0 0 0 0 0 0 0 0 0 0 0 0 0 0 0 0 0 0 0 0 0 0 0 0 0 0 0 0 0 0 0 0 0 0 0 1 1 1 1 1 1 1 1
C-001254,001254,Crash-1500/001254.mp4,CCD,official,test,10,50,5.0,1,42,4.2,10.0,Day,Normal,Yes,0 0 0 0 0 0 0 0 0 0 0 0 0 0 0 0 0 0 0 0 0 0 0 0 0 0 0 0 0 0 0 0 0 0 0 0 0 0 0 0 0 0 1 1 1 1 1 1 1 1
C-001255,001255,Crash-1500/001255.mp4,CCD,official,test,10,50,5.0,1,30,3.0,10.0,Day,Normal,Yes,0 0 0 0 0 0 0 0 0 0 0 0 0 0 0 0 0 0 0 0 0 0 0 0 0 0 0 0 0 0 1 1 1 1 1 1 1 1 1 1 1 1 1 1 1 1 1 1 1 1
C-001256,001256,Crash-1500/001256.mp4,CCD,official,train,10,50,5.0,1,34,3.4,10.0,Day,Normal,No,0 0 0 0 0 0 0 0 0 0 0 0 0 0 0 0 0 0 0 0 0 0 0 0 0 0 0 0 0 0 0 0 0 0 1 1 1 1 1 1 1 1 1 1 1 1 1 1 1 1
C-001257,001257,Crash-1500/001257.mp4,CCD,official,train,10,50,5.0,1,43,4.3,10.0,Day,Normal,No,0 0 0 0 0 0 0 0 0 0 0 0 0 0 0 0 0 0 0 0 0 0 0 0 0 0 0 0 0 0 0 0 0 0 0 0 0 0 0 0 0 0 0 1 1 1 1 1 1 1
C-001258,001258,Crash-1500/001258.mp4,CCD,official,test,10,50,5.0,1,35,3.5,10.0,Night,Normal,Yes,0 0 0 0 0 0 0 0 0 0 0 0 0 0 0 0 0 0 0 0 0 0 0 0 0 0 0 0 0 0 0 0 0 0 0 1 1 1 1 1 1 1 1 1 1 1 1 1 1 1
C-001259,001259,Crash-1500/001259.mp4,CCD,official,train,10,50,5.0,1,35,3.5,10.0,Day,Normal,No,0 0 0 0 0 0 0 0 0 0 0 0 0 0 0 0 0 0 0 0 0 0 0 0 0 0 0 0 0 0 0 0 0 0 0 1 1 1 1 1 1 1 1 1 1 1 1 1 1 1
C-001260,001260,Crash-1500/001260.mp4,CCD,official,train,10,50,5.0,1,46,4.6,10.0,Day,Rainy,Yes,0 0 0 0 0 0 0 0 0 0 0 0 0 0 0 0 0 0 0 0 0 0 0 0 0 0 0 0 0 0 0 0 0 0 0 0 0 0 0 0 0 0 0 0 0 0 1 1 1 1
C-001261,001261,Crash-1500/001261.mp4,CCD,official,test,10,50,5.0,1,31,3.1,10.0,Day,Normal,Yes,0 0 0 0 0 0 0 0 0 0 0 0 0 0 0 0 0 0 0 0 0 0 0 0 0 0 0 0 0 0 0 1 1 1 1 1 1 1 1 1 1 1 1 1 1 1 1 1 1 1
C-001262,001262,Crash-1500/001262.mp4,CCD,official,train,10,50,5.0,1,36,3.6,10.0,Day,Normal,No,0 0 0 0 0 0 0 0 0 0 0 0 0 0 0 0 0 0 0 0 0 0 0 0 0 0 0 0 0 0 0 0 0 0 0 0 1 1 1 1 1 1 1 1 1 1 1 1 1 1
C-001263,001263,Crash-1500/001263.mp4,CCD,official,train,10,50,5.0,1,41,4.1,10.0,Day,Normal,Yes,0 0 0 0 0 0 0 0 0 0 0 0 0 0 0 0 0 0 0 0 0 0 0 0 0 0 0 0 0 0 0 0 0 0 0 0 0 0 0 0 0 1 1 1 1 1 1 1 1 1
C-001264,001264,Crash-1500/001264.mp4,CCD,official,train,10,50,5.0,1,40,4.0,10.0,Day,Normal,Yes,0 0 0 0 0 0 0 0 0 0 0 0 0 0 0 0 0 0 0 0 0 0 0 0 0 0 0 0 0 0 0 0 0 0 0 0 0 0 0 0 1 1 1 1 1 1 1 1 1 1
C-001265,001265,Crash-1500/001265.mp4,CCD,official,train,10,50,5.0,1,36,3.6,10.0,Day,Normal,Yes,0 0 0 0 0 0 0 0 0 0 0 0 0 0 0 0 0 0 0 0 0 0 0 0 0 0 0 0 0 0 0 0 0 0 0 0 1 1 1 1 1 1 1 1 1 1 1 1 1 1
C-001266,001266,Crash-1500/001266.mp4,CCD,official,val,10,50,5.0,1,48,4.8,10.0,Day,Rainy,No,0 0 0 0 0 0 0 0 0 0 0 0 0 0 0 0 0 0 0 0 0 0 0 0 0 0 0 0 0 0 0 0 0 0 0 0 0 0 0 0 0 0 0 0 0 0 0 0 1 1
C-001267,001267,Crash-1500/001267.mp4,CCD,official,train,10,50,5.0,1,49,4.9,10.0,Day,Normal,Yes,0 0 0 0 0 0 0 0 0 0 0 0 0 0 0 0 0 0 0 0 0 0 0 0 0 0 0 0 0 0 0 0 0 0 0 0 0 0 0 0 0 0 0 0 0 0 0 0 0 1
C-001268,001268,Crash-1500/001268.mp4,CCD,official,test,10,50,5.0,1,43,4.3,10.0,Day,Normal,Yes,0 0 0 0 0 0 0 0 0 0 0 0 0 0 0 0 0 0 0 0 0 0 0 0 0 0 0 0 0 0 0 0 0 0 0 0 0 0 0 0 0 0 0 1 1 1 1 1 1 1
C-001269,001269,Crash-1500/001269.mp4,CCD,official,train,10,50,5.0,1,48,4.8,10.0,Day,Normal,Yes,0 0 0 0 0 0 0 0 0 0 0 0 0 0 0 0 0 0 0 0 0 0 0 0 0 0 0 0 0 0 0 0 0 0 0 0 0 0 0 0 0 0 0 0 0 0 0 0 1 1
C-001270,001270,Crash-1500/001270.mp4,CCD,official,train,10,50,5.0,1,46,4.6,10.0,Day,Normal,Yes,0 0 0 0 0 0 0 0 0 0 0 0 0 0 0 0 0 0 0 0 0 0 0 0 0 0 0 0 0 0 0 0 0 0 0 0 0 0 0 0 0 0 0 0 0 0 1 1 1 1
C-001271,001271,Crash-1500/001271.mp4,CCD,official,test,10,50,5.0,1,30,3.0,10.0,Day,Normal,No,0 0 0 0 0 0 0 0 0 0 0 0 0 0 0 0 0 0 0 0 0 0 0 0 0 0 0 0 0 0 1 1 1 1 1 1 1 1 1 1 1 1 1 1 1 1 1 1 1 1
C-001272,001272,Crash-1500/001272.mp4,CCD,official,val,10,50,5.0,1,41,4.1,10.0,Day,Normal,No,0 0 0 0 0 0 0 0 0 0 0 0 0 0 0 0 0 0 0 0 0 0 0 0 0 0 0 0 0 0 0 0 0 0 0 0 0 0 0 0 0 1 1 1 1 1 1 1 1 1
C-001273,001273,Crash-1500/001273.mp4,CCD,official,train,10,50,5.0,1,35,3.5,10.0,Day,Normal,Yes,0 0 0 0 0 0 0 0 0 0 0 0 0 0 0 0 0 0 0 0 0 0 0 0 0 0 0 0 0 0 0 0 0 0 0 1 1 1 1 1 1 1 1 1 1 1 1 1 1 1
C-001274,001274,Crash-1500/001274.mp4,CCD,official,test,10,50,5.0,1,47,4.7,10.0,Day,Normal,No,0 0 0 0 0 0 0 0 0 0 0 0 0 0 0 0 0 0 0 0 0 0 0 0 0 0 0 0 0 0 0 0 0 0 0 0 0 0 0 0 0 0 0 0 0 0 0 1 1 1
C-001275,001275,Crash-1500/001275.mp4,CCD,official,test,10,50,5.0,1,30,3.0,10.0,Day,Normal,No,0 0 0 0 0 0 0 0 0 0 0 0 0 0 0 0 0 0 0 0 0 0 0 0 0 0 0 0 0 0 1 1 1 1 1 1 1 1 1 1 1 1 1 1 1 1 1 1 1 1
C-001276,001276,Crash-1500/001276.mp4,CCD,official,train,10,50,5.0,1,31,3.1,10.0,Day,Normal,No,0 0 0 0 0 0 0 0 0 0 0 0 0 0 0 0 0 0 0 0 0 0 0 0 0 0 0 0 0 0 0 1 1 1 1 1 1 1 1 1 1 1 1 1 1 1 1 1 1 1
C-001277,001277,Crash-1500/001277.mp4,CCD,official,test,10,50,5.0,1,42,4.2,10.0,Day,Normal,No,0 0 0 0 0 0 0 0 0 0 0 0 0 0 0 0 0 0 0 0 0 0 0 0 0 0 0 0 0 0 0 0 0 0 0 0 0 0 0 0 0 0 1 1 1 1 1 1 1 1
C-001278,001278,Crash-1500/001278.mp4,CCD,official,train,10,50,5.0,1,33,3.3,10.0,Day,Rainy,Yes,0 0 0 0 0 0 0 0 0 0 0 0 0 0 0 0 0 0 0 0 0 0 0 0 0 0 0 0 0 0 0 0 0 1 1 1 1 1 1 1 1 1 1 1 1 1 1 1 1 1
C-001279,001279,Crash-1500/001279.mp4,CCD,official,train,10,50,5.0,1,37,3.7,10.0,Day,Normal,Yes,0 0 0 0 0 0 0 0 0 0 0 0 0 0 0 0 0 0 0 0 0 0 0 0 0 0 0 0 0 0 0 0 0 0 0 0 0 1 1 1 1 1 1 1 1 1 1 1 1 1
C-001280,001280,Crash-1500/001280.mp4,CCD,official,train,10,50,5.0,1,45,4.5,10.0,Day,Normal,Yes,0 0 0 0 0 0 0 0 0 0 0 0 0 0 0 0 0 0 0 0 0 0 0 0 0 0 0 0 0 0 0 0 0 0 0 0 0 0 0 0 0 0 0 0 0 1 1 1 1 1
C-001281,001281,Crash-1500/001281.mp4,CCD,official,train,10,50,5.0,1,40,4.0,10.0,Day,Normal,No,0 0 0 0 0 0 0 0 0 0 0 0 0 0 0 0 0 0 0 0 0 0 0 0 0 0 0 0 0 0 0 0 0 0 0 0 0 0 0 0 1 1 1 1 1 1 1 1 1 1
C-001282,001282,Crash-1500/001282.mp4,CCD,official,train,10,50,5.0,1,40,4.0,10.0,Day,Normal,Yes,0 0 0 0 0 0 0 0 0 0 0 0 0 0 0 0 0 0 0 0 0 0 0 0 0 0 0 0 0 0 0 0 0 0 0 0 0 0 0 0 1 1 1 1 1 1 1 1 1 1
C-001283,001283,Crash-1500/001283.mp4,CCD,official,train,10,50,5.0,1,44,4.4,10.0,Day,Normal,No,0 0 0 0 0 0 0 0 0 0 0 0 0 0 0 0 0 0 0 0 0 0 0 0 0 0 0 0 0 0 0 0 0 0 0 0 0 0 0 0 0 0 0 0 1 1 1 1 1 1
C-001284,001284,Crash-1500/001284.mp4,CCD,official,test,10,50,5.0,1,33,3.3,10.0,Day,Normal,No,0 0 0 0 0 0 0 0 0 0 0 0 0 0 0 0 0 0 0 0 0 0 0 0 0 0 0 0 0 0 0 0 0 1 1 1 1 1 1 1 1 1 1 1 1 1 1 1 1 1
C-001285,001285,Crash-1500/001285.mp4,CCD,official,train,10,50,5.0,1,38,3.8,10.0,Day,Normal,No,0 0 0 0 0 0 0 0 0 0 0 0 0 0 0 0 0 0 0 0 0 0 0 0 0 0 0 0 0 0 0 0 0 0 0 0 0 0 1 1 1 1 1 1 1 1 1 1 1 1
C-001286,001286,Crash-1500/001286.mp4,CCD,official,test,10,50,5.0,1,34,3.4,10.0,Day,Normal,Yes,0 0 0 0 0 0 0 0 0 0 0 0 0 0 0 0 0 0 0 0 0 0 0 0 0 0 0 0 0 0 0 0 0 0 1 1 1 1 1 1 1 1 1 1 1 1 1 1 1 1
C-001287,001287,Crash-1500/001287.mp4,CCD,official,train,10,50,5.0,1,37,3.7,10.0,Day,Normal,No,0 0 0 0 0 0 0 0 0 0 0 0 0 0 0 0 0 0 0 0 0 0 0 0 0 0 0 0 0 0 0 0 0 0 0 0 0 1 1 1 1 1 1 1 1 1 1 1 1 1
C-001288,001288,Crash-1500/001288.mp4,CCD,official,train,10,50,5.0,1,45,4.5,10.0,Night,Normal,Yes,0 0 0 0 0 0 0 0 0 0 0 0 0 0 0 0 0 0 0 0 0 0 0 0 0 0 0 0 0 0 0 0 0 0 0 0 0 0 0 0 0 0 0 0 0 1 1 1 1 1
C-001289,001289,Crash-1500/001289.mp4,CCD,official,train,10,50,5.0,1,44,4.4,10.0,Day,Normal,No,0 0 0 0 0 0 0 0 0 0 0 0 0 0 0 0 0 0 0 0 0 0 0 0 0 0 0 0 0 0 0 0 0 0 0 0 0 0 0 0 0 0 0 0 1 1 1 1 1 1
C-001290,001290,Crash-1500/001290.mp4,CCD,official,train,10,50,5.0,1,30,3.0,10.0,Day,Normal,No,0 0 0 0 0 0 0 0 0 0 0 0 0 0 0 0 0 0 0 0 0 0 0 0 0 0 0 0 0 0 1 1 1 1 1 1 1 1 1 1 1 1 1 1 1 1 1 1 1 1
C-001291,001291,Crash-1500/001291.mp4,CCD,official,train,10,50,5.0,1,39,3.9,10.0,Day,Normal,Yes,0 0 0 0 0 0 0 0 0 0 0 0 0 0 0 0 0 0 0 0 0 0 0 0 0 0 0 0 0 0 0 0 0 0 0 0 0 0 0 1 1 1 1 1 1 1 1 1 1 1
C-001292,001292,Crash-1500/001292.mp4,CCD,official,train,10,50,5.0,1,30,3.0,10.0,Night,Normal,Yes,0 0 0 0 0 0 0 0 0 0 0 0 0 0 0 0 0 0 0 0 0 0 0 0 0 0 0 0 0 0 1 1 1 1 1 1 1 1 1 1 1 1 1 1 1 1 1 1 1 1
C-001293,001293,Crash-1500/001293.mp4,CCD,official,train,10,50,5.0,1,42,4.2,10.0,Day,Normal,No,0 0 0 0 0 0 0 0 0 0 0 0 0 0 0 0 0 0 0 0 0 0 0 0 0 0 0 0 0 0 0 0 0 0 0 0 0 0 0 0 0 0 1 1 1 1 1 1 1 1
C-001294,001294,Crash-1500/001294.mp4,CCD,official,train,10,50,5.0,1,30,3.0,10.0,Day,Normal,No,0 0 0 0 0 0 0 0 0 0 0 0 0 0 0 0 0 0 0 0 0 0 0 0 0 0 0 0 0 0 1 1 1 1 1 1 1 1 1 1 1 1 1 1 1 1 1 1 1 1
C-001295,001295,Crash-1500/001295.mp4,CCD,official,train,10,50,5.0,1,37,3.7,10.0,Day,Normal,No,0 0 0 0 0 0 0 0 0 0 0 0 0 0 0 0 0 0 0 0 0 0 0 0 0 0 0 0 0 0 0 0 0 0 0 0 0 1 1 1 1 1 1 1 1 1 1 1 1 1
C-001296,001296,Crash-1500/001296.mp4,CCD,official,train,10,50,5.0,1,36,3.6,10.0,Day,Normal,No,0 0 0 0 0 0 0 0 0 0 0 0 0 0 0 0 0 0 0 0 0 0 0 0 0 0 0 0 0 0 0 0 0 0 0 0 1 1 1 1 1 1 1 1 1 1 1 1 1 1
C-001297,001297,Crash-1500/001297.mp4,CCD,official,train,10,50,5.0,1,42,4.2,10.0,Day,Normal,Yes,0 0 0 0 0 0 0 0 0 0 0 0 0 0 0 0 0 0 0 0 0 0 0 0 0 0 0 0 0 0 0 0 0 0 0 0 0 0 0 0 0 0 1 1 1 1 1 1 1 1
C-001298,001298,Crash-1500/001298.mp4,CCD,official,train,10,50,5.0,1,38,3.8,10.0,Day,Normal,Yes,0 0 0 0 0 0 0 0 0 0 0 0 0 0 0 0 0 0 0 0 0 0 0 0 0 0 0 0 0 0 0 0 0 0 0 0 0 0 1 1 1 1 1 1 1 1 1 1 1 1
C-001299,001299,Crash-1500/001299.mp4,CCD,official,test,10,50,5.0,1,41,4.1,10.0,Day,Normal,No,0 0 0 0 0 0 0 0 0 0 0 0 0 0 0 0 0 0 0 0 0 0 0 0 0 0 0 0 0 0 0 0 0 0 0 0 0 0 0 0 0 1 1 1 1 1 1 1 1 1
C-001300,001300,Crash-1500/001300.mp4,CCD,official,test,10,50,5.0,1,35,3.5,10.0,Day,Normal,No,0 0 0 0 0 0 0 0 0 0 0 0 0 0 0 0 0 0 0 0 0 0 0 0 0 0 0 0 0 0 0 0 0 0 0 1 1 1 1 1 1 1 1 1 1 1 1 1 1 1
C-001301,001301,Crash-1500/001301.mp4,CCD,official,test,10,50,5.0,1,31,3.1,10.0,Day,Normal,Yes,0 0 0 0 0 0 0 0 0 0 0 0 0 0 0 0 0 0 0 0 0 0 0 0 0 0 0 0 0 0 0 1 1 1 1 1 1 1 1 1 1 1 1 1 1 1 1 1 1 1
C-001302,001302,Crash-1500/001302.mp4,CCD,official,train,10,50,5.0,1,31,3.1,10.0,Day,Normal,No,0 0 0 0 0 0 0 0 0 0 0 0 0 0 0 0 0 0 0 0 0 0 0 0 0 0 0 0 0 0 0 1 1 1 1 1 1 1 1 1 1 1 1 1 1 1 1 1 1 1
C-001303,001303,Crash-1500/001303.mp4,CCD,official,train,10,50,5.0,1,34,3.4,10.0,Day,Normal,No,0 0 0 0 0 0 0 0 0 0 0 0 0 0 0 0 0 0 0 0 0 0 0 0 0 0 0 0 0 0 0 0 0 0 1 1 1 1 1 1 1 1 1 1 1 1 1 1 1 1
C-001304,001304,Crash-1500/001304.mp4,CCD,official,train,10,50,5.0,1,41,4.1,10.0,Day,Normal,No,0 0 0 0 0 0 0 0 0 0 0 0 0 0 0 0 0 0 0 0 0 0 0 0 0 0 0 0 0 0 0 0 0 0 0 0 0 0 0 0 0 1 1 1 1 1 1 1 1 1
C-001305,001305,Crash-1500/001305.mp4,CCD,official,val,10,50,5.0,1,43,4.3,10.0,Day,Normal,Yes,0 0 0 0 0 0 0 0 0 0 0 0 0 0 0 0 0 0 0 0 0 0 0 0 0 0 0 0 0 0 0 0 0 0 0 0 0 0 0 0 0 0 0 1 1 1 1 1 1 1
C-001306,001306,Crash-1500/001306.mp4,CCD,official,train,10,50,5.0,1,34,3.4,10.0,Day,Normal,Yes,0 0 0 0 0 0 0 0 0 0 0 0 0 0 0 0 0 0 0 0 0 0 0 0 0 0 0 0 0 0 0 0 0 0 1 1 1 1 1 1 1 1 1 1 1 1 1 1 1 1
C-001307,001307,Crash-1500/001307.mp4,CCD,official,train,10,50,5.0,1,31,3.1,10.0,Day,Normal,Yes,0 0 0 0 0 0 0 0 0 0 0 0 0 0 0 0 0 0 0 0 0 0 0 0 0 0 0 0 0 0 0 1 1 1 1 1 1 1 1 1 1 1 1 1 1 1 1 1 1 1
C-001308,001308,Crash-1500/001308.mp4,CCD,official,train,10,50,5.0,1,31,3.1,10.0,Day,Normal,Yes,0 0 0 0 0 0 0 0 0 0 0 0 0 0 0 0 0 0 0 0 0 0 0 0 0 0 0 0 0 0 0 1 1 1 1 1 1 1 1 1 1 1 1 1 1 1 1 1 1 1
C-001309,001309,Crash-1500/001309.mp4,CCD,official,train,10,50,5.0,1,36,3.6,10.0,Day,Normal,Yes,0 0 0 0 0 0 0 0 0 0 0 0 0 0 0 0 0 0 0 0 0 0 0 0 0 0 0 0 0 0 0 0 0 0 0 0 1 1 1 1 1 1 1 1 1 1 1 1 1 1
C-001310,001310,Crash-1500/001310.mp4,CCD,official,train,10,50,5.0,1,35,3.5,10.0,Day,Rainy,No,0 0 0 0 0 0 0 0 0 0 0 0 0 0 0 0 0 0 0 0 0 0 0 0 0 0 0 0 0 0 0 0 0 0 0 1 1 1 1 1 1 1 1 1 1 1 1 1 1 1
C-001311,001311,Crash-1500/001311.mp4,CCD,official,test,10,50,5.0,1,48,4.8,10.0,Night,Normal,No,0 0 0 0 0 0 0 0 0 0 0 0 0 0 0 0 0 0 0 0 0 0 0 0 0 0 0 0 0 0 0 0 0 0 0 0 0 0 0 0 0 0 0 0 0 0 0 0 1 1
C-001312,001312,Crash-1500/001312.mp4,CCD,official,train,10,50,5.0,1,34,3.4,10.0,Night,Normal,Yes,0 0 0 0 0 0 0 0 0 0 0 0 0 0 0 0 0 0 0 0 0 0 0 0 0 0 0 0 0 0 0 0 0 0 1 1 1 1 1 1 1 1 1 1 1 1 1 1 1 1
C-001313,001313,Crash-1500/001313.mp4,CCD,official,test,10,50,5.0,1,41,4.1,10.0,Day,Normal,Yes,0 0 0 0 0 0 0 0 0 0 0 0 0 0 0 0 0 0 0 0 0 0 0 0 0 0 0 0 0 0 0 0 0 0 0 0 0 0 0 0 0 1 1 1 1 1 1 1 1 1
C-001314,001314,Crash-1500/001314.mp4,CCD,official,test,10,50,5.0,1,38,3.8,10.0,Day,Normal,No,0 0 0 0 0 0 0 0 0 0 0 0 0 0 0 0 0 0 0 0 0 0 0 0 0 0 0 0 0 0 0 0 0 0 0 0 0 0 1 1 1 1 1 1 1 1 1 1 1 1
C-001315,001315,Crash-1500/001315.mp4,CCD,official,val,10,50,5.0,1,30,3.0,10.0,Day,Normal,No,0 0 0 0 0 0 0 0 0 0 0 0 0 0 0 0 0 0 0 0 0 0 0 0 0 0 0 0 0 0 1 1 1 1 1 1 1 1 1 1 1 1 1 1 1 1 1 1 1 1
C-001316,001316,Crash-1500/001316.mp4,CCD,official,train,10,50,5.0,1,38,3.8,10.0,Day,Normal,No,0 0 0 0 0 0 0 0 0 0 0 0 0 0 0 0 0 0 0 0 0 0 0 0 0 0 0 0 0 0 0 0 0 0 0 0 0 0 1 1 1 1 1 1 1 1 1 1 1 1
C-001317,001317,Crash-1500/001317.mp4,CCD,official,train,10,50,5.0,1,32,3.2,10.0,Day,Normal,No,0 0 0 0 0 0 0 0 0 0 0 0 0 0 0 0 0 0 0 0 0 0 0 0 0 0 0 0 0 0 0 0 1 1 1 1 1 1 1 1 1 1 1 1 1 1 1 1 1 1
C-001318,001318,Crash-1500/001318.mp4,CCD,official,test,10,50,5.0,1,30,3.0,10.0,Day,Normal,No,0 0 0 0 0 0 0 0 0 0 0 0 0 0 0 0 0 0 0 0 0 0 0 0 0 0 0 0 0 0 1 1 1 1 1 1 1 1 1 1 1 1 1 1 1 1 1 1 1 1
C-001319,001319,Crash-1500/001319.mp4,CCD,official,train,10,50,5.0,1,31,3.1,10.0,Day,Normal,No,0 0 0 0 0 0 0 0 0 0 0 0 0 0 0 0 0 0 0 0 0 0 0 0 0 0 0 0 0 0 0 1 1 1 1 1 1 1 1 1 1 1 1 1 1 1 1 1 1 1
C-001320,001320,Crash-1500/001320.mp4,CCD,official,train,10,50,5.0,1,32,3.2,10.0,Day,Normal,Yes,0 0 0 0 0 0 0 0 0 0 0 0 0 0 0 0 0 0 0 0 0 0 0 0 0 0 0 0 0 0 0 0 1 1 1 1 1 1 1 1 1 1 1 1 1 1 1 1 1 1
C-001321,001321,Crash-1500/001321.mp4,CCD,official,val,10,50,5.0,1,30,3.0,10.0,Day,Normal,No,0 0 0 0 0 0 0 0 0 0 0 0 0 0 0 0 0 0 0 0 0 0 0 0 0 0 0 0 0 0 1 1 1 1 1 1 1 1 1 1 1 1 1 1 1 1 1 1 1 1
C-001322,001322,Crash-1500/001322.mp4,CCD,official,test,10,50,5.0,1,36,3.6,10.0,Day,Normal,No,0 0 0 0 0 0 0 0 0 0 0 0 0 0 0 0 0 0 0 0 0 0 0 0 0 0 0 0 0 0 0 0 0 0 0 0 1 1 1 1 1 1 1 1 1 1 1 1 1 1
C-001323,001323,Crash-1500/001323.mp4,CCD,official,train,10,50,5.0,1,40,4.0,10.0,Day,Rainy,Yes,0 0 0 0 0 0 0 0 0 0 0 0 0 0 0 0 0 0 0 0 0 0 0 0 0 0 0 0 0 0 0 0 0 0 0 0 0 0 0 0 1 1 1 1 1 1 1 1 1 1
C-001324,001324,Crash-1500/001324.mp4,CCD,official,val,10,50,5.0,1,41,4.1,10.0,Day,Normal,Yes,0 0 0 0 0 0 0 0 0 0 0 0 0 0 0 0 0 0 0 0 0 0 0 0 0 0 0 0 0 0 0 0 0 0 0 0 0 0 0 0 0 1 1 1 1 1 1 1 1 1
C-001325,001325,Crash-1500/001325.mp4,CCD,official,train,10,50,5.0,1,30,3.0,10.0,Day,Normal,Yes,0 0 0 0 0 0 0 0 0 0 0 0 0 0 0 0 0 0 0 0 0 0 0 0 0 0 0 0 0 0 1 1 1 1 1 1 1 1 1 1 1 1 1 1 1 1 1 1 1 1
C-001326,001326,Crash-1500/001326.mp4,CCD,official,train,10,50,5.0,1,47,4.7,10.0,Day,Normal,Yes,0 0 0 0 0 0 0 0 0 0 0 0 0 0 0 0 0 0 0 0 0 0 0 0 0 0 0 0 0 0 0 0 0 0 0 0 0 0 0 0 0 0 0 0 0 0 0 1 1 1
C-001327,001327,Crash-1500/001327.mp4,CCD,official,train,10,50,5.0,1,40,4.0,10.0,Day,Rainy,Yes,0 0 0 0 0 0 0 0 0 0 0 0 0 0 0 0 0 0 0 0 0 0 0 0 0 0 0 0 0 0 0 0 0 0 0 0 0 0 0 0 1 1 1 1 1 1 1 1 1 1
C-001328,001328,Crash-1500/001328.mp4,CCD,official,train,10,50,5.0,1,31,3.1,10.0,Day,Normal,No,0 0 0 0 0 0 0 0 0 0 0 0 0 0 0 0 0 0 0 0 0 0 0 0 0 0 0 0 0 0 0 1 1 1 1 1 1 1 1 1 1 1 1 1 1 1 1 1 1 1
C-001329,001329,Crash-1500/001329.mp4,CCD,official,train,10,50,5.0,1,46,4.6,10.0,Day,Normal,Yes,0 0 0 0 0 0 0 0 0 0 0 0 0 0 0 0 0 0 0 0 0 0 0 0 0 0 0 0 0 0 0 0 0 0 0 0 0 0 0 0 0 0 0 0 0 0 1 1 1 1
C-001330,001330,Crash-1500/001330.mp4,CCD,official,train,10,50,5.0,1,30,3.0,10.0,Day,Normal,Yes,0 0 0 0 0 0 0 0 0 0 0 0 0 0 0 0 0 0 0 0 0 0 0 0 0 0 0 0 0 0 1 1 1 1 1 1 1 1 1 1 1 1 1 1 1 1 1 1 1 1
C-001331,001331,Crash-1500/001331.mp4,CCD,official,train,10,50,5.0,1,49,4.9,10.0,Day,Normal,Yes,0 0 0 0 0 0 0 0 0 0 0 0 0 0 0 0 0 0 0 0 0 0 0 0 0 0 0 0 0 0 0 0 0 0 0 0 0 0 0 0 0 0 0 0 0 0 0 0 0 1
C-001332,001332,Crash-1500/001332.mp4,CCD,official,train,10,50,5.0,1,38,3.8,10.0,Day,Normal,Yes,0 0 0 0 0 0 0 0 0 0 0 0 0 0 0 0 0 0 0 0 0 0 0 0 0 0 0 0 0 0 0 0 0 0 0 0 0 0 1 1 1 1 1 1 1 1 1 1 1 1
C-001333,001333,Crash-1500/001333.mp4,CCD,official,train,10,50,5.0,1,32,3.2,10.0,Day,Normal,Yes,0 0 0 0 0 0 0 0 0 0 0 0 0 0 0 0 0 0 0 0 0 0 0 0 0 0 0 0 0 0 0 0 1 1 1 1 1 1 1 1 1 1 1 1 1 1 1 1 1 1
C-001334,001334,Crash-1500/001334.mp4,CCD,official,val,10,50,5.0,1,46,4.6,10.0,Day,Normal,No,0 0 0 0 0 0 0 0 0 0 0 0 0 0 0 0 0 0 0 0 0 0 0 0 0 0 0 0 0 0 0 0 0 0 0 0 0 0 0 0 0 0 0 0 0 0 1 1 1 1
C-001335,001335,Crash-1500/001335.mp4,CCD,official,train,10,50,5.0,1,31,3.1,10.0,Day,Normal,No,0 0 0 0 0 0 0 0 0 0 0 0 0 0 0 0 0 0 0 0 0 0 0 0 0 0 0 0 0 0 0 1 1 1 1 1 1 1 1 1 1 1 1 1 1 1 1 1 1 1
C-001336,001336,Crash-1500/001336.mp4,CCD,official,train,10,50,5.0,1,33,3.3,10.0,Day,Normal,No,0 0 0 0 0 0 0 0 0 0 0 0 0 0 0 0 0 0 0 0 0 0 0 0 0 0 0 0 0 0 0 0 0 1 1 1 1 1 1 1 1 1 1 1 1 1 1 1 1 1
C-001337,001337,Crash-1500/001337.mp4,CCD,official,val,10,50,5.0,1,32,3.2,10.0,Day,Rainy,No,0 0 0 0 0 0 0 0 0 0 0 0 0 0 0 0 0 0 0 0 0 0 0 0 0 0 0 0 0 0 0 0 1 1 1 1 1 1 1 1 1 1 1 1 1 1 1 1 1 1
C-001338,001338,Crash-1500/001338.mp4,CCD,official,test,10,50,5.0,1,30,3.0,10.0,Night,Normal,Yes,0 0 0 0 0 0 0 0 0 0 0 0 0 0 0 0 0 0 0 0 0 0 0 0 0 0 0 0 0 0 1 1 1 1 1 1 1 1 1 1 1 1 1 1 1 1 1 1 1 1
C-001339,001339,Crash-1500/001339.mp4,CCD,official,train,10,50,5.0,1,46,4.6,10.0,Day,Normal,No,0 0 0 0 0 0 0 0 0 0 0 0 0 0 0 0 0 0 0 0 0 0 0 0 0 0 0 0 0 0 0 0 0 0 0 0 0 0 0 0 0 0 0 0 0 0 1 1 1 1
C-001340,001340,Crash-1500/001340.mp4,CCD,official,train,10,50,5.0,1,32,3.2,10.0,Day,Normal,No,0 0 0 0 0 0 0 0 0 0 0 0 0 0 0 0 0 0 0 0 0 0 0 0 0 0 0 0 0 0 0 0 1 1 1 1 1 1 1 1 1 1 1 1 1 1 1 1 1 1
C-001341,001341,Crash-1500/001341.mp4,CCD,official,train,10,50,5.0,1,39,3.9,10.0,Day,Normal,Yes,0 0 0 0 0 0 0 0 0 0 0 0 0 0 0 0 0 0 0 0 0 0 0 0 0 0 0 0 0 0 0 0 0 0 0 0 0 0 0 1 1 1 1 1 1 1 1 1 1 1
C-001342,001342,Crash-1500/001342.mp4,CCD,official,train,10,50,5.0,1,42,4.2,10.0,Day,Rainy,Yes,0 0 0 0 0 0 0 0 0 0 0 0 0 0 0 0 0 0 0 0 0 0 0 0 0 0 0 0 0 0 0 0 0 0 0 0 0 0 0 0 0 0 1 1 1 1 1 1 1 1
C-001343,001343,Crash-1500/001343.mp4,CCD,official,train,10,50,5.0,1,39,3.9,10.0,Day,Normal,No,0 0 0 0 0 0 0 0 0 0 0 0 0 0 0 0 0 0 0 0 0 0 0 0 0 0 0 0 0 0 0 0 0 0 0 0 0 0 0 1 1 1 1 1 1 1 1 1 1 1
C-001344,001344,Crash-1500/001344.mp4,CCD,official,train,10,50,5.0,1,30,3.0,10.0,Day,Normal,No,0 0 0 0 0 0 0 0 0 0 0 0 0 0 0 0 0 0 0 0 0 0 0 0 0 0 0 0 0 0 1 1 1 1 1 1 1 1 1 1 1 1 1 1 1 1 1 1 1 1
C-001345,001345,Crash-1500/001345.mp4,CCD,official,train,10,50,5.0,1,32,3.2,10.0,Day,Normal,Yes,0 0 0 0 0 0 0 0 0 0 0 0 0 0 0 0 0 0 0 0 0 0 0 0 0 0 0 0 0 0 0 0 1 1 1 1 1 1 1 1 1 1 1 1 1 1 1 1 1 1
C-001346,001346,Crash-1500/001346.mp4,CCD,official,train,10,50,5.0,1,35,3.5,10.0,Day,Normal,No,0 0 0 0 0 0 0 0 0 0 0 0 0 0 0 0 0 0 0 0 0 0 0 0 0 0 0 0 0 0 0 0 0 0 0 1 1 1 1 1 1 1 1 1 1 1 1 1 1 1
C-001347,001347,Crash-1500/001347.mp4,CCD,official,test,10,50,5.0,1,30,3.0,10.0,Day,Normal,No,0 0 0 0 0 0 0 0 0 0 0 0 0 0 0 0 0 0 0 0 0 0 0 0 0 0 0 0 0 0 1 1 1 1 1 1 1 1 1 1 1 1 1 1 1 1 1 1 1 1
C-001348,001348,Crash-1500/001348.mp4,CCD,official,train,10,50,5.0,1,30,3.0,10.0,Day,Rainy,No,0 0 0 0 0 0 0 0 0 0 0 0 0 0 0 0 0 0 0 0 0 0 0 0 0 0 0 0 0 0 1 1 1 1 1 1 1 1 1 1 1 1 1 1 1 1 1 1 1 1
C-001349,001349,Crash-1500/001349.mp4,CCD,official,train,10,50,5.0,1,33,3.3,10.0,Day,Normal,Yes,0 0 0 0 0 0 0 0 0 0 0 0 0 0 0 0 0 0 0 0 0 0 0 0 0 0 0 0 0 0 0 0 0 1 1 1 1 1 1 1 1 1 1 1 1 1 1 1 1 1
C-001350,001350,Crash-1500/001350.mp4,CCD,official,test,10,50,5.0,1,34,3.4,10.0,Day,Normal,Yes,0 0 0 0 0 0 0 0 0 0 0 0 0 0 0 0 0 0 0 0 0 0 0 0 0 0 0 0 0 0 0 0 0 0 1 1 1 1 1 1 1 1 1 1 1 1 1 1 1 1
C-001351,001351,Crash-1500/001351.mp4,CCD,official,test,10,50,5.0,1,46,4.6,10.0,Day,Normal,No,0 0 0 0 0 0 0 0 0 0 0 0 0 0 0 0 0 0 0 0 0 0 0 0 0 0 0 0 0 0 0 0 0 0 0 0 0 0 0 0 0 0 0 0 0 0 1 1 1 1
C-001352,001352,Crash-1500/001352.mp4,CCD,official,train,10,50,5.0,1,34,3.4,10.0,Night,Normal,Yes,0 0 0 0 0 0 0 0 0 0 0 0 0 0 0 0 0 0 0 0 0 0 0 0 0 0 0 0 0 0 0 0 0 0 1 1 1 1 1 1 1 1 1 1 1 1 1 1 1 1
C-001353,001353,Crash-1500/001353.mp4,CCD,official,train,10,50,5.0,1,38,3.8,10.0,Day,Snowy,Yes,0 0 0 0 0 0 0 0 0 0 0 0 0 0 0 0 0 0 0 0 0 0 0 0 0 0 0 0 0 0 0 0 0 0 0 0 0 0 1 1 1 1 1 1 1 1 1 1 1 1
C-001354,001354,Crash-1500/001354.mp4,CCD,official,test,10,50,5.0,1,32,3.2,10.0,Day,Normal,Yes,0 0 0 0 0 0 0 0 0 0 0 0 0 0 0 0 0 0 0 0 0 0 0 0 0 0 0 0 0 0 0 0 1 1 1 1 1 1 1 1 1 1 1 1 1 1 1 1 1 1
C-001355,001355,Crash-1500/001355.mp4,CCD,official,val,10,50,5.0,1,42,4.2,10.0,Day,Normal,Yes,0 0 0 0 0 0 0 0 0 0 0 0 0 0 0 0 0 0 0 0 0 0 0 0 0 0 0 0 0 0 0 0 0 0 0 0 0 0 0 0 0 0 1 1 1 1 1 1 1 1
C-001356,001356,Crash-1500/001356.mp4,CCD,official,val,10,50,5.0,1,34,3.4,10.0,Day,Rainy,No,0 0 0 0 0 0 0 0 0 0 0 0 0 0 0 0 0 0 0 0 0 0 0 0 0 0 0 0 0 0 0 0 0 0 1 1 1 1 1 1 1 1 1 1 1 1 1 1 1 1
C-001357,001357,Crash-1500/001357.mp4,CCD,official,val,10,50,5.0,1,36,3.6,10.0,Day,Normal,Yes,0 0 0 0 0 0 0 0 0 0 0 0 0 0 0 0 0 0 0 0 0 0 0 0 0 0 0 0 0 0 0 0 0 0 0 0 1 1 1 1 1 1 1 1 1 1 1 1 1 1
C-001358,001358,Crash-1500/001358.mp4,CCD,official,train,10,50,5.0,1,40,4.0,10.0,Day,Normal,No,0 0 0 0 0 0 0 0 0 0 0 0 0 0 0 0 0 0 0 0 0 0 0 0 0 0 0 0 0 0 0 0 0 0 0 0 0 0 0 0 1 1 1 1 1 1 1 1 1 1
C-001359,001359,Crash-1500/001359.mp4,CCD,official,train,10,50,5.0,1,42,4.2,10.0,Day,Normal,Yes,0 0 0 0 0 0 0 0 0 0 0 0 0 0 0 0 0 0 0 0 0 0 0 0 0 0 0 0 0 0 0 0 0 0 0 0 0 0 0 0 0 0 1 1 1 1 1 1 1 1
C-001360,001360,Crash-1500/001360.mp4,CCD,official,test,10,50,5.0,1,37,3.7,10.0,Day,Normal,Yes,0 0 0 0 0 0 0 0 0 0 0 0 0 0 0 0 0 0 0 0 0 0 0 0 0 0 0 0 0 0 0 0 0 0 0 0 0 1 1 1 1 1 1 1 1 1 1 1 1 1
C-001361,001361,Crash-1500/001361.mp4,CCD,official,train,10,50,5.0,1,40,4.0,10.0,Day,Normal,No,0 0 0 0 0 0 0 0 0 0 0 0 0 0 0 0 0 0 0 0 0 0 0 0 0 0 0 0 0 0 0 0 0 0 0 0 0 0 0 0 1 1 1 1 1 1 1 1 1 1
C-001362,001362,Crash-1500/001362.mp4,CCD,official,test,10,50,5.0,1,30,3.0,10.0,Day,Normal,Yes,0 0 0 0 0 0 0 0 0 0 0 0 0 0 0 0 0 0 0 0 0 0 0 0 0 0 0 0 0 0 1 1 1 1 1 1 1 1 1 1 1 1 1 1 1 1 1 1 1 1
C-001363,001363,Crash-1500/001363.mp4,CCD,official,val,10,50,5.0,1,33,3.3,10.0,Day,Normal,Yes,0 0 0 0 0 0 0 0 0 0 0 0 0 0 0 0 0 0 0 0 0 0 0 0 0 0 0 0 0 0 0 0 0 1 1 1 1 1 1 1 1 1 1 1 1 1 1 1 1 1
C-001364,001364,Crash-1500/001364.mp4,CCD,official,train,10,50,5.0,1,30,3.0,10.0,Night,Normal,Yes,0 0 0 0 0 0 0 0 0 0 0 0 0 0 0 0 0 0 0 0 0 0 0 0 0 0 0 0 0 0 1 1 1 1 1 1 1 1 1 1 1 1 1 1 1 1 1 1 1 1
C-001365,001365,Crash-1500/001365.mp4,CCD,official,train,10,50,5.0,1,30,3.0,10.0,Day,Normal,No,0 0 0 0 0 0 0 0 0 0 0 0 0 0 0 0 0 0 0 0 0 0 0 0 0 0 0 0 0 0 1 1 1 1 1 1 1 1 1 1 1 1 1 1 1 1 1 1 1 1
C-001366,001366,Crash-1500/001366.mp4,CCD,official,train,10,50,5.0,1,30,3.0,10.0,Day,Normal,No,0 0 0 0 0 0 0 0 0 0 0 0 0 0 0 0 0 0 0 0 0 0 0 0 0 0 0 0 0 0 1 1 1 1 1 1 1 1 1 1 1 1 1 1 1 1 1 1 1 1
C-001367,001367,Crash-1500/001367.mp4,CCD,official,train,10,50,5.0,1,31,3.1,10.0,Day,Snowy,No,0 0 0 0 0 0 0 0 0 0 0 0 0 0 0 0 0 0 0 0 0 0 0 0 0 0 0 0 0 0 0 1 1 1 1 1 1 1 1 1 1 1 1 1 1 1 1 1 1 1
C-001368,001368,Crash-1500/001368.mp4,CCD,official,train,10,50,5.0,1,38,3.8,10.0,Day,Normal,Yes,0 0 0 0 0 0 0 0 0 0 0 0 0 0 0 0 0 0 0 0 0 0 0 0 0 0 0 0 0 0 0 0 0 0 0 0 0 0 1 1 1 1 1 1 1 1 1 1 1 1
C-001369,001369,Crash-1500/001369.mp4,CCD,official,train,10,50,5.0,1,39,3.9,10.0,Day,Normal,No,0 0 0 0 0 0 0 0 0 0 0 0 0 0 0 0 0 0 0 0 0 0 0 0 0 0 0 0 0 0 0 0 0 0 0 0 0 0 0 1 1 1 1 1 1 1 1 1 1 1
C-001370,001370,Crash-1500/001370.mp4,CCD,official,val,10,50,5.0,1,30,3.0,10.0,Day,Normal,Yes,0 0 0 0 0 0 0 0 0 0 0 0 0 0 0 0 0 0 0 0 0 0 0 0 0 0 0 0 0 0 1 1 1 1 1 1 1 1 1 1 1 1 1 1 1 1 1 1 1 1
C-001371,001371,Crash-1500/001371.mp4,CCD,official,test,10,50,5.0,1,31,3.1,10.0,Night,Normal,Yes,0 0 0 0 0 0 0 0 0 0 0 0 0 0 0 0 0 0 0 0 0 0 0 0 0 0 0 0 0 0 0 1 1 1 1 1 1 1 1 1 1 1 1 1 1 1 1 1 1 1
C-001372,001372,Crash-1500/001372.mp4,CCD,official,train,10,50,5.0,1,38,3.8,10.0,Day,Normal,No,0 0 0 0 0 0 0 0 0 0 0 0 0 0 0 0 0 0 0 0 0 0 0 0 0 0 0 0 0 0 0 0 0 0 0 0 0 0 1 1 1 1 1 1 1 1 1 1 1 1
C-001373,001373,Crash-1500/001373.mp4,CCD,official,train,10,50,5.0,1,30,3.0,10.0,Day,Normal,No,0 0 0 0 0 0 0 0 0 0 0 0 0 0 0 0 0 0 0 0 0 0 0 0 0 0 0 0 0 0 1 1 1 1 1 1 1 1 1 1 1 1 1 1 1 1 1 1 1 1
C-001374,001374,Crash-1500/001374.mp4,CCD,official,train,10,50,5.0,1,34,3.4,10.0,Day,Normal,No,0 0 0 0 0 0 0 0 0 0 0 0 0 0 0 0 0 0 0 0 0 0 0 0 0 0 0 0 0 0 0 0 0 0 1 1 1 1 1 1 1 1 1 1 1 1 1 1 1 1
C-001375,001375,Crash-1500/001375.mp4,CCD,official,train,10,50,5.0,1,32,3.2,10.0,Day,Normal,No,0 0 0 0 0 0 0 0 0 0 0 0 0 0 0 0 0 0 0 0 0 0 0 0 0 0 0 0 0 0 0 0 1 1 1 1 1 1 1 1 1 1 1 1 1 1 1 1 1 1
C-001376,001376,Crash-1500/001376.mp4,CCD,official,train,10,50,5.0,1,30,3.0,10.0,Day,Rainy,Yes,0 0 0 0 0 0 0 0 0 0 0 0 0 0 0 0 0 0 0 0 0 0 0 0 0 0 0 0 0 0 1 1 1 1 1 1 1 1 1 1 1 1 1 1 1 1 1 1 1 1
C-001377,001377,Crash-1500/001377.mp4,CCD,official,train,10,50,5.0,1,32,3.2,10.0,Day,Normal,No,0 0 0 0 0 0 0 0 0 0 0 0 0 0 0 0 0 0 0 0 0 0 0 0 0 0 0 0 0 0 0 0 1 1 1 1 1 1 1 1 1 1 1 1 1 1 1 1 1 1
C-001378,001378,Crash-1500/001378.mp4,CCD,official,train,10,50,5.0,1,30,3.0,10.0,Day,Normal,No,0 0 0 0 0 0 0 0 0 0 0 0 0 0 0 0 0 0 0 0 0 0 0 0 0 0 0 0 0 0 1 1 1 1 1 1 1 1 1 1 1 1 1 1 1 1 1 1 1 1
C-001379,001379,Crash-1500/001379.mp4,CCD,official,train,10,50,5.0,1,38,3.8,10.0,Day,Normal,No,0 0 0 0 0 0 0 0 0 0 0 0 0 0 0 0 0 0 0 0 0 0 0 0 0 0 0 0 0 0 0 0 0 0 0 0 0 0 1 1 1 1 1 1 1 1 1 1 1 1
C-001380,001380,Crash-1500/001380.mp4,CCD,official,val,10,50,5.0,1,35,3.5,10.0,Day,Normal,Yes,0 0 0 0 0 0 0 0 0 0 0 0 0 0 0 0 0 0 0 0 0 0 0 0 0 0 0 0 0 0 0 0 0 0 0 1 1 1 1 1 1 1 1 1 1 1 1 1 1 1
C-001381,001381,Crash-1500/001381.mp4,CCD,official,train,10,50,5.0,1,32,3.2,10.0,Day,Normal,No,0 0 0 0 0 0 0 0 0 0 0 0 0 0 0 0 0 0 0 0 0 0 0 0 0 0 0 0 0 0 0 0 1 1 1 1 1 1 1 1 1 1 1 1 1 1 1 1 1 1
C-001382,001382,Crash-1500/001382.mp4,CCD,official,train,10,50,5.0,1,33,3.3,10.0,Day,Normal,Yes,0 0 0 0 0 0 0 0 0 0 0 0 0 0 0 0 0 0 0 0 0 0 0 0 0 0 0 0 0 0 0 0 0 1 1 1 1 1 1 1 1 1 1 1 1 1 1 1 1 1
C-001383,001383,Crash-1500/001383.mp4,CCD,official,test,10,50,5.0,1,34,3.4,10.0,Day,Normal,Yes,0 0 0 0 0 0 0 0 0 0 0 0 0 0 0 0 0 0 0 0 0 0 0 0 0 0 0 0 0 0 0 0 0 0 1 1 1 1 1 1 1 1 1 1 1 1 1 1 1 1
C-001384,001384,Crash-1500/001384.mp4,CCD,official,train,10,50,5.0,1,30,3.0,10.0,Day,Normal,No,0 0 0 0 0 0 0 0 0 0 0 0 0 0 0 0 0 0 0 0 0 0 0 0 0 0 0 0 0 0 1 1 1 1 1 1 1 1 1 1 1 1 1 1 1 1 1 1 1 1
C-001385,001385,Crash-1500/001385.mp4,CCD,official,train,10,50,5.0,1,38,3.8,10.0,Night,Rainy,Yes,0 0 0 0 0 0 0 0 0 0 0 0 0 0 0 0 0 0 0 0 0 0 0 0 0 0 0 0 0 0 0 0 0 0 0 0 0 0 1 1 1 1 1 1 1 1 1 1 1 1
C-001386,001386,Crash-1500/001386.mp4,CCD,official,train,10,50,5.0,1,32,3.2,10.0,Day,Rainy,No,0 0 0 0 0 0 0 0 0 0 0 0 0 0 0 0 0 0 0 0 0 0 0 0 0 0 0 0 0 0 0 0 1 1 1 1 1 1 1 1 1 1 1 1 1 1 1 1 1 1
C-001387,001387,Crash-1500/001387.mp4,CCD,official,train,10,50,5.0,1,38,3.8,10.0,Day,Normal,No,0 0 0 0 0 0 0 0 0 0 0 0 0 0 0 0 0 0 0 0 0 0 0 0 0 0 0 0 0 0 0 0 0 0 0 0 0 0 1 1 1 1 1 1 1 1 1 1 1 1
C-001388,001388,Crash-1500/001388.mp4,CCD,official,train,10,50,5.0,1,42,4.2,10.0,Day,Normal,Yes,0 0 0 0 0 0 0 0 0 0 0 0 0 0 0 0 0 0 0 0 0 0 0 0 0 0 0 0 0 0 0 0 0 0 0 0 0 0 0 0 0 0 1 1 1 1 1 1 1 1
C-001389,001389,Crash-1500/001389.mp4,CCD,official,train,10,50,5.0,1,42,4.2,10.0,Day,Normal,No,0 0 0 0 0 0 0 0 0 0 0 0 0 0 0 0 0 0 0 0 0 0 0 0 0 0 0 0 0 0 0 0 0 0 0 0 0 0 0 0 0 0 1 1 1 1 1 1 1 1
C-001390,001390,Crash-1500/001390.mp4,CCD,official,test,10,50,5.0,1,30,3.0,10.0,Day,Rainy,No,0 0 0 0 0 0 0 0 0 0 0 0 0 0 0 0 0 0 0 0 0 0 0 0 0 0 0 0 0 0 1 1 1 1 1 1 1 1 1 1 1 1 1 1 1 1 1 1 1 1
C-001391,001391,Crash-1500/001391.mp4,CCD,official,train,10,50,5.0,1,40,4.0,10.0,Day,Normal,No,0 0 0 0 0 0 0 0 0 0 0 0 0 0 0 0 0 0 0 0 0 0 0 0 0 0 0 0 0 0 0 0 0 0 0 0 0 0 0 0 1 1 1 1 1 1 1 1 1 1
C-001392,001392,Crash-1500/001392.mp4,CCD,official,train,10,50,5.0,1,32,3.2,10.0,Day,Snowy,Yes,0 0 0 0 0 0 0 0 0 0 0 0 0 0 0 0 0 0 0 0 0 0 0 0 0 0 0 0 0 0 0 0 1 1 1 1 1 1 1 1 1 1 1 1 1 1 1 1 1 1
C-001393,001393,Crash-1500/001393.mp4,CCD,official,train,10,50,5.0,1,37,3.7,10.0,Day,Normal,No,0 0 0 0 0 0 0 0 0 0 0 0 0 0 0 0 0 0 0 0 0 0 0 0 0 0 0 0 0 0 0 0 0 0 0 0 0 1 1 1 1 1 1 1 1 1 1 1 1 1
C-001394,001394,Crash-1500/001394.mp4,CCD,official,val,10,50,5.0,1,33,3.3,10.0,Day,Snowy,Yes,0 0 0 0 0 0 0 0 0 0 0 0 0 0 0 0 0 0 0 0 0 0 0 0 0 0 0 0 0 0 0 0 0 1 1 1 1 1 1 1 1 1 1 1 1 1 1 1 1 1
C-001395,001395,Crash-1500/001395.mp4,CCD,official,test,10,50,5.0,1,31,3.1,10.0,Night,Rainy,Yes,0 0 0 0 0 0 0 0 0 0 0 0 0 0 0 0 0 0 0 0 0 0 0 0 0 0 0 0 0 0 0 1 1 1 1 1 1 1 1 1 1 1 1 1 1 1 1 1 1 1
C-001396,001396,Crash-1500/001396.mp4,CCD,official,train,10,50,5.0,1,35,3.5,10.0,Day,Normal,Yes,0 0 0 0 0 0 0 0 0 0 0 0 0 0 0 0 0 0 0 0 0 0 0 0 0 0 0 0 0 0 0 0 0 0 0 1 1 1 1 1 1 1 1 1 1 1 1 1 1 1
C-001397,001397,Crash-1500/001397.mp4,CCD,official,val,10,50,5.0,1,36,3.6,10.0,Day,Normal,Yes,0 0 0 0 0 0 0 0 0 0 0 0 0 0 0 0 0 0 0 0 0 0 0 0 0 0 0 0 0 0 0 0 0 0 0 0 1 1 1 1 1 1 1 1 1 1 1 1 1 1
C-001398,001398,Crash-1500/001398.mp4,CCD,official,test,10,50,5.0,1,33,3.3,10.0,Day,Normal,No,0 0 0 0 0 0 0 0 0 0 0 0 0 0 0 0 0 0 0 0 0 0 0 0 0 0 0 0 0 0 0 0 0 1 1 1 1 1 1 1 1 1 1 1 1 1 1 1 1 1
C-001399,001399,Crash-1500/001399.mp4,CCD,official,train,10,50,5.0,1,35,3.5,10.0,Day,Normal,Yes,0 0 0 0 0 0 0 0 0 0 0 0 0 0 0 0 0 0 0 0 0 0 0 0 0 0 0 0 0 0 0 0 0 0 0 1 1 1 1 1 1 1 1 1 1 1 1 1 1 1
C-001400,001400,Crash-1500/001400.mp4,CCD,official,test,10,50,5.0,1,33,3.3,10.0,Night,Normal,Yes,0 0 0 0 0 0 0 0 0 0 0 0 0 0 0 0 0 0 0 0 0 0 0 0 0 0 0 0 0 0 0 0 0 1 1 1 1 1 1 1 1 1 1 1 1 1 1 1 1 1
C-001401,001401,Crash-1500/001401.mp4,CCD,official,train,10,50,5.0,1,36,3.6,10.0,Day,Normal,No,0 0 0 0 0 0 0 0 0 0 0 0 0 0 0 0 0 0 0 0 0 0 0 0 0 0 0 0 0 0 0 0 0 0 0 0 1 1 1 1 1 1 1 1 1 1 1 1 1 1
C-001402,001402,Crash-1500/001402.mp4,CCD,official,train,10,50,5.0,1,47,4.7,10.0,Day,Normal,No,0 0 0 0 0 0 0 0 0 0 0 0 0 0 0 0 0 0 0 0 0 0 0 0 0 0 0 0 0 0 0 0 0 0 0 0 0 0 0 0 0 0 0 0 0 0 0 1 1 1
C-001403,001403,Crash-1500/001403.mp4,CCD,official,train,10,50,5.0,1,31,3.1,10.0,Night,Snowy,Yes,0 0 0 0 0 0 0 0 0 0 0 0 0 0 0 0 0 0 0 0 0 0 0 0 0 0 0 0 0 0 0 1 1 1 1 1 1 1 1 1 1 1 1 1 1 1 1 1 1 1
C-001404,001404,Crash-1500/001404.mp4,CCD,official,val,10,50,5.0,1,43,4.3,10.0,Day,Normal,Yes,0 0 0 0 0 0 0 0 0 0 0 0 0 0 0 0 0 0 0 0 0 0 0 0 0 0 0 0 0 0 0 0 0 0 0 0 0 0 0 0 0 0 0 1 1 1 1 1 1 1
C-001405,001405,Crash-1500/001405.mp4,CCD,official,test,10,50,5.0,1,37,3.7,10.0,Day,Normal,Yes,0 0 0 0 0 0 0 0 0 0 0 0 0 0 0 0 0 0 0 0 0 0 0 0 0 0 0 0 0 0 0 0 0 0 0 0 0 1 1 1 1 1 1 1 1 1 1 1 1 1
C-001406,001406,Crash-1500/001406.mp4,CCD,official,train,10,50,5.0,1,36,3.6,10.0,Day,Normal,Yes,0 0 0 0 0 0 0 0 0 0 0 0 0 0 0 0 0 0 0 0 0 0 0 0 0 0 0 0 0 0 0 0 0 0 0 0 1 1 1 1 1 1 1 1 1 1 1 1 1 1
C-001407,001407,Crash-1500/001407.mp4,CCD,official,train,10,50,5.0,1,37,3.7,10.0,Day,Normal,No,0 0 0 0 0 0 0 0 0 0 0 0 0 0 0 0 0 0 0 0 0 0 0 0 0 0 0 0 0 0 0 0 0 0 0 0 0 1 1 1 1 1 1 1 1 1 1 1 1 1
C-001408,001408,Crash-1500/001408.mp4,CCD,official,test,10,50,5.0,1,42,4.2,10.0,Day,Normal,Yes,0 0 0 0 0 0 0 0 0 0 0 0 0 0 0 0 0 0 0 0 0 0 0 0 0 0 0 0 0 0 0 0 0 0 0 0 0 0 0 0 0 0 1 1 1 1 1 1 1 1
C-001409,001409,Crash-1500/001409.mp4,CCD,official,val,10,50,5.0,1,40,4.0,10.0,Day,Normal,No,0 0 0 0 0 0 0 0 0 0 0 0 0 0 0 0 0 0 0 0 0 0 0 0 0 0 0 0 0 0 0 0 0 0 0 0 0 0 0 0 1 1 1 1 1 1 1 1 1 1
C-001410,001410,Crash-1500/001410.mp4,CCD,official,test,10,50,5.0,1,30,3.0,10.0,Day,Normal,No,0 0 0 0 0 0 0 0 0 0 0 0 0 0 0 0 0 0 0 0 0 0 0 0 0 0 0 0 0 0 1 1 1 1 1 1 1 1 1 1 1 1 1 1 1 1 1 1 1 1
C-001411,001411,Crash-1500/001411.mp4,CCD,official,train,10,50,5.0,1,47,4.7,10.0,Night,Snowy,Yes,0 0 0 0 0 0 0 0 0 0 0 0 0 0 0 0 0 0 0 0 0 0 0 0 0 0 0 0 0 0 0 0 0 0 0 0 0 0 0 0 0 0 0 0 0 0 0 1 1 1
C-001412,001412,Crash-1500/001412.mp4,CCD,official,train,10,50,5.0,1,35,3.5,10.0,Day,Normal,Yes,0 0 0 0 0 0 0 0 0 0 0 0 0 0 0 0 0 0 0 0 0 0 0 0 0 0 0 0 0 0 0 0 0 0 0 1 1 1 1 1 1 1 1 1 1 1 1 1 1 1
C-001413,001413,Crash-1500/001413.mp4,CCD,official,test,10,50,5.0,1,39,3.9,10.0,Day,Normal,No,0 0 0 0 0 0 0 0 0 0 0 0 0 0 0 0 0 0 0 0 0 0 0 0 0 0 0 0 0 0 0 0 0 0 0 0 0 0 0 1 1 1 1 1 1 1 1 1 1 1
C-001414,001414,Crash-1500/001414.mp4,CCD,official,val,10,50,5.0,1,42,4.2,10.0,Day,Normal,No,0 0 0 0 0 0 0 0 0 0 0 0 0 0 0 0 0 0 0 0 0 0 0 0 0 0 0 0 0 0 0 0 0 0 0 0 0 0 0 0 0 0 1 1 1 1 1 1 1 1
C-001415,001415,Crash-1500/001415.mp4,CCD,official,train,10,50,5.0,1,37,3.7,10.0,Day,Snowy,Yes,0 0 0 0 0 0 0 0 0 0 0 0 0 0 0 0 0 0 0 0 0 0 0 0 0 0 0 0 0 0 0 0 0 0 0 0 0 1 1 1 1 1 1 1 1 1 1 1 1 1
C-001416,001416,Crash-1500/001416.mp4,CCD,official,train,10,50,5.0,1,46,4.6,10.0,Day,Normal,Yes,0 0 0 0 0 0 0 0 0 0 0 0 0 0 0 0 0 0 0 0 0 0 0 0 0 0 0 0 0 0 0 0 0 0 0 0 0 0 0 0 0 0 0 0 0 0 1 1 1 1
C-001417,001417,Crash-1500/001417.mp4,CCD,official,train,10,50,5.0,1,30,3.0,10.0,Day,Snowy,Yes,0 0 0 0 0 0 0 0 0 0 0 0 0 0 0 0 0 0 0 0 0 0 0 0 0 0 0 0 0 0 1 1 1 1 1 1 1 1 1 1 1 1 1 1 1 1 1 1 1 1
C-001418,001418,Crash-1500/001418.mp4,CCD,official,val,10,50,5.0,1,33,3.3,10.0,Day,Snowy,No,0 0 0 0 0 0 0 0 0 0 0 0 0 0 0 0 0 0 0 0 0 0 0 0 0 0 0 0 0 0 0 0 0 1 1 1 1 1 1 1 1 1 1 1 1 1 1 1 1 1
C-001419,001419,Crash-1500/001419.mp4,CCD,official,train,10,50,5.0,1,46,4.6,10.0,Day,Normal,No,0 0 0 0 0 0 0 0 0 0 0 0 0 0 0 0 0 0 0 0 0 0 0 0 0 0 0 0 0 0 0 0 0 0 0 0 0 0 0 0 0 0 0 0 0 0 1 1 1 1
C-001420,001420,Crash-1500/001420.mp4,CCD,official,test,10,50,5.0,1,35,3.5,10.0,Day,Rainy,No,0 0 0 0 0 0 0 0 0 0 0 0 0 0 0 0 0 0 0 0 0 0 0 0 0 0 0 0 0 0 0 0 0 0 0 1 1 1 1 1 1 1 1 1 1 1 1 1 1 1
C-001421,001421,Crash-1500/001421.mp4,CCD,official,test,10,50,5.0,1,43,4.3,10.0,Day,Normal,No,0 0 0 0 0 0 0 0 0 0 0 0 0 0 0 0 0 0 0 0 0 0 0 0 0 0 0 0 0 0 0 0 0 0 0 0 0 0 0 0 0 0 0 1 1 1 1 1 1 1
C-001422,001422,Crash-1500/001422.mp4,CCD,official,test,10,50,5.0,1,44,4.4,10.0,Day,Snowy,Yes,0 0 0 0 0 0 0 0 0 0 0 0 0 0 0 0 0 0 0 0 0 0 0 0 0 0 0 0 0 0 0 0 0 0 0 0 0 0 0 0 0 0 0 0 1 1 1 1 1 1
C-001423,001423,Crash-1500/001423.mp4,CCD,official,test,10,50,5.0,1,44,4.4,10.0,Day,Normal,Yes,0 0 0 0 0 0 0 0 0 0 0 0 0 0 0 0 0 0 0 0 0 0 0 0 0 0 0 0 0 0 0 0 0 0 0 0 0 0 0 0 0 0 0 0 1 1 1 1 1 1
C-001424,001424,Crash-1500/001424.mp4,CCD,official,val,10,50,5.0,1,34,3.4,10.0,Day,Normal,Yes,0 0 0 0 0 0 0 0 0 0 0 0 0 0 0 0 0 0 0 0 0 0 0 0 0 0 0 0 0 0 0 0 0 0 1 1 1 1 1 1 1 1 1 1 1 1 1 1 1 1
C-001425,001425,Crash-1500/001425.mp4,CCD,official,test,10,50,5.0,1,46,4.6,10.0,Day,Normal,No,0 0 0 0 0 0 0 0 0 0 0 0 0 0 0 0 0 0 0 0 0 0 0 0 0 0 0 0 0 0 0 0 0 0 0 0 0 0 0 0 0 0 0 0 0 0 1 1 1 1
C-001426,001426,Crash-1500/001426.mp4,CCD,official,train,10,50,5.0,1,36,3.6,10.0,Day,Normal,No,0 0 0 0 0 0 0 0 0 0 0 0 0 0 0 0 0 0 0 0 0 0 0 0 0 0 0 0 0 0 0 0 0 0 0 0 1 1 1 1 1 1 1 1 1 1 1 1 1 1
C-001427,001427,Crash-1500/001427.mp4,CCD,official,train,10,50,5.0,1,30,3.0,10.0,Day,Rainy,Yes,0 0 0 0 0 0 0 0 0 0 0 0 0 0 0 0 0 0 0 0 0 0 0 0 0 0 0 0 0 0 1 1 1 1 1 1 1 1 1 1 1 1 1 1 1 1 1 1 1 1
C-001428,001428,Crash-1500/001428.mp4,CCD,official,train,10,50,5.0,1,37,3.7,10.0,Day,Normal,Yes,0 0 0 0 0 0 0 0 0 0 0 0 0 0 0 0 0 0 0 0 0 0 0 0 0 0 0 0 0 0 0 0 0 0 0 0 0 1 1 1 1 1 1 1 1 1 1 1 1 1
C-001429,001429,Crash-1500/001429.mp4,CCD,official,train,10,50,5.0,1,46,4.6,10.0,Day,Snowy,Yes,0 0 0 0 0 0 0 0 0 0 0 0 0 0 0 0 0 0 0 0 0 0 0 0 0 0 0 0 0 0 0 0 0 0 0 0 0 0 0 0 0 0 0 0 0 0 1 1 1 1
C-001430,001430,Crash-1500/001430.mp4,CCD,official,train,10,50,5.0,1,30,3.0,10.0,Day,Rainy,Yes,0 0 0 0 0 0 0 0 0 0 0 0 0 0 0 0 0 0 0 0 0 0 0 0 0 0 0 0 0 0 1 1 1 1 1 1 1 1 1 1 1 1 1 1 1 1 1 1 1 1
C-001431,001431,Crash-1500/001431.mp4,CCD,official,val,10,50,5.0,1,30,3.0,10.0,Day,Snowy,No,0 0 0 0 0 0 0 0 0 0 0 0 0 0 0 0 0 0 0 0 0 0 0 0 0 0 0 0 0 0 1 1 1 1 1 1 1 1 1 1 1 1 1 1 1 1 1 1 1 1
C-001432,001432,Crash-1500/001432.mp4,CCD,official,train,10,50,5.0,1,45,4.5,10.0,Day,Rainy,No,0 0 0 0 0 0 0 0 0 0 0 0 0 0 0 0 0 0 0 0 0 0 0 0 0 0 0 0 0 0 0 0 0 0 0 0 0 0 0 0 0 0 0 0 0 1 1 1 1 1
C-001433,001433,Crash-1500/001433.mp4,CCD,official,val,10,50,5.0,1,32,3.2,10.0,Day,Normal,No,0 0 0 0 0 0 0 0 0 0 0 0 0 0 0 0 0 0 0 0 0 0 0 0 0 0 0 0 0 0 0 0 1 1 1 1 1 1 1 1 1 1 1 1 1 1 1 1 1 1
C-001434,001434,Crash-1500/001434.mp4,CCD,official,test,10,50,5.0,1,33,3.3,10.0,Night,Normal,No,0 0 0 0 0 0 0 0 0 0 0 0 0 0 0 0 0 0 0 0 0 0 0 0 0 0 0 0 0 0 0 0 0 1 1 1 1 1 1 1 1 1 1 1 1 1 1 1 1 1
C-001435,001435,Crash-1500/001435.mp4,CCD,official,train,10,50,5.0,1,31,3.1,10.0,Day,Normal,No,0 0 0 0 0 0 0 0 0 0 0 0 0 0 0 0 0 0 0 0 0 0 0 0 0 0 0 0 0 0 0 1 1 1 1 1 1 1 1 1 1 1 1 1 1 1 1 1 1 1
C-001436,001436,Crash-1500/001436.mp4,CCD,official,train,10,50,5.0,1,36,3.6,10.0,Day,Snowy,No,0 0 0 0 0 0 0 0 0 0 0 0 0 0 0 0 0 0 0 0 0 0 0 0 0 0 0 0 0 0 0 0 0 0 0 0 1 1 1 1 1 1 1 1 1 1 1 1 1 1
C-001437,001437,Crash-1500/001437.mp4,CCD,official,test,10,50,5.0,1,36,3.6,10.0,Night,Normal,No,0 0 0 0 0 0 0 0 0 0 0 0 0 0 0 0 0 0 0 0 0 0 0 0 0 0 0 0 0 0 0 0 0 0 0 0 1 1 1 1 1 1 1 1 1 1 1 1 1 1
C-001438,001438,Crash-1500/001438.mp4,CCD,official,train,10,50,5.0,1,36,3.6,10.0,Day,Normal,No,0 0 0 0 0 0 0 0 0 0 0 0 0 0 0 0 0 0 0 0 0 0 0 0 0 0 0 0 0 0 0 0 0 0 0 0 1 1 1 1 1 1 1 1 1 1 1 1 1 1
C-001439,001439,Crash-1500/001439.mp4,CCD,official,test,10,50,5.0,1,39,3.9,10.0,Night,Snowy,Yes,0 0 0 0 0 0 0 0 0 0 0 0 0 0 0 0 0 0 0 0 0 0 0 0 0 0 0 0 0 0 0 0 0 0 0 0 0 0 0 1 1 1 1 1 1 1 1 1 1 1
C-001440,001440,Crash-1500/001440.mp4,CCD,official,train,10,50,5.0,1,35,3.5,10.0,Day,Normal,No,0 0 0 0 0 0 0 0 0 0 0 0 0 0 0 0 0 0 0 0 0 0 0 0 0 0 0 0 0 0 0 0 0 0 0 1 1 1 1 1 1 1 1 1 1 1 1 1 1 1
C-001441,001441,Crash-1500/001441.mp4,CCD,official,test,10,50,5.0,1,31,3.1,10.0,Day,Normal,Yes,0 0 0 0 0 0 0 0 0 0 0 0 0 0 0 0 0 0 0 0 0 0 0 0 0 0 0 0 0 0 0 1 1 1 1 1 1 1 1 1 1 1 1 1 1 1 1 1 1 1
C-001442,001442,Crash-1500/001442.mp4,CCD,official,test,10,50,5.0,1,46,4.6,10.0,Day,Normal,No,0 0 0 0 0 0 0 0 0 0 0 0 0 0 0 0 0 0 0 0 0 0 0 0 0 0 0 0 0 0 0 0 0 0 0 0 0 0 0 0 0 0 0 0 0 0 1 1 1 1
C-001443,001443,Crash-1500/001443.mp4,CCD,official,val,10,50,5.0,1,43,4.3,10.0,Day,Normal,No,0 0 0 0 0 0 0 0 0 0 0 0 0 0 0 0 0 0 0 0 0 0 0 0 0 0 0 0 0 0 0 0 0 0 0 0 0 0 0 0 0 0 0 1 1 1 1 1 1 1
C-001444,001444,Crash-1500/001444.mp4,CCD,official,train,10,50,5.0,1,30,3.0,10.0,Day,Normal,No,0 0 0 0 0 0 0 0 0 0 0 0 0 0 0 0 0 0 0 0 0 0 0 0 0 0 0 0 0 0 1 1 1 1 1 1 1 1 1 1 1 1 1 1 1 1 1 1 1 1
C-001445,001445,Crash-1500/001445.mp4,CCD,official,train,10,50,5.0,1,33,3.3,10.0,Day,Normal,Yes,0 0 0 0 0 0 0 0 0 0 0 0 0 0 0 0 0 0 0 0 0 0 0 0 0 0 0 0 0 0 0 0 0 1 1 1 1 1 1 1 1 1 1 1 1 1 1 1 1 1
C-001446,001446,Crash-1500/001446.mp4,CCD,official,test,10,50,5.0,1,48,4.8,10.0,Day,Snowy,Yes,0 0 0 0 0 0 0 0 0 0 0 0 0 0 0 0 0 0 0 0 0 0 0 0 0 0 0 0 0 0 0 0 0 0 0 0 0 0 0 0 0 0 0 0 0 0 0 0 1 1
C-001447,001447,Crash-1500/001447.mp4,CCD,official,train,10,50,5.0,1,41,4.1,10.0,Day,Snowy,No,0 0 0 0 0 0 0 0 0 0 0 0 0 0 0 0 0 0 0 0 0 0 0 0 0 0 0 0 0 0 0 0 0 0 0 0 0 0 0 0 0 1 1 1 1 1 1 1 1 1
C-001448,001448,Crash-1500/001448.mp4,CCD,official,train,10,50,5.0,1,39,3.9,10.0,Day,Snowy,No,0 0 0 0 0 0 0 0 0 0 0 0 0 0 0 0 0 0 0 0 0 0 0 0 0 0 0 0 0 0 0 0 0 0 0 0 0 0 0 1 1 1 1 1 1 1 1 1 1 1
C-001449,001449,Crash-1500/001449.mp4,CCD,official,train,10,50,5.0,1,37,3.7,10.0,Day,Normal,No,0 0 0 0 0 0 0 0 0 0 0 0 0 0 0 0 0 0 0 0 0 0 0 0 0 0 0 0 0 0 0 0 0 0 0 0 0 1 1 1 1 1 1 1 1 1 1 1 1 1
C-001450,001450,Crash-1500/001450.mp4,CCD,official,train,10,50,5.0,1,30,3.0,10.0,Day,Normal,No,0 0 0 0 0 0 0 0 0 0 0 0 0 0 0 0 0 0 0 0 0 0 0 0 0 0 0 0 0 0 1 1 1 1 1 1 1 1 1 1 1 1 1 1 1 1 1 1 1 1
C-001451,001451,Crash-1500/001451.mp4,CCD,official,train,10,50,5.0,1,46,4.6,10.0,Day,Snowy,No,0 0 0 0 0 0 0 0 0 0 0 0 0 0 0 0 0 0 0 0 0 0 0 0 0 0 0 0 0 0 0 0 0 0 0 0 0 0 0 0 0 0 0 0 0 0 1 1 1 1
C-001452,001452,Crash-1500/001452.mp4,CCD,official,test,10,50,5.0,1,32,3.2,10.0,Day,Normal,Yes,0 0 0 0 0 0 0 0 0 0 0 0 0 0 0 0 0 0 0 0 0 0 0 0 0 0 0 0 0 0 0 0 1 1 1 1 1 1 1 1 1 1 1 1 1 1 1 1 1 1
C-001453,001453,Crash-1500/001453.mp4,CCD,official,train,10,50,5.0,1,38,3.8,10.0,Day,Rainy,No,0 0 0 0 0 0 0 0 0 0 0 0 0 0 0 0 0 0 0 0 0 0 0 0 0 0 0 0 0 0 0 0 0 0 0 0 0 0 1 1 1 1 1 1 1 1 1 1 1 1
C-001454,001454,Crash-1500/001454.mp4,CCD,official,test,10,50,5.0,1,37,3.7,10.0,Day,Normal,Yes,0 0 0 0 0 0 0 0 0 0 0 0 0 0 0 0 0 0 0 0 0 0 0 0 0 0 0 0 0 0 0 0 0 0 0 0 0 1 1 1 1 1 1 1 1 1 1 1 1 1
C-001455,001455,Crash-1500/001455.mp4,CCD,official,train,10,50,5.0,1,35,3.5,10.0,Day,Snowy,Yes,0 0 0 0 0 0 0 0 0 0 0 0 0 0 0 0 0 0 0 0 0 0 0 0 0 0 0 0 0 0 0 0 0 0 0 1 1 1 1 1 1 1 1 1 1 1 1 1 1 1
C-001456,001456,Crash-1500/001456.mp4,CCD,official,train,10,50,5.0,1,32,3.2,10.0,Day,Normal,No,0 0 0 0 0 0 0 0 0 0 0 0 0 0 0 0 0 0 0 0 0 0 0 0 0 0 0 0 0 0 0 0 1 1 1 1 1 1 1 1 1 1 1 1 1 1 1 1 1 1
C-001457,001457,Crash-1500/001457.mp4,CCD,official,val,10,50,5.0,1,48,4.8,10.0,Day,Normal,No,0 0 0 0 0 0 0 0 0 0 0 0 0 0 0 0 0 0 0 0 0 0 0 0 0 0 0 0 0 0 0 0 0 0 0 0 0 0 0 0 0 0 0 0 0 0 0 0 1 1
C-001458,001458,Crash-1500/001458.mp4,CCD,official,test,10,50,5.0,1,43,4.3,10.0,Day,Normal,Yes,0 0 0 0 0 0 0 0 0 0 0 0 0 0 0 0 0 0 0 0 0 0 0 0 0 0 0 0 0 0 0 0 0 0 0 0 0 0 0 0 0 0 0 1 1 1 1 1 1 1
C-001459,001459,Crash-1500/001459.mp4,CCD,official,train,10,50,5.0,1,40,4.0,10.0,Day,Normal,Yes,0 0 0 0 0 0 0 0 0 0 0 0 0 0 0 0 0 0 0 0 0 0 0 0 0 0 0 0 0 0 0 0 0 0 0 0 0 0 0 0 1 1 1 1 1 1 1 1 1 1
C-001460,001460,Crash-1500/001460.mp4,CCD,official,val,10,50,5.0,1,33,3.3,10.0,Day,Normal,No,0 0 0 0 0 0 0 0 0 0 0 0 0 0 0 0 0 0 0 0 0 0 0 0 0 0 0 0 0 0 0 0 0 1 1 1 1 1 1 1 1 1 1 1 1 1 1 1 1 1
C-001461,001461,Crash-1500/001461.mp4,CCD,official,train,10,50,5.0,1,49,4.9,10.0,Day,Normal,Yes,0 0 0 0 0 0 0 0 0 0 0 0 0 0 0 0 0 0 0 0 0 0 0 0 0 0 0 0 0 0 0 0 0 0 0 0 0 0 0 0 0 0 0 0 0 0 0 0 0 1
C-001462,001462,Crash-1500/001462.mp4,CCD,official,test,10,50,5.0,1,49,4.9,10.0,Day,Snowy,No,0 0 0 0 0 0 0 0 0 0 0 0 0 0 0 0 0 0 0 0 0 0 0 0 0 0 0 0 0 0 0 0 0 0 0 0 0 0 0 0 0 0 0 0 0 0 0 0 0 1
C-001463,001463,Crash-1500/001463.mp4,CCD,official,train,10,50,5.0,1,30,3.0,10.0,Day,Normal,Yes,0 0 0 0 0 0 0 0 0 0 0 0 0 0 0 0 0 0 0 0 0 0 0 0 0 0 0 0 0 0 1 1 1 1 1 1 1 1 1 1 1 1 1 1 1 1 1 1 1 1
C-001464,001464,Crash-1500/001464.mp4,CCD,official,train,10,50,5.0,1,37,3.7,10.0,Night,Snowy,Yes,0 0 0 0 0 0 0 0 0 0 0 0 0 0 0 0 0 0 0 0 0 0 0 0 0 0 0 0 0 0 0 0 0 0 0 0 0 1 1 1 1 1 1 1 1 1 1 1 1 1
C-001465,001465,Crash-1500/001465.mp4,CCD,official,test,10,50,5.0,1,33,3.3,10.0,Day,Normal,No,0 0 0 0 0 0 0 0 0 0 0 0 0 0 0 0 0 0 0 0 0 0 0 0 0 0 0 0 0 0 0 0 0 1 1 1 1 1 1 1 1 1 1 1 1 1 1 1 1 1
C-001466,001466,Crash-1500/001466.mp4,CCD,official,train,10,50,5.0,1,30,3.0,10.0,Day,Normal,No,0 0 0 0 0 0 0 0 0 0 0 0 0 0 0 0 0 0 0 0 0 0 0 0 0 0 0 0 0 0 1 1 1 1 1 1 1 1 1 1 1 1 1 1 1 1 1 1 1 1
C-001467,001467,Crash-1500/001467.mp4,CCD,official,test,10,50,5.0,1,36,3.6,10.0,Day,Snowy,Yes,0 0 0 0 0 0 0 0 0 0 0 0 0 0 0 0 0 0 0 0 0 0 0 0 0 0 0 0 0 0 0 0 0 0 0 0 1 1 1 1 1 1 1 1 1 1 1 1 1 1
C-001468,001468,Crash-1500/001468.mp4,CCD,official,train,10,50,5.0,1,45,4.5,10.0,Day,Normal,No,0 0 0 0 0 0 0 0 0 0 0 0 0 0 0 0 0 0 0 0 0 0 0 0 0 0 0 0 0 0 0 0 0 0 0 0 0 0 0 0 0 0 0 0 0 1 1 1 1 1
C-001469,001469,Crash-1500/001469.mp4,CCD,official,train,10,50,5.0,1,35,3.5,10.0,Day,Snowy,Yes,0 0 0 0 0 0 0 0 0 0 0 0 0 0 0 0 0 0 0 0 0 0 0 0 0 0 0 0 0 0 0 0 0 0 0 1 1 1 1 1 1 1 1 1 1 1 1 1 1 1
C-001470,001470,Crash-1500/001470.mp4,CCD,official,train,10,50,5.0,1,41,4.1,10.0,Day,Rainy,Yes,0 0 0 0 0 0 0 0 0 0 0 0 0 0 0 0 0 0 0 0 0 0 0 0 0 0 0 0 0 0 0 0 0 0 0 0 0 0 0 0 0 1 1 1 1 1 1 1 1 1
C-001471,001471,Crash-1500/001471.mp4,CCD,official,val,10,50,5.0,1,30,3.0,10.0,Day,Normal,No,0 0 0 0 0 0 0 0 0 0 0 0 0 0 0 0 0 0 0 0 0 0 0 0 0 0 0 0 0 0 1 1 1 1 1 1 1 1 1 1 1 1 1 1 1 1 1 1 1 1
C-001472,001472,Crash-1500/001472.mp4,CCD,official,train,10,50,5.0,1,40,4.0,10.0,Day,Snowy,No,0 0 0 0 0 0 0 0 0 0 0 0 0 0 0 0 0 0 0 0 0 0 0 0 0 0 0 0 0 0 0 0 0 0 0 0 0 0 0 0 1 1 1 1 1 1 1 1 1 1
C-001473,001473,Crash-1500/001473.mp4,CCD,official,test,10,50,5.0,1,44,4.4,10.0,Day,Snowy,Yes,0 0 0 0 0 0 0 0 0 0 0 0 0 0 0 0 0 0 0 0 0 0 0 0 0 0 0 0 0 0 0 0 0 0 0 0 0 0 0 0 0 0 0 0 1 1 1 1 1 1
C-001474,001474,Crash-1500/001474.mp4,CCD,official,train,10,50,5.0,1,39,3.9,10.0,Day,Snowy,No,0 0 0 0 0 0 0 0 0 0 0 0 0 0 0 0 0 0 0 0 0 0 0 0 0 0 0 0 0 0 0 0 0 0 0 0 0 0 0 1 1 1 1 1 1 1 1 1 1 1
C-001475,001475,Crash-1500/001475.mp4,CCD,official,test,10,50,5.0,1,30,3.0,10.0,Day,Snowy,Yes,0 0 0 0 0 0 0 0 0 0 0 0 0 0 0 0 0 0 0 0 0 0 0 0 0 0 0 0 0 0 1 1 1 1 1 1 1 1 1 1 1 1 1 1 1 1 1 1 1 1
C-001476,001476,Crash-1500/001476.mp4,CCD,official,train,10,50,5.0,1,34,3.4,10.0,Day,Normal,Yes,0 0 0 0 0 0 0 0 0 0 0 0 0 0 0 0 0 0 0 0 0 0 0 0 0 0 0 0 0 0 0 0 0 0 1 1 1 1 1 1 1 1 1 1 1 1 1 1 1 1
C-001477,001477,Crash-1500/001477.mp4,CCD,official,train,10,50,5.0,1,31,3.1,10.0,Day,Snowy,Yes,0 0 0 0 0 0 0 0 0 0 0 0 0 0 0 0 0 0 0 0 0 0 0 0 0 0 0 0 0 0 0 1 1 1 1 1 1 1 1 1 1 1 1 1 1 1 1 1 1 1
C-001478,001478,Crash-1500/001478.mp4,CCD,official,test,10,50,5.0,1,49,4.9,10.0,Day,Snowy,Yes,0 0 0 0 0 0 0 0 0 0 0 0 0 0 0 0 0 0 0 0 0 0 0 0 0 0 0 0 0 0 0 0 0 0 0 0 0 0 0 0 0 0 0 0 0 0 0 0 0 1
C-001479,001479,Crash-1500/001479.mp4,CCD,official,train,10,50,5.0,1,30,3.0,10.0,Day,Snowy,Yes,0 0 0 0 0 0 0 0 0 0 0 0 0 0 0 0 0 0 0 0 0 0 0 0 0 0 0 0 0 0 1 1 1 1 1 1 1 1 1 1 1 1 1 1 1 1 1 1 1 1
C-001480,001480,Crash-1500/001480.mp4,CCD,official,train,10,50,5.0,1,45,4.5,10.0,Day,Snowy,No,0 0 0 0 0 0 0 0 0 0 0 0 0 0 0 0 0 0 0 0 0 0 0 0 0 0 0 0 0 0 0 0 0 0 0 0 0 0 0 0 0 0 0 0 0 1 1 1 1 1
C-001481,001481,Crash-1500/001481.mp4,CCD,official,train,10,50,5.0,1,33,3.3,10.0,Day,Snowy,Yes,0 0 0 0 0 0 0 0 0 0 0 0 0 0 0 0 0 0 0 0 0 0 0 0 0 0 0 0 0 0 0 0 0 1 1 1 1 1 1 1 1 1 1 1 1 1 1 1 1 1
C-001482,001482,Crash-1500/001482.mp4,CCD,official,train,10,50,5.0,1,38,3.8,10.0,Day,Normal,No,0 0 0 0 0 0 0 0 0 0 0 0 0 0 0 0 0 0 0 0 0 0 0 0 0 0 0 0 0 0 0 0 0 0 0 0 0 0 1 1 1 1 1 1 1 1 1 1 1 1
C-001483,001483,Crash-1500/001483.mp4,CCD,official,train,10,50,5.0,1,41,4.1,10.0,Day,Normal,No,0 0 0 0 0 0 0 0 0 0 0 0 0 0 0 0 0 0 0 0 0 0 0 0 0 0 0 0 0 0 0 0 0 0 0 0 0 0 0 0 0 1 1 1 1 1 1 1 1 1
C-001484,001484,Crash-1500/001484.mp4,CCD,official,test,10,50,5.0,1,45,4.5,10.0,Day,Normal,No,0 0 0 0 0 0 0 0 0 0 0 0 0 0 0 0 0 0 0 0 0 0 0 0 0 0 0 0 0 0 0 0 0 0 0 0 0 0 0 0 0 0 0 0 0 1 1 1 1 1
C-001485,001485,Crash-1500/001485.mp4,CCD,official,train,10,50,5.0,1,41,4.1,10.0,Night,Normal,Yes,0 0 0 0 0 0 0 0 0 0 0 0 0 0 0 0 0 0 0 0 0 0 0 0 0 0 0 0 0 0 0 0 0 0 0 0 0 0 0 0 0 1 1 1 1 1 1 1 1 1
C-001486,001486,Crash-1500/001486.mp4,CCD,official,train,10,50,5.0,1,37,3.7,10.0,Day,Snowy,Yes,0 0 0 0 0 0 0 0 0 0 0 0 0 0 0 0 0 0 0 0 0 0 0 0 0 0 0 0 0 0 0 0 0 0 0 0 0 1 1 1 1 1 1 1 1 1 1 1 1 1
C-001487,001487,Crash-1500/001487.mp4,CCD,official,val,10,50,5.0,1,48,4.8,10.0,Day,Snowy,No,0 0 0 0 0 0 0 0 0 0 0 0 0 0 0 0 0 0 0 0 0 0 0 0 0 0 0 0 0 0 0 0 0 0 0 0 0 0 0 0 0 0 0 0 0 0 0 0 1 1
C-001488,001488,Crash-1500/001488.mp4,CCD,official,test,10,50,5.0,1,34,3.4,10.0,Day,Snowy,No,0 0 0 0 0 0 0 0 0 0 0 0 0 0 0 0 0 0 0 0 0 0 0 0 0 0 0 0 0 0 0 0 0 0 1 1 1 1 1 1 1 1 1 1 1 1 1 1 1 1
C-001489,001489,Crash-1500/001489.mp4,CCD,official,train,10,50,5.0,1,37,3.7,10.0,Day,Normal,Yes,0 0 0 0 0 0 0 0 0 0 0 0 0 0 0 0 0 0 0 0 0 0 0 0 0 0 0 0 0 0 0 0 0 0 0 0 0 1 1 1 1 1 1 1 1 1 1 1 1 1
C-001490,001490,Crash-1500/001490.mp4,CCD,official,train,10,50,5.0,1,33,3.3,10.0,Day,Normal,No,0 0 0 0 0 0 0 0 0 0 0 0 0 0 0 0 0 0 0 0 0 0 0 0 0 0 0 0 0 0 0 0 0 1 1 1 1 1 1 1 1 1 1 1 1 1 1 1 1 1
C-001491,001491,Crash-1500/001491.mp4,CCD,official,train,10,50,5.0,1,37,3.7,10.0,Day,Snowy,No,0 0 0 0 0 0 0 0 0 0 0 0 0 0 0 0 0 0 0 0 0 0 0 0 0 0 0 0 0 0 0 0 0 0 0 0 0 1 1 1 1 1 1 1 1 1 1 1 1 1
C-001492,001492,Crash-1500/001492.mp4,CCD,official,train,10,50,5.0,1,38,3.8,10.0,Day,Snowy,Yes,0 0 0 0 0 0 0 0 0 0 0 0 0 0 0 0 0 0 0 0 0 0 0 0 0 0 0 0 0 0 0 0 0 0 0 0 0 0 1 1 1 1 1 1 1 1 1 1 1 1
C-001493,001493,Crash-1500/001493.mp4,CCD,official,train,10,50,5.0,1,32,3.2,10.0,Day,Snowy,No,0 0 0 0 0 0 0 0 0 0 0 0 0 0 0 0 0 0 0 0 0 0 0 0 0 0 0 0 0 0 0 0 1 1 1 1 1 1 1 1 1 1 1 1 1 1 1 1 1 1
C-001494,001494,Crash-1500/001494.mp4,CCD,official,train,10,50,5.0,1,47,4.7,10.0,Day,Snowy,Yes,0 0 0 0 0 0 0 0 0 0 0 0 0 0 0 0 0 0 0 0 0 0 0 0 0 0 0 0 0 0 0 0 0 0 0 0 0 0 0 0 0 0 0 0 0 0 0 1 1 1
C-001495,001495,Crash-1500/001495.mp4,CCD,official,train,10,50,5.0,1,35,3.5,10.0,Day,Normal,Yes,0 0 0 0 0 0 0 0 0 0 0 0 0 0 0 0 0 0 0 0 0 0 0 0 0 0 0 0 0 0 0 0 0 0 0 1 1 1 1 1 1 1 1 1 1 1 1 1 1 1
C-001496,001496,Crash-1500/001496.mp4,CCD,official,train,10,50,5.0,1,45,4.5,10.0,Day,Snowy,Yes,0 0 0 0 0 0 0 0 0 0 0 0 0 0 0 0 0 0 0 0 0 0 0 0 0 0 0 0 0 0 0 0 0 0 0 0 0 0 0 0 0 0 0 0 0 1 1 1 1 1
C-001497,001497,Crash-1500/001497.mp4,CCD,official,train,10,50,5.0,1,48,4.8,10.0,Day,Normal,Yes,0 0 0 0 0 0 0 0 0 0 0 0 0 0 0 0 0 0 0 0 0 0 0 0 0 0 0 0 0 0 0 0 0 0 0 0 0 0 0 0 0 0 0 0 0 0 0 0 1 1
C-001498,001498,Crash-1500/001498.mp4,CCD,official,train,10,50,5.0,1,47,4.7,10.0,Day,Snowy,Yes,0 0 0 0 0 0 0 0 0 0 0 0 0 0 0 0 0 0 0 0 0 0 0 0 0 0 0 0 0 0 0 0 0 0 0 0 0 0 0 0 0 0 0 0 0 0 0 1 1 1
C-001499,001499,Crash-1500/001499.mp4,CCD,official,val,10,50,5.0,1,45,4.5,10.0,Day,Snowy,No,0 0 0 0 0 0 0 0 0 0 0 0 0 0 0 0 0 0 0 0 0 0 0 0 0 0 0 0 0 0 0 0 0 0 0 0 0 0 0 0 0 0 0 0 0 1 1 1 1 1
C-001500,001500,Crash-1500/001500.mp4,CCD,official,train,10,50,5.0,1,45,4.5,10.0,Day,Normal,Yes,0 0 0 0 0 0 0 0 0 0 0 0 0 0 0 0 0 0 0 0 0 0 0 0 0 0 0 0 0 0 0 0 0 0 0 0 0 0 0 0 0 0 0 0 0 1 1 1 1 1
N-000001,000001,Normal/000001.mp4,CCD,official,train,,,,0,,,10.0,,,,0 0 0 0 0 0 0 0 0 0 0 0 0 0 0 0 0 0 0 0 0 0 0 0 0 0 0 0 0 0 0 0 0 0 0 0 0 0 0 0 0 0 0 0 0 0 0 0 0 0
N-000002,000002,Normal/000002.mp4,CCD,official,train,,,,0,,,10.0,,,,0 0 0 0 0 0 0 0 0 0 0 0 0 0 0 0 0 0 0 0 0 0 0 0 0 0 0 0 0 0 0 0 0 0 0 0 0 0 0 0 0 0 0 0 0 0 0 0 0 0
N-000003,000003,Normal/000003.mp4,CCD,official,train,,,,0,,,10.0,,,,0 0 0 0 0 0 0 0 0 0 0 0 0 0 0 0 0 0 0 0 0 0 0 0 0 0 0 0 0 0 0 0 0 0 0 0 0 0 0 0 0 0 0 0 0 0 0 0 0 0
N-000004,000004,Normal/000004.mp4,CCD,official,test,,,,0,,,10.0,,,,0 0 0 0 0 0 0 0 0 0 0 0 0 0 0 0 0 0 0 0 0 0 0 0 0 0 0 0 0 0 0 0 0 0 0 0 0 0 0 0 0 0 0 0 0 0 0 0 0 0
N-000005,000005,Normal/000005.mp4,CCD,official,train,,,,0,,,10.0,,,,0 0 0 0 0 0 0 0 0 0 0 0 0 0 0 0 0 0 0 0 0 0 0 0 0 0 0 0 0 0 0 0 0 0 0 0 0 0 0 0 0 0 0 0 0 0 0 0 0 0
N-000006,000006,Normal/000006.mp4,CCD,official,train,,,,0,,,10.0,,,,0 0 0 0 0 0 0 0 0 0 0 0 0 0 0 0 0 0 0 0 0 0 0 0 0 0 0 0 0 0 0 0 0 0 0 0 0 0 0 0 0 0 0 0 0 0 0 0 0 0
N-000007,000007,Normal/000007.mp4,CCD,official,train,,,,0,,,10.0,,,,0 0 0 0 0 0 0 0 0 0 0 0 0 0 0 0 0 0 0 0 0 0 0 0 0 0 0 0 0 0 0 0 0 0 0 0 0 0 0 0 0 0 0 0 0 0 0 0 0 0
N-000008,000008,Normal/000008.mp4,CCD,official,train,,,,0,,,10.0,,,,0 0 0 0 0 0 0 0 0 0 0 0 0 0 0 0 0 0 0 0 0 0 0 0 0 0 0 0 0 0 0 0 0 0 0 0 0 0 0 0 0 0 0 0 0 0 0 0 0 0
N-000009,000009,Normal/000009.mp4,CCD,official,train,,,,0,,,10.0,,,,0 0 0 0 0 0 0 0 0 0 0 0 0 0 0 0 0 0 0 0 0 0 0 0 0 0 0 0 0 0 0 0 0 0 0 0 0 0 0 0 0 0 0 0 0 0 0 0 0 0
N-000010,000010,Normal/000010.mp4,CCD,official,test,,,,0,,,10.0,,,,0 0 0 0 0 0 0 0 0 0 0 0 0 0 0 0 0 0 0 0 0 0 0 0 0 0 0 0 0 0 0 0 0 0 0 0 0 0 0 0 0 0 0 0 0 0 0 0 0 0
N-000011,000011,Normal/000011.mp4,CCD,official,train,,,,0,,,10.0,,,,0 0 0 0 0 0 0 0 0 0 0 0 0 0 0 0 0 0 0 0 0 0 0 0 0 0 0 0 0 0 0 0 0 0 0 0 0 0 0 0 0 0 0 0 0 0 0 0 0 0
N-000012,000012,Normal/000012.mp4,CCD,official,train,,,,0,,,10.0,,,,0 0 0 0 0 0 0 0 0 0 0 0 0 0 0 0 0 0 0 0 0 0 0 0 0 0 0 0 0 0 0 0 0 0 0 0 0 0 0 0 0 0 0 0 0 0 0 0 0 0
N-000013,000013,Normal/000013.mp4,CCD,official,train,,,,0,,,10.0,,,,0 0 0 0 0 0 0 0 0 0 0 0 0 0 0 0 0 0 0 0 0 0 0 0 0 0 0 0 0 0 0 0 0 0 0 0 0 0 0 0 0 0 0 0 0 0 0 0 0 0
N-000014,000014,Normal/000014.mp4,CCD,official,train,,,,0,,,10.0,,,,0 0 0 0 0 0 0 0 0 0 0 0 0 0 0 0 0 0 0 0 0 0 0 0 0 0 0 0 0 0 0 0 0 0 0 0 0 0 0 0 0 0 0 0 0 0 0 0 0 0
N-000015,000015,Normal/000015.mp4,CCD,official,val,,,,0,,,10.0,,,,0 0 0 0 0 0 0 0 0 0 0 0 0 0 0 0 0 0 0 0 0 0 0 0 0 0 0 0 0 0 0 0 0 0 0 0 0 0 0 0 0 0 0 0 0 0 0 0 0 0
N-000016,000016,Normal/000016.mp4,CCD,official,train,,,,0,,,10.0,,,,0 0 0 0 0 0 0 0 0 0 0 0 0 0 0 0 0 0 0 0 0 0 0 0 0 0 0 0 0 0 0 0 0 0 0 0 0 0 0 0 0 0 0 0 0 0 0 0 0 0
N-000017,000017,Normal/000017.mp4,CCD,official,test,,,,0,,,10.0,,,,0 0 0 0 0 0 0 0 0 0 0 0 0 0 0 0 0 0 0 0 0 0 0 0 0 0 0 0 0 0 0 0 0 0 0 0 0 0 0 0 0 0 0 0 0 0 0 0 0 0
N-000018,000018,Normal/000018.mp4,CCD,official,test,,,,0,,,10.0,,,,0 0 0 0 0 0 0 0 0 0 0 0 0 0 0 0 0 0 0 0 0 0 0 0 0 0 0 0 0 0 0 0 0 0 0 0 0 0 0 0 0 0 0 0 0 0 0 0 0 0
N-000019,000019,Normal/000019.mp4,CCD,official,train,,,,0,,,10.0,,,,0 0 0 0 0 0 0 0 0 0 0 0 0 0 0 0 0 0 0 0 0 0 0 0 0 0 0 0 0 0 0 0 0 0 0 0 0 0 0 0 0 0 0 0 0 0 0 0 0 0
N-000020,000020,Normal/000020.mp4,CCD,official,train,,,,0,,,10.0,,,,0 0 0 0 0 0 0 0 0 0 0 0 0 0 0 0 0 0 0 0 0 0 0 0 0 0 0 0 0 0 0 0 0 0 0 0 0 0 0 0 0 0 0 0 0 0 0 0 0 0
N-000021,000021,Normal/000021.mp4,CCD,official,test,,,,0,,,10.0,,,,0 0 0 0 0 0 0 0 0 0 0 0 0 0 0 0 0 0 0 0 0 0 0 0 0 0 0 0 0 0 0 0 0 0 0 0 0 0 0 0 0 0 0 0 0 0 0 0 0 0
N-000022,000022,Normal/000022.mp4,CCD,official,train,,,,0,,,10.0,,,,0 0 0 0 0 0 0 0 0 0 0 0 0 0 0 0 0 0 0 0 0 0 0 0 0 0 0 0 0 0 0 0 0 0 0 0 0 0 0 0 0 0 0 0 0 0 0 0 0 0
N-000023,000023,Normal/000023.mp4,CCD,official,train,,,,0,,,10.0,,,,0 0 0 0 0 0 0 0 0 0 0 0 0 0 0 0 0 0 0 0 0 0 0 0 0 0 0 0 0 0 0 0 0 0 0 0 0 0 0 0 0 0 0 0 0 0 0 0 0 0
N-000024,000024,Normal/000024.mp4,CCD,official,train,,,,0,,,10.0,,,,0 0 0 0 0 0 0 0 0 0 0 0 0 0 0 0 0 0 0 0 0 0 0 0 0 0 0 0 0 0 0 0 0 0 0 0 0 0 0 0 0 0 0 0 0 0 0 0 0 0
N-000025,000025,Normal/000025.mp4,CCD,official,train,,,,0,,,10.0,,,,0 0 0 0 0 0 0 0 0 0 0 0 0 0 0 0 0 0 0 0 0 0 0 0 0 0 0 0 0 0 0 0 0 0 0 0 0 0 0 0 0 0 0 0 0 0 0 0 0 0
N-000026,000026,Normal/000026.mp4,CCD,official,val,,,,0,,,10.0,,,,0 0 0 0 0 0 0 0 0 0 0 0 0 0 0 0 0 0 0 0 0 0 0 0 0 0 0 0 0 0 0 0 0 0 0 0 0 0 0 0 0 0 0 0 0 0 0 0 0 0
N-000027,000027,Normal/000027.mp4,CCD,official,train,,,,0,,,10.0,,,,0 0 0 0 0 0 0 0 0 0 0 0 0 0 0 0 0 0 0 0 0 0 0 0 0 0 0 0 0 0 0 0 0 0 0 0 0 0 0 0 0 0 0 0 0 0 0 0 0 0
N-000028,000028,Normal/000028.mp4,CCD,official,train,,,,0,,,10.0,,,,0 0 0 0 0 0 0 0 0 0 0 0 0 0 0 0 0 0 0 0 0 0 0 0 0 0 0 0 0 0 0 0 0 0 0 0 0 0 0 0 0 0 0 0 0 0 0 0 0 0
N-000029,000029,Normal/000029.mp4,CCD,official,val,,,,0,,,10.0,,,,0 0 0 0 0 0 0 0 0 0 0 0 0 0 0 0 0 0 0 0 0 0 0 0 0 0 0 0 0 0 0 0 0 0 0 0 0 0 0 0 0 0 0 0 0 0 0 0 0 0
N-000030,000030,Normal/000030.mp4,CCD,official,val,,,,0,,,10.0,,,,0 0 0 0 0 0 0 0 0 0 0 0 0 0 0 0 0 0 0 0 0 0 0 0 0 0 0 0 0 0 0 0 0 0 0 0 0 0 0 0 0 0 0 0 0 0 0 0 0 0
N-000031,000031,Normal/000031.mp4,CCD,official,val,,,,0,,,10.0,,,,0 0 0 0 0 0 0 0 0 0 0 0 0 0 0 0 0 0 0 0 0 0 0 0 0 0 0 0 0 0 0 0 0 0 0 0 0 0 0 0 0 0 0 0 0 0 0 0 0 0
N-000032,000032,Normal/000032.mp4,CCD,official,train,,,,0,,,10.0,,,,0 0 0 0 0 0 0 0 0 0 0 0 0 0 0 0 0 0 0 0 0 0 0 0 0 0 0 0 0 0 0 0 0 0 0 0 0 0 0 0 0 0 0 0 0 0 0 0 0 0
N-000033,000033,Normal/000033.mp4,CCD,official,train,,,,0,,,10.0,,,,0 0 0 0 0 0 0 0 0 0 0 0 0 0 0 0 0 0 0 0 0 0 0 0 0 0 0 0 0 0 0 0 0 0 0 0 0 0 0 0 0 0 0 0 0 0 0 0 0 0
N-000034,000034,Normal/000034.mp4,CCD,official,val,,,,0,,,10.0,,,,0 0 0 0 0 0 0 0 0 0 0 0 0 0 0 0 0 0 0 0 0 0 0 0 0 0 0 0 0 0 0 0 0 0 0 0 0 0 0 0 0 0 0 0 0 0 0 0 0 0
N-000035,000035,Normal/000035.mp4,CCD,official,train,,,,0,,,10.0,,,,0 0 0 0 0 0 0 0 0 0 0 0 0 0 0 0 0 0 0 0 0 0 0 0 0 0 0 0 0 0 0 0 0 0 0 0 0 0 0 0 0 0 0 0 0 0 0 0 0 0
N-000036,000036,Normal/000036.mp4,CCD,official,train,,,,0,,,10.0,,,,0 0 0 0 0 0 0 0 0 0 0 0 0 0 0 0 0 0 0 0 0 0 0 0 0 0 0 0 0 0 0 0 0 0 0 0 0 0 0 0 0 0 0 0 0 0 0 0 0 0
N-000037,000037,Normal/000037.mp4,CCD,official,train,,,,0,,,10.0,,,,0 0 0 0 0 0 0 0 0 0 0 0 0 0 0 0 0 0 0 0 0 0 0 0 0 0 0 0 0 0 0 0 0 0 0 0 0 0 0 0 0 0 0 0 0 0 0 0 0 0
N-000038,000038,Normal/000038.mp4,CCD,official,val,,,,0,,,10.0,,,,0 0 0 0 0 0 0 0 0 0 0 0 0 0 0 0 0 0 0 0 0 0 0 0 0 0 0 0 0 0 0 0 0 0 0 0 0 0 0 0 0 0 0 0 0 0 0 0 0 0
N-000039,000039,Normal/000039.mp4,CCD,official,train,,,,0,,,10.0,,,,0 0 0 0 0 0 0 0 0 0 0 0 0 0 0 0 0 0 0 0 0 0 0 0 0 0 0 0 0 0 0 0 0 0 0 0 0 0 0 0 0 0 0 0 0 0 0 0 0 0
N-000040,000040,Normal/000040.mp4,CCD,official,train,,,,0,,,10.0,,,,0 0 0 0 0 0 0 0 0 0 0 0 0 0 0 0 0 0 0 0 0 0 0 0 0 0 0 0 0 0 0 0 0 0 0 0 0 0 0 0 0 0 0 0 0 0 0 0 0 0
N-000041,000041,Normal/000041.mp4,CCD,official,train,,,,0,,,10.0,,,,0 0 0 0 0 0 0 0 0 0 0 0 0 0 0 0 0 0 0 0 0 0 0 0 0 0 0 0 0 0 0 0 0 0 0 0 0 0 0 0 0 0 0 0 0 0 0 0 0 0
N-000042,000042,Normal/000042.mp4,CCD,official,train,,,,0,,,10.0,,,,0 0 0 0 0 0 0 0 0 0 0 0 0 0 0 0 0 0 0 0 0 0 0 0 0 0 0 0 0 0 0 0 0 0 0 0 0 0 0 0 0 0 0 0 0 0 0 0 0 0
N-000043,000043,Normal/000043.mp4,CCD,official,train,,,,0,,,10.0,,,,0 0 0 0 0 0 0 0 0 0 0 0 0 0 0 0 0 0 0 0 0 0 0 0 0 0 0 0 0 0 0 0 0 0 0 0 0 0 0 0 0 0 0 0 0 0 0 0 0 0
N-000044,000044,Normal/000044.mp4,CCD,official,train,,,,0,,,10.0,,,,0 0 0 0 0 0 0 0 0 0 0 0 0 0 0 0 0 0 0 0 0 0 0 0 0 0 0 0 0 0 0 0 0 0 0 0 0 0 0 0 0 0 0 0 0 0 0 0 0 0
N-000045,000045,Normal/000045.mp4,CCD,official,train,,,,0,,,10.0,,,,0 0 0 0 0 0 0 0 0 0 0 0 0 0 0 0 0 0 0 0 0 0 0 0 0 0 0 0 0 0 0 0 0 0 0 0 0 0 0 0 0 0 0 0 0 0 0 0 0 0
N-000046,000046,Normal/000046.mp4,CCD,official,train,,,,0,,,10.0,,,,0 0 0 0 0 0 0 0 0 0 0 0 0 0 0 0 0 0 0 0 0 0 0 0 0 0 0 0 0 0 0 0 0 0 0 0 0 0 0 0 0 0 0 0 0 0 0 0 0 0
N-000047,000047,Normal/000047.mp4,CCD,official,test,,,,0,,,10.0,,,,0 0 0 0 0 0 0 0 0 0 0 0 0 0 0 0 0 0 0 0 0 0 0 0 0 0 0 0 0 0 0 0 0 0 0 0 0 0 0 0 0 0 0 0 0 0 0 0 0 0
N-000048,000048,Normal/000048.mp4,CCD,official,train,,,,0,,,10.0,,,,0 0 0 0 0 0 0 0 0 0 0 0 0 0 0 0 0 0 0 0 0 0 0 0 0 0 0 0 0 0 0 0 0 0 0 0 0 0 0 0 0 0 0 0 0 0 0 0 0 0
N-000049,000049,Normal/000049.mp4,CCD,official,train,,,,0,,,10.0,,,,0 0 0 0 0 0 0 0 0 0 0 0 0 0 0 0 0 0 0 0 0 0 0 0 0 0 0 0 0 0 0 0 0 0 0 0 0 0 0 0 0 0 0 0 0 0 0 0 0 0
N-000050,000050,Normal/000050.mp4,CCD,official,test,,,,0,,,10.0,,,,0 0 0 0 0 0 0 0 0 0 0 0 0 0 0 0 0 0 0 0 0 0 0 0 0 0 0 0 0 0 0 0 0 0 0 0 0 0 0 0 0 0 0 0 0 0 0 0 0 0
N-000051,000051,Normal/000051.mp4,CCD,official,train,,,,0,,,10.0,,,,0 0 0 0 0 0 0 0 0 0 0 0 0 0 0 0 0 0 0 0 0 0 0 0 0 0 0 0 0 0 0 0 0 0 0 0 0 0 0 0 0 0 0 0 0 0 0 0 0 0
N-000052,000052,Normal/000052.mp4,CCD,official,test,,,,0,,,10.0,,,,0 0 0 0 0 0 0 0 0 0 0 0 0 0 0 0 0 0 0 0 0 0 0 0 0 0 0 0 0 0 0 0 0 0 0 0 0 0 0 0 0 0 0 0 0 0 0 0 0 0
N-000053,000053,Normal/000053.mp4,CCD,official,train,,,,0,,,10.0,,,,0 0 0 0 0 0 0 0 0 0 0 0 0 0 0 0 0 0 0 0 0 0 0 0 0 0 0 0 0 0 0 0 0 0 0 0 0 0 0 0 0 0 0 0 0 0 0 0 0 0
N-000054,000054,Normal/000054.mp4,CCD,official,train,,,,0,,,10.0,,,,0 0 0 0 0 0 0 0 0 0 0 0 0 0 0 0 0 0 0 0 0 0 0 0 0 0 0 0 0 0 0 0 0 0 0 0 0 0 0 0 0 0 0 0 0 0 0 0 0 0
N-000055,000055,Normal/000055.mp4,CCD,official,train,,,,0,,,10.0,,,,0 0 0 0 0 0 0 0 0 0 0 0 0 0 0 0 0 0 0 0 0 0 0 0 0 0 0 0 0 0 0 0 0 0 0 0 0 0 0 0 0 0 0 0 0 0 0 0 0 0
N-000056,000056,Normal/000056.mp4,CCD,official,train,,,,0,,,10.0,,,,0 0 0 0 0 0 0 0 0 0 0 0 0 0 0 0 0 0 0 0 0 0 0 0 0 0 0 0 0 0 0 0 0 0 0 0 0 0 0 0 0 0 0 0 0 0 0 0 0 0
N-000057,000057,Normal/000057.mp4,CCD,official,train,,,,0,,,10.0,,,,0 0 0 0 0 0 0 0 0 0 0 0 0 0 0 0 0 0 0 0 0 0 0 0 0 0 0 0 0 0 0 0 0 0 0 0 0 0 0 0 0 0 0 0 0 0 0 0 0 0
N-000058,000058,Normal/000058.mp4,CCD,official,val,,,,0,,,10.0,,,,0 0 0 0 0 0 0 0 0 0 0 0 0 0 0 0 0 0 0 0 0 0 0 0 0 0 0 0 0 0 0 0 0 0 0 0 0 0 0 0 0 0 0 0 0 0 0 0 0 0
N-000059,000059,Normal/000059.mp4,CCD,official,train,,,,0,,,10.0,,,,0 0 0 0 0 0 0 0 0 0 0 0 0 0 0 0 0 0 0 0 0 0 0 0 0 0 0 0 0 0 0 0 0 0 0 0 0 0 0 0 0 0 0 0 0 0 0 0 0 0
N-000060,000060,Normal/000060.mp4,CCD,official,train,,,,0,,,10.0,,,,0 0 0 0 0 0 0 0 0 0 0 0 0 0 0 0 0 0 0 0 0 0 0 0 0 0 0 0 0 0 0 0 0 0 0 0 0 0 0 0 0 0 0 0 0 0 0 0 0 0
N-000061,000061,Normal/000061.mp4,CCD,official,val,,,,0,,,10.0,,,,0 0 0 0 0 0 0 0 0 0 0 0 0 0 0 0 0 0 0 0 0 0 0 0 0 0 0 0 0 0 0 0 0 0 0 0 0 0 0 0 0 0 0 0 0 0 0 0 0 0
N-000062,000062,Normal/000062.mp4,CCD,official,train,,,,0,,,10.0,,,,0 0 0 0 0 0 0 0 0 0 0 0 0 0 0 0 0 0 0 0 0 0 0 0 0 0 0 0 0 0 0 0 0 0 0 0 0 0 0 0 0 0 0 0 0 0 0 0 0 0
N-000063,000063,Normal/000063.mp4,CCD,official,train,,,,0,,,10.0,,,,0 0 0 0 0 0 0 0 0 0 0 0 0 0 0 0 0 0 0 0 0 0 0 0 0 0 0 0 0 0 0 0 0 0 0 0 0 0 0 0 0 0 0 0 0 0 0 0 0 0
N-000064,000064,Normal/000064.mp4,CCD,official,train,,,,0,,,10.0,,,,0 0 0 0 0 0 0 0 0 0 0 0 0 0 0 0 0 0 0 0 0 0 0 0 0 0 0 0 0 0 0 0 0 0 0 0 0 0 0 0 0 0 0 0 0 0 0 0 0 0
N-000065,000065,Normal/000065.mp4,CCD,official,train,,,,0,,,10.0,,,,0 0 0 0 0 0 0 0 0 0 0 0 0 0 0 0 0 0 0 0 0 0 0 0 0 0 0 0 0 0 0 0 0 0 0 0 0 0 0 0 0 0 0 0 0 0 0 0 0 0
N-000066,000066,Normal/000066.mp4,CCD,official,train,,,,0,,,10.0,,,,0 0 0 0 0 0 0 0 0 0 0 0 0 0 0 0 0 0 0 0 0 0 0 0 0 0 0 0 0 0 0 0 0 0 0 0 0 0 0 0 0 0 0 0 0 0 0 0 0 0
N-000067,000067,Normal/000067.mp4,CCD,official,train,,,,0,,,10.0,,,,0 0 0 0 0 0 0 0 0 0 0 0 0 0 0 0 0 0 0 0 0 0 0 0 0 0 0 0 0 0 0 0 0 0 0 0 0 0 0 0 0 0 0 0 0 0 0 0 0 0
N-000068,000068,Normal/000068.mp4,CCD,official,train,,,,0,,,10.0,,,,0 0 0 0 0 0 0 0 0 0 0 0 0 0 0 0 0 0 0 0 0 0 0 0 0 0 0 0 0 0 0 0 0 0 0 0 0 0 0 0 0 0 0 0 0 0 0 0 0 0
N-000069,000069,Normal/000069.mp4,CCD,official,train,,,,0,,,10.0,,,,0 0 0 0 0 0 0 0 0 0 0 0 0 0 0 0 0 0 0 0 0 0 0 0 0 0 0 0 0 0 0 0 0 0 0 0 0 0 0 0 0 0 0 0 0 0 0 0 0 0
N-000070,000070,Normal/000070.mp4,CCD,official,test,,,,0,,,10.0,,,,0 0 0 0 0 0 0 0 0 0 0 0 0 0 0 0 0 0 0 0 0 0 0 0 0 0 0 0 0 0 0 0 0 0 0 0 0 0 0 0 0 0 0 0 0 0 0 0 0 0
N-000071,000071,Normal/000071.mp4,CCD,official,train,,,,0,,,10.0,,,,0 0 0 0 0 0 0 0 0 0 0 0 0 0 0 0 0 0 0 0 0 0 0 0 0 0 0 0 0 0 0 0 0 0 0 0 0 0 0 0 0 0 0 0 0 0 0 0 0 0
N-000072,000072,Normal/000072.mp4,CCD,official,train,,,,0,,,10.0,,,,0 0 0 0 0 0 0 0 0 0 0 0 0 0 0 0 0 0 0 0 0 0 0 0 0 0 0 0 0 0 0 0 0 0 0 0 0 0 0 0 0 0 0 0 0 0 0 0 0 0
N-000073,000073,Normal/000073.mp4,CCD,official,train,,,,0,,,10.0,,,,0 0 0 0 0 0 0 0 0 0 0 0 0 0 0 0 0 0 0 0 0 0 0 0 0 0 0 0 0 0 0 0 0 0 0 0 0 0 0 0 0 0 0 0 0 0 0 0 0 0
N-000074,000074,Normal/000074.mp4,CCD,official,train,,,,0,,,10.0,,,,0 0 0 0 0 0 0 0 0 0 0 0 0 0 0 0 0 0 0 0 0 0 0 0 0 0 0 0 0 0 0 0 0 0 0 0 0 0 0 0 0 0 0 0 0 0 0 0 0 0
N-000075,000075,Normal/000075.mp4,CCD,official,train,,,,0,,,10.0,,,,0 0 0 0 0 0 0 0 0 0 0 0 0 0 0 0 0 0 0 0 0 0 0 0 0 0 0 0 0 0 0 0 0 0 0 0 0 0 0 0 0 0 0 0 0 0 0 0 0 0
N-000076,000076,Normal/000076.mp4,CCD,official,test,,,,0,,,10.0,,,,0 0 0 0 0 0 0 0 0 0 0 0 0 0 0 0 0 0 0 0 0 0 0 0 0 0 0 0 0 0 0 0 0 0 0 0 0 0 0 0 0 0 0 0 0 0 0 0 0 0
N-000077,000077,Normal/000077.mp4,CCD,official,train,,,,0,,,10.0,,,,0 0 0 0 0 0 0 0 0 0 0 0 0 0 0 0 0 0 0 0 0 0 0 0 0 0 0 0 0 0 0 0 0 0 0 0 0 0 0 0 0 0 0 0 0 0 0 0 0 0
N-000078,000078,Normal/000078.mp4,CCD,official,train,,,,0,,,10.0,,,,0 0 0 0 0 0 0 0 0 0 0 0 0 0 0 0 0 0 0 0 0 0 0 0 0 0 0 0 0 0 0 0 0 0 0 0 0 0 0 0 0 0 0 0 0 0 0 0 0 0
N-000079,000079,Normal/000079.mp4,CCD,official,train,,,,0,,,10.0,,,,0 0 0 0 0 0 0 0 0 0 0 0 0 0 0 0 0 0 0 0 0 0 0 0 0 0 0 0 0 0 0 0 0 0 0 0 0 0 0 0 0 0 0 0 0 0 0 0 0 0
N-000080,000080,Normal/000080.mp4,CCD,official,train,,,,0,,,10.0,,,,0 0 0 0 0 0 0 0 0 0 0 0 0 0 0 0 0 0 0 0 0 0 0 0 0 0 0 0 0 0 0 0 0 0 0 0 0 0 0 0 0 0 0 0 0 0 0 0 0 0
N-000081,000081,Normal/000081.mp4,CCD,official,train,,,,0,,,10.0,,,,0 0 0 0 0 0 0 0 0 0 0 0 0 0 0 0 0 0 0 0 0 0 0 0 0 0 0 0 0 0 0 0 0 0 0 0 0 0 0 0 0 0 0 0 0 0 0 0 0 0
N-000082,000082,Normal/000082.mp4,CCD,official,train,,,,0,,,10.0,,,,0 0 0 0 0 0 0 0 0 0 0 0 0 0 0 0 0 0 0 0 0 0 0 0 0 0 0 0 0 0 0 0 0 0 0 0 0 0 0 0 0 0 0 0 0 0 0 0 0 0
N-000083,000083,Normal/000083.mp4,CCD,official,train,,,,0,,,10.0,,,,0 0 0 0 0 0 0 0 0 0 0 0 0 0 0 0 0 0 0 0 0 0 0 0 0 0 0 0 0 0 0 0 0 0 0 0 0 0 0 0 0 0 0 0 0 0 0 0 0 0
N-000084,000084,Normal/000084.mp4,CCD,official,test,,,,0,,,10.0,,,,0 0 0 0 0 0 0 0 0 0 0 0 0 0 0 0 0 0 0 0 0 0 0 0 0 0 0 0 0 0 0 0 0 0 0 0 0 0 0 0 0 0 0 0 0 0 0 0 0 0
N-000085,000085,Normal/000085.mp4,CCD,official,val,,,,0,,,10.0,,,,0 0 0 0 0 0 0 0 0 0 0 0 0 0 0 0 0 0 0 0 0 0 0 0 0 0 0 0 0 0 0 0 0 0 0 0 0 0 0 0 0 0 0 0 0 0 0 0 0 0
N-000086,000086,Normal/000086.mp4,CCD,official,train,,,,0,,,10.0,,,,0 0 0 0 0 0 0 0 0 0 0 0 0 0 0 0 0 0 0 0 0 0 0 0 0 0 0 0 0 0 0 0 0 0 0 0 0 0 0 0 0 0 0 0 0 0 0 0 0 0
N-000087,000087,Normal/000087.mp4,CCD,official,val,,,,0,,,10.0,,,,0 0 0 0 0 0 0 0 0 0 0 0 0 0 0 0 0 0 0 0 0 0 0 0 0 0 0 0 0 0 0 0 0 0 0 0 0 0 0 0 0 0 0 0 0 0 0 0 0 0
N-000088,000088,Normal/000088.mp4,CCD,official,train,,,,0,,,10.0,,,,0 0 0 0 0 0 0 0 0 0 0 0 0 0 0 0 0 0 0 0 0 0 0 0 0 0 0 0 0 0 0 0 0 0 0 0 0 0 0 0 0 0 0 0 0 0 0 0 0 0
N-000089,000089,Normal/000089.mp4,CCD,official,train,,,,0,,,10.0,,,,0 0 0 0 0 0 0 0 0 0 0 0 0 0 0 0 0 0 0 0 0 0 0 0 0 0 0 0 0 0 0 0 0 0 0 0 0 0 0 0 0 0 0 0 0 0 0 0 0 0
N-000090,000090,Normal/000090.mp4,CCD,official,train,,,,0,,,10.0,,,,0 0 0 0 0 0 0 0 0 0 0 0 0 0 0 0 0 0 0 0 0 0 0 0 0 0 0 0 0 0 0 0 0 0 0 0 0 0 0 0 0 0 0 0 0 0 0 0 0 0
N-000091,000091,Normal/000091.mp4,CCD,official,test,,,,0,,,10.0,,,,0 0 0 0 0 0 0 0 0 0 0 0 0 0 0 0 0 0 0 0 0 0 0 0 0 0 0 0 0 0 0 0 0 0 0 0 0 0 0 0 0 0 0 0 0 0 0 0 0 0
N-000092,000092,Normal/000092.mp4,CCD,official,train,,,,0,,,10.0,,,,0 0 0 0 0 0 0 0 0 0 0 0 0 0 0 0 0 0 0 0 0 0 0 0 0 0 0 0 0 0 0 0 0 0 0 0 0 0 0 0 0 0 0 0 0 0 0 0 0 0
N-000093,000093,Normal/000093.mp4,CCD,official,train,,,,0,,,10.0,,,,0 0 0 0 0 0 0 0 0 0 0 0 0 0 0 0 0 0 0 0 0 0 0 0 0 0 0 0 0 0 0 0 0 0 0 0 0 0 0 0 0 0 0 0 0 0 0 0 0 0
N-000094,000094,Normal/000094.mp4,CCD,official,val,,,,0,,,10.0,,,,0 0 0 0 0 0 0 0 0 0 0 0 0 0 0 0 0 0 0 0 0 0 0 0 0 0 0 0 0 0 0 0 0 0 0 0 0 0 0 0 0 0 0 0 0 0 0 0 0 0
N-000095,000095,Normal/000095.mp4,CCD,official,train,,,,0,,,10.0,,,,0 0 0 0 0 0 0 0 0 0 0 0 0 0 0 0 0 0 0 0 0 0 0 0 0 0 0 0 0 0 0 0 0 0 0 0 0 0 0 0 0 0 0 0 0 0 0 0 0 0
N-000096,000096,Normal/000096.mp4,CCD,official,train,,,,0,,,10.0,,,,0 0 0 0 0 0 0 0 0 0 0 0 0 0 0 0 0 0 0 0 0 0 0 0 0 0 0 0 0 0 0 0 0 0 0 0 0 0 0 0 0 0 0 0 0 0 0 0 0 0
N-000097,000097,Normal/000097.mp4,CCD,official,train,,,,0,,,10.0,,,,0 0 0 0 0 0 0 0 0 0 0 0 0 0 0 0 0 0 0 0 0 0 0 0 0 0 0 0 0 0 0 0 0 0 0 0 0 0 0 0 0 0 0 0 0 0 0 0 0 0
N-000098,000098,Normal/000098.mp4,CCD,official,val,,,,0,,,10.0,,,,0 0 0 0 0 0 0 0 0 0 0 0 0 0 0 0 0 0 0 0 0 0 0 0 0 0 0 0 0 0 0 0 0 0 0 0 0 0 0 0 0 0 0 0 0 0 0 0 0 0
N-000099,000099,Normal/000099.mp4,CCD,official,test,,,,0,,,10.0,,,,0 0 0 0 0 0 0 0 0 0 0 0 0 0 0 0 0 0 0 0 0 0 0 0 0 0 0 0 0 0 0 0 0 0 0 0 0 0 0 0 0 0 0 0 0 0 0 0 0 0
N-000100,000100,Normal/000100.mp4,CCD,official,train,,,,0,,,10.0,,,,0 0 0 0 0 0 0 0 0 0 0 0 0 0 0 0 0 0 0 0 0 0 0 0 0 0 0 0 0 0 0 0 0 0 0 0 0 0 0 0 0 0 0 0 0 0 0 0 0 0
N-000101,000101,Normal/000101.mp4,CCD,official,test,,,,0,,,10.0,,,,0 0 0 0 0 0 0 0 0 0 0 0 0 0 0 0 0 0 0 0 0 0 0 0 0 0 0 0 0 0 0 0 0 0 0 0 0 0 0 0 0 0 0 0 0 0 0 0 0 0
N-000102,000102,Normal/000102.mp4,CCD,official,val,,,,0,,,10.0,,,,0 0 0 0 0 0 0 0 0 0 0 0 0 0 0 0 0 0 0 0 0 0 0 0 0 0 0 0 0 0 0 0 0 0 0 0 0 0 0 0 0 0 0 0 0 0 0 0 0 0
N-000103,000103,Normal/000103.mp4,CCD,official,train,,,,0,,,10.0,,,,0 0 0 0 0 0 0 0 0 0 0 0 0 0 0 0 0 0 0 0 0 0 0 0 0 0 0 0 0 0 0 0 0 0 0 0 0 0 0 0 0 0 0 0 0 0 0 0 0 0
N-000104,000104,Normal/000104.mp4,CCD,official,val,,,,0,,,10.0,,,,0 0 0 0 0 0 0 0 0 0 0 0 0 0 0 0 0 0 0 0 0 0 0 0 0 0 0 0 0 0 0 0 0 0 0 0 0 0 0 0 0 0 0 0 0 0 0 0 0 0
N-000105,000105,Normal/000105.mp4,CCD,official,train,,,,0,,,10.0,,,,0 0 0 0 0 0 0 0 0 0 0 0 0 0 0 0 0 0 0 0 0 0 0 0 0 0 0 0 0 0 0 0 0 0 0 0 0 0 0 0 0 0 0 0 0 0 0 0 0 0
N-000106,000106,Normal/000106.mp4,CCD,official,val,,,,0,,,10.0,,,,0 0 0 0 0 0 0 0 0 0 0 0 0 0 0 0 0 0 0 0 0 0 0 0 0 0 0 0 0 0 0 0 0 0 0 0 0 0 0 0 0 0 0 0 0 0 0 0 0 0
N-000107,000107,Normal/000107.mp4,CCD,official,train,,,,0,,,10.0,,,,0 0 0 0 0 0 0 0 0 0 0 0 0 0 0 0 0 0 0 0 0 0 0 0 0 0 0 0 0 0 0 0 0 0 0 0 0 0 0 0 0 0 0 0 0 0 0 0 0 0
N-000108,000108,Normal/000108.mp4,CCD,official,train,,,,0,,,10.0,,,,0 0 0 0 0 0 0 0 0 0 0 0 0 0 0 0 0 0 0 0 0 0 0 0 0 0 0 0 0 0 0 0 0 0 0 0 0 0 0 0 0 0 0 0 0 0 0 0 0 0
N-000109,000109,Normal/000109.mp4,CCD,official,train,,,,0,,,10.0,,,,0 0 0 0 0 0 0 0 0 0 0 0 0 0 0 0 0 0 0 0 0 0 0 0 0 0 0 0 0 0 0 0 0 0 0 0 0 0 0 0 0 0 0 0 0 0 0 0 0 0
N-000110,000110,Normal/000110.mp4,CCD,official,val,,,,0,,,10.0,,,,0 0 0 0 0 0 0 0 0 0 0 0 0 0 0 0 0 0 0 0 0 0 0 0 0 0 0 0 0 0 0 0 0 0 0 0 0 0 0 0 0 0 0 0 0 0 0 0 0 0
N-000111,000111,Normal/000111.mp4,CCD,official,test,,,,0,,,10.0,,,,0 0 0 0 0 0 0 0 0 0 0 0 0 0 0 0 0 0 0 0 0 0 0 0 0 0 0 0 0 0 0 0 0 0 0 0 0 0 0 0 0 0 0 0 0 0 0 0 0 0
N-000112,000112,Normal/000112.mp4,CCD,official,val,,,,0,,,10.0,,,,0 0 0 0 0 0 0 0 0 0 0 0 0 0 0 0 0 0 0 0 0 0 0 0 0 0 0 0 0 0 0 0 0 0 0 0 0 0 0 0 0 0 0 0 0 0 0 0 0 0
N-000113,000113,Normal/000113.mp4,CCD,official,train,,,,0,,,10.0,,,,0 0 0 0 0 0 0 0 0 0 0 0 0 0 0 0 0 0 0 0 0 0 0 0 0 0 0 0 0 0 0 0 0 0 0 0 0 0 0 0 0 0 0 0 0 0 0 0 0 0
N-000114,000114,Normal/000114.mp4,CCD,official,test,,,,0,,,10.0,,,,0 0 0 0 0 0 0 0 0 0 0 0 0 0 0 0 0 0 0 0 0 0 0 0 0 0 0 0 0 0 0 0 0 0 0 0 0 0 0 0 0 0 0 0 0 0 0 0 0 0
N-000115,000115,Normal/000115.mp4,CCD,official,train,,,,0,,,10.0,,,,0 0 0 0 0 0 0 0 0 0 0 0 0 0 0 0 0 0 0 0 0 0 0 0 0 0 0 0 0 0 0 0 0 0 0 0 0 0 0 0 0 0 0 0 0 0 0 0 0 0
N-000116,000116,Normal/000116.mp4,CCD,official,train,,,,0,,,10.0,,,,0 0 0 0 0 0 0 0 0 0 0 0 0 0 0 0 0 0 0 0 0 0 0 0 0 0 0 0 0 0 0 0 0 0 0 0 0 0 0 0 0 0 0 0 0 0 0 0 0 0
N-000117,000117,Normal/000117.mp4,CCD,official,train,,,,0,,,10.0,,,,0 0 0 0 0 0 0 0 0 0 0 0 0 0 0 0 0 0 0 0 0 0 0 0 0 0 0 0 0 0 0 0 0 0 0 0 0 0 0 0 0 0 0 0 0 0 0 0 0 0
N-000118,000118,Normal/000118.mp4,CCD,official,train,,,,0,,,10.0,,,,0 0 0 0 0 0 0 0 0 0 0 0 0 0 0 0 0 0 0 0 0 0 0 0 0 0 0 0 0 0 0 0 0 0 0 0 0 0 0 0 0 0 0 0 0 0 0 0 0 0
N-000119,000119,Normal/000119.mp4,CCD,official,test,,,,0,,,10.0,,,,0 0 0 0 0 0 0 0 0 0 0 0 0 0 0 0 0 0 0 0 0 0 0 0 0 0 0 0 0 0 0 0 0 0 0 0 0 0 0 0 0 0 0 0 0 0 0 0 0 0
N-000120,000120,Normal/000120.mp4,CCD,official,train,,,,0,,,10.0,,,,0 0 0 0 0 0 0 0 0 0 0 0 0 0 0 0 0 0 0 0 0 0 0 0 0 0 0 0 0 0 0 0 0 0 0 0 0 0 0 0 0 0 0 0 0 0 0 0 0 0
N-000121,000121,Normal/000121.mp4,CCD,official,train,,,,0,,,10.0,,,,0 0 0 0 0 0 0 0 0 0 0 0 0 0 0 0 0 0 0 0 0 0 0 0 0 0 0 0 0 0 0 0 0 0 0 0 0 0 0 0 0 0 0 0 0 0 0 0 0 0
N-000122,000122,Normal/000122.mp4,CCD,official,train,,,,0,,,10.0,,,,0 0 0 0 0 0 0 0 0 0 0 0 0 0 0 0 0 0 0 0 0 0 0 0 0 0 0 0 0 0 0 0 0 0 0 0 0 0 0 0 0 0 0 0 0 0 0 0 0 0
N-000123,000123,Normal/000123.mp4,CCD,official,train,,,,0,,,10.0,,,,0 0 0 0 0 0 0 0 0 0 0 0 0 0 0 0 0 0 0 0 0 0 0 0 0 0 0 0 0 0 0 0 0 0 0 0 0 0 0 0 0 0 0 0 0 0 0 0 0 0
N-000124,000124,Normal/000124.mp4,CCD,official,test,,,,0,,,10.0,,,,0 0 0 0 0 0 0 0 0 0 0 0 0 0 0 0 0 0 0 0 0 0 0 0 0 0 0 0 0 0 0 0 0 0 0 0 0 0 0 0 0 0 0 0 0 0 0 0 0 0
N-000125,000125,Normal/000125.mp4,CCD,official,train,,,,0,,,10.0,,,,0 0 0 0 0 0 0 0 0 0 0 0 0 0 0 0 0 0 0 0 0 0 0 0 0 0 0 0 0 0 0 0 0 0 0 0 0 0 0 0 0 0 0 0 0 0 0 0 0 0
N-000126,000126,Normal/000126.mp4,CCD,official,train,,,,0,,,10.0,,,,0 0 0 0 0 0 0 0 0 0 0 0 0 0 0 0 0 0 0 0 0 0 0 0 0 0 0 0 0 0 0 0 0 0 0 0 0 0 0 0 0 0 0 0 0 0 0 0 0 0
N-000127,000127,Normal/000127.mp4,CCD,official,train,,,,0,,,10.0,,,,0 0 0 0 0 0 0 0 0 0 0 0 0 0 0 0 0 0 0 0 0 0 0 0 0 0 0 0 0 0 0 0 0 0 0 0 0 0 0 0 0 0 0 0 0 0 0 0 0 0
N-000128,000128,Normal/000128.mp4,CCD,official,val,,,,0,,,10.0,,,,0 0 0 0 0 0 0 0 0 0 0 0 0 0 0 0 0 0 0 0 0 0 0 0 0 0 0 0 0 0 0 0 0 0 0 0 0 0 0 0 0 0 0 0 0 0 0 0 0 0
N-000129,000129,Normal/000129.mp4,CCD,official,train,,,,0,,,10.0,,,,0 0 0 0 0 0 0 0 0 0 0 0 0 0 0 0 0 0 0 0 0 0 0 0 0 0 0 0 0 0 0 0 0 0 0 0 0 0 0 0 0 0 0 0 0 0 0 0 0 0
N-000130,000130,Normal/000130.mp4,CCD,official,test,,,,0,,,10.0,,,,0 0 0 0 0 0 0 0 0 0 0 0 0 0 0 0 0 0 0 0 0 0 0 0 0 0 0 0 0 0 0 0 0 0 0 0 0 0 0 0 0 0 0 0 0 0 0 0 0 0
N-000131,000131,Normal/000131.mp4,CCD,official,val,,,,0,,,10.0,,,,0 0 0 0 0 0 0 0 0 0 0 0 0 0 0 0 0 0 0 0 0 0 0 0 0 0 0 0 0 0 0 0 0 0 0 0 0 0 0 0 0 0 0 0 0 0 0 0 0 0
N-000132,000132,Normal/000132.mp4,CCD,official,test,,,,0,,,10.0,,,,0 0 0 0 0 0 0 0 0 0 0 0 0 0 0 0 0 0 0 0 0 0 0 0 0 0 0 0 0 0 0 0 0 0 0 0 0 0 0 0 0 0 0 0 0 0 0 0 0 0
N-000133,000133,Normal/000133.mp4,CCD,official,test,,,,0,,,10.0,,,,0 0 0 0 0 0 0 0 0 0 0 0 0 0 0 0 0 0 0 0 0 0 0 0 0 0 0 0 0 0 0 0 0 0 0 0 0 0 0 0 0 0 0 0 0 0 0 0 0 0
N-000134,000134,Normal/000134.mp4,CCD,official,train,,,,0,,,10.0,,,,0 0 0 0 0 0 0 0 0 0 0 0 0 0 0 0 0 0 0 0 0 0 0 0 0 0 0 0 0 0 0 0 0 0 0 0 0 0 0 0 0 0 0 0 0 0 0 0 0 0
N-000135,000135,Normal/000135.mp4,CCD,official,train,,,,0,,,10.0,,,,0 0 0 0 0 0 0 0 0 0 0 0 0 0 0 0 0 0 0 0 0 0 0 0 0 0 0 0 0 0 0 0 0 0 0 0 0 0 0 0 0 0 0 0 0 0 0 0 0 0
N-000136,000136,Normal/000136.mp4,CCD,official,train,,,,0,,,10.0,,,,0 0 0 0 0 0 0 0 0 0 0 0 0 0 0 0 0 0 0 0 0 0 0 0 0 0 0 0 0 0 0 0 0 0 0 0 0 0 0 0 0 0 0 0 0 0 0 0 0 0
N-000137,000137,Normal/000137.mp4,CCD,official,train,,,,0,,,10.0,,,,0 0 0 0 0 0 0 0 0 0 0 0 0 0 0 0 0 0 0 0 0 0 0 0 0 0 0 0 0 0 0 0 0 0 0 0 0 0 0 0 0 0 0 0 0 0 0 0 0 0
N-000138,000138,Normal/000138.mp4,CCD,official,train,,,,0,,,10.0,,,,0 0 0 0 0 0 0 0 0 0 0 0 0 0 0 0 0 0 0 0 0 0 0 0 0 0 0 0 0 0 0 0 0 0 0 0 0 0 0 0 0 0 0 0 0 0 0 0 0 0
N-000139,000139,Normal/000139.mp4,CCD,official,val,,,,0,,,10.0,,,,0 0 0 0 0 0 0 0 0 0 0 0 0 0 0 0 0 0 0 0 0 0 0 0 0 0 0 0 0 0 0 0 0 0 0 0 0 0 0 0 0 0 0 0 0 0 0 0 0 0
N-000140,000140,Normal/000140.mp4,CCD,official,train,,,,0,,,10.0,,,,0 0 0 0 0 0 0 0 0 0 0 0 0 0 0 0 0 0 0 0 0 0 0 0 0 0 0 0 0 0 0 0 0 0 0 0 0 0 0 0 0 0 0 0 0 0 0 0 0 0
N-000141,000141,Normal/000141.mp4,CCD,official,train,,,,0,,,10.0,,,,0 0 0 0 0 0 0 0 0 0 0 0 0 0 0 0 0 0 0 0 0 0 0 0 0 0 0 0 0 0 0 0 0 0 0 0 0 0 0 0 0 0 0 0 0 0 0 0 0 0
N-000142,000142,Normal/000142.mp4,CCD,official,train,,,,0,,,10.0,,,,0 0 0 0 0 0 0 0 0 0 0 0 0 0 0 0 0 0 0 0 0 0 0 0 0 0 0 0 0 0 0 0 0 0 0 0 0 0 0 0 0 0 0 0 0 0 0 0 0 0
N-000143,000143,Normal/000143.mp4,CCD,official,train,,,,0,,,10.0,,,,0 0 0 0 0 0 0 0 0 0 0 0 0 0 0 0 0 0 0 0 0 0 0 0 0 0 0 0 0 0 0 0 0 0 0 0 0 0 0 0 0 0 0 0 0 0 0 0 0 0
N-000144,000144,Normal/000144.mp4,CCD,official,val,,,,0,,,10.0,,,,0 0 0 0 0 0 0 0 0 0 0 0 0 0 0 0 0 0 0 0 0 0 0 0 0 0 0 0 0 0 0 0 0 0 0 0 0 0 0 0 0 0 0 0 0 0 0 0 0 0
N-000145,000145,Normal/000145.mp4,CCD,official,train,,,,0,,,10.0,,,,0 0 0 0 0 0 0 0 0 0 0 0 0 0 0 0 0 0 0 0 0 0 0 0 0 0 0 0 0 0 0 0 0 0 0 0 0 0 0 0 0 0 0 0 0 0 0 0 0 0
N-000146,000146,Normal/000146.mp4,CCD,official,train,,,,0,,,10.0,,,,0 0 0 0 0 0 0 0 0 0 0 0 0 0 0 0 0 0 0 0 0 0 0 0 0 0 0 0 0 0 0 0 0 0 0 0 0 0 0 0 0 0 0 0 0 0 0 0 0 0
N-000147,000147,Normal/000147.mp4,CCD,official,val,,,,0,,,10.0,,,,0 0 0 0 0 0 0 0 0 0 0 0 0 0 0 0 0 0 0 0 0 0 0 0 0 0 0 0 0 0 0 0 0 0 0 0 0 0 0 0 0 0 0 0 0 0 0 0 0 0
N-000148,000148,Normal/000148.mp4,CCD,official,test,,,,0,,,10.0,,,,0 0 0 0 0 0 0 0 0 0 0 0 0 0 0 0 0 0 0 0 0 0 0 0 0 0 0 0 0 0 0 0 0 0 0 0 0 0 0 0 0 0 0 0 0 0 0 0 0 0
N-000149,000149,Normal/000149.mp4,CCD,official,test,,,,0,,,10.0,,,,0 0 0 0 0 0 0 0 0 0 0 0 0 0 0 0 0 0 0 0 0 0 0 0 0 0 0 0 0 0 0 0 0 0 0 0 0 0 0 0 0 0 0 0 0 0 0 0 0 0
N-000150,000150,Normal/000150.mp4,CCD,official,train,,,,0,,,10.0,,,,0 0 0 0 0 0 0 0 0 0 0 0 0 0 0 0 0 0 0 0 0 0 0 0 0 0 0 0 0 0 0 0 0 0 0 0 0 0 0 0 0 0 0 0 0 0 0 0 0 0
N-000151,000151,Normal/000151.mp4,CCD,official,train,,,,0,,,10.0,,,,0 0 0 0 0 0 0 0 0 0 0 0 0 0 0 0 0 0 0 0 0 0 0 0 0 0 0 0 0 0 0 0 0 0 0 0 0 0 0 0 0 0 0 0 0 0 0 0 0 0
N-000152,000152,Normal/000152.mp4,CCD,official,train,,,,0,,,10.0,,,,0 0 0 0 0 0 0 0 0 0 0 0 0 0 0 0 0 0 0 0 0 0 0 0 0 0 0 0 0 0 0 0 0 0 0 0 0 0 0 0 0 0 0 0 0 0 0 0 0 0
N-000153,000153,Normal/000153.mp4,CCD,official,test,,,,0,,,10.0,,,,0 0 0 0 0 0 0 0 0 0 0 0 0 0 0 0 0 0 0 0 0 0 0 0 0 0 0 0 0 0 0 0 0 0 0 0 0 0 0 0 0 0 0 0 0 0 0 0 0 0
N-000154,000154,Normal/000154.mp4,CCD,official,val,,,,0,,,10.0,,,,0 0 0 0 0 0 0 0 0 0 0 0 0 0 0 0 0 0 0 0 0 0 0 0 0 0 0 0 0 0 0 0 0 0 0 0 0 0 0 0 0 0 0 0 0 0 0 0 0 0
N-000155,000155,Normal/000155.mp4,CCD,official,test,,,,0,,,10.0,,,,0 0 0 0 0 0 0 0 0 0 0 0 0 0 0 0 0 0 0 0 0 0 0 0 0 0 0 0 0 0 0 0 0 0 0 0 0 0 0 0 0 0 0 0 0 0 0 0 0 0
N-000156,000156,Normal/000156.mp4,CCD,official,val,,,,0,,,10.0,,,,0 0 0 0 0 0 0 0 0 0 0 0 0 0 0 0 0 0 0 0 0 0 0 0 0 0 0 0 0 0 0 0 0 0 0 0 0 0 0 0 0 0 0 0 0 0 0 0 0 0
N-000157,000157,Normal/000157.mp4,CCD,official,test,,,,0,,,10.0,,,,0 0 0 0 0 0 0 0 0 0 0 0 0 0 0 0 0 0 0 0 0 0 0 0 0 0 0 0 0 0 0 0 0 0 0 0 0 0 0 0 0 0 0 0 0 0 0 0 0 0
N-000158,000158,Normal/000158.mp4,CCD,official,train,,,,0,,,10.0,,,,0 0 0 0 0 0 0 0 0 0 0 0 0 0 0 0 0 0 0 0 0 0 0 0 0 0 0 0 0 0 0 0 0 0 0 0 0 0 0 0 0 0 0 0 0 0 0 0 0 0
N-000159,000159,Normal/000159.mp4,CCD,official,val,,,,0,,,10.0,,,,0 0 0 0 0 0 0 0 0 0 0 0 0 0 0 0 0 0 0 0 0 0 0 0 0 0 0 0 0 0 0 0 0 0 0 0 0 0 0 0 0 0 0 0 0 0 0 0 0 0
N-000160,000160,Normal/000160.mp4,CCD,official,val,,,,0,,,10.0,,,,0 0 0 0 0 0 0 0 0 0 0 0 0 0 0 0 0 0 0 0 0 0 0 0 0 0 0 0 0 0 0 0 0 0 0 0 0 0 0 0 0 0 0 0 0 0 0 0 0 0
N-000161,000161,Normal/000161.mp4,CCD,official,val,,,,0,,,10.0,,,,0 0 0 0 0 0 0 0 0 0 0 0 0 0 0 0 0 0 0 0 0 0 0 0 0 0 0 0 0 0 0 0 0 0 0 0 0 0 0 0 0 0 0 0 0 0 0 0 0 0
N-000162,000162,Normal/000162.mp4,CCD,official,train,,,,0,,,10.0,,,,0 0 0 0 0 0 0 0 0 0 0 0 0 0 0 0 0 0 0 0 0 0 0 0 0 0 0 0 0 0 0 0 0 0 0 0 0 0 0 0 0 0 0 0 0 0 0 0 0 0
N-000163,000163,Normal/000163.mp4,CCD,official,train,,,,0,,,10.0,,,,0 0 0 0 0 0 0 0 0 0 0 0 0 0 0 0 0 0 0 0 0 0 0 0 0 0 0 0 0 0 0 0 0 0 0 0 0 0 0 0 0 0 0 0 0 0 0 0 0 0
N-000164,000164,Normal/000164.mp4,CCD,official,val,,,,0,,,10.0,,,,0 0 0 0 0 0 0 0 0 0 0 0 0 0 0 0 0 0 0 0 0 0 0 0 0 0 0 0 0 0 0 0 0 0 0 0 0 0 0 0 0 0 0 0 0 0 0 0 0 0
N-000165,000165,Normal/000165.mp4,CCD,official,train,,,,0,,,10.0,,,,0 0 0 0 0 0 0 0 0 0 0 0 0 0 0 0 0 0 0 0 0 0 0 0 0 0 0 0 0 0 0 0 0 0 0 0 0 0 0 0 0 0 0 0 0 0 0 0 0 0
N-000166,000166,Normal/000166.mp4,CCD,official,train,,,,0,,,10.0,,,,0 0 0 0 0 0 0 0 0 0 0 0 0 0 0 0 0 0 0 0 0 0 0 0 0 0 0 0 0 0 0 0 0 0 0 0 0 0 0 0 0 0 0 0 0 0 0 0 0 0
N-000167,000167,Normal/000167.mp4,CCD,official,val,,,,0,,,10.0,,,,0 0 0 0 0 0 0 0 0 0 0 0 0 0 0 0 0 0 0 0 0 0 0 0 0 0 0 0 0 0 0 0 0 0 0 0 0 0 0 0 0 0 0 0 0 0 0 0 0 0
N-000168,000168,Normal/000168.mp4,CCD,official,train,,,,0,,,10.0,,,,0 0 0 0 0 0 0 0 0 0 0 0 0 0 0 0 0 0 0 0 0 0 0 0 0 0 0 0 0 0 0 0 0 0 0 0 0 0 0 0 0 0 0 0 0 0 0 0 0 0
N-000169,000169,Normal/000169.mp4,CCD,official,val,,,,0,,,10.0,,,,0 0 0 0 0 0 0 0 0 0 0 0 0 0 0 0 0 0 0 0 0 0 0 0 0 0 0 0 0 0 0 0 0 0 0 0 0 0 0 0 0 0 0 0 0 0 0 0 0 0
N-000170,000170,Normal/000170.mp4,CCD,official,train,,,,0,,,10.0,,,,0 0 0 0 0 0 0 0 0 0 0 0 0 0 0 0 0 0 0 0 0 0 0 0 0 0 0 0 0 0 0 0 0 0 0 0 0 0 0 0 0 0 0 0 0 0 0 0 0 0
N-000171,000171,Normal/000171.mp4,CCD,official,train,,,,0,,,10.0,,,,0 0 0 0 0 0 0 0 0 0 0 0 0 0 0 0 0 0 0 0 0 0 0 0 0 0 0 0 0 0 0 0 0 0 0 0 0 0 0 0 0 0 0 0 0 0 0 0 0 0
N-000172,000172,Normal/000172.mp4,CCD,official,train,,,,0,,,10.0,,,,0 0 0 0 0 0 0 0 0 0 0 0 0 0 0 0 0 0 0 0 0 0 0 0 0 0 0 0 0 0 0 0 0 0 0 0 0 0 0 0 0 0 0 0 0 0 0 0 0 0
N-000173,000173,Normal/000173.mp4,CCD,official,train,,,,0,,,10.0,,,,0 0 0 0 0 0 0 0 0 0 0 0 0 0 0 0 0 0 0 0 0 0 0 0 0 0 0 0 0 0 0 0 0 0 0 0 0 0 0 0 0 0 0 0 0 0 0 0 0 0
N-000174,000174,Normal/000174.mp4,CCD,official,train,,,,0,,,10.0,,,,0 0 0 0 0 0 0 0 0 0 0 0 0 0 0 0 0 0 0 0 0 0 0 0 0 0 0 0 0 0 0 0 0 0 0 0 0 0 0 0 0 0 0 0 0 0 0 0 0 0
N-000175,000175,Normal/000175.mp4,CCD,official,val,,,,0,,,10.0,,,,0 0 0 0 0 0 0 0 0 0 0 0 0 0 0 0 0 0 0 0 0 0 0 0 0 0 0 0 0 0 0 0 0 0 0 0 0 0 0 0 0 0 0 0 0 0 0 0 0 0
N-000176,000176,Normal/000176.mp4,CCD,official,train,,,,0,,,10.0,,,,0 0 0 0 0 0 0 0 0 0 0 0 0 0 0 0 0 0 0 0 0 0 0 0 0 0 0 0 0 0 0 0 0 0 0 0 0 0 0 0 0 0 0 0 0 0 0 0 0 0
N-000177,000177,Normal/000177.mp4,CCD,official,train,,,,0,,,10.0,,,,0 0 0 0 0 0 0 0 0 0 0 0 0 0 0 0 0 0 0 0 0 0 0 0 0 0 0 0 0 0 0 0 0 0 0 0 0 0 0 0 0 0 0 0 0 0 0 0 0 0
N-000178,000178,Normal/000178.mp4,CCD,official,test,,,,0,,,10.0,,,,0 0 0 0 0 0 0 0 0 0 0 0 0 0 0 0 0 0 0 0 0 0 0 0 0 0 0 0 0 0 0 0 0 0 0 0 0 0 0 0 0 0 0 0 0 0 0 0 0 0
N-000179,000179,Normal/000179.mp4,CCD,official,train,,,,0,,,10.0,,,,0 0 0 0 0 0 0 0 0 0 0 0 0 0 0 0 0 0 0 0 0 0 0 0 0 0 0 0 0 0 0 0 0 0 0 0 0 0 0 0 0 0 0 0 0 0 0 0 0 0
N-000180,000180,Normal/000180.mp4,CCD,official,train,,,,0,,,10.0,,,,0 0 0 0 0 0 0 0 0 0 0 0 0 0 0 0 0 0 0 0 0 0 0 0 0 0 0 0 0 0 0 0 0 0 0 0 0 0 0 0 0 0 0 0 0 0 0 0 0 0
N-000181,000181,Normal/000181.mp4,CCD,official,train,,,,0,,,10.0,,,,0 0 0 0 0 0 0 0 0 0 0 0 0 0 0 0 0 0 0 0 0 0 0 0 0 0 0 0 0 0 0 0 0 0 0 0 0 0 0 0 0 0 0 0 0 0 0 0 0 0
N-000182,000182,Normal/000182.mp4,CCD,official,test,,,,0,,,10.0,,,,0 0 0 0 0 0 0 0 0 0 0 0 0 0 0 0 0 0 0 0 0 0 0 0 0 0 0 0 0 0 0 0 0 0 0 0 0 0 0 0 0 0 0 0 0 0 0 0 0 0
N-000183,000183,Normal/000183.mp4,CCD,official,test,,,,0,,,10.0,,,,0 0 0 0 0 0 0 0 0 0 0 0 0 0 0 0 0 0 0 0 0 0 0 0 0 0 0 0 0 0 0 0 0 0 0 0 0 0 0 0 0 0 0 0 0 0 0 0 0 0
N-000184,000184,Normal/000184.mp4,CCD,official,train,,,,0,,,10.0,,,,0 0 0 0 0 0 0 0 0 0 0 0 0 0 0 0 0 0 0 0 0 0 0 0 0 0 0 0 0 0 0 0 0 0 0 0 0 0 0 0 0 0 0 0 0 0 0 0 0 0
N-000185,000185,Normal/000185.mp4,CCD,official,train,,,,0,,,10.0,,,,0 0 0 0 0 0 0 0 0 0 0 0 0 0 0 0 0 0 0 0 0 0 0 0 0 0 0 0 0 0 0 0 0 0 0 0 0 0 0 0 0 0 0 0 0 0 0 0 0 0
N-000186,000186,Normal/000186.mp4,CCD,official,test,,,,0,,,10.0,,,,0 0 0 0 0 0 0 0 0 0 0 0 0 0 0 0 0 0 0 0 0 0 0 0 0 0 0 0 0 0 0 0 0 0 0 0 0 0 0 0 0 0 0 0 0 0 0 0 0 0
N-000187,000187,Normal/000187.mp4,CCD,official,test,,,,0,,,10.0,,,,0 0 0 0 0 0 0 0 0 0 0 0 0 0 0 0 0 0 0 0 0 0 0 0 0 0 0 0 0 0 0 0 0 0 0 0 0 0 0 0 0 0 0 0 0 0 0 0 0 0
N-000188,000188,Normal/000188.mp4,CCD,official,test,,,,0,,,10.0,,,,0 0 0 0 0 0 0 0 0 0 0 0 0 0 0 0 0 0 0 0 0 0 0 0 0 0 0 0 0 0 0 0 0 0 0 0 0 0 0 0 0 0 0 0 0 0 0 0 0 0
N-000189,000189,Normal/000189.mp4,CCD,official,val,,,,0,,,10.0,,,,0 0 0 0 0 0 0 0 0 0 0 0 0 0 0 0 0 0 0 0 0 0 0 0 0 0 0 0 0 0 0 0 0 0 0 0 0 0 0 0 0 0 0 0 0 0 0 0 0 0
N-000190,000190,Normal/000190.mp4,CCD,official,train,,,,0,,,10.0,,,,0 0 0 0 0 0 0 0 0 0 0 0 0 0 0 0 0 0 0 0 0 0 0 0 0 0 0 0 0 0 0 0 0 0 0 0 0 0 0 0 0 0 0 0 0 0 0 0 0 0
N-000191,000191,Normal/000191.mp4,CCD,official,train,,,,0,,,10.0,,,,0 0 0 0 0 0 0 0 0 0 0 0 0 0 0 0 0 0 0 0 0 0 0 0 0 0 0 0 0 0 0 0 0 0 0 0 0 0 0 0 0 0 0 0 0 0 0 0 0 0
N-000192,000192,Normal/000192.mp4,CCD,official,train,,,,0,,,10.0,,,,0 0 0 0 0 0 0 0 0 0 0 0 0 0 0 0 0 0 0 0 0 0 0 0 0 0 0 0 0 0 0 0 0 0 0 0 0 0 0 0 0 0 0 0 0 0 0 0 0 0
N-000193,000193,Normal/000193.mp4,CCD,official,train,,,,0,,,10.0,,,,0 0 0 0 0 0 0 0 0 0 0 0 0 0 0 0 0 0 0 0 0 0 0 0 0 0 0 0 0 0 0 0 0 0 0 0 0 0 0 0 0 0 0 0 0 0 0 0 0 0
N-000194,000194,Normal/000194.mp4,CCD,official,train,,,,0,,,10.0,,,,0 0 0 0 0 0 0 0 0 0 0 0 0 0 0 0 0 0 0 0 0 0 0 0 0 0 0 0 0 0 0 0 0 0 0 0 0 0 0 0 0 0 0 0 0 0 0 0 0 0
N-000195,000195,Normal/000195.mp4,CCD,official,val,,,,0,,,10.0,,,,0 0 0 0 0 0 0 0 0 0 0 0 0 0 0 0 0 0 0 0 0 0 0 0 0 0 0 0 0 0 0 0 0 0 0 0 0 0 0 0 0 0 0 0 0 0 0 0 0 0
N-000196,000196,Normal/000196.mp4,CCD,official,test,,,,0,,,10.0,,,,0 0 0 0 0 0 0 0 0 0 0 0 0 0 0 0 0 0 0 0 0 0 0 0 0 0 0 0 0 0 0 0 0 0 0 0 0 0 0 0 0 0 0 0 0 0 0 0 0 0
N-000197,000197,Normal/000197.mp4,CCD,official,train,,,,0,,,10.0,,,,0 0 0 0 0 0 0 0 0 0 0 0 0 0 0 0 0 0 0 0 0 0 0 0 0 0 0 0 0 0 0 0 0 0 0 0 0 0 0 0 0 0 0 0 0 0 0 0 0 0
N-000198,000198,Normal/000198.mp4,CCD,official,train,,,,0,,,10.0,,,,0 0 0 0 0 0 0 0 0 0 0 0 0 0 0 0 0 0 0 0 0 0 0 0 0 0 0 0 0 0 0 0 0 0 0 0 0 0 0 0 0 0 0 0 0 0 0 0 0 0
N-000199,000199,Normal/000199.mp4,CCD,official,train,,,,0,,,10.0,,,,0 0 0 0 0 0 0 0 0 0 0 0 0 0 0 0 0 0 0 0 0 0 0 0 0 0 0 0 0 0 0 0 0 0 0 0 0 0 0 0 0 0 0 0 0 0 0 0 0 0
N-000200,000200,Normal/000200.mp4,CCD,official,train,,,,0,,,10.0,,,,0 0 0 0 0 0 0 0 0 0 0 0 0 0 0 0 0 0 0 0 0 0 0 0 0 0 0 0 0 0 0 0 0 0 0 0 0 0 0 0 0 0 0 0 0 0 0 0 0 0
N-000201,000201,Normal/000201.mp4,CCD,official,train,,,,0,,,10.0,,,,0 0 0 0 0 0 0 0 0 0 0 0 0 0 0 0 0 0 0 0 0 0 0 0 0 0 0 0 0 0 0 0 0 0 0 0 0 0 0 0 0 0 0 0 0 0 0 0 0 0
N-000202,000202,Normal/000202.mp4,CCD,official,test,,,,0,,,10.0,,,,0 0 0 0 0 0 0 0 0 0 0 0 0 0 0 0 0 0 0 0 0 0 0 0 0 0 0 0 0 0 0 0 0 0 0 0 0 0 0 0 0 0 0 0 0 0 0 0 0 0
N-000203,000203,Normal/000203.mp4,CCD,official,test,,,,0,,,10.0,,,,0 0 0 0 0 0 0 0 0 0 0 0 0 0 0 0 0 0 0 0 0 0 0 0 0 0 0 0 0 0 0 0 0 0 0 0 0 0 0 0 0 0 0 0 0 0 0 0 0 0
N-000204,000204,Normal/000204.mp4,CCD,official,train,,,,0,,,10.0,,,,0 0 0 0 0 0 0 0 0 0 0 0 0 0 0 0 0 0 0 0 0 0 0 0 0 0 0 0 0 0 0 0 0 0 0 0 0 0 0 0 0 0 0 0 0 0 0 0 0 0
N-000205,000205,Normal/000205.mp4,CCD,official,train,,,,0,,,10.0,,,,0 0 0 0 0 0 0 0 0 0 0 0 0 0 0 0 0 0 0 0 0 0 0 0 0 0 0 0 0 0 0 0 0 0 0 0 0 0 0 0 0 0 0 0 0 0 0 0 0 0
N-000206,000206,Normal/000206.mp4,CCD,official,test,,,,0,,,10.0,,,,0 0 0 0 0 0 0 0 0 0 0 0 0 0 0 0 0 0 0 0 0 0 0 0 0 0 0 0 0 0 0 0 0 0 0 0 0 0 0 0 0 0 0 0 0 0 0 0 0 0
N-000207,000207,Normal/000207.mp4,CCD,official,train,,,,0,,,10.0,,,,0 0 0 0 0 0 0 0 0 0 0 0 0 0 0 0 0 0 0 0 0 0 0 0 0 0 0 0 0 0 0 0 0 0 0 0 0 0 0 0 0 0 0 0 0 0 0 0 0 0
N-000208,000208,Normal/000208.mp4,CCD,official,train,,,,0,,,10.0,,,,0 0 0 0 0 0 0 0 0 0 0 0 0 0 0 0 0 0 0 0 0 0 0 0 0 0 0 0 0 0 0 0 0 0 0 0 0 0 0 0 0 0 0 0 0 0 0 0 0 0
N-000209,000209,Normal/000209.mp4,CCD,official,train,,,,0,,,10.0,,,,0 0 0 0 0 0 0 0 0 0 0 0 0 0 0 0 0 0 0 0 0 0 0 0 0 0 0 0 0 0 0 0 0 0 0 0 0 0 0 0 0 0 0 0 0 0 0 0 0 0
N-000210,000210,Normal/000210.mp4,CCD,official,test,,,,0,,,10.0,,,,0 0 0 0 0 0 0 0 0 0 0 0 0 0 0 0 0 0 0 0 0 0 0 0 0 0 0 0 0 0 0 0 0 0 0 0 0 0 0 0 0 0 0 0 0 0 0 0 0 0
N-000211,000211,Normal/000211.mp4,CCD,official,test,,,,0,,,10.0,,,,0 0 0 0 0 0 0 0 0 0 0 0 0 0 0 0 0 0 0 0 0 0 0 0 0 0 0 0 0 0 0 0 0 0 0 0 0 0 0 0 0 0 0 0 0 0 0 0 0 0
N-000212,000212,Normal/000212.mp4,CCD,official,train,,,,0,,,10.0,,,,0 0 0 0 0 0 0 0 0 0 0 0 0 0 0 0 0 0 0 0 0 0 0 0 0 0 0 0 0 0 0 0 0 0 0 0 0 0 0 0 0 0 0 0 0 0 0 0 0 0
N-000213,000213,Normal/000213.mp4,CCD,official,train,,,,0,,,10.0,,,,0 0 0 0 0 0 0 0 0 0 0 0 0 0 0 0 0 0 0 0 0 0 0 0 0 0 0 0 0 0 0 0 0 0 0 0 0 0 0 0 0 0 0 0 0 0 0 0 0 0
N-000214,000214,Normal/000214.mp4,CCD,official,test,,,,0,,,10.0,,,,0 0 0 0 0 0 0 0 0 0 0 0 0 0 0 0 0 0 0 0 0 0 0 0 0 0 0 0 0 0 0 0 0 0 0 0 0 0 0 0 0 0 0 0 0 0 0 0 0 0
N-000215,000215,Normal/000215.mp4,CCD,official,train,,,,0,,,10.0,,,,0 0 0 0 0 0 0 0 0 0 0 0 0 0 0 0 0 0 0 0 0 0 0 0 0 0 0 0 0 0 0 0 0 0 0 0 0 0 0 0 0 0 0 0 0 0 0 0 0 0
N-000216,000216,Normal/000216.mp4,CCD,official,train,,,,0,,,10.0,,,,0 0 0 0 0 0 0 0 0 0 0 0 0 0 0 0 0 0 0 0 0 0 0 0 0 0 0 0 0 0 0 0 0 0 0 0 0 0 0 0 0 0 0 0 0 0 0 0 0 0
N-000217,000217,Normal/000217.mp4,CCD,official,train,,,,0,,,10.0,,,,0 0 0 0 0 0 0 0 0 0 0 0 0 0 0 0 0 0 0 0 0 0 0 0 0 0 0 0 0 0 0 0 0 0 0 0 0 0 0 0 0 0 0 0 0 0 0 0 0 0
N-000218,000218,Normal/000218.mp4,CCD,official,test,,,,0,,,10.0,,,,0 0 0 0 0 0 0 0 0 0 0 0 0 0 0 0 0 0 0 0 0 0 0 0 0 0 0 0 0 0 0 0 0 0 0 0 0 0 0 0 0 0 0 0 0 0 0 0 0 0
N-000219,000219,Normal/000219.mp4,CCD,official,test,,,,0,,,10.0,,,,0 0 0 0 0 0 0 0 0 0 0 0 0 0 0 0 0 0 0 0 0 0 0 0 0 0 0 0 0 0 0 0 0 0 0 0 0 0 0 0 0 0 0 0 0 0 0 0 0 0
N-000220,000220,Normal/000220.mp4,CCD,official,train,,,,0,,,10.0,,,,0 0 0 0 0 0 0 0 0 0 0 0 0 0 0 0 0 0 0 0 0 0 0 0 0 0 0 0 0 0 0 0 0 0 0 0 0 0 0 0 0 0 0 0 0 0 0 0 0 0
N-000221,000221,Normal/000221.mp4,CCD,official,test,,,,0,,,10.0,,,,0 0 0 0 0 0 0 0 0 0 0 0 0 0 0 0 0 0 0 0 0 0 0 0 0 0 0 0 0 0 0 0 0 0 0 0 0 0 0 0 0 0 0 0 0 0 0 0 0 0
N-000222,000222,Normal/000222.mp4,CCD,official,val,,,,0,,,10.0,,,,0 0 0 0 0 0 0 0 0 0 0 0 0 0 0 0 0 0 0 0 0 0 0 0 0 0 0 0 0 0 0 0 0 0 0 0 0 0 0 0 0 0 0 0 0 0 0 0 0 0
N-000223,000223,Normal/000223.mp4,CCD,official,train,,,,0,,,10.0,,,,0 0 0 0 0 0 0 0 0 0 0 0 0 0 0 0 0 0 0 0 0 0 0 0 0 0 0 0 0 0 0 0 0 0 0 0 0 0 0 0 0 0 0 0 0 0 0 0 0 0
N-000224,000224,Normal/000224.mp4,CCD,official,train,,,,0,,,10.0,,,,0 0 0 0 0 0 0 0 0 0 0 0 0 0 0 0 0 0 0 0 0 0 0 0 0 0 0 0 0 0 0 0 0 0 0 0 0 0 0 0 0 0 0 0 0 0 0 0 0 0
N-000225,000225,Normal/000225.mp4,CCD,official,val,,,,0,,,10.0,,,,0 0 0 0 0 0 0 0 0 0 0 0 0 0 0 0 0 0 0 0 0 0 0 0 0 0 0 0 0 0 0 0 0 0 0 0 0 0 0 0 0 0 0 0 0 0 0 0 0 0
N-000226,000226,Normal/000226.mp4,CCD,official,train,,,,0,,,10.0,,,,0 0 0 0 0 0 0 0 0 0 0 0 0 0 0 0 0 0 0 0 0 0 0 0 0 0 0 0 0 0 0 0 0 0 0 0 0 0 0 0 0 0 0 0 0 0 0 0 0 0
N-000227,000227,Normal/000227.mp4,CCD,official,test,,,,0,,,10.0,,,,0 0 0 0 0 0 0 0 0 0 0 0 0 0 0 0 0 0 0 0 0 0 0 0 0 0 0 0 0 0 0 0 0 0 0 0 0 0 0 0 0 0 0 0 0 0 0 0 0 0
N-000228,000228,Normal/000228.mp4,CCD,official,train,,,,0,,,10.0,,,,0 0 0 0 0 0 0 0 0 0 0 0 0 0 0 0 0 0 0 0 0 0 0 0 0 0 0 0 0 0 0 0 0 0 0 0 0 0 0 0 0 0 0 0 0 0 0 0 0 0
N-000229,000229,Normal/000229.mp4,CCD,official,train,,,,0,,,10.0,,,,0 0 0 0 0 0 0 0 0 0 0 0 0 0 0 0 0 0 0 0 0 0 0 0 0 0 0 0 0 0 0 0 0 0 0 0 0 0 0 0 0 0 0 0 0 0 0 0 0 0
N-000230,000230,Normal/000230.mp4,CCD,official,val,,,,0,,,10.0,,,,0 0 0 0 0 0 0 0 0 0 0 0 0 0 0 0 0 0 0 0 0 0 0 0 0 0 0 0 0 0 0 0 0 0 0 0 0 0 0 0 0 0 0 0 0 0 0 0 0 0
N-000231,000231,Normal/000231.mp4,CCD,official,train,,,,0,,,10.0,,,,0 0 0 0 0 0 0 0 0 0 0 0 0 0 0 0 0 0 0 0 0 0 0 0 0 0 0 0 0 0 0 0 0 0 0 0 0 0 0 0 0 0 0 0 0 0 0 0 0 0
N-000232,000232,Normal/000232.mp4,CCD,official,val,,,,0,,,10.0,,,,0 0 0 0 0 0 0 0 0 0 0 0 0 0 0 0 0 0 0 0 0 0 0 0 0 0 0 0 0 0 0 0 0 0 0 0 0 0 0 0 0 0 0 0 0 0 0 0 0 0
N-000233,000233,Normal/000233.mp4,CCD,official,train,,,,0,,,10.0,,,,0 0 0 0 0 0 0 0 0 0 0 0 0 0 0 0 0 0 0 0 0 0 0 0 0 0 0 0 0 0 0 0 0 0 0 0 0 0 0 0 0 0 0 0 0 0 0 0 0 0
N-000234,000234,Normal/000234.mp4,CCD,official,train,,,,0,,,10.0,,,,0 0 0 0 0 0 0 0 0 0 0 0 0 0 0 0 0 0 0 0 0 0 0 0 0 0 0 0 0 0 0 0 0 0 0 0 0 0 0 0 0 0 0 0 0 0 0 0 0 0
N-000235,000235,Normal/000235.mp4,CCD,official,train,,,,0,,,10.0,,,,0 0 0 0 0 0 0 0 0 0 0 0 0 0 0 0 0 0 0 0 0 0 0 0 0 0 0 0 0 0 0 0 0 0 0 0 0 0 0 0 0 0 0 0 0 0 0 0 0 0
N-000236,000236,Normal/000236.mp4,CCD,official,train,,,,0,,,10.0,,,,0 0 0 0 0 0 0 0 0 0 0 0 0 0 0 0 0 0 0 0 0 0 0 0 0 0 0 0 0 0 0 0 0 0 0 0 0 0 0 0 0 0 0 0 0 0 0 0 0 0
N-000237,000237,Normal/000237.mp4,CCD,official,train,,,,0,,,10.0,,,,0 0 0 0 0 0 0 0 0 0 0 0 0 0 0 0 0 0 0 0 0 0 0 0 0 0 0 0 0 0 0 0 0 0 0 0 0 0 0 0 0 0 0 0 0 0 0 0 0 0
N-000238,000238,Normal/000238.mp4,CCD,official,train,,,,0,,,10.0,,,,0 0 0 0 0 0 0 0 0 0 0 0 0 0 0 0 0 0 0 0 0 0 0 0 0 0 0 0 0 0 0 0 0 0 0 0 0 0 0 0 0 0 0 0 0 0 0 0 0 0
N-000239,000239,Normal/000239.mp4,CCD,official,train,,,,0,,,10.0,,,,0 0 0 0 0 0 0 0 0 0 0 0 0 0 0 0 0 0 0 0 0 0 0 0 0 0 0 0 0 0 0 0 0 0 0 0 0 0 0 0 0 0 0 0 0 0 0 0 0 0
N-000240,000240,Normal/000240.mp4,CCD,official,train,,,,0,,,10.0,,,,0 0 0 0 0 0 0 0 0 0 0 0 0 0 0 0 0 0 0 0 0 0 0 0 0 0 0 0 0 0 0 0 0 0 0 0 0 0 0 0 0 0 0 0 0 0 0 0 0 0
N-000241,000241,Normal/000241.mp4,CCD,official,train,,,,0,,,10.0,,,,0 0 0 0 0 0 0 0 0 0 0 0 0 0 0 0 0 0 0 0 0 0 0 0 0 0 0 0 0 0 0 0 0 0 0 0 0 0 0 0 0 0 0 0 0 0 0 0 0 0
N-000242,000242,Normal/000242.mp4,CCD,official,train,,,,0,,,10.0,,,,0 0 0 0 0 0 0 0 0 0 0 0 0 0 0 0 0 0 0 0 0 0 0 0 0 0 0 0 0 0 0 0 0 0 0 0 0 0 0 0 0 0 0 0 0 0 0 0 0 0
N-000243,000243,Normal/000243.mp4,CCD,official,train,,,,0,,,10.0,,,,0 0 0 0 0 0 0 0 0 0 0 0 0 0 0 0 0 0 0 0 0 0 0 0 0 0 0 0 0 0 0 0 0 0 0 0 0 0 0 0 0 0 0 0 0 0 0 0 0 0
N-000244,000244,Normal/000244.mp4,CCD,official,train,,,,0,,,10.0,,,,0 0 0 0 0 0 0 0 0 0 0 0 0 0 0 0 0 0 0 0 0 0 0 0 0 0 0 0 0 0 0 0 0 0 0 0 0 0 0 0 0 0 0 0 0 0 0 0 0 0
N-000245,000245,Normal/000245.mp4,CCD,official,train,,,,0,,,10.0,,,,0 0 0 0 0 0 0 0 0 0 0 0 0 0 0 0 0 0 0 0 0 0 0 0 0 0 0 0 0 0 0 0 0 0 0 0 0 0 0 0 0 0 0 0 0 0 0 0 0 0
N-000246,000246,Normal/000246.mp4,CCD,official,train,,,,0,,,10.0,,,,0 0 0 0 0 0 0 0 0 0 0 0 0 0 0 0 0 0 0 0 0 0 0 0 0 0 0 0 0 0 0 0 0 0 0 0 0 0 0 0 0 0 0 0 0 0 0 0 0 0
N-000247,000247,Normal/000247.mp4,CCD,official,test,,,,0,,,10.0,,,,0 0 0 0 0 0 0 0 0 0 0 0 0 0 0 0 0 0 0 0 0 0 0 0 0 0 0 0 0 0 0 0 0 0 0 0 0 0 0 0 0 0 0 0 0 0 0 0 0 0
N-000248,000248,Normal/000248.mp4,CCD,official,train,,,,0,,,10.0,,,,0 0 0 0 0 0 0 0 0 0 0 0 0 0 0 0 0 0 0 0 0 0 0 0 0 0 0 0 0 0 0 0 0 0 0 0 0 0 0 0 0 0 0 0 0 0 0 0 0 0
N-000249,000249,Normal/000249.mp4,CCD,official,train,,,,0,,,10.0,,,,0 0 0 0 0 0 0 0 0 0 0 0 0 0 0 0 0 0 0 0 0 0 0 0 0 0 0 0 0 0 0 0 0 0 0 0 0 0 0 0 0 0 0 0 0 0 0 0 0 0
N-000250,000250,Normal/000250.mp4,CCD,official,train,,,,0,,,10.0,,,,0 0 0 0 0 0 0 0 0 0 0 0 0 0 0 0 0 0 0 0 0 0 0 0 0 0 0 0 0 0 0 0 0 0 0 0 0 0 0 0 0 0 0 0 0 0 0 0 0 0
N-000251,000251,Normal/000251.mp4,CCD,official,test,,,,0,,,10.0,,,,0 0 0 0 0 0 0 0 0 0 0 0 0 0 0 0 0 0 0 0 0 0 0 0 0 0 0 0 0 0 0 0 0 0 0 0 0 0 0 0 0 0 0 0 0 0 0 0 0 0
N-000252,000252,Normal/000252.mp4,CCD,official,train,,,,0,,,10.0,,,,0 0 0 0 0 0 0 0 0 0 0 0 0 0 0 0 0 0 0 0 0 0 0 0 0 0 0 0 0 0 0 0 0 0 0 0 0 0 0 0 0 0 0 0 0 0 0 0 0 0
N-000253,000253,Normal/000253.mp4,CCD,official,train,,,,0,,,10.0,,,,0 0 0 0 0 0 0 0 0 0 0 0 0 0 0 0 0 0 0 0 0 0 0 0 0 0 0 0 0 0 0 0 0 0 0 0 0 0 0 0 0 0 0 0 0 0 0 0 0 0
N-000254,000254,Normal/000254.mp4,CCD,official,train,,,,0,,,10.0,,,,0 0 0 0 0 0 0 0 0 0 0 0 0 0 0 0 0 0 0 0 0 0 0 0 0 0 0 0 0 0 0 0 0 0 0 0 0 0 0 0 0 0 0 0 0 0 0 0 0 0
N-000255,000255,Normal/000255.mp4,CCD,official,test,,,,0,,,10.0,,,,0 0 0 0 0 0 0 0 0 0 0 0 0 0 0 0 0 0 0 0 0 0 0 0 0 0 0 0 0 0 0 0 0 0 0 0 0 0 0 0 0 0 0 0 0 0 0 0 0 0
N-000256,000256,Normal/000256.mp4,CCD,official,train,,,,0,,,10.0,,,,0 0 0 0 0 0 0 0 0 0 0 0 0 0 0 0 0 0 0 0 0 0 0 0 0 0 0 0 0 0 0 0 0 0 0 0 0 0 0 0 0 0 0 0 0 0 0 0 0 0
N-000257,000257,Normal/000257.mp4,CCD,official,train,,,,0,,,10.0,,,,0 0 0 0 0 0 0 0 0 0 0 0 0 0 0 0 0 0 0 0 0 0 0 0 0 0 0 0 0 0 0 0 0 0 0 0 0 0 0 0 0 0 0 0 0 0 0 0 0 0
N-000258,000258,Normal/000258.mp4,CCD,official,test,,,,0,,,10.0,,,,0 0 0 0 0 0 0 0 0 0 0 0 0 0 0 0 0 0 0 0 0 0 0 0 0 0 0 0 0 0 0 0 0 0 0 0 0 0 0 0 0 0 0 0 0 0 0 0 0 0
N-000259,000259,Normal/000259.mp4,CCD,official,train,,,,0,,,10.0,,,,0 0 0 0 0 0 0 0 0 0 0 0 0 0 0 0 0 0 0 0 0 0 0 0 0 0 0 0 0 0 0 0 0 0 0 0 0 0 0 0 0 0 0 0 0 0 0 0 0 0
N-000260,000260,Normal/000260.mp4,CCD,official,train,,,,0,,,10.0,,,,0 0 0 0 0 0 0 0 0 0 0 0 0 0 0 0 0 0 0 0 0 0 0 0 0 0 0 0 0 0 0 0 0 0 0 0 0 0 0 0 0 0 0 0 0 0 0 0 0 0
N-000261,000261,Normal/000261.mp4,CCD,official,train,,,,0,,,10.0,,,,0 0 0 0 0 0 0 0 0 0 0 0 0 0 0 0 0 0 0 0 0 0 0 0 0 0 0 0 0 0 0 0 0 0 0 0 0 0 0 0 0 0 0 0 0 0 0 0 0 0
N-000262,000262,Normal/000262.mp4,CCD,official,train,,,,0,,,10.0,,,,0 0 0 0 0 0 0 0 0 0 0 0 0 0 0 0 0 0 0 0 0 0 0 0 0 0 0 0 0 0 0 0 0 0 0 0 0 0 0 0 0 0 0 0 0 0 0 0 0 0
N-000263,000263,Normal/000263.mp4,CCD,official,train,,,,0,,,10.0,,,,0 0 0 0 0 0 0 0 0 0 0 0 0 0 0 0 0 0 0 0 0 0 0 0 0 0 0 0 0 0 0 0 0 0 0 0 0 0 0 0 0 0 0 0 0 0 0 0 0 0
N-000264,000264,Normal/000264.mp4,CCD,official,train,,,,0,,,10.0,,,,0 0 0 0 0 0 0 0 0 0 0 0 0 0 0 0 0 0 0 0 0 0 0 0 0 0 0 0 0 0 0 0 0 0 0 0 0 0 0 0 0 0 0 0 0 0 0 0 0 0
N-000265,000265,Normal/000265.mp4,CCD,official,train,,,,0,,,10.0,,,,0 0 0 0 0 0 0 0 0 0 0 0 0 0 0 0 0 0 0 0 0 0 0 0 0 0 0 0 0 0 0 0 0 0 0 0 0 0 0 0 0 0 0 0 0 0 0 0 0 0
N-000266,000266,Normal/000266.mp4,CCD,official,train,,,,0,,,10.0,,,,0 0 0 0 0 0 0 0 0 0 0 0 0 0 0 0 0 0 0 0 0 0 0 0 0 0 0 0 0 0 0 0 0 0 0 0 0 0 0 0 0 0 0 0 0 0 0 0 0 0
N-000267,000267,Normal/000267.mp4,CCD,official,train,,,,0,,,10.0,,,,0 0 0 0 0 0 0 0 0 0 0 0 0 0 0 0 0 0 0 0 0 0 0 0 0 0 0 0 0 0 0 0 0 0 0 0 0 0 0 0 0 0 0 0 0 0 0 0 0 0
N-000268,000268,Normal/000268.mp4,CCD,official,test,,,,0,,,10.0,,,,0 0 0 0 0 0 0 0 0 0 0 0 0 0 0 0 0 0 0 0 0 0 0 0 0 0 0 0 0 0 0 0 0 0 0 0 0 0 0 0 0 0 0 0 0 0 0 0 0 0
N-000269,000269,Normal/000269.mp4,CCD,official,train,,,,0,,,10.0,,,,0 0 0 0 0 0 0 0 0 0 0 0 0 0 0 0 0 0 0 0 0 0 0 0 0 0 0 0 0 0 0 0 0 0 0 0 0 0 0 0 0 0 0 0 0 0 0 0 0 0
N-000270,000270,Normal/000270.mp4,CCD,official,train,,,,0,,,10.0,,,,0 0 0 0 0 0 0 0 0 0 0 0 0 0 0 0 0 0 0 0 0 0 0 0 0 0 0 0 0 0 0 0 0 0 0 0 0 0 0 0 0 0 0 0 0 0 0 0 0 0
N-000271,000271,Normal/000271.mp4,CCD,official,val,,,,0,,,10.0,,,,0 0 0 0 0 0 0 0 0 0 0 0 0 0 0 0 0 0 0 0 0 0 0 0 0 0 0 0 0 0 0 0 0 0 0 0 0 0 0 0 0 0 0 0 0 0 0 0 0 0
N-000272,000272,Normal/000272.mp4,CCD,official,train,,,,0,,,10.0,,,,0 0 0 0 0 0 0 0 0 0 0 0 0 0 0 0 0 0 0 0 0 0 0 0 0 0 0 0 0 0 0 0 0 0 0 0 0 0 0 0 0 0 0 0 0 0 0 0 0 0
N-000273,000273,Normal/000273.mp4,CCD,official,val,,,,0,,,10.0,,,,0 0 0 0 0 0 0 0 0 0 0 0 0 0 0 0 0 0 0 0 0 0 0 0 0 0 0 0 0 0 0 0 0 0 0 0 0 0 0 0 0 0 0 0 0 0 0 0 0 0
N-000274,000274,Normal/000274.mp4,CCD,official,test,,,,0,,,10.0,,,,0 0 0 0 0 0 0 0 0 0 0 0 0 0 0 0 0 0 0 0 0 0 0 0 0 0 0 0 0 0 0 0 0 0 0 0 0 0 0 0 0 0 0 0 0 0 0 0 0 0
N-000275,000275,Normal/000275.mp4,CCD,official,test,,,,0,,,10.0,,,,0 0 0 0 0 0 0 0 0 0 0 0 0 0 0 0 0 0 0 0 0 0 0 0 0 0 0 0 0 0 0 0 0 0 0 0 0 0 0 0 0 0 0 0 0 0 0 0 0 0
N-000276,000276,Normal/000276.mp4,CCD,official,train,,,,0,,,10.0,,,,0 0 0 0 0 0 0 0 0 0 0 0 0 0 0 0 0 0 0 0 0 0 0 0 0 0 0 0 0 0 0 0 0 0 0 0 0 0 0 0 0 0 0 0 0 0 0 0 0 0
N-000277,000277,Normal/000277.mp4,CCD,official,test,,,,0,,,10.0,,,,0 0 0 0 0 0 0 0 0 0 0 0 0 0 0 0 0 0 0 0 0 0 0 0 0 0 0 0 0 0 0 0 0 0 0 0 0 0 0 0 0 0 0 0 0 0 0 0 0 0
N-000278,000278,Normal/000278.mp4,CCD,official,train,,,,0,,,10.0,,,,0 0 0 0 0 0 0 0 0 0 0 0 0 0 0 0 0 0 0 0 0 0 0 0 0 0 0 0 0 0 0 0 0 0 0 0 0 0 0 0 0 0 0 0 0 0 0 0 0 0
N-000279,000279,Normal/000279.mp4,CCD,official,train,,,,0,,,10.0,,,,0 0 0 0 0 0 0 0 0 0 0 0 0 0 0 0 0 0 0 0 0 0 0 0 0 0 0 0 0 0 0 0 0 0 0 0 0 0 0 0 0 0 0 0 0 0 0 0 0 0
N-000280,000280,Normal/000280.mp4,CCD,official,test,,,,0,,,10.0,,,,0 0 0 0 0 0 0 0 0 0 0 0 0 0 0 0 0 0 0 0 0 0 0 0 0 0 0 0 0 0 0 0 0 0 0 0 0 0 0 0 0 0 0 0 0 0 0 0 0 0
N-000281,000281,Normal/000281.mp4,CCD,official,train,,,,0,,,10.0,,,,0 0 0 0 0 0 0 0 0 0 0 0 0 0 0 0 0 0 0 0 0 0 0 0 0 0 0 0 0 0 0 0 0 0 0 0 0 0 0 0 0 0 0 0 0 0 0 0 0 0
N-000282,000282,Normal/000282.mp4,CCD,official,test,,,,0,,,10.0,,,,0 0 0 0 0 0 0 0 0 0 0 0 0 0 0 0 0 0 0 0 0 0 0 0 0 0 0 0 0 0 0 0 0 0 0 0 0 0 0 0 0 0 0 0 0 0 0 0 0 0
N-000283,000283,Normal/000283.mp4,CCD,official,test,,,,0,,,10.0,,,,0 0 0 0 0 0 0 0 0 0 0 0 0 0 0 0 0 0 0 0 0 0 0 0 0 0 0 0 0 0 0 0 0 0 0 0 0 0 0 0 0 0 0 0 0 0 0 0 0 0
N-000284,000284,Normal/000284.mp4,CCD,official,val,,,,0,,,10.0,,,,0 0 0 0 0 0 0 0 0 0 0 0 0 0 0 0 0 0 0 0 0 0 0 0 0 0 0 0 0 0 0 0 0 0 0 0 0 0 0 0 0 0 0 0 0 0 0 0 0 0
N-000285,000285,Normal/000285.mp4,CCD,official,test,,,,0,,,10.0,,,,0 0 0 0 0 0 0 0 0 0 0 0 0 0 0 0 0 0 0 0 0 0 0 0 0 0 0 0 0 0 0 0 0 0 0 0 0 0 0 0 0 0 0 0 0 0 0 0 0 0
N-000286,000286,Normal/000286.mp4,CCD,official,test,,,,0,,,10.0,,,,0 0 0 0 0 0 0 0 0 0 0 0 0 0 0 0 0 0 0 0 0 0 0 0 0 0 0 0 0 0 0 0 0 0 0 0 0 0 0 0 0 0 0 0 0 0 0 0 0 0
N-000287,000287,Normal/000287.mp4,CCD,official,train,,,,0,,,10.0,,,,0 0 0 0 0 0 0 0 0 0 0 0 0 0 0 0 0 0 0 0 0 0 0 0 0 0 0 0 0 0 0 0 0 0 0 0 0 0 0 0 0 0 0 0 0 0 0 0 0 0
N-000288,000288,Normal/000288.mp4,CCD,official,train,,,,0,,,10.0,,,,0 0 0 0 0 0 0 0 0 0 0 0 0 0 0 0 0 0 0 0 0 0 0 0 0 0 0 0 0 0 0 0 0 0 0 0 0 0 0 0 0 0 0 0 0 0 0 0 0 0
N-000289,000289,Normal/000289.mp4,CCD,official,train,,,,0,,,10.0,,,,0 0 0 0 0 0 0 0 0 0 0 0 0 0 0 0 0 0 0 0 0 0 0 0 0 0 0 0 0 0 0 0 0 0 0 0 0 0 0 0 0 0 0 0 0 0 0 0 0 0
N-000290,000290,Normal/000290.mp4,CCD,official,train,,,,0,,,10.0,,,,0 0 0 0 0 0 0 0 0 0 0 0 0 0 0 0 0 0 0 0 0 0 0 0 0 0 0 0 0 0 0 0 0 0 0 0 0 0 0 0 0 0 0 0 0 0 0 0 0 0
N-000291,000291,Normal/000291.mp4,CCD,official,test,,,,0,,,10.0,,,,0 0 0 0 0 0 0 0 0 0 0 0 0 0 0 0 0 0 0 0 0 0 0 0 0 0 0 0 0 0 0 0 0 0 0 0 0 0 0 0 0 0 0 0 0 0 0 0 0 0
N-000292,000292,Normal/000292.mp4,CCD,official,test,,,,0,,,10.0,,,,0 0 0 0 0 0 0 0 0 0 0 0 0 0 0 0 0 0 0 0 0 0 0 0 0 0 0 0 0 0 0 0 0 0 0 0 0 0 0 0 0 0 0 0 0 0 0 0 0 0
N-000293,000293,Normal/000293.mp4,CCD,official,train,,,,0,,,10.0,,,,0 0 0 0 0 0 0 0 0 0 0 0 0 0 0 0 0 0 0 0 0 0 0 0 0 0 0 0 0 0 0 0 0 0 0 0 0 0 0 0 0 0 0 0 0 0 0 0 0 0
N-000294,000294,Normal/000294.mp4,CCD,official,train,,,,0,,,10.0,,,,0 0 0 0 0 0 0 0 0 0 0 0 0 0 0 0 0 0 0 0 0 0 0 0 0 0 0 0 0 0 0 0 0 0 0 0 0 0 0 0 0 0 0 0 0 0 0 0 0 0
N-000295,000295,Normal/000295.mp4,CCD,official,test,,,,0,,,10.0,,,,0 0 0 0 0 0 0 0 0 0 0 0 0 0 0 0 0 0 0 0 0 0 0 0 0 0 0 0 0 0 0 0 0 0 0 0 0 0 0 0 0 0 0 0 0 0 0 0 0 0
N-000296,000296,Normal/000296.mp4,CCD,official,val,,,,0,,,10.0,,,,0 0 0 0 0 0 0 0 0 0 0 0 0 0 0 0 0 0 0 0 0 0 0 0 0 0 0 0 0 0 0 0 0 0 0 0 0 0 0 0 0 0 0 0 0 0 0 0 0 0
N-000297,000297,Normal/000297.mp4,CCD,official,train,,,,0,,,10.0,,,,0 0 0 0 0 0 0 0 0 0 0 0 0 0 0 0 0 0 0 0 0 0 0 0 0 0 0 0 0 0 0 0 0 0 0 0 0 0 0 0 0 0 0 0 0 0 0 0 0 0
N-000298,000298,Normal/000298.mp4,CCD,official,val,,,,0,,,10.0,,,,0 0 0 0 0 0 0 0 0 0 0 0 0 0 0 0 0 0 0 0 0 0 0 0 0 0 0 0 0 0 0 0 0 0 0 0 0 0 0 0 0 0 0 0 0 0 0 0 0 0
N-000299,000299,Normal/000299.mp4,CCD,official,test,,,,0,,,10.0,,,,0 0 0 0 0 0 0 0 0 0 0 0 0 0 0 0 0 0 0 0 0 0 0 0 0 0 0 0 0 0 0 0 0 0 0 0 0 0 0 0 0 0 0 0 0 0 0 0 0 0
N-000300,000300,Normal/000300.mp4,CCD,official,val,,,,0,,,10.0,,,,0 0 0 0 0 0 0 0 0 0 0 0 0 0 0 0 0 0 0 0 0 0 0 0 0 0 0 0 0 0 0 0 0 0 0 0 0 0 0 0 0 0 0 0 0 0 0 0 0 0
N-000301,000301,Normal/000301.mp4,CCD,official,val,,,,0,,,10.0,,,,0 0 0 0 0 0 0 0 0 0 0 0 0 0 0 0 0 0 0 0 0 0 0 0 0 0 0 0 0 0 0 0 0 0 0 0 0 0 0 0 0 0 0 0 0 0 0 0 0 0
N-000302,000302,Normal/000302.mp4,CCD,official,val,,,,0,,,10.0,,,,0 0 0 0 0 0 0 0 0 0 0 0 0 0 0 0 0 0 0 0 0 0 0 0 0 0 0 0 0 0 0 0 0 0 0 0 0 0 0 0 0 0 0 0 0 0 0 0 0 0
N-000303,000303,Normal/000303.mp4,CCD,official,train,,,,0,,,10.0,,,,0 0 0 0 0 0 0 0 0 0 0 0 0 0 0 0 0 0 0 0 0 0 0 0 0 0 0 0 0 0 0 0 0 0 0 0 0 0 0 0 0 0 0 0 0 0 0 0 0 0
N-000304,000304,Normal/000304.mp4,CCD,official,train,,,,0,,,10.0,,,,0 0 0 0 0 0 0 0 0 0 0 0 0 0 0 0 0 0 0 0 0 0 0 0 0 0 0 0 0 0 0 0 0 0 0 0 0 0 0 0 0 0 0 0 0 0 0 0 0 0
N-000305,000305,Normal/000305.mp4,CCD,official,test,,,,0,,,10.0,,,,0 0 0 0 0 0 0 0 0 0 0 0 0 0 0 0 0 0 0 0 0 0 0 0 0 0 0 0 0 0 0 0 0 0 0 0 0 0 0 0 0 0 0 0 0 0 0 0 0 0
N-000306,000306,Normal/000306.mp4,CCD,official,train,,,,0,,,10.0,,,,0 0 0 0 0 0 0 0 0 0 0 0 0 0 0 0 0 0 0 0 0 0 0 0 0 0 0 0 0 0 0 0 0 0 0 0 0 0 0 0 0 0 0 0 0 0 0 0 0 0
N-000307,000307,Normal/000307.mp4,CCD,official,test,,,,0,,,10.0,,,,0 0 0 0 0 0 0 0 0 0 0 0 0 0 0 0 0 0 0 0 0 0 0 0 0 0 0 0 0 0 0 0 0 0 0 0 0 0 0 0 0 0 0 0 0 0 0 0 0 0
N-000308,000308,Normal/000308.mp4,CCD,official,train,,,,0,,,10.0,,,,0 0 0 0 0 0 0 0 0 0 0 0 0 0 0 0 0 0 0 0 0 0 0 0 0 0 0 0 0 0 0 0 0 0 0 0 0 0 0 0 0 0 0 0 0 0 0 0 0 0
N-000309,000309,Normal/000309.mp4,CCD,official,train,,,,0,,,10.0,,,,0 0 0 0 0 0 0 0 0 0 0 0 0 0 0 0 0 0 0 0 0 0 0 0 0 0 0 0 0 0 0 0 0 0 0 0 0 0 0 0 0 0 0 0 0 0 0 0 0 0
N-000310,000310,Normal/000310.mp4,CCD,official,train,,,,0,,,10.0,,,,0 0 0 0 0 0 0 0 0 0 0 0 0 0 0 0 0 0 0 0 0 0 0 0 0 0 0 0 0 0 0 0 0 0 0 0 0 0 0 0 0 0 0 0 0 0 0 0 0 0
N-000311,000311,Normal/000311.mp4,CCD,official,test,,,,0,,,10.0,,,,0 0 0 0 0 0 0 0 0 0 0 0 0 0 0 0 0 0 0 0 0 0 0 0 0 0 0 0 0 0 0 0 0 0 0 0 0 0 0 0 0 0 0 0 0 0 0 0 0 0
N-000312,000312,Normal/000312.mp4,CCD,official,train,,,,0,,,10.0,,,,0 0 0 0 0 0 0 0 0 0 0 0 0 0 0 0 0 0 0 0 0 0 0 0 0 0 0 0 0 0 0 0 0 0 0 0 0 0 0 0 0 0 0 0 0 0 0 0 0 0
N-000313,000313,Normal/000313.mp4,CCD,official,test,,,,0,,,10.0,,,,0 0 0 0 0 0 0 0 0 0 0 0 0 0 0 0 0 0 0 0 0 0 0 0 0 0 0 0 0 0 0 0 0 0 0 0 0 0 0 0 0 0 0 0 0 0 0 0 0 0
N-000314,000314,Normal/000314.mp4,CCD,official,train,,,,0,,,10.0,,,,0 0 0 0 0 0 0 0 0 0 0 0 0 0 0 0 0 0 0 0 0 0 0 0 0 0 0 0 0 0 0 0 0 0 0 0 0 0 0 0 0 0 0 0 0 0 0 0 0 0
N-000315,000315,Normal/000315.mp4,CCD,official,test,,,,0,,,10.0,,,,0 0 0 0 0 0 0 0 0 0 0 0 0 0 0 0 0 0 0 0 0 0 0 0 0 0 0 0 0 0 0 0 0 0 0 0 0 0 0 0 0 0 0 0 0 0 0 0 0 0
N-000316,000316,Normal/000316.mp4,CCD,official,test,,,,0,,,10.0,,,,0 0 0 0 0 0 0 0 0 0 0 0 0 0 0 0 0 0 0 0 0 0 0 0 0 0 0 0 0 0 0 0 0 0 0 0 0 0 0 0 0 0 0 0 0 0 0 0 0 0
N-000317,000317,Normal/000317.mp4,CCD,official,val,,,,0,,,10.0,,,,0 0 0 0 0 0 0 0 0 0 0 0 0 0 0 0 0 0 0 0 0 0 0 0 0 0 0 0 0 0 0 0 0 0 0 0 0 0 0 0 0 0 0 0 0 0 0 0 0 0
N-000318,000318,Normal/000318.mp4,CCD,official,train,,,,0,,,10.0,,,,0 0 0 0 0 0 0 0 0 0 0 0 0 0 0 0 0 0 0 0 0 0 0 0 0 0 0 0 0 0 0 0 0 0 0 0 0 0 0 0 0 0 0 0 0 0 0 0 0 0
N-000319,000319,Normal/000319.mp4,CCD,official,test,,,,0,,,10.0,,,,0 0 0 0 0 0 0 0 0 0 0 0 0 0 0 0 0 0 0 0 0 0 0 0 0 0 0 0 0 0 0 0 0 0 0 0 0 0 0 0 0 0 0 0 0 0 0 0 0 0
N-000320,000320,Normal/000320.mp4,CCD,official,train,,,,0,,,10.0,,,,0 0 0 0 0 0 0 0 0 0 0 0 0 0 0 0 0 0 0 0 0 0 0 0 0 0 0 0 0 0 0 0 0 0 0 0 0 0 0 0 0 0 0 0 0 0 0 0 0 0
N-000321,000321,Normal/000321.mp4,CCD,official,test,,,,0,,,10.0,,,,0 0 0 0 0 0 0 0 0 0 0 0 0 0 0 0 0 0 0 0 0 0 0 0 0 0 0 0 0 0 0 0 0 0 0 0 0 0 0 0 0 0 0 0 0 0 0 0 0 0
N-000322,000322,Normal/000322.mp4,CCD,official,test,,,,0,,,10.0,,,,0 0 0 0 0 0 0 0 0 0 0 0 0 0 0 0 0 0 0 0 0 0 0 0 0 0 0 0 0 0 0 0 0 0 0 0 0 0 0 0 0 0 0 0 0 0 0 0 0 0
N-000323,000323,Normal/000323.mp4,CCD,official,val,,,,0,,,10.0,,,,0 0 0 0 0 0 0 0 0 0 0 0 0 0 0 0 0 0 0 0 0 0 0 0 0 0 0 0 0 0 0 0 0 0 0 0 0 0 0 0 0 0 0 0 0 0 0 0 0 0
N-000324,000324,Normal/000324.mp4,CCD,official,train,,,,0,,,10.0,,,,0 0 0 0 0 0 0 0 0 0 0 0 0 0 0 0 0 0 0 0 0 0 0 0 0 0 0 0 0 0 0 0 0 0 0 0 0 0 0 0 0 0 0 0 0 0 0 0 0 0
N-000325,000325,Normal/000325.mp4,CCD,official,train,,,,0,,,10.0,,,,0 0 0 0 0 0 0 0 0 0 0 0 0 0 0 0 0 0 0 0 0 0 0 0 0 0 0 0 0 0 0 0 0 0 0 0 0 0 0 0 0 0 0 0 0 0 0 0 0 0
N-000326,000326,Normal/000326.mp4,CCD,official,val,,,,0,,,10.0,,,,0 0 0 0 0 0 0 0 0 0 0 0 0 0 0 0 0 0 0 0 0 0 0 0 0 0 0 0 0 0 0 0 0 0 0 0 0 0 0 0 0 0 0 0 0 0 0 0 0 0
N-000327,000327,Normal/000327.mp4,CCD,official,train,,,,0,,,10.0,,,,0 0 0 0 0 0 0 0 0 0 0 0 0 0 0 0 0 0 0 0 0 0 0 0 0 0 0 0 0 0 0 0 0 0 0 0 0 0 0 0 0 0 0 0 0 0 0 0 0 0
N-000328,000328,Normal/000328.mp4,CCD,official,train,,,,0,,,10.0,,,,0 0 0 0 0 0 0 0 0 0 0 0 0 0 0 0 0 0 0 0 0 0 0 0 0 0 0 0 0 0 0 0 0 0 0 0 0 0 0 0 0 0 0 0 0 0 0 0 0 0
N-000329,000329,Normal/000329.mp4,CCD,official,train,,,,0,,,10.0,,,,0 0 0 0 0 0 0 0 0 0 0 0 0 0 0 0 0 0 0 0 0 0 0 0 0 0 0 0 0 0 0 0 0 0 0 0 0 0 0 0 0 0 0 0 0 0 0 0 0 0
N-000330,000330,Normal/000330.mp4,CCD,official,train,,,,0,,,10.0,,,,0 0 0 0 0 0 0 0 0 0 0 0 0 0 0 0 0 0 0 0 0 0 0 0 0 0 0 0 0 0 0 0 0 0 0 0 0 0 0 0 0 0 0 0 0 0 0 0 0 0
N-000331,000331,Normal/000331.mp4,CCD,official,train,,,,0,,,10.0,,,,0 0 0 0 0 0 0 0 0 0 0 0 0 0 0 0 0 0 0 0 0 0 0 0 0 0 0 0 0 0 0 0 0 0 0 0 0 0 0 0 0 0 0 0 0 0 0 0 0 0
N-000332,000332,Normal/000332.mp4,CCD,official,train,,,,0,,,10.0,,,,0 0 0 0 0 0 0 0 0 0 0 0 0 0 0 0 0 0 0 0 0 0 0 0 0 0 0 0 0 0 0 0 0 0 0 0 0 0 0 0 0 0 0 0 0 0 0 0 0 0
N-000333,000333,Normal/000333.mp4,CCD,official,test,,,,0,,,10.0,,,,0 0 0 0 0 0 0 0 0 0 0 0 0 0 0 0 0 0 0 0 0 0 0 0 0 0 0 0 0 0 0 0 0 0 0 0 0 0 0 0 0 0 0 0 0 0 0 0 0 0
N-000334,000334,Normal/000334.mp4,CCD,official,train,,,,0,,,10.0,,,,0 0 0 0 0 0 0 0 0 0 0 0 0 0 0 0 0 0 0 0 0 0 0 0 0 0 0 0 0 0 0 0 0 0 0 0 0 0 0 0 0 0 0 0 0 0 0 0 0 0
N-000335,000335,Normal/000335.mp4,CCD,official,train,,,,0,,,10.0,,,,0 0 0 0 0 0 0 0 0 0 0 0 0 0 0 0 0 0 0 0 0 0 0 0 0 0 0 0 0 0 0 0 0 0 0 0 0 0 0 0 0 0 0 0 0 0 0 0 0 0
N-000336,000336,Normal/000336.mp4,CCD,official,train,,,,0,,,10.0,,,,0 0 0 0 0 0 0 0 0 0 0 0 0 0 0 0 0 0 0 0 0 0 0 0 0 0 0 0 0 0 0 0 0 0 0 0 0 0 0 0 0 0 0 0 0 0 0 0 0 0
N-000337,000337,Normal/000337.mp4,CCD,official,val,,,,0,,,10.0,,,,0 0 0 0 0 0 0 0 0 0 0 0 0 0 0 0 0 0 0 0 0 0 0 0 0 0 0 0 0 0 0 0 0 0 0 0 0 0 0 0 0 0 0 0 0 0 0 0 0 0
N-000338,000338,Normal/000338.mp4,CCD,official,train,,,,0,,,10.0,,,,0 0 0 0 0 0 0 0 0 0 0 0 0 0 0 0 0 0 0 0 0 0 0 0 0 0 0 0 0 0 0 0 0 0 0 0 0 0 0 0 0 0 0 0 0 0 0 0 0 0
N-000339,000339,Normal/000339.mp4,CCD,official,val,,,,0,,,10.0,,,,0 0 0 0 0 0 0 0 0 0 0 0 0 0 0 0 0 0 0 0 0 0 0 0 0 0 0 0 0 0 0 0 0 0 0 0 0 0 0 0 0 0 0 0 0 0 0 0 0 0
N-000340,000340,Normal/000340.mp4,CCD,official,val,,,,0,,,10.0,,,,0 0 0 0 0 0 0 0 0 0 0 0 0 0 0 0 0 0 0 0 0 0 0 0 0 0 0 0 0 0 0 0 0 0 0 0 0 0 0 0 0 0 0 0 0 0 0 0 0 0
N-000341,000341,Normal/000341.mp4,CCD,official,val,,,,0,,,10.0,,,,0 0 0 0 0 0 0 0 0 0 0 0 0 0 0 0 0 0 0 0 0 0 0 0 0 0 0 0 0 0 0 0 0 0 0 0 0 0 0 0 0 0 0 0 0 0 0 0 0 0
N-000342,000342,Normal/000342.mp4,CCD,official,train,,,,0,,,10.0,,,,0 0 0 0 0 0 0 0 0 0 0 0 0 0 0 0 0 0 0 0 0 0 0 0 0 0 0 0 0 0 0 0 0 0 0 0 0 0 0 0 0 0 0 0 0 0 0 0 0 0
N-000343,000343,Normal/000343.mp4,CCD,official,train,,,,0,,,10.0,,,,0 0 0 0 0 0 0 0 0 0 0 0 0 0 0 0 0 0 0 0 0 0 0 0 0 0 0 0 0 0 0 0 0 0 0 0 0 0 0 0 0 0 0 0 0 0 0 0 0 0
N-000344,000344,Normal/000344.mp4,CCD,official,val,,,,0,,,10.0,,,,0 0 0 0 0 0 0 0 0 0 0 0 0 0 0 0 0 0 0 0 0 0 0 0 0 0 0 0 0 0 0 0 0 0 0 0 0 0 0 0 0 0 0 0 0 0 0 0 0 0
N-000345,000345,Normal/000345.mp4,CCD,official,train,,,,0,,,10.0,,,,0 0 0 0 0 0 0 0 0 0 0 0 0 0 0 0 0 0 0 0 0 0 0 0 0 0 0 0 0 0 0 0 0 0 0 0 0 0 0 0 0 0 0 0 0 0 0 0 0 0
N-000346,000346,Normal/000346.mp4,CCD,official,test,,,,0,,,10.0,,,,0 0 0 0 0 0 0 0 0 0 0 0 0 0 0 0 0 0 0 0 0 0 0 0 0 0 0 0 0 0 0 0 0 0 0 0 0 0 0 0 0 0 0 0 0 0 0 0 0 0
N-000347,000347,Normal/000347.mp4,CCD,official,train,,,,0,,,10.0,,,,0 0 0 0 0 0 0 0 0 0 0 0 0 0 0 0 0 0 0 0 0 0 0 0 0 0 0 0 0 0 0 0 0 0 0 0 0 0 0 0 0 0 0 0 0 0 0 0 0 0
N-000348,000348,Normal/000348.mp4,CCD,official,train,,,,0,,,10.0,,,,0 0 0 0 0 0 0 0 0 0 0 0 0 0 0 0 0 0 0 0 0 0 0 0 0 0 0 0 0 0 0 0 0 0 0 0 0 0 0 0 0 0 0 0 0 0 0 0 0 0
N-000349,000349,Normal/000349.mp4,CCD,official,train,,,,0,,,10.0,,,,0 0 0 0 0 0 0 0 0 0 0 0 0 0 0 0 0 0 0 0 0 0 0 0 0 0 0 0 0 0 0 0 0 0 0 0 0 0 0 0 0 0 0 0 0 0 0 0 0 0
N-000350,000350,Normal/000350.mp4,CCD,official,train,,,,0,,,10.0,,,,0 0 0 0 0 0 0 0 0 0 0 0 0 0 0 0 0 0 0 0 0 0 0 0 0 0 0 0 0 0 0 0 0 0 0 0 0 0 0 0 0 0 0 0 0 0 0 0 0 0
N-000351,000351,Normal/000351.mp4,CCD,official,train,,,,0,,,10.0,,,,0 0 0 0 0 0 0 0 0 0 0 0 0 0 0 0 0 0 0 0 0 0 0 0 0 0 0 0 0 0 0 0 0 0 0 0 0 0 0 0 0 0 0 0 0 0 0 0 0 0
N-000352,000352,Normal/000352.mp4,CCD,official,train,,,,0,,,10.0,,,,0 0 0 0 0 0 0 0 0 0 0 0 0 0 0 0 0 0 0 0 0 0 0 0 0 0 0 0 0 0 0 0 0 0 0 0 0 0 0 0 0 0 0 0 0 0 0 0 0 0
N-000353,000353,Normal/000353.mp4,CCD,official,test,,,,0,,,10.0,,,,0 0 0 0 0 0 0 0 0 0 0 0 0 0 0 0 0 0 0 0 0 0 0 0 0 0 0 0 0 0 0 0 0 0 0 0 0 0 0 0 0 0 0 0 0 0 0 0 0 0
N-000354,000354,Normal/000354.mp4,CCD,official,train,,,,0,,,10.0,,,,0 0 0 0 0 0 0 0 0 0 0 0 0 0 0 0 0 0 0 0 0 0 0 0 0 0 0 0 0 0 0 0 0 0 0 0 0 0 0 0 0 0 0 0 0 0 0 0 0 0
N-000355,000355,Normal/000355.mp4,CCD,official,train,,,,0,,,10.0,,,,0 0 0 0 0 0 0 0 0 0 0 0 0 0 0 0 0 0 0 0 0 0 0 0 0 0 0 0 0 0 0 0 0 0 0 0 0 0 0 0 0 0 0 0 0 0 0 0 0 0
N-000356,000356,Normal/000356.mp4,CCD,official,val,,,,0,,,10.0,,,,0 0 0 0 0 0 0 0 0 0 0 0 0 0 0 0 0 0 0 0 0 0 0 0 0 0 0 0 0 0 0 0 0 0 0 0 0 0 0 0 0 0 0 0 0 0 0 0 0 0
N-000357,000357,Normal/000357.mp4,CCD,official,train,,,,0,,,10.0,,,,0 0 0 0 0 0 0 0 0 0 0 0 0 0 0 0 0 0 0 0 0 0 0 0 0 0 0 0 0 0 0 0 0 0 0 0 0 0 0 0 0 0 0 0 0 0 0 0 0 0
N-000358,000358,Normal/000358.mp4,CCD,official,train,,,,0,,,10.0,,,,0 0 0 0 0 0 0 0 0 0 0 0 0 0 0 0 0 0 0 0 0 0 0 0 0 0 0 0 0 0 0 0 0 0 0 0 0 0 0 0 0 0 0 0 0 0 0 0 0 0
N-000359,000359,Normal/000359.mp4,CCD,official,train,,,,0,,,10.0,,,,0 0 0 0 0 0 0 0 0 0 0 0 0 0 0 0 0 0 0 0 0 0 0 0 0 0 0 0 0 0 0 0 0 0 0 0 0 0 0 0 0 0 0 0 0 0 0 0 0 0
N-000360,000360,Normal/000360.mp4,CCD,official,train,,,,0,,,10.0,,,,0 0 0 0 0 0 0 0 0 0 0 0 0 0 0 0 0 0 0 0 0 0 0 0 0 0 0 0 0 0 0 0 0 0 0 0 0 0 0 0 0 0 0 0 0 0 0 0 0 0
N-000361,000361,Normal/000361.mp4,CCD,official,train,,,,0,,,10.0,,,,0 0 0 0 0 0 0 0 0 0 0 0 0 0 0 0 0 0 0 0 0 0 0 0 0 0 0 0 0 0 0 0 0 0 0 0 0 0 0 0 0 0 0 0 0 0 0 0 0 0
N-000362,000362,Normal/000362.mp4,CCD,official,train,,,,0,,,10.0,,,,0 0 0 0 0 0 0 0 0 0 0 0 0 0 0 0 0 0 0 0 0 0 0 0 0 0 0 0 0 0 0 0 0 0 0 0 0 0 0 0 0 0 0 0 0 0 0 0 0 0
N-000363,000363,Normal/000363.mp4,CCD,official,test,,,,0,,,10.0,,,,0 0 0 0 0 0 0 0 0 0 0 0 0 0 0 0 0 0 0 0 0 0 0 0 0 0 0 0 0 0 0 0 0 0 0 0 0 0 0 0 0 0 0 0 0 0 0 0 0 0
N-000364,000364,Normal/000364.mp4,CCD,official,val,,,,0,,,10.0,,,,0 0 0 0 0 0 0 0 0 0 0 0 0 0 0 0 0 0 0 0 0 0 0 0 0 0 0 0 0 0 0 0 0 0 0 0 0 0 0 0 0 0 0 0 0 0 0 0 0 0
N-000365,000365,Normal/000365.mp4,CCD,official,test,,,,0,,,10.0,,,,0 0 0 0 0 0 0 0 0 0 0 0 0 0 0 0 0 0 0 0 0 0 0 0 0 0 0 0 0 0 0 0 0 0 0 0 0 0 0 0 0 0 0 0 0 0 0 0 0 0
N-000366,000366,Normal/000366.mp4,CCD,official,train,,,,0,,,10.0,,,,0 0 0 0 0 0 0 0 0 0 0 0 0 0 0 0 0 0 0 0 0 0 0 0 0 0 0 0 0 0 0 0 0 0 0 0 0 0 0 0 0 0 0 0 0 0 0 0 0 0
N-000367,000367,Normal/000367.mp4,CCD,official,train,,,,0,,,10.0,,,,0 0 0 0 0 0 0 0 0 0 0 0 0 0 0 0 0 0 0 0 0 0 0 0 0 0 0 0 0 0 0 0 0 0 0 0 0 0 0 0 0 0 0 0 0 0 0 0 0 0
N-000368,000368,Normal/000368.mp4,CCD,official,train,,,,0,,,10.0,,,,0 0 0 0 0 0 0 0 0 0 0 0 0 0 0 0 0 0 0 0 0 0 0 0 0 0 0 0 0 0 0 0 0 0 0 0 0 0 0 0 0 0 0 0 0 0 0 0 0 0
N-000369,000369,Normal/000369.mp4,CCD,official,train,,,,0,,,10.0,,,,0 0 0 0 0 0 0 0 0 0 0 0 0 0 0 0 0 0 0 0 0 0 0 0 0 0 0 0 0 0 0 0 0 0 0 0 0 0 0 0 0 0 0 0 0 0 0 0 0 0
N-000370,000370,Normal/000370.mp4,CCD,official,train,,,,0,,,10.0,,,,0 0 0 0 0 0 0 0 0 0 0 0 0 0 0 0 0 0 0 0 0 0 0 0 0 0 0 0 0 0 0 0 0 0 0 0 0 0 0 0 0 0 0 0 0 0 0 0 0 0
N-000371,000371,Normal/000371.mp4,CCD,official,train,,,,0,,,10.0,,,,0 0 0 0 0 0 0 0 0 0 0 0 0 0 0 0 0 0 0 0 0 0 0 0 0 0 0 0 0 0 0 0 0 0 0 0 0 0 0 0 0 0 0 0 0 0 0 0 0 0
N-000372,000372,Normal/000372.mp4,CCD,official,train,,,,0,,,10.0,,,,0 0 0 0 0 0 0 0 0 0 0 0 0 0 0 0 0 0 0 0 0 0 0 0 0 0 0 0 0 0 0 0 0 0 0 0 0 0 0 0 0 0 0 0 0 0 0 0 0 0
N-000373,000373,Normal/000373.mp4,CCD,official,train,,,,0,,,10.0,,,,0 0 0 0 0 0 0 0 0 0 0 0 0 0 0 0 0 0 0 0 0 0 0 0 0 0 0 0 0 0 0 0 0 0 0 0 0 0 0 0 0 0 0 0 0 0 0 0 0 0
N-000374,000374,Normal/000374.mp4,CCD,official,test,,,,0,,,10.0,,,,0 0 0 0 0 0 0 0 0 0 0 0 0 0 0 0 0 0 0 0 0 0 0 0 0 0 0 0 0 0 0 0 0 0 0 0 0 0 0 0 0 0 0 0 0 0 0 0 0 0
N-000375,000375,Normal/000375.mp4,CCD,official,val,,,,0,,,10.0,,,,0 0 0 0 0 0 0 0 0 0 0 0 0 0 0 0 0 0 0 0 0 0 0 0 0 0 0 0 0 0 0 0 0 0 0 0 0 0 0 0 0 0 0 0 0 0 0 0 0 0
N-000376,000376,Normal/000376.mp4,CCD,official,train,,,,0,,,10.0,,,,0 0 0 0 0 0 0 0 0 0 0 0 0 0 0 0 0 0 0 0 0 0 0 0 0 0 0 0 0 0 0 0 0 0 0 0 0 0 0 0 0 0 0 0 0 0 0 0 0 0
N-000377,000377,Normal/000377.mp4,CCD,official,test,,,,0,,,10.0,,,,0 0 0 0 0 0 0 0 0 0 0 0 0 0 0 0 0 0 0 0 0 0 0 0 0 0 0 0 0 0 0 0 0 0 0 0 0 0 0 0 0 0 0 0 0 0 0 0 0 0
N-000378,000378,Normal/000378.mp4,CCD,official,train,,,,0,,,10.0,,,,0 0 0 0 0 0 0 0 0 0 0 0 0 0 0 0 0 0 0 0 0 0 0 0 0 0 0 0 0 0 0 0 0 0 0 0 0 0 0 0 0 0 0 0 0 0 0 0 0 0
N-000379,000379,Normal/000379.mp4,CCD,official,val,,,,0,,,10.0,,,,0 0 0 0 0 0 0 0 0 0 0 0 0 0 0 0 0 0 0 0 0 0 0 0 0 0 0 0 0 0 0 0 0 0 0 0 0 0 0 0 0 0 0 0 0 0 0 0 0 0
N-000380,000380,Normal/000380.mp4,CCD,official,val,,,,0,,,10.0,,,,0 0 0 0 0 0 0 0 0 0 0 0 0 0 0 0 0 0 0 0 0 0 0 0 0 0 0 0 0 0 0 0 0 0 0 0 0 0 0 0 0 0 0 0 0 0 0 0 0 0
N-000381,000381,Normal/000381.mp4,CCD,official,val,,,,0,,,10.0,,,,0 0 0 0 0 0 0 0 0 0 0 0 0 0 0 0 0 0 0 0 0 0 0 0 0 0 0 0 0 0 0 0 0 0 0 0 0 0 0 0 0 0 0 0 0 0 0 0 0 0
N-000382,000382,Normal/000382.mp4,CCD,official,train,,,,0,,,10.0,,,,0 0 0 0 0 0 0 0 0 0 0 0 0 0 0 0 0 0 0 0 0 0 0 0 0 0 0 0 0 0 0 0 0 0 0 0 0 0 0 0 0 0 0 0 0 0 0 0 0 0
N-000383,000383,Normal/000383.mp4,CCD,official,train,,,,0,,,10.0,,,,0 0 0 0 0 0 0 0 0 0 0 0 0 0 0 0 0 0 0 0 0 0 0 0 0 0 0 0 0 0 0 0 0 0 0 0 0 0 0 0 0 0 0 0 0 0 0 0 0 0
N-000384,000384,Normal/000384.mp4,CCD,official,train,,,,0,,,10.0,,,,0 0 0 0 0 0 0 0 0 0 0 0 0 0 0 0 0 0 0 0 0 0 0 0 0 0 0 0 0 0 0 0 0 0 0 0 0 0 0 0 0 0 0 0 0 0 0 0 0 0
N-000385,000385,Normal/000385.mp4,CCD,official,train,,,,0,,,10.0,,,,0 0 0 0 0 0 0 0 0 0 0 0 0 0 0 0 0 0 0 0 0 0 0 0 0 0 0 0 0 0 0 0 0 0 0 0 0 0 0 0 0 0 0 0 0 0 0 0 0 0
N-000386,000386,Normal/000386.mp4,CCD,official,val,,,,0,,,10.0,,,,0 0 0 0 0 0 0 0 0 0 0 0 0 0 0 0 0 0 0 0 0 0 0 0 0 0 0 0 0 0 0 0 0 0 0 0 0 0 0 0 0 0 0 0 0 0 0 0 0 0
N-000387,000387,Normal/000387.mp4,CCD,official,train,,,,0,,,10.0,,,,0 0 0 0 0 0 0 0 0 0 0 0 0 0 0 0 0 0 0 0 0 0 0 0 0 0 0 0 0 0 0 0 0 0 0 0 0 0 0 0 0 0 0 0 0 0 0 0 0 0
N-000388,000388,Normal/000388.mp4,CCD,official,train,,,,0,,,10.0,,,,0 0 0 0 0 0 0 0 0 0 0 0 0 0 0 0 0 0 0 0 0 0 0 0 0 0 0 0 0 0 0 0 0 0 0 0 0 0 0 0 0 0 0 0 0 0 0 0 0 0
N-000389,000389,Normal/000389.mp4,CCD,official,train,,,,0,,,10.0,,,,0 0 0 0 0 0 0 0 0 0 0 0 0 0 0 0 0 0 0 0 0 0 0 0 0 0 0 0 0 0 0 0 0 0 0 0 0 0 0 0 0 0 0 0 0 0 0 0 0 0
N-000390,000390,Normal/000390.mp4,CCD,official,test,,,,0,,,10.0,,,,0 0 0 0 0 0 0 0 0 0 0 0 0 0 0 0 0 0 0 0 0 0 0 0 0 0 0 0 0 0 0 0 0 0 0 0 0 0 0 0 0 0 0 0 0 0 0 0 0 0
N-000391,000391,Normal/000391.mp4,CCD,official,val,,,,0,,,10.0,,,,0 0 0 0 0 0 0 0 0 0 0 0 0 0 0 0 0 0 0 0 0 0 0 0 0 0 0 0 0 0 0 0 0 0 0 0 0 0 0 0 0 0 0 0 0 0 0 0 0 0
N-000392,000392,Normal/000392.mp4,CCD,official,train,,,,0,,,10.0,,,,0 0 0 0 0 0 0 0 0 0 0 0 0 0 0 0 0 0 0 0 0 0 0 0 0 0 0 0 0 0 0 0 0 0 0 0 0 0 0 0 0 0 0 0 0 0 0 0 0 0
N-000393,000393,Normal/000393.mp4,CCD,official,test,,,,0,,,10.0,,,,0 0 0 0 0 0 0 0 0 0 0 0 0 0 0 0 0 0 0 0 0 0 0 0 0 0 0 0 0 0 0 0 0 0 0 0 0 0 0 0 0 0 0 0 0 0 0 0 0 0
N-000394,000394,Normal/000394.mp4,CCD,official,train,,,,0,,,10.0,,,,0 0 0 0 0 0 0 0 0 0 0 0 0 0 0 0 0 0 0 0 0 0 0 0 0 0 0 0 0 0 0 0 0 0 0 0 0 0 0 0 0 0 0 0 0 0 0 0 0 0
N-000395,000395,Normal/000395.mp4,CCD,official,test,,,,0,,,10.0,,,,0 0 0 0 0 0 0 0 0 0 0 0 0 0 0 0 0 0 0 0 0 0 0 0 0 0 0 0 0 0 0 0 0 0 0 0 0 0 0 0 0 0 0 0 0 0 0 0 0 0
N-000396,000396,Normal/000396.mp4,CCD,official,test,,,,0,,,10.0,,,,0 0 0 0 0 0 0 0 0 0 0 0 0 0 0 0 0 0 0 0 0 0 0 0 0 0 0 0 0 0 0 0 0 0 0 0 0 0 0 0 0 0 0 0 0 0 0 0 0 0
N-000397,000397,Normal/000397.mp4,CCD,official,test,,,,0,,,10.0,,,,0 0 0 0 0 0 0 0 0 0 0 0 0 0 0 0 0 0 0 0 0 0 0 0 0 0 0 0 0 0 0 0 0 0 0 0 0 0 0 0 0 0 0 0 0 0 0 0 0 0
N-000398,000398,Normal/000398.mp4,CCD,official,train,,,,0,,,10.0,,,,0 0 0 0 0 0 0 0 0 0 0 0 0 0 0 0 0 0 0 0 0 0 0 0 0 0 0 0 0 0 0 0 0 0 0 0 0 0 0 0 0 0 0 0 0 0 0 0 0 0
N-000399,000399,Normal/000399.mp4,CCD,official,train,,,,0,,,10.0,,,,0 0 0 0 0 0 0 0 0 0 0 0 0 0 0 0 0 0 0 0 0 0 0 0 0 0 0 0 0 0 0 0 0 0 0 0 0 0 0 0 0 0 0 0 0 0 0 0 0 0
N-000400,000400,Normal/000400.mp4,CCD,official,test,,,,0,,,10.0,,,,0 0 0 0 0 0 0 0 0 0 0 0 0 0 0 0 0 0 0 0 0 0 0 0 0 0 0 0 0 0 0 0 0 0 0 0 0 0 0 0 0 0 0 0 0 0 0 0 0 0
N-000401,000401,Normal/000401.mp4,CCD,official,val,,,,0,,,10.0,,,,0 0 0 0 0 0 0 0 0 0 0 0 0 0 0 0 0 0 0 0 0 0 0 0 0 0 0 0 0 0 0 0 0 0 0 0 0 0 0 0 0 0 0 0 0 0 0 0 0 0
N-000402,000402,Normal/000402.mp4,CCD,official,train,,,,0,,,10.0,,,,0 0 0 0 0 0 0 0 0 0 0 0 0 0 0 0 0 0 0 0 0 0 0 0 0 0 0 0 0 0 0 0 0 0 0 0 0 0 0 0 0 0 0 0 0 0 0 0 0 0
N-000403,000403,Normal/000403.mp4,CCD,official,test,,,,0,,,10.0,,,,0 0 0 0 0 0 0 0 0 0 0 0 0 0 0 0 0 0 0 0 0 0 0 0 0 0 0 0 0 0 0 0 0 0 0 0 0 0 0 0 0 0 0 0 0 0 0 0 0 0
N-000404,000404,Normal/000404.mp4,CCD,official,test,,,,0,,,10.0,,,,0 0 0 0 0 0 0 0 0 0 0 0 0 0 0 0 0 0 0 0 0 0 0 0 0 0 0 0 0 0 0 0 0 0 0 0 0 0 0 0 0 0 0 0 0 0 0 0 0 0
N-000405,000405,Normal/000405.mp4,CCD,official,train,,,,0,,,10.0,,,,0 0 0 0 0 0 0 0 0 0 0 0 0 0 0 0 0 0 0 0 0 0 0 0 0 0 0 0 0 0 0 0 0 0 0 0 0 0 0 0 0 0 0 0 0 0 0 0 0 0
N-000406,000406,Normal/000406.mp4,CCD,official,train,,,,0,,,10.0,,,,0 0 0 0 0 0 0 0 0 0 0 0 0 0 0 0 0 0 0 0 0 0 0 0 0 0 0 0 0 0 0 0 0 0 0 0 0 0 0 0 0 0 0 0 0 0 0 0 0 0
N-000407,000407,Normal/000407.mp4,CCD,official,val,,,,0,,,10.0,,,,0 0 0 0 0 0 0 0 0 0 0 0 0 0 0 0 0 0 0 0 0 0 0 0 0 0 0 0 0 0 0 0 0 0 0 0 0 0 0 0 0 0 0 0 0 0 0 0 0 0
N-000408,000408,Normal/000408.mp4,CCD,official,train,,,,0,,,10.0,,,,0 0 0 0 0 0 0 0 0 0 0 0 0 0 0 0 0 0 0 0 0 0 0 0 0 0 0 0 0 0 0 0 0 0 0 0 0 0 0 0 0 0 0 0 0 0 0 0 0 0
N-000409,000409,Normal/000409.mp4,CCD,official,val,,,,0,,,10.0,,,,0 0 0 0 0 0 0 0 0 0 0 0 0 0 0 0 0 0 0 0 0 0 0 0 0 0 0 0 0 0 0 0 0 0 0 0 0 0 0 0 0 0 0 0 0 0 0 0 0 0
N-000410,000410,Normal/000410.mp4,CCD,official,train,,,,0,,,10.0,,,,0 0 0 0 0 0 0 0 0 0 0 0 0 0 0 0 0 0 0 0 0 0 0 0 0 0 0 0 0 0 0 0 0 0 0 0 0 0 0 0 0 0 0 0 0 0 0 0 0 0
N-000411,000411,Normal/000411.mp4,CCD,official,train,,,,0,,,10.0,,,,0 0 0 0 0 0 0 0 0 0 0 0 0 0 0 0 0 0 0 0 0 0 0 0 0 0 0 0 0 0 0 0 0 0 0 0 0 0 0 0 0 0 0 0 0 0 0 0 0 0
N-000412,000412,Normal/000412.mp4,CCD,official,train,,,,0,,,10.0,,,,0 0 0 0 0 0 0 0 0 0 0 0 0 0 0 0 0 0 0 0 0 0 0 0 0 0 0 0 0 0 0 0 0 0 0 0 0 0 0 0 0 0 0 0 0 0 0 0 0 0
N-000413,000413,Normal/000413.mp4,CCD,official,train,,,,0,,,10.0,,,,0 0 0 0 0 0 0 0 0 0 0 0 0 0 0 0 0 0 0 0 0 0 0 0 0 0 0 0 0 0 0 0 0 0 0 0 0 0 0 0 0 0 0 0 0 0 0 0 0 0
N-000414,000414,Normal/000414.mp4,CCD,official,train,,,,0,,,10.0,,,,0 0 0 0 0 0 0 0 0 0 0 0 0 0 0 0 0 0 0 0 0 0 0 0 0 0 0 0 0 0 0 0 0 0 0 0 0 0 0 0 0 0 0 0 0 0 0 0 0 0
N-000415,000415,Normal/000415.mp4,CCD,official,train,,,,0,,,10.0,,,,0 0 0 0 0 0 0 0 0 0 0 0 0 0 0 0 0 0 0 0 0 0 0 0 0 0 0 0 0 0 0 0 0 0 0 0 0 0 0 0 0 0 0 0 0 0 0 0 0 0
N-000416,000416,Normal/000416.mp4,CCD,official,train,,,,0,,,10.0,,,,0 0 0 0 0 0 0 0 0 0 0 0 0 0 0 0 0 0 0 0 0 0 0 0 0 0 0 0 0 0 0 0 0 0 0 0 0 0 0 0 0 0 0 0 0 0 0 0 0 0
N-000417,000417,Normal/000417.mp4,CCD,official,test,,,,0,,,10.0,,,,0 0 0 0 0 0 0 0 0 0 0 0 0 0 0 0 0 0 0 0 0 0 0 0 0 0 0 0 0 0 0 0 0 0 0 0 0 0 0 0 0 0 0 0 0 0 0 0 0 0
N-000418,000418,Normal/000418.mp4,CCD,official,train,,,,0,,,10.0,,,,0 0 0 0 0 0 0 0 0 0 0 0 0 0 0 0 0 0 0 0 0 0 0 0 0 0 0 0 0 0 0 0 0 0 0 0 0 0 0 0 0 0 0 0 0 0 0 0 0 0
N-000419,000419,Normal/000419.mp4,CCD,official,test,,,,0,,,10.0,,,,0 0 0 0 0 0 0 0 0 0 0 0 0 0 0 0 0 0 0 0 0 0 0 0 0 0 0 0 0 0 0 0 0 0 0 0 0 0 0 0 0 0 0 0 0 0 0 0 0 0
N-000420,000420,Normal/000420.mp4,CCD,official,train,,,,0,,,10.0,,,,0 0 0 0 0 0 0 0 0 0 0 0 0 0 0 0 0 0 0 0 0 0 0 0 0 0 0 0 0 0 0 0 0 0 0 0 0 0 0 0 0 0 0 0 0 0 0 0 0 0
N-000421,000421,Normal/000421.mp4,CCD,official,test,,,,0,,,10.0,,,,0 0 0 0 0 0 0 0 0 0 0 0 0 0 0 0 0 0 0 0 0 0 0 0 0 0 0 0 0 0 0 0 0 0 0 0 0 0 0 0 0 0 0 0 0 0 0 0 0 0
N-000422,000422,Normal/000422.mp4,CCD,official,train,,,,0,,,10.0,,,,0 0 0 0 0 0 0 0 0 0 0 0 0 0 0 0 0 0 0 0 0 0 0 0 0 0 0 0 0 0 0 0 0 0 0 0 0 0 0 0 0 0 0 0 0 0 0 0 0 0
N-000423,000423,Normal/000423.mp4,CCD,official,train,,,,0,,,10.0,,,,0 0 0 0 0 0 0 0 0 0 0 0 0 0 0 0 0 0 0 0 0 0 0 0 0 0 0 0 0 0 0 0 0 0 0 0 0 0 0 0 0 0 0 0 0 0 0 0 0 0
N-000424,000424,Normal/000424.mp4,CCD,official,val,,,,0,,,10.0,,,,0 0 0 0 0 0 0 0 0 0 0 0 0 0 0 0 0 0 0 0 0 0 0 0 0 0 0 0 0 0 0 0 0 0 0 0 0 0 0 0 0 0 0 0 0 0 0 0 0 0
N-000425,000425,Normal/000425.mp4,CCD,official,test,,,,0,,,10.0,,,,0 0 0 0 0 0 0 0 0 0 0 0 0 0 0 0 0 0 0 0 0 0 0 0 0 0 0 0 0 0 0 0 0 0 0 0 0 0 0 0 0 0 0 0 0 0 0 0 0 0
N-000426,000426,Normal/000426.mp4,CCD,official,test,,,,0,,,10.0,,,,0 0 0 0 0 0 0 0 0 0 0 0 0 0 0 0 0 0 0 0 0 0 0 0 0 0 0 0 0 0 0 0 0 0 0 0 0 0 0 0 0 0 0 0 0 0 0 0 0 0
N-000427,000427,Normal/000427.mp4,CCD,official,train,,,,0,,,10.0,,,,0 0 0 0 0 0 0 0 0 0 0 0 0 0 0 0 0 0 0 0 0 0 0 0 0 0 0 0 0 0 0 0 0 0 0 0 0 0 0 0 0 0 0 0 0 0 0 0 0 0
N-000428,000428,Normal/000428.mp4,CCD,official,train,,,,0,,,10.0,,,,0 0 0 0 0 0 0 0 0 0 0 0 0 0 0 0 0 0 0 0 0 0 0 0 0 0 0 0 0 0 0 0 0 0 0 0 0 0 0 0 0 0 0 0 0 0 0 0 0 0
N-000429,000429,Normal/000429.mp4,CCD,official,test,,,,0,,,10.0,,,,0 0 0 0 0 0 0 0 0 0 0 0 0 0 0 0 0 0 0 0 0 0 0 0 0 0 0 0 0 0 0 0 0 0 0 0 0 0 0 0 0 0 0 0 0 0 0 0 0 0
N-000430,000430,Normal/000430.mp4,CCD,official,test,,,,0,,,10.0,,,,0 0 0 0 0 0 0 0 0 0 0 0 0 0 0 0 0 0 0 0 0 0 0 0 0 0 0 0 0 0 0 0 0 0 0 0 0 0 0 0 0 0 0 0 0 0 0 0 0 0
N-000431,000431,Normal/000431.mp4,CCD,official,train,,,,0,,,10.0,,,,0 0 0 0 0 0 0 0 0 0 0 0 0 0 0 0 0 0 0 0 0 0 0 0 0 0 0 0 0 0 0 0 0 0 0 0 0 0 0 0 0 0 0 0 0 0 0 0 0 0
N-000432,000432,Normal/000432.mp4,CCD,official,train,,,,0,,,10.0,,,,0 0 0 0 0 0 0 0 0 0 0 0 0 0 0 0 0 0 0 0 0 0 0 0 0 0 0 0 0 0 0 0 0 0 0 0 0 0 0 0 0 0 0 0 0 0 0 0 0 0
N-000433,000433,Normal/000433.mp4,CCD,official,train,,,,0,,,10.0,,,,0 0 0 0 0 0 0 0 0 0 0 0 0 0 0 0 0 0 0 0 0 0 0 0 0 0 0 0 0 0 0 0 0 0 0 0 0 0 0 0 0 0 0 0 0 0 0 0 0 0
N-000434,000434,Normal/000434.mp4,CCD,official,train,,,,0,,,10.0,,,,0 0 0 0 0 0 0 0 0 0 0 0 0 0 0 0 0 0 0 0 0 0 0 0 0 0 0 0 0 0 0 0 0 0 0 0 0 0 0 0 0 0 0 0 0 0 0 0 0 0
N-000435,000435,Normal/000435.mp4,CCD,official,train,,,,0,,,10.0,,,,0 0 0 0 0 0 0 0 0 0 0 0 0 0 0 0 0 0 0 0 0 0 0 0 0 0 0 0 0 0 0 0 0 0 0 0 0 0 0 0 0 0 0 0 0 0 0 0 0 0
N-000436,000436,Normal/000436.mp4,CCD,official,test,,,,0,,,10.0,,,,0 0 0 0 0 0 0 0 0 0 0 0 0 0 0 0 0 0 0 0 0 0 0 0 0 0 0 0 0 0 0 0 0 0 0 0 0 0 0 0 0 0 0 0 0 0 0 0 0 0
N-000437,000437,Normal/000437.mp4,CCD,official,test,,,,0,,,10.0,,,,0 0 0 0 0 0 0 0 0 0 0 0 0 0 0 0 0 0 0 0 0 0 0 0 0 0 0 0 0 0 0 0 0 0 0 0 0 0 0 0 0 0 0 0 0 0 0 0 0 0
N-000438,000438,Normal/000438.mp4,CCD,official,train,,,,0,,,10.0,,,,0 0 0 0 0 0 0 0 0 0 0 0 0 0 0 0 0 0 0 0 0 0 0 0 0 0 0 0 0 0 0 0 0 0 0 0 0 0 0 0 0 0 0 0 0 0 0 0 0 0
N-000439,000439,Normal/000439.mp4,CCD,official,train,,,,0,,,10.0,,,,0 0 0 0 0 0 0 0 0 0 0 0 0 0 0 0 0 0 0 0 0 0 0 0 0 0 0 0 0 0 0 0 0 0 0 0 0 0 0 0 0 0 0 0 0 0 0 0 0 0
N-000440,000440,Normal/000440.mp4,CCD,official,train,,,,0,,,10.0,,,,0 0 0 0 0 0 0 0 0 0 0 0 0 0 0 0 0 0 0 0 0 0 0 0 0 0 0 0 0 0 0 0 0 0 0 0 0 0 0 0 0 0 0 0 0 0 0 0 0 0
N-000441,000441,Normal/000441.mp4,CCD,official,train,,,,0,,,10.0,,,,0 0 0 0 0 0 0 0 0 0 0 0 0 0 0 0 0 0 0 0 0 0 0 0 0 0 0 0 0 0 0 0 0 0 0 0 0 0 0 0 0 0 0 0 0 0 0 0 0 0
N-000442,000442,Normal/000442.mp4,CCD,official,test,,,,0,,,10.0,,,,0 0 0 0 0 0 0 0 0 0 0 0 0 0 0 0 0 0 0 0 0 0 0 0 0 0 0 0 0 0 0 0 0 0 0 0 0 0 0 0 0 0 0 0 0 0 0 0 0 0
N-000443,000443,Normal/000443.mp4,CCD,official,train,,,,0,,,10.0,,,,0 0 0 0 0 0 0 0 0 0 0 0 0 0 0 0 0 0 0 0 0 0 0 0 0 0 0 0 0 0 0 0 0 0 0 0 0 0 0 0 0 0 0 0 0 0 0 0 0 0
N-000444,000444,Normal/000444.mp4,CCD,official,val,,,,0,,,10.0,,,,0 0 0 0 0 0 0 0 0 0 0 0 0 0 0 0 0 0 0 0 0 0 0 0 0 0 0 0 0 0 0 0 0 0 0 0 0 0 0 0 0 0 0 0 0 0 0 0 0 0
N-000445,000445,Normal/000445.mp4,CCD,official,train,,,,0,,,10.0,,,,0 0 0 0 0 0 0 0 0 0 0 0 0 0 0 0 0 0 0 0 0 0 0 0 0 0 0 0 0 0 0 0 0 0 0 0 0 0 0 0 0 0 0 0 0 0 0 0 0 0
N-000446,000446,Normal/000446.mp4,CCD,official,train,,,,0,,,10.0,,,,0 0 0 0 0 0 0 0 0 0 0 0 0 0 0 0 0 0 0 0 0 0 0 0 0 0 0 0 0 0 0 0 0 0 0 0 0 0 0 0 0 0 0 0 0 0 0 0 0 0
N-000447,000447,Normal/000447.mp4,CCD,official,test,,,,0,,,10.0,,,,0 0 0 0 0 0 0 0 0 0 0 0 0 0 0 0 0 0 0 0 0 0 0 0 0 0 0 0 0 0 0 0 0 0 0 0 0 0 0 0 0 0 0 0 0 0 0 0 0 0
N-000448,000448,Normal/000448.mp4,CCD,official,val,,,,0,,,10.0,,,,0 0 0 0 0 0 0 0 0 0 0 0 0 0 0 0 0 0 0 0 0 0 0 0 0 0 0 0 0 0 0 0 0 0 0 0 0 0 0 0 0 0 0 0 0 0 0 0 0 0
N-000449,000449,Normal/000449.mp4,CCD,official,train,,,,0,,,10.0,,,,0 0 0 0 0 0 0 0 0 0 0 0 0 0 0 0 0 0 0 0 0 0 0 0 0 0 0 0 0 0 0 0 0 0 0 0 0 0 0 0 0 0 0 0 0 0 0 0 0 0
N-000450,000450,Normal/000450.mp4,CCD,official,train,,,,0,,,10.0,,,,0 0 0 0 0 0 0 0 0 0 0 0 0 0 0 0 0 0 0 0 0 0 0 0 0 0 0 0 0 0 0 0 0 0 0 0 0 0 0 0 0 0 0 0 0 0 0 0 0 0
N-000451,000451,Normal/000451.mp4,CCD,official,val,,,,0,,,10.0,,,,0 0 0 0 0 0 0 0 0 0 0 0 0 0 0 0 0 0 0 0 0 0 0 0 0 0 0 0 0 0 0 0 0 0 0 0 0 0 0 0 0 0 0 0 0 0 0 0 0 0
N-000452,000452,Normal/000452.mp4,CCD,official,val,,,,0,,,10.0,,,,0 0 0 0 0 0 0 0 0 0 0 0 0 0 0 0 0 0 0 0 0 0 0 0 0 0 0 0 0 0 0 0 0 0 0 0 0 0 0 0 0 0 0 0 0 0 0 0 0 0
N-000453,000453,Normal/000453.mp4,CCD,official,train,,,,0,,,10.0,,,,0 0 0 0 0 0 0 0 0 0 0 0 0 0 0 0 0 0 0 0 0 0 0 0 0 0 0 0 0 0 0 0 0 0 0 0 0 0 0 0 0 0 0 0 0 0 0 0 0 0
N-000454,000454,Normal/000454.mp4,CCD,official,val,,,,0,,,10.0,,,,0 0 0 0 0 0 0 0 0 0 0 0 0 0 0 0 0 0 0 0 0 0 0 0 0 0 0 0 0 0 0 0 0 0 0 0 0 0 0 0 0 0 0 0 0 0 0 0 0 0
N-000455,000455,Normal/000455.mp4,CCD,official,val,,,,0,,,10.0,,,,0 0 0 0 0 0 0 0 0 0 0 0 0 0 0 0 0 0 0 0 0 0 0 0 0 0 0 0 0 0 0 0 0 0 0 0 0 0 0 0 0 0 0 0 0 0 0 0 0 0
N-000456,000456,Normal/000456.mp4,CCD,official,val,,,,0,,,10.0,,,,0 0 0 0 0 0 0 0 0 0 0 0 0 0 0 0 0 0 0 0 0 0 0 0 0 0 0 0 0 0 0 0 0 0 0 0 0 0 0 0 0 0 0 0 0 0 0 0 0 0
N-000457,000457,Normal/000457.mp4,CCD,official,test,,,,0,,,10.0,,,,0 0 0 0 0 0 0 0 0 0 0 0 0 0 0 0 0 0 0 0 0 0 0 0 0 0 0 0 0 0 0 0 0 0 0 0 0 0 0 0 0 0 0 0 0 0 0 0 0 0
N-000458,000458,Normal/000458.mp4,CCD,official,val,,,,0,,,10.0,,,,0 0 0 0 0 0 0 0 0 0 0 0 0 0 0 0 0 0 0 0 0 0 0 0 0 0 0 0 0 0 0 0 0 0 0 0 0 0 0 0 0 0 0 0 0 0 0 0 0 0
N-000459,000459,Normal/000459.mp4,CCD,official,train,,,,0,,,10.0,,,,0 0 0 0 0 0 0 0 0 0 0 0 0 0 0 0 0 0 0 0 0 0 0 0 0 0 0 0 0 0 0 0 0 0 0 0 0 0 0 0 0 0 0 0 0 0 0 0 0 0
N-000460,000460,Normal/000460.mp4,CCD,official,test,,,,0,,,10.0,,,,0 0 0 0 0 0 0 0 0 0 0 0 0 0 0 0 0 0 0 0 0 0 0 0 0 0 0 0 0 0 0 0 0 0 0 0 0 0 0 0 0 0 0 0 0 0 0 0 0 0
N-000461,000461,Normal/000461.mp4,CCD,official,train,,,,0,,,10.0,,,,0 0 0 0 0 0 0 0 0 0 0 0 0 0 0 0 0 0 0 0 0 0 0 0 0 0 0 0 0 0 0 0 0 0 0 0 0 0 0 0 0 0 0 0 0 0 0 0 0 0
N-000462,000462,Normal/000462.mp4,CCD,official,train,,,,0,,,10.0,,,,0 0 0 0 0 0 0 0 0 0 0 0 0 0 0 0 0 0 0 0 0 0 0 0 0 0 0 0 0 0 0 0 0 0 0 0 0 0 0 0 0 0 0 0 0 0 0 0 0 0
N-000463,000463,Normal/000463.mp4,CCD,official,test,,,,0,,,10.0,,,,0 0 0 0 0 0 0 0 0 0 0 0 0 0 0 0 0 0 0 0 0 0 0 0 0 0 0 0 0 0 0 0 0 0 0 0 0 0 0 0 0 0 0 0 0 0 0 0 0 0
N-000464,000464,Normal/000464.mp4,CCD,official,train,,,,0,,,10.0,,,,0 0 0 0 0 0 0 0 0 0 0 0 0 0 0 0 0 0 0 0 0 0 0 0 0 0 0 0 0 0 0 0 0 0 0 0 0 0 0 0 0 0 0 0 0 0 0 0 0 0
N-000465,000465,Normal/000465.mp4,CCD,official,val,,,,0,,,10.0,,,,0 0 0 0 0 0 0 0 0 0 0 0 0 0 0 0 0 0 0 0 0 0 0 0 0 0 0 0 0 0 0 0 0 0 0 0 0 0 0 0 0 0 0 0 0 0 0 0 0 0
N-000466,000466,Normal/000466.mp4,CCD,official,train,,,,0,,,10.0,,,,0 0 0 0 0 0 0 0 0 0 0 0 0 0 0 0 0 0 0 0 0 0 0 0 0 0 0 0 0 0 0 0 0 0 0 0 0 0 0 0 0 0 0 0 0 0 0 0 0 0
N-000467,000467,Normal/000467.mp4,CCD,official,train,,,,0,,,10.0,,,,0 0 0 0 0 0 0 0 0 0 0 0 0 0 0 0 0 0 0 0 0 0 0 0 0 0 0 0 0 0 0 0 0 0 0 0 0 0 0 0 0 0 0 0 0 0 0 0 0 0
N-000468,000468,Normal/000468.mp4,CCD,official,train,,,,0,,,10.0,,,,0 0 0 0 0 0 0 0 0 0 0 0 0 0 0 0 0 0 0 0 0 0 0 0 0 0 0 0 0 0 0 0 0 0 0 0 0 0 0 0 0 0 0 0 0 0 0 0 0 0
N-000469,000469,Normal/000469.mp4,CCD,official,train,,,,0,,,10.0,,,,0 0 0 0 0 0 0 0 0 0 0 0 0 0 0 0 0 0 0 0 0 0 0 0 0 0 0 0 0 0 0 0 0 0 0 0 0 0 0 0 0 0 0 0 0 0 0 0 0 0
N-000470,000470,Normal/000470.mp4,CCD,official,train,,,,0,,,10.0,,,,0 0 0 0 0 0 0 0 0 0 0 0 0 0 0 0 0 0 0 0 0 0 0 0 0 0 0 0 0 0 0 0 0 0 0 0 0 0 0 0 0 0 0 0 0 0 0 0 0 0
N-000471,000471,Normal/000471.mp4,CCD,official,test,,,,0,,,10.0,,,,0 0 0 0 0 0 0 0 0 0 0 0 0 0 0 0 0 0 0 0 0 0 0 0 0 0 0 0 0 0 0 0 0 0 0 0 0 0 0 0 0 0 0 0 0 0 0 0 0 0
N-000472,000472,Normal/000472.mp4,CCD,official,train,,,,0,,,10.0,,,,0 0 0 0 0 0 0 0 0 0 0 0 0 0 0 0 0 0 0 0 0 0 0 0 0 0 0 0 0 0 0 0 0 0 0 0 0 0 0 0 0 0 0 0 0 0 0 0 0 0
N-000473,000473,Normal/000473.mp4,CCD,official,train,,,,0,,,10.0,,,,0 0 0 0 0 0 0 0 0 0 0 0 0 0 0 0 0 0 0 0 0 0 0 0 0 0 0 0 0 0 0 0 0 0 0 0 0 0 0 0 0 0 0 0 0 0 0 0 0 0
N-000474,000474,Normal/000474.mp4,CCD,official,train,,,,0,,,10.0,,,,0 0 0 0 0 0 0 0 0 0 0 0 0 0 0 0 0 0 0 0 0 0 0 0 0 0 0 0 0 0 0 0 0 0 0 0 0 0 0 0 0 0 0 0 0 0 0 0 0 0
N-000475,000475,Normal/000475.mp4,CCD,official,train,,,,0,,,10.0,,,,0 0 0 0 0 0 0 0 0 0 0 0 0 0 0 0 0 0 0 0 0 0 0 0 0 0 0 0 0 0 0 0 0 0 0 0 0 0 0 0 0 0 0 0 0 0 0 0 0 0
N-000476,000476,Normal/000476.mp4,CCD,official,train,,,,0,,,10.0,,,,0 0 0 0 0 0 0 0 0 0 0 0 0 0 0 0 0 0 0 0 0 0 0 0 0 0 0 0 0 0 0 0 0 0 0 0 0 0 0 0 0 0 0 0 0 0 0 0 0 0
N-000477,000477,Normal/000477.mp4,CCD,official,train,,,,0,,,10.0,,,,0 0 0 0 0 0 0 0 0 0 0 0 0 0 0 0 0 0 0 0 0 0 0 0 0 0 0 0 0 0 0 0 0 0 0 0 0 0 0 0 0 0 0 0 0 0 0 0 0 0
N-000478,000478,Normal/000478.mp4,CCD,official,train,,,,0,,,10.0,,,,0 0 0 0 0 0 0 0 0 0 0 0 0 0 0 0 0 0 0 0 0 0 0 0 0 0 0 0 0 0 0 0 0 0 0 0 0 0 0 0 0 0 0 0 0 0 0 0 0 0
N-000479,000479,Normal/000479.mp4,CCD,official,train,,,,0,,,10.0,,,,0 0 0 0 0 0 0 0 0 0 0 0 0 0 0 0 0 0 0 0 0 0 0 0 0 0 0 0 0 0 0 0 0 0 0 0 0 0 0 0 0 0 0 0 0 0 0 0 0 0
N-000480,000480,Normal/000480.mp4,CCD,official,test,,,,0,,,10.0,,,,0 0 0 0 0 0 0 0 0 0 0 0 0 0 0 0 0 0 0 0 0 0 0 0 0 0 0 0 0 0 0 0 0 0 0 0 0 0 0 0 0 0 0 0 0 0 0 0 0 0
N-000481,000481,Normal/000481.mp4,CCD,official,val,,,,0,,,10.0,,,,0 0 0 0 0 0 0 0 0 0 0 0 0 0 0 0 0 0 0 0 0 0 0 0 0 0 0 0 0 0 0 0 0 0 0 0 0 0 0 0 0 0 0 0 0 0 0 0 0 0
N-000482,000482,Normal/000482.mp4,CCD,official,train,,,,0,,,10.0,,,,0 0 0 0 0 0 0 0 0 0 0 0 0 0 0 0 0 0 0 0 0 0 0 0 0 0 0 0 0 0 0 0 0 0 0 0 0 0 0 0 0 0 0 0 0 0 0 0 0 0
N-000483,000483,Normal/000483.mp4,CCD,official,train,,,,0,,,10.0,,,,0 0 0 0 0 0 0 0 0 0 0 0 0 0 0 0 0 0 0 0 0 0 0 0 0 0 0 0 0 0 0 0 0 0 0 0 0 0 0 0 0 0 0 0 0 0 0 0 0 0
N-000484,000484,Normal/000484.mp4,CCD,official,val,,,,0,,,10.0,,,,0 0 0 0 0 0 0 0 0 0 0 0 0 0 0 0 0 0 0 0 0 0 0 0 0 0 0 0 0 0 0 0 0 0 0 0 0 0 0 0 0 0 0 0 0 0 0 0 0 0
N-000485,000485,Normal/000485.mp4,CCD,official,test,,,,0,,,10.0,,,,0 0 0 0 0 0 0 0 0 0 0 0 0 0 0 0 0 0 0 0 0 0 0 0 0 0 0 0 0 0 0 0 0 0 0 0 0 0 0 0 0 0 0 0 0 0 0 0 0 0
N-000486,000486,Normal/000486.mp4,CCD,official,train,,,,0,,,10.0,,,,0 0 0 0 0 0 0 0 0 0 0 0 0 0 0 0 0 0 0 0 0 0 0 0 0 0 0 0 0 0 0 0 0 0 0 0 0 0 0 0 0 0 0 0 0 0 0 0 0 0
N-000487,000487,Normal/000487.mp4,CCD,official,val,,,,0,,,10.0,,,,0 0 0 0 0 0 0 0 0 0 0 0 0 0 0 0 0 0 0 0 0 0 0 0 0 0 0 0 0 0 0 0 0 0 0 0 0 0 0 0 0 0 0 0 0 0 0 0 0 0
N-000488,000488,Normal/000488.mp4,CCD,official,train,,,,0,,,10.0,,,,0 0 0 0 0 0 0 0 0 0 0 0 0 0 0 0 0 0 0 0 0 0 0 0 0 0 0 0 0 0 0 0 0 0 0 0 0 0 0 0 0 0 0 0 0 0 0 0 0 0
N-000489,000489,Normal/000489.mp4,CCD,official,train,,,,0,,,10.0,,,,0 0 0 0 0 0 0 0 0 0 0 0 0 0 0 0 0 0 0 0 0 0 0 0 0 0 0 0 0 0 0 0 0 0 0 0 0 0 0 0 0 0 0 0 0 0 0 0 0 0
N-000490,000490,Normal/000490.mp4,CCD,official,val,,,,0,,,10.0,,,,0 0 0 0 0 0 0 0 0 0 0 0 0 0 0 0 0 0 0 0 0 0 0 0 0 0 0 0 0 0 0 0 0 0 0 0 0 0 0 0 0 0 0 0 0 0 0 0 0 0
N-000491,000491,Normal/000491.mp4,CCD,official,train,,,,0,,,10.0,,,,0 0 0 0 0 0 0 0 0 0 0 0 0 0 0 0 0 0 0 0 0 0 0 0 0 0 0 0 0 0 0 0 0 0 0 0 0 0 0 0 0 0 0 0 0 0 0 0 0 0
N-000492,000492,Normal/000492.mp4,CCD,official,val,,,,0,,,10.0,,,,0 0 0 0 0 0 0 0 0 0 0 0 0 0 0 0 0 0 0 0 0 0 0 0 0 0 0 0 0 0 0 0 0 0 0 0 0 0 0 0 0 0 0 0 0 0 0 0 0 0
N-000493,000493,Normal/000493.mp4,CCD,official,train,,,,0,,,10.0,,,,0 0 0 0 0 0 0 0 0 0 0 0 0 0 0 0 0 0 0 0 0 0 0 0 0 0 0 0 0 0 0 0 0 0 0 0 0 0 0 0 0 0 0 0 0 0 0 0 0 0
N-000494,000494,Normal/000494.mp4,CCD,official,train,,,,0,,,10.0,,,,0 0 0 0 0 0 0 0 0 0 0 0 0 0 0 0 0 0 0 0 0 0 0 0 0 0 0 0 0 0 0 0 0 0 0 0 0 0 0 0 0 0 0 0 0 0 0 0 0 0
N-000495,000495,Normal/000495.mp4,CCD,official,test,,,,0,,,10.0,,,,0 0 0 0 0 0 0 0 0 0 0 0 0 0 0 0 0 0 0 0 0 0 0 0 0 0 0 0 0 0 0 0 0 0 0 0 0 0 0 0 0 0 0 0 0 0 0 0 0 0
N-000496,000496,Normal/000496.mp4,CCD,official,train,,,,0,,,10.0,,,,0 0 0 0 0 0 0 0 0 0 0 0 0 0 0 0 0 0 0 0 0 0 0 0 0 0 0 0 0 0 0 0 0 0 0 0 0 0 0 0 0 0 0 0 0 0 0 0 0 0
N-000497,000497,Normal/000497.mp4,CCD,official,train,,,,0,,,10.0,,,,0 0 0 0 0 0 0 0 0 0 0 0 0 0 0 0 0 0 0 0 0 0 0 0 0 0 0 0 0 0 0 0 0 0 0 0 0 0 0 0 0 0 0 0 0 0 0 0 0 0
N-000498,000498,Normal/000498.mp4,CCD,official,train,,,,0,,,10.0,,,,0 0 0 0 0 0 0 0 0 0 0 0 0 0 0 0 0 0 0 0 0 0 0 0 0 0 0 0 0 0 0 0 0 0 0 0 0 0 0 0 0 0 0 0 0 0 0 0 0 0
N-000499,000499,Normal/000499.mp4,CCD,official,train,,,,0,,,10.0,,,,0 0 0 0 0 0 0 0 0 0 0 0 0 0 0 0 0 0 0 0 0 0 0 0 0 0 0 0 0 0 0 0 0 0 0 0 0 0 0 0 0 0 0 0 0 0 0 0 0 0
N-000500,000500,Normal/000500.mp4,CCD,official,train,,,,0,,,10.0,,,,0 0 0 0 0 0 0 0 0 0 0 0 0 0 0 0 0 0 0 0 0 0 0 0 0 0 0 0 0 0 0 0 0 0 0 0 0 0 0 0 0 0 0 0 0 0 0 0 0 0
N-000501,000501,Normal/000501.mp4,CCD,official,val,,,,0,,,10.0,,,,0 0 0 0 0 0 0 0 0 0 0 0 0 0 0 0 0 0 0 0 0 0 0 0 0 0 0 0 0 0 0 0 0 0 0 0 0 0 0 0 0 0 0 0 0 0 0 0 0 0
N-000502,000502,Normal/000502.mp4,CCD,official,train,,,,0,,,10.0,,,,0 0 0 0 0 0 0 0 0 0 0 0 0 0 0 0 0 0 0 0 0 0 0 0 0 0 0 0 0 0 0 0 0 0 0 0 0 0 0 0 0 0 0 0 0 0 0 0 0 0
N-000503,000503,Normal/000503.mp4,CCD,official,train,,,,0,,,10.0,,,,0 0 0 0 0 0 0 0 0 0 0 0 0 0 0 0 0 0 0 0 0 0 0 0 0 0 0 0 0 0 0 0 0 0 0 0 0 0 0 0 0 0 0 0 0 0 0 0 0 0
N-000504,000504,Normal/000504.mp4,CCD,official,val,,,,0,,,10.0,,,,0 0 0 0 0 0 0 0 0 0 0 0 0 0 0 0 0 0 0 0 0 0 0 0 0 0 0 0 0 0 0 0 0 0 0 0 0 0 0 0 0 0 0 0 0 0 0 0 0 0
N-000505,000505,Normal/000505.mp4,CCD,official,train,,,,0,,,10.0,,,,0 0 0 0 0 0 0 0 0 0 0 0 0 0 0 0 0 0 0 0 0 0 0 0 0 0 0 0 0 0 0 0 0 0 0 0 0 0 0 0 0 0 0 0 0 0 0 0 0 0
N-000506,000506,Normal/000506.mp4,CCD,official,train,,,,0,,,10.0,,,,0 0 0 0 0 0 0 0 0 0 0 0 0 0 0 0 0 0 0 0 0 0 0 0 0 0 0 0 0 0 0 0 0 0 0 0 0 0 0 0 0 0 0 0 0 0 0 0 0 0
N-000507,000507,Normal/000507.mp4,CCD,official,train,,,,0,,,10.0,,,,0 0 0 0 0 0 0 0 0 0 0 0 0 0 0 0 0 0 0 0 0 0 0 0 0 0 0 0 0 0 0 0 0 0 0 0 0 0 0 0 0 0 0 0 0 0 0 0 0 0
N-000508,000508,Normal/000508.mp4,CCD,official,train,,,,0,,,10.0,,,,0 0 0 0 0 0 0 0 0 0 0 0 0 0 0 0 0 0 0 0 0 0 0 0 0 0 0 0 0 0 0 0 0 0 0 0 0 0 0 0 0 0 0 0 0 0 0 0 0 0
N-000509,000509,Normal/000509.mp4,CCD,official,train,,,,0,,,10.0,,,,0 0 0 0 0 0 0 0 0 0 0 0 0 0 0 0 0 0 0 0 0 0 0 0 0 0 0 0 0 0 0 0 0 0 0 0 0 0 0 0 0 0 0 0 0 0 0 0 0 0
N-000510,000510,Normal/000510.mp4,CCD,official,train,,,,0,,,10.0,,,,0 0 0 0 0 0 0 0 0 0 0 0 0 0 0 0 0 0 0 0 0 0 0 0 0 0 0 0 0 0 0 0 0 0 0 0 0 0 0 0 0 0 0 0 0 0 0 0 0 0
N-000511,000511,Normal/000511.mp4,CCD,official,test,,,,0,,,10.0,,,,0 0 0 0 0 0 0 0 0 0 0 0 0 0 0 0 0 0 0 0 0 0 0 0 0 0 0 0 0 0 0 0 0 0 0 0 0 0 0 0 0 0 0 0 0 0 0 0 0 0
N-000512,000512,Normal/000512.mp4,CCD,official,train,,,,0,,,10.0,,,,0 0 0 0 0 0 0 0 0 0 0 0 0 0 0 0 0 0 0 0 0 0 0 0 0 0 0 0 0 0 0 0 0 0 0 0 0 0 0 0 0 0 0 0 0 0 0 0 0 0
N-000513,000513,Normal/000513.mp4,CCD,official,train,,,,0,,,10.0,,,,0 0 0 0 0 0 0 0 0 0 0 0 0 0 0 0 0 0 0 0 0 0 0 0 0 0 0 0 0 0 0 0 0 0 0 0 0 0 0 0 0 0 0 0 0 0 0 0 0 0
N-000514,000514,Normal/000514.mp4,CCD,official,val,,,,0,,,10.0,,,,0 0 0 0 0 0 0 0 0 0 0 0 0 0 0 0 0 0 0 0 0 0 0 0 0 0 0 0 0 0 0 0 0 0 0 0 0 0 0 0 0 0 0 0 0 0 0 0 0 0
N-000515,000515,Normal/000515.mp4,CCD,official,train,,,,0,,,10.0,,,,0 0 0 0 0 0 0 0 0 0 0 0 0 0 0 0 0 0 0 0 0 0 0 0 0 0 0 0 0 0 0 0 0 0 0 0 0 0 0 0 0 0 0 0 0 0 0 0 0 0
N-000516,000516,Normal/000516.mp4,CCD,official,train,,,,0,,,10.0,,,,0 0 0 0 0 0 0 0 0 0 0 0 0 0 0 0 0 0 0 0 0 0 0 0 0 0 0 0 0 0 0 0 0 0 0 0 0 0 0 0 0 0 0 0 0 0 0 0 0 0
N-000517,000517,Normal/000517.mp4,CCD,official,train,,,,0,,,10.0,,,,0 0 0 0 0 0 0 0 0 0 0 0 0 0 0 0 0 0 0 0 0 0 0 0 0 0 0 0 0 0 0 0 0 0 0 0 0 0 0 0 0 0 0 0 0 0 0 0 0 0
N-000518,000518,Normal/000518.mp4,CCD,official,train,,,,0,,,10.0,,,,0 0 0 0 0 0 0 0 0 0 0 0 0 0 0 0 0 0 0 0 0 0 0 0 0 0 0 0 0 0 0 0 0 0 0 0 0 0 0 0 0 0 0 0 0 0 0 0 0 0
N-000519,000519,Normal/000519.mp4,CCD,official,test,,,,0,,,10.0,,,,0 0 0 0 0 0 0 0 0 0 0 0 0 0 0 0 0 0 0 0 0 0 0 0 0 0 0 0 0 0 0 0 0 0 0 0 0 0 0 0 0 0 0 0 0 0 0 0 0 0
N-000520,000520,Normal/000520.mp4,CCD,official,train,,,,0,,,10.0,,,,0 0 0 0 0 0 0 0 0 0 0 0 0 0 0 0 0 0 0 0 0 0 0 0 0 0 0 0 0 0 0 0 0 0 0 0 0 0 0 0 0 0 0 0 0 0 0 0 0 0
N-000521,000521,Normal/000521.mp4,CCD,official,train,,,,0,,,10.0,,,,0 0 0 0 0 0 0 0 0 0 0 0 0 0 0 0 0 0 0 0 0 0 0 0 0 0 0 0 0 0 0 0 0 0 0 0 0 0 0 0 0 0 0 0 0 0 0 0 0 0
N-000522,000522,Normal/000522.mp4,CCD,official,val,,,,0,,,10.0,,,,0 0 0 0 0 0 0 0 0 0 0 0 0 0 0 0 0 0 0 0 0 0 0 0 0 0 0 0 0 0 0 0 0 0 0 0 0 0 0 0 0 0 0 0 0 0 0 0 0 0
N-000523,000523,Normal/000523.mp4,CCD,official,val,,,,0,,,10.0,,,,0 0 0 0 0 0 0 0 0 0 0 0 0 0 0 0 0 0 0 0 0 0 0 0 0 0 0 0 0 0 0 0 0 0 0 0 0 0 0 0 0 0 0 0 0 0 0 0 0 0
N-000524,000524,Normal/000524.mp4,CCD,official,train,,,,0,,,10.0,,,,0 0 0 0 0 0 0 0 0 0 0 0 0 0 0 0 0 0 0 0 0 0 0 0 0 0 0 0 0 0 0 0 0 0 0 0 0 0 0 0 0 0 0 0 0 0 0 0 0 0
N-000525,000525,Normal/000525.mp4,CCD,official,train,,,,0,,,10.0,,,,0 0 0 0 0 0 0 0 0 0 0 0 0 0 0 0 0 0 0 0 0 0 0 0 0 0 0 0 0 0 0 0 0 0 0 0 0 0 0 0 0 0 0 0 0 0 0 0 0 0
N-000526,000526,Normal/000526.mp4,CCD,official,train,,,,0,,,10.0,,,,0 0 0 0 0 0 0 0 0 0 0 0 0 0 0 0 0 0 0 0 0 0 0 0 0 0 0 0 0 0 0 0 0 0 0 0 0 0 0 0 0 0 0 0 0 0 0 0 0 0
N-000527,000527,Normal/000527.mp4,CCD,official,test,,,,0,,,10.0,,,,0 0 0 0 0 0 0 0 0 0 0 0 0 0 0 0 0 0 0 0 0 0 0 0 0 0 0 0 0 0 0 0 0 0 0 0 0 0 0 0 0 0 0 0 0 0 0 0 0 0
N-000528,000528,Normal/000528.mp4,CCD,official,train,,,,0,,,10.0,,,,0 0 0 0 0 0 0 0 0 0 0 0 0 0 0 0 0 0 0 0 0 0 0 0 0 0 0 0 0 0 0 0 0 0 0 0 0 0 0 0 0 0 0 0 0 0 0 0 0 0
N-000529,000529,Normal/000529.mp4,CCD,official,train,,,,0,,,10.0,,,,0 0 0 0 0 0 0 0 0 0 0 0 0 0 0 0 0 0 0 0 0 0 0 0 0 0 0 0 0 0 0 0 0 0 0 0 0 0 0 0 0 0 0 0 0 0 0 0 0 0
N-000530,000530,Normal/000530.mp4,CCD,official,train,,,,0,,,10.0,,,,0 0 0 0 0 0 0 0 0 0 0 0 0 0 0 0 0 0 0 0 0 0 0 0 0 0 0 0 0 0 0 0 0 0 0 0 0 0 0 0 0 0 0 0 0 0 0 0 0 0
N-000531,000531,Normal/000531.mp4,CCD,official,train,,,,0,,,10.0,,,,0 0 0 0 0 0 0 0 0 0 0 0 0 0 0 0 0 0 0 0 0 0 0 0 0 0 0 0 0 0 0 0 0 0 0 0 0 0 0 0 0 0 0 0 0 0 0 0 0 0
N-000532,000532,Normal/000532.mp4,CCD,official,train,,,,0,,,10.0,,,,0 0 0 0 0 0 0 0 0 0 0 0 0 0 0 0 0 0 0 0 0 0 0 0 0 0 0 0 0 0 0 0 0 0 0 0 0 0 0 0 0 0 0 0 0 0 0 0 0 0
N-000533,000533,Normal/000533.mp4,CCD,official,test,,,,0,,,10.0,,,,0 0 0 0 0 0 0 0 0 0 0 0 0 0 0 0 0 0 0 0 0 0 0 0 0 0 0 0 0 0 0 0 0 0 0 0 0 0 0 0 0 0 0 0 0 0 0 0 0 0
N-000534,000534,Normal/000534.mp4,CCD,official,test,,,,0,,,10.0,,,,0 0 0 0 0 0 0 0 0 0 0 0 0 0 0 0 0 0 0 0 0 0 0 0 0 0 0 0 0 0 0 0 0 0 0 0 0 0 0 0 0 0 0 0 0 0 0 0 0 0
N-000535,000535,Normal/000535.mp4,CCD,official,train,,,,0,,,10.0,,,,0 0 0 0 0 0 0 0 0 0 0 0 0 0 0 0 0 0 0 0 0 0 0 0 0 0 0 0 0 0 0 0 0 0 0 0 0 0 0 0 0 0 0 0 0 0 0 0 0 0
N-000536,000536,Normal/000536.mp4,CCD,official,train,,,,0,,,10.0,,,,0 0 0 0 0 0 0 0 0 0 0 0 0 0 0 0 0 0 0 0 0 0 0 0 0 0 0 0 0 0 0 0 0 0 0 0 0 0 0 0 0 0 0 0 0 0 0 0 0 0
N-000537,000537,Normal/000537.mp4,CCD,official,train,,,,0,,,10.0,,,,0 0 0 0 0 0 0 0 0 0 0 0 0 0 0 0 0 0 0 0 0 0 0 0 0 0 0 0 0 0 0 0 0 0 0 0 0 0 0 0 0 0 0 0 0 0 0 0 0 0
N-000538,000538,Normal/000538.mp4,CCD,official,train,,,,0,,,10.0,,,,0 0 0 0 0 0 0 0 0 0 0 0 0 0 0 0 0 0 0 0 0 0 0 0 0 0 0 0 0 0 0 0 0 0 0 0 0 0 0 0 0 0 0 0 0 0 0 0 0 0
N-000539,000539,Normal/000539.mp4,CCD,official,test,,,,0,,,10.0,,,,0 0 0 0 0 0 0 0 0 0 0 0 0 0 0 0 0 0 0 0 0 0 0 0 0 0 0 0 0 0 0 0 0 0 0 0 0 0 0 0 0 0 0 0 0 0 0 0 0 0
N-000540,000540,Normal/000540.mp4,CCD,official,train,,,,0,,,10.0,,,,0 0 0 0 0 0 0 0 0 0 0 0 0 0 0 0 0 0 0 0 0 0 0 0 0 0 0 0 0 0 0 0 0 0 0 0 0 0 0 0 0 0 0 0 0 0 0 0 0 0
N-000541,000541,Normal/000541.mp4,CCD,official,train,,,,0,,,10.0,,,,0 0 0 0 0 0 0 0 0 0 0 0 0 0 0 0 0 0 0 0 0 0 0 0 0 0 0 0 0 0 0 0 0 0 0 0 0 0 0 0 0 0 0 0 0 0 0 0 0 0
N-000542,000542,Normal/000542.mp4,CCD,official,train,,,,0,,,10.0,,,,0 0 0 0 0 0 0 0 0 0 0 0 0 0 0 0 0 0 0 0 0 0 0 0 0 0 0 0 0 0 0 0 0 0 0 0 0 0 0 0 0 0 0 0 0 0 0 0 0 0
N-000543,000543,Normal/000543.mp4,CCD,official,train,,,,0,,,10.0,,,,0 0 0 0 0 0 0 0 0 0 0 0 0 0 0 0 0 0 0 0 0 0 0 0 0 0 0 0 0 0 0 0 0 0 0 0 0 0 0 0 0 0 0 0 0 0 0 0 0 0
N-000544,000544,Normal/000544.mp4,CCD,official,test,,,,0,,,10.0,,,,0 0 0 0 0 0 0 0 0 0 0 0 0 0 0 0 0 0 0 0 0 0 0 0 0 0 0 0 0 0 0 0 0 0 0 0 0 0 0 0 0 0 0 0 0 0 0 0 0 0
N-000545,000545,Normal/000545.mp4,CCD,official,train,,,,0,,,10.0,,,,0 0 0 0 0 0 0 0 0 0 0 0 0 0 0 0 0 0 0 0 0 0 0 0 0 0 0 0 0 0 0 0 0 0 0 0 0 0 0 0 0 0 0 0 0 0 0 0 0 0
N-000546,000546,Normal/000546.mp4,CCD,official,train,,,,0,,,10.0,,,,0 0 0 0 0 0 0 0 0 0 0 0 0 0 0 0 0 0 0 0 0 0 0 0 0 0 0 0 0 0 0 0 0 0 0 0 0 0 0 0 0 0 0 0 0 0 0 0 0 0
N-000547,000547,Normal/000547.mp4,CCD,official,train,,,,0,,,10.0,,,,0 0 0 0 0 0 0 0 0 0 0 0 0 0 0 0 0 0 0 0 0 0 0 0 0 0 0 0 0 0 0 0 0 0 0 0 0 0 0 0 0 0 0 0 0 0 0 0 0 0
N-000548,000548,Normal/000548.mp4,CCD,official,train,,,,0,,,10.0,,,,0 0 0 0 0 0 0 0 0 0 0 0 0 0 0 0 0 0 0 0 0 0 0 0 0 0 0 0 0 0 0 0 0 0 0 0 0 0 0 0 0 0 0 0 0 0 0 0 0 0
N-000549,000549,Normal/000549.mp4,CCD,official,train,,,,0,,,10.0,,,,0 0 0 0 0 0 0 0 0 0 0 0 0 0 0 0 0 0 0 0 0 0 0 0 0 0 0 0 0 0 0 0 0 0 0 0 0 0 0 0 0 0 0 0 0 0 0 0 0 0
N-000550,000550,Normal/000550.mp4,CCD,official,val,,,,0,,,10.0,,,,0 0 0 0 0 0 0 0 0 0 0 0 0 0 0 0 0 0 0 0 0 0 0 0 0 0 0 0 0 0 0 0 0 0 0 0 0 0 0 0 0 0 0 0 0 0 0 0 0 0
N-000551,000551,Normal/000551.mp4,CCD,official,train,,,,0,,,10.0,,,,0 0 0 0 0 0 0 0 0 0 0 0 0 0 0 0 0 0 0 0 0 0 0 0 0 0 0 0 0 0 0 0 0 0 0 0 0 0 0 0 0 0 0 0 0 0 0 0 0 0
N-000552,000552,Normal/000552.mp4,CCD,official,test,,,,0,,,10.0,,,,0 0 0 0 0 0 0 0 0 0 0 0 0 0 0 0 0 0 0 0 0 0 0 0 0 0 0 0 0 0 0 0 0 0 0 0 0 0 0 0 0 0 0 0 0 0 0 0 0 0
N-000553,000553,Normal/000553.mp4,CCD,official,train,,,,0,,,10.0,,,,0 0 0 0 0 0 0 0 0 0 0 0 0 0 0 0 0 0 0 0 0 0 0 0 0 0 0 0 0 0 0 0 0 0 0 0 0 0 0 0 0 0 0 0 0 0 0 0 0 0
N-000554,000554,Normal/000554.mp4,CCD,official,train,,,,0,,,10.0,,,,0 0 0 0 0 0 0 0 0 0 0 0 0 0 0 0 0 0 0 0 0 0 0 0 0 0 0 0 0 0 0 0 0 0 0 0 0 0 0 0 0 0 0 0 0 0 0 0 0 0
N-000555,000555,Normal/000555.mp4,CCD,official,train,,,,0,,,10.0,,,,0 0 0 0 0 0 0 0 0 0 0 0 0 0 0 0 0 0 0 0 0 0 0 0 0 0 0 0 0 0 0 0 0 0 0 0 0 0 0 0 0 0 0 0 0 0 0 0 0 0
N-000556,000556,Normal/000556.mp4,CCD,official,val,,,,0,,,10.0,,,,0 0 0 0 0 0 0 0 0 0 0 0 0 0 0 0 0 0 0 0 0 0 0 0 0 0 0 0 0 0 0 0 0 0 0 0 0 0 0 0 0 0 0 0 0 0 0 0 0 0
N-000557,000557,Normal/000557.mp4,CCD,official,train,,,,0,,,10.0,,,,0 0 0 0 0 0 0 0 0 0 0 0 0 0 0 0 0 0 0 0 0 0 0 0 0 0 0 0 0 0 0 0 0 0 0 0 0 0 0 0 0 0 0 0 0 0 0 0 0 0
N-000558,000558,Normal/000558.mp4,CCD,official,train,,,,0,,,10.0,,,,0 0 0 0 0 0 0 0 0 0 0 0 0 0 0 0 0 0 0 0 0 0 0 0 0 0 0 0 0 0 0 0 0 0 0 0 0 0 0 0 0 0 0 0 0 0 0 0 0 0
N-000559,000559,Normal/000559.mp4,CCD,official,train,,,,0,,,10.0,,,,0 0 0 0 0 0 0 0 0 0 0 0 0 0 0 0 0 0 0 0 0 0 0 0 0 0 0 0 0 0 0 0 0 0 0 0 0 0 0 0 0 0 0 0 0 0 0 0 0 0
N-000560,000560,Normal/000560.mp4,CCD,official,test,,,,0,,,10.0,,,,0 0 0 0 0 0 0 0 0 0 0 0 0 0 0 0 0 0 0 0 0 0 0 0 0 0 0 0 0 0 0 0 0 0 0 0 0 0 0 0 0 0 0 0 0 0 0 0 0 0
N-000561,000561,Normal/000561.mp4,CCD,official,test,,,,0,,,10.0,,,,0 0 0 0 0 0 0 0 0 0 0 0 0 0 0 0 0 0 0 0 0 0 0 0 0 0 0 0 0 0 0 0 0 0 0 0 0 0 0 0 0 0 0 0 0 0 0 0 0 0
N-000562,000562,Normal/000562.mp4,CCD,official,test,,,,0,,,10.0,,,,0 0 0 0 0 0 0 0 0 0 0 0 0 0 0 0 0 0 0 0 0 0 0 0 0 0 0 0 0 0 0 0 0 0 0 0 0 0 0 0 0 0 0 0 0 0 0 0 0 0
N-000563,000563,Normal/000563.mp4,CCD,official,train,,,,0,,,10.0,,,,0 0 0 0 0 0 0 0 0 0 0 0 0 0 0 0 0 0 0 0 0 0 0 0 0 0 0 0 0 0 0 0 0 0 0 0 0 0 0 0 0 0 0 0 0 0 0 0 0 0
N-000564,000564,Normal/000564.mp4,CCD,official,train,,,,0,,,10.0,,,,0 0 0 0 0 0 0 0 0 0 0 0 0 0 0 0 0 0 0 0 0 0 0 0 0 0 0 0 0 0 0 0 0 0 0 0 0 0 0 0 0 0 0 0 0 0 0 0 0 0
N-000565,000565,Normal/000565.mp4,CCD,official,train,,,,0,,,10.0,,,,0 0 0 0 0 0 0 0 0 0 0 0 0 0 0 0 0 0 0 0 0 0 0 0 0 0 0 0 0 0 0 0 0 0 0 0 0 0 0 0 0 0 0 0 0 0 0 0 0 0
N-000566,000566,Normal/000566.mp4,CCD,official,train,,,,0,,,10.0,,,,0 0 0 0 0 0 0 0 0 0 0 0 0 0 0 0 0 0 0 0 0 0 0 0 0 0 0 0 0 0 0 0 0 0 0 0 0 0 0 0 0 0 0 0 0 0 0 0 0 0
N-000567,000567,Normal/000567.mp4,CCD,official,train,,,,0,,,10.0,,,,0 0 0 0 0 0 0 0 0 0 0 0 0 0 0 0 0 0 0 0 0 0 0 0 0 0 0 0 0 0 0 0 0 0 0 0 0 0 0 0 0 0 0 0 0 0 0 0 0 0
N-000568,000568,Normal/000568.mp4,CCD,official,train,,,,0,,,10.0,,,,0 0 0 0 0 0 0 0 0 0 0 0 0 0 0 0 0 0 0 0 0 0 0 0 0 0 0 0 0 0 0 0 0 0 0 0 0 0 0 0 0 0 0 0 0 0 0 0 0 0
N-000569,000569,Normal/000569.mp4,CCD,official,train,,,,0,,,10.0,,,,0 0 0 0 0 0 0 0 0 0 0 0 0 0 0 0 0 0 0 0 0 0 0 0 0 0 0 0 0 0 0 0 0 0 0 0 0 0 0 0 0 0 0 0 0 0 0 0 0 0
N-000570,000570,Normal/000570.mp4,CCD,official,train,,,,0,,,10.0,,,,0 0 0 0 0 0 0 0 0 0 0 0 0 0 0 0 0 0 0 0 0 0 0 0 0 0 0 0 0 0 0 0 0 0 0 0 0 0 0 0 0 0 0 0 0 0 0 0 0 0
N-000571,000571,Normal/000571.mp4,CCD,official,train,,,,0,,,10.0,,,,0 0 0 0 0 0 0 0 0 0 0 0 0 0 0 0 0 0 0 0 0 0 0 0 0 0 0 0 0 0 0 0 0 0 0 0 0 0 0 0 0 0 0 0 0 0 0 0 0 0
N-000572,000572,Normal/000572.mp4,CCD,official,test,,,,0,,,10.0,,,,0 0 0 0 0 0 0 0 0 0 0 0 0 0 0 0 0 0 0 0 0 0 0 0 0 0 0 0 0 0 0 0 0 0 0 0 0 0 0 0 0 0 0 0 0 0 0 0 0 0
N-000573,000573,Normal/000573.mp4,CCD,official,train,,,,0,,,10.0,,,,0 0 0 0 0 0 0 0 0 0 0 0 0 0 0 0 0 0 0 0 0 0 0 0 0 0 0 0 0 0 0 0 0 0 0 0 0 0 0 0 0 0 0 0 0 0 0 0 0 0
N-000574,000574,Normal/000574.mp4,CCD,official,train,,,,0,,,10.0,,,,0 0 0 0 0 0 0 0 0 0 0 0 0 0 0 0 0 0 0 0 0 0 0 0 0 0 0 0 0 0 0 0 0 0 0 0 0 0 0 0 0 0 0 0 0 0 0 0 0 0
N-000575,000575,Normal/000575.mp4,CCD,official,test,,,,0,,,10.0,,,,0 0 0 0 0 0 0 0 0 0 0 0 0 0 0 0 0 0 0 0 0 0 0 0 0 0 0 0 0 0 0 0 0 0 0 0 0 0 0 0 0 0 0 0 0 0 0 0 0 0
N-000576,000576,Normal/000576.mp4,CCD,official,train,,,,0,,,10.0,,,,0 0 0 0 0 0 0 0 0 0 0 0 0 0 0 0 0 0 0 0 0 0 0 0 0 0 0 0 0 0 0 0 0 0 0 0 0 0 0 0 0 0 0 0 0 0 0 0 0 0
N-000577,000577,Normal/000577.mp4,CCD,official,test,,,,0,,,10.0,,,,0 0 0 0 0 0 0 0 0 0 0 0 0 0 0 0 0 0 0 0 0 0 0 0 0 0 0 0 0 0 0 0 0 0 0 0 0 0 0 0 0 0 0 0 0 0 0 0 0 0
N-000578,000578,Normal/000578.mp4,CCD,official,train,,,,0,,,10.0,,,,0 0 0 0 0 0 0 0 0 0 0 0 0 0 0 0 0 0 0 0 0 0 0 0 0 0 0 0 0 0 0 0 0 0 0 0 0 0 0 0 0 0 0 0 0 0 0 0 0 0
N-000579,000579,Normal/000579.mp4,CCD,official,train,,,,0,,,10.0,,,,0 0 0 0 0 0 0 0 0 0 0 0 0 0 0 0 0 0 0 0 0 0 0 0 0 0 0 0 0 0 0 0 0 0 0 0 0 0 0 0 0 0 0 0 0 0 0 0 0 0
N-000580,000580,Normal/000580.mp4,CCD,official,train,,,,0,,,10.0,,,,0 0 0 0 0 0 0 0 0 0 0 0 0 0 0 0 0 0 0 0 0 0 0 0 0 0 0 0 0 0 0 0 0 0 0 0 0 0 0 0 0 0 0 0 0 0 0 0 0 0
N-000581,000581,Normal/000581.mp4,CCD,official,val,,,,0,,,10.0,,,,0 0 0 0 0 0 0 0 0 0 0 0 0 0 0 0 0 0 0 0 0 0 0 0 0 0 0 0 0 0 0 0 0 0 0 0 0 0 0 0 0 0 0 0 0 0 0 0 0 0
N-000582,000582,Normal/000582.mp4,CCD,official,val,,,,0,,,10.0,,,,0 0 0 0 0 0 0 0 0 0 0 0 0 0 0 0 0 0 0 0 0 0 0 0 0 0 0 0 0 0 0 0 0 0 0 0 0 0 0 0 0 0 0 0 0 0 0 0 0 0
N-000583,000583,Normal/000583.mp4,CCD,official,train,,,,0,,,10.0,,,,0 0 0 0 0 0 0 0 0 0 0 0 0 0 0 0 0 0 0 0 0 0 0 0 0 0 0 0 0 0 0 0 0 0 0 0 0 0 0 0 0 0 0 0 0 0 0 0 0 0
N-000584,000584,Normal/000584.mp4,CCD,official,train,,,,0,,,10.0,,,,0 0 0 0 0 0 0 0 0 0 0 0 0 0 0 0 0 0 0 0 0 0 0 0 0 0 0 0 0 0 0 0 0 0 0 0 0 0 0 0 0 0 0 0 0 0 0 0 0 0
N-000585,000585,Normal/000585.mp4,CCD,official,val,,,,0,,,10.0,,,,0 0 0 0 0 0 0 0 0 0 0 0 0 0 0 0 0 0 0 0 0 0 0 0 0 0 0 0 0 0 0 0 0 0 0 0 0 0 0 0 0 0 0 0 0 0 0 0 0 0
N-000586,000586,Normal/000586.mp4,CCD,official,test,,,,0,,,10.0,,,,0 0 0 0 0 0 0 0 0 0 0 0 0 0 0 0 0 0 0 0 0 0 0 0 0 0 0 0 0 0 0 0 0 0 0 0 0 0 0 0 0 0 0 0 0 0 0 0 0 0
N-000587,000587,Normal/000587.mp4,CCD,official,train,,,,0,,,10.0,,,,0 0 0 0 0 0 0 0 0 0 0 0 0 0 0 0 0 0 0 0 0 0 0 0 0 0 0 0 0 0 0 0 0 0 0 0 0 0 0 0 0 0 0 0 0 0 0 0 0 0
N-000588,000588,Normal/000588.mp4,CCD,official,test,,,,0,,,10.0,,,,0 0 0 0 0 0 0 0 0 0 0 0 0 0 0 0 0 0 0 0 0 0 0 0 0 0 0 0 0 0 0 0 0 0 0 0 0 0 0 0 0 0 0 0 0 0 0 0 0 0
N-000589,000589,Normal/000589.mp4,CCD,official,train,,,,0,,,10.0,,,,0 0 0 0 0 0 0 0 0 0 0 0 0 0 0 0 0 0 0 0 0 0 0 0 0 0 0 0 0 0 0 0 0 0 0 0 0 0 0 0 0 0 0 0 0 0 0 0 0 0
N-000590,000590,Normal/000590.mp4,CCD,official,train,,,,0,,,10.0,,,,0 0 0 0 0 0 0 0 0 0 0 0 0 0 0 0 0 0 0 0 0 0 0 0 0 0 0 0 0 0 0 0 0 0 0 0 0 0 0 0 0 0 0 0 0 0 0 0 0 0
N-000591,000591,Normal/000591.mp4,CCD,official,train,,,,0,,,10.0,,,,0 0 0 0 0 0 0 0 0 0 0 0 0 0 0 0 0 0 0 0 0 0 0 0 0 0 0 0 0 0 0 0 0 0 0 0 0 0 0 0 0 0 0 0 0 0 0 0 0 0
N-000592,000592,Normal/000592.mp4,CCD,official,train,,,,0,,,10.0,,,,0 0 0 0 0 0 0 0 0 0 0 0 0 0 0 0 0 0 0 0 0 0 0 0 0 0 0 0 0 0 0 0 0 0 0 0 0 0 0 0 0 0 0 0 0 0 0 0 0 0
N-000593,000593,Normal/000593.mp4,CCD,official,train,,,,0,,,10.0,,,,0 0 0 0 0 0 0 0 0 0 0 0 0 0 0 0 0 0 0 0 0 0 0 0 0 0 0 0 0 0 0 0 0 0 0 0 0 0 0 0 0 0 0 0 0 0 0 0 0 0
N-000594,000594,Normal/000594.mp4,CCD,official,train,,,,0,,,10.0,,,,0 0 0 0 0 0 0 0 0 0 0 0 0 0 0 0 0 0 0 0 0 0 0 0 0 0 0 0 0 0 0 0 0 0 0 0 0 0 0 0 0 0 0 0 0 0 0 0 0 0
N-000595,000595,Normal/000595.mp4,CCD,official,train,,,,0,,,10.0,,,,0 0 0 0 0 0 0 0 0 0 0 0 0 0 0 0 0 0 0 0 0 0 0 0 0 0 0 0 0 0 0 0 0 0 0 0 0 0 0 0 0 0 0 0 0 0 0 0 0 0
N-000596,000596,Normal/000596.mp4,CCD,official,train,,,,0,,,10.0,,,,0 0 0 0 0 0 0 0 0 0 0 0 0 0 0 0 0 0 0 0 0 0 0 0 0 0 0 0 0 0 0 0 0 0 0 0 0 0 0 0 0 0 0 0 0 0 0 0 0 0
N-000597,000597,Normal/000597.mp4,CCD,official,train,,,,0,,,10.0,,,,0 0 0 0 0 0 0 0 0 0 0 0 0 0 0 0 0 0 0 0 0 0 0 0 0 0 0 0 0 0 0 0 0 0 0 0 0 0 0 0 0 0 0 0 0 0 0 0 0 0
N-000598,000598,Normal/000598.mp4,CCD,official,val,,,,0,,,10.0,,,,0 0 0 0 0 0 0 0 0 0 0 0 0 0 0 0 0 0 0 0 0 0 0 0 0 0 0 0 0 0 0 0 0 0 0 0 0 0 0 0 0 0 0 0 0 0 0 0 0 0
N-000599,000599,Normal/000599.mp4,CCD,official,train,,,,0,,,10.0,,,,0 0 0 0 0 0 0 0 0 0 0 0 0 0 0 0 0 0 0 0 0 0 0 0 0 0 0 0 0 0 0 0 0 0 0 0 0 0 0 0 0 0 0 0 0 0 0 0 0 0
N-000600,000600,Normal/000600.mp4,CCD,official,train,,,,0,,,10.0,,,,0 0 0 0 0 0 0 0 0 0 0 0 0 0 0 0 0 0 0 0 0 0 0 0 0 0 0 0 0 0 0 0 0 0 0 0 0 0 0 0 0 0 0 0 0 0 0 0 0 0
N-000601,000601,Normal/000601.mp4,CCD,official,train,,,,0,,,10.0,,,,0 0 0 0 0 0 0 0 0 0 0 0 0 0 0 0 0 0 0 0 0 0 0 0 0 0 0 0 0 0 0 0 0 0 0 0 0 0 0 0 0 0 0 0 0 0 0 0 0 0
N-000602,000602,Normal/000602.mp4,CCD,official,train,,,,0,,,10.0,,,,0 0 0 0 0 0 0 0 0 0 0 0 0 0 0 0 0 0 0 0 0 0 0 0 0 0 0 0 0 0 0 0 0 0 0 0 0 0 0 0 0 0 0 0 0 0 0 0 0 0
N-000603,000603,Normal/000603.mp4,CCD,official,train,,,,0,,,10.0,,,,0 0 0 0 0 0 0 0 0 0 0 0 0 0 0 0 0 0 0 0 0 0 0 0 0 0 0 0 0 0 0 0 0 0 0 0 0 0 0 0 0 0 0 0 0 0 0 0 0 0
N-000604,000604,Normal/000604.mp4,CCD,official,train,,,,0,,,10.0,,,,0 0 0 0 0 0 0 0 0 0 0 0 0 0 0 0 0 0 0 0 0 0 0 0 0 0 0 0 0 0 0 0 0 0 0 0 0 0 0 0 0 0 0 0 0 0 0 0 0 0
N-000605,000605,Normal/000605.mp4,CCD,official,train,,,,0,,,10.0,,,,0 0 0 0 0 0 0 0 0 0 0 0 0 0 0 0 0 0 0 0 0 0 0 0 0 0 0 0 0 0 0 0 0 0 0 0 0 0 0 0 0 0 0 0 0 0 0 0 0 0
N-000606,000606,Normal/000606.mp4,CCD,official,train,,,,0,,,10.0,,,,0 0 0 0 0 0 0 0 0 0 0 0 0 0 0 0 0 0 0 0 0 0 0 0 0 0 0 0 0 0 0 0 0 0 0 0 0 0 0 0 0 0 0 0 0 0 0 0 0 0
N-000607,000607,Normal/000607.mp4,CCD,official,test,,,,0,,,10.0,,,,0 0 0 0 0 0 0 0 0 0 0 0 0 0 0 0 0 0 0 0 0 0 0 0 0 0 0 0 0 0 0 0 0 0 0 0 0 0 0 0 0 0 0 0 0 0 0 0 0 0
N-000608,000608,Normal/000608.mp4,CCD,official,train,,,,0,,,10.0,,,,0 0 0 0 0 0 0 0 0 0 0 0 0 0 0 0 0 0 0 0 0 0 0 0 0 0 0 0 0 0 0 0 0 0 0 0 0 0 0 0 0 0 0 0 0 0 0 0 0 0
N-000609,000609,Normal/000609.mp4,CCD,official,train,,,,0,,,10.0,,,,0 0 0 0 0 0 0 0 0 0 0 0 0 0 0 0 0 0 0 0 0 0 0 0 0 0 0 0 0 0 0 0 0 0 0 0 0 0 0 0 0 0 0 0 0 0 0 0 0 0
N-000610,000610,Normal/000610.mp4,CCD,official,train,,,,0,,,10.0,,,,0 0 0 0 0 0 0 0 0 0 0 0 0 0 0 0 0 0 0 0 0 0 0 0 0 0 0 0 0 0 0 0 0 0 0 0 0 0 0 0 0 0 0 0 0 0 0 0 0 0
N-000611,000611,Normal/000611.mp4,CCD,official,val,,,,0,,,10.0,,,,0 0 0 0 0 0 0 0 0 0 0 0 0 0 0 0 0 0 0 0 0 0 0 0 0 0 0 0 0 0 0 0 0 0 0 0 0 0 0 0 0 0 0 0 0 0 0 0 0 0
N-000612,000612,Normal/000612.mp4,CCD,official,train,,,,0,,,10.0,,,,0 0 0 0 0 0 0 0 0 0 0 0 0 0 0 0 0 0 0 0 0 0 0 0 0 0 0 0 0 0 0 0 0 0 0 0 0 0 0 0 0 0 0 0 0 0 0 0 0 0
N-000613,000613,Normal/000613.mp4,CCD,official,test,,,,0,,,10.0,,,,0 0 0 0 0 0 0 0 0 0 0 0 0 0 0 0 0 0 0 0 0 0 0 0 0 0 0 0 0 0 0 0 0 0 0 0 0 0 0 0 0 0 0 0 0 0 0 0 0 0
N-000614,000614,Normal/000614.mp4,CCD,official,train,,,,0,,,10.0,,,,0 0 0 0 0 0 0 0 0 0 0 0 0 0 0 0 0 0 0 0 0 0 0 0 0 0 0 0 0 0 0 0 0 0 0 0 0 0 0 0 0 0 0 0 0 0 0 0 0 0
N-000615,000615,Normal/000615.mp4,CCD,official,train,,,,0,,,10.0,,,,0 0 0 0 0 0 0 0 0 0 0 0 0 0 0 0 0 0 0 0 0 0 0 0 0 0 0 0 0 0 0 0 0 0 0 0 0 0 0 0 0 0 0 0 0 0 0 0 0 0
N-000616,000616,Normal/000616.mp4,CCD,official,train,,,,0,,,10.0,,,,0 0 0 0 0 0 0 0 0 0 0 0 0 0 0 0 0 0 0 0 0 0 0 0 0 0 0 0 0 0 0 0 0 0 0 0 0 0 0 0 0 0 0 0 0 0 0 0 0 0
N-000617,000617,Normal/000617.mp4,CCD,official,train,,,,0,,,10.0,,,,0 0 0 0 0 0 0 0 0 0 0 0 0 0 0 0 0 0 0 0 0 0 0 0 0 0 0 0 0 0 0 0 0 0 0 0 0 0 0 0 0 0 0 0 0 0 0 0 0 0
N-000618,000618,Normal/000618.mp4,CCD,official,test,,,,0,,,10.0,,,,0 0 0 0 0 0 0 0 0 0 0 0 0 0 0 0 0 0 0 0 0 0 0 0 0 0 0 0 0 0 0 0 0 0 0 0 0 0 0 0 0 0 0 0 0 0 0 0 0 0
N-000619,000619,Normal/000619.mp4,CCD,official,train,,,,0,,,10.0,,,,0 0 0 0 0 0 0 0 0 0 0 0 0 0 0 0 0 0 0 0 0 0 0 0 0 0 0 0 0 0 0 0 0 0 0 0 0 0 0 0 0 0 0 0 0 0 0 0 0 0
N-000620,000620,Normal/000620.mp4,CCD,official,train,,,,0,,,10.0,,,,0 0 0 0 0 0 0 0 0 0 0 0 0 0 0 0 0 0 0 0 0 0 0 0 0 0 0 0 0 0 0 0 0 0 0 0 0 0 0 0 0 0 0 0 0 0 0 0 0 0
N-000621,000621,Normal/000621.mp4,CCD,official,test,,,,0,,,10.0,,,,0 0 0 0 0 0 0 0 0 0 0 0 0 0 0 0 0 0 0 0 0 0 0 0 0 0 0 0 0 0 0 0 0 0 0 0 0 0 0 0 0 0 0 0 0 0 0 0 0 0
N-000622,000622,Normal/000622.mp4,CCD,official,train,,,,0,,,10.0,,,,0 0 0 0 0 0 0 0 0 0 0 0 0 0 0 0 0 0 0 0 0 0 0 0 0 0 0 0 0 0 0 0 0 0 0 0 0 0 0 0 0 0 0 0 0 0 0 0 0 0
N-000623,000623,Normal/000623.mp4,CCD,official,val,,,,0,,,10.0,,,,0 0 0 0 0 0 0 0 0 0 0 0 0 0 0 0 0 0 0 0 0 0 0 0 0 0 0 0 0 0 0 0 0 0 0 0 0 0 0 0 0 0 0 0 0 0 0 0 0 0
N-000624,000624,Normal/000624.mp4,CCD,official,train,,,,0,,,10.0,,,,0 0 0 0 0 0 0 0 0 0 0 0 0 0 0 0 0 0 0 0 0 0 0 0 0 0 0 0 0 0 0 0 0 0 0 0 0 0 0 0 0 0 0 0 0 0 0 0 0 0
N-000625,000625,Normal/000625.mp4,CCD,official,train,,,,0,,,10.0,,,,0 0 0 0 0 0 0 0 0 0 0 0 0 0 0 0 0 0 0 0 0 0 0 0 0 0 0 0 0 0 0 0 0 0 0 0 0 0 0 0 0 0 0 0 0 0 0 0 0 0
N-000626,000626,Normal/000626.mp4,CCD,official,train,,,,0,,,10.0,,,,0 0 0 0 0 0 0 0 0 0 0 0 0 0 0 0 0 0 0 0 0 0 0 0 0 0 0 0 0 0 0 0 0 0 0 0 0 0 0 0 0 0 0 0 0 0 0 0 0 0
N-000627,000627,Normal/000627.mp4,CCD,official,train,,,,0,,,10.0,,,,0 0 0 0 0 0 0 0 0 0 0 0 0 0 0 0 0 0 0 0 0 0 0 0 0 0 0 0 0 0 0 0 0 0 0 0 0 0 0 0 0 0 0 0 0 0 0 0 0 0
N-000628,000628,Normal/000628.mp4,CCD,official,train,,,,0,,,10.0,,,,0 0 0 0 0 0 0 0 0 0 0 0 0 0 0 0 0 0 0 0 0 0 0 0 0 0 0 0 0 0 0 0 0 0 0 0 0 0 0 0 0 0 0 0 0 0 0 0 0 0
N-000629,000629,Normal/000629.mp4,CCD,official,train,,,,0,,,10.0,,,,0 0 0 0 0 0 0 0 0 0 0 0 0 0 0 0 0 0 0 0 0 0 0 0 0 0 0 0 0 0 0 0 0 0 0 0 0 0 0 0 0 0 0 0 0 0 0 0 0 0
N-000630,000630,Normal/000630.mp4,CCD,official,val,,,,0,,,10.0,,,,0 0 0 0 0 0 0 0 0 0 0 0 0 0 0 0 0 0 0 0 0 0 0 0 0 0 0 0 0 0 0 0 0 0 0 0 0 0 0 0 0 0 0 0 0 0 0 0 0 0
N-000631,000631,Normal/000631.mp4,CCD,official,train,,,,0,,,10.0,,,,0 0 0 0 0 0 0 0 0 0 0 0 0 0 0 0 0 0 0 0 0 0 0 0 0 0 0 0 0 0 0 0 0 0 0 0 0 0 0 0 0 0 0 0 0 0 0 0 0 0
N-000632,000632,Normal/000632.mp4,CCD,official,train,,,,0,,,10.0,,,,0 0 0 0 0 0 0 0 0 0 0 0 0 0 0 0 0 0 0 0 0 0 0 0 0 0 0 0 0 0 0 0 0 0 0 0 0 0 0 0 0 0 0 0 0 0 0 0 0 0
N-000633,000633,Normal/000633.mp4,CCD,official,val,,,,0,,,10.0,,,,0 0 0 0 0 0 0 0 0 0 0 0 0 0 0 0 0 0 0 0 0 0 0 0 0 0 0 0 0 0 0 0 0 0 0 0 0 0 0 0 0 0 0 0 0 0 0 0 0 0
N-000634,000634,Normal/000634.mp4,CCD,official,val,,,,0,,,10.0,,,,0 0 0 0 0 0 0 0 0 0 0 0 0 0 0 0 0 0 0 0 0 0 0 0 0 0 0 0 0 0 0 0 0 0 0 0 0 0 0 0 0 0 0 0 0 0 0 0 0 0
N-000635,000635,Normal/000635.mp4,CCD,official,train,,,,0,,,10.0,,,,0 0 0 0 0 0 0 0 0 0 0 0 0 0 0 0 0 0 0 0 0 0 0 0 0 0 0 0 0 0 0 0 0 0 0 0 0 0 0 0 0 0 0 0 0 0 0 0 0 0
N-000636,000636,Normal/000636.mp4,CCD,official,test,,,,0,,,10.0,,,,0 0 0 0 0 0 0 0 0 0 0 0 0 0 0 0 0 0 0 0 0 0 0 0 0 0 0 0 0 0 0 0 0 0 0 0 0 0 0 0 0 0 0 0 0 0 0 0 0 0
N-000637,000637,Normal/000637.mp4,CCD,official,train,,,,0,,,10.0,,,,0 0 0 0 0 0 0 0 0 0 0 0 0 0 0 0 0 0 0 0 0 0 0 0 0 0 0 0 0 0 0 0 0 0 0 0 0 0 0 0 0 0 0 0 0 0 0 0 0 0
N-000638,000638,Normal/000638.mp4,CCD,official,test,,,,0,,,10.0,,,,0 0 0 0 0 0 0 0 0 0 0 0 0 0 0 0 0 0 0 0 0 0 0 0 0 0 0 0 0 0 0 0 0 0 0 0 0 0 0 0 0 0 0 0 0 0 0 0 0 0
N-000639,000639,Normal/000639.mp4,CCD,official,train,,,,0,,,10.0,,,,0 0 0 0 0 0 0 0 0 0 0 0 0 0 0 0 0 0 0 0 0 0 0 0 0 0 0 0 0 0 0 0 0 0 0 0 0 0 0 0 0 0 0 0 0 0 0 0 0 0
N-000640,000640,Normal/000640.mp4,CCD,official,train,,,,0,,,10.0,,,,0 0 0 0 0 0 0 0 0 0 0 0 0 0 0 0 0 0 0 0 0 0 0 0 0 0 0 0 0 0 0 0 0 0 0 0 0 0 0 0 0 0 0 0 0 0 0 0 0 0
N-000641,000641,Normal/000641.mp4,CCD,official,train,,,,0,,,10.0,,,,0 0 0 0 0 0 0 0 0 0 0 0 0 0 0 0 0 0 0 0 0 0 0 0 0 0 0 0 0 0 0 0 0 0 0 0 0 0 0 0 0 0 0 0 0 0 0 0 0 0
N-000642,000642,Normal/000642.mp4,CCD,official,test,,,,0,,,10.0,,,,0 0 0 0 0 0 0 0 0 0 0 0 0 0 0 0 0 0 0 0 0 0 0 0 0 0 0 0 0 0 0 0 0 0 0 0 0 0 0 0 0 0 0 0 0 0 0 0 0 0
N-000643,000643,Normal/000643.mp4,CCD,official,test,,,,0,,,10.0,,,,0 0 0 0 0 0 0 0 0 0 0 0 0 0 0 0 0 0 0 0 0 0 0 0 0 0 0 0 0 0 0 0 0 0 0 0 0 0 0 0 0 0 0 0 0 0 0 0 0 0
N-000644,000644,Normal/000644.mp4,CCD,official,train,,,,0,,,10.0,,,,0 0 0 0 0 0 0 0 0 0 0 0 0 0 0 0 0 0 0 0 0 0 0 0 0 0 0 0 0 0 0 0 0 0 0 0 0 0 0 0 0 0 0 0 0 0 0 0 0 0
N-000645,000645,Normal/000645.mp4,CCD,official,train,,,,0,,,10.0,,,,0 0 0 0 0 0 0 0 0 0 0 0 0 0 0 0 0 0 0 0 0 0 0 0 0 0 0 0 0 0 0 0 0 0 0 0 0 0 0 0 0 0 0 0 0 0 0 0 0 0
N-000646,000646,Normal/000646.mp4,CCD,official,val,,,,0,,,10.0,,,,0 0 0 0 0 0 0 0 0 0 0 0 0 0 0 0 0 0 0 0 0 0 0 0 0 0 0 0 0 0 0 0 0 0 0 0 0 0 0 0 0 0 0 0 0 0 0 0 0 0
N-000647,000647,Normal/000647.mp4,CCD,official,train,,,,0,,,10.0,,,,0 0 0 0 0 0 0 0 0 0 0 0 0 0 0 0 0 0 0 0 0 0 0 0 0 0 0 0 0 0 0 0 0 0 0 0 0 0 0 0 0 0 0 0 0 0 0 0 0 0
N-000648,000648,Normal/000648.mp4,CCD,official,test,,,,0,,,10.0,,,,0 0 0 0 0 0 0 0 0 0 0 0 0 0 0 0 0 0 0 0 0 0 0 0 0 0 0 0 0 0 0 0 0 0 0 0 0 0 0 0 0 0 0 0 0 0 0 0 0 0
N-000649,000649,Normal/000649.mp4,CCD,official,test,,,,0,,,10.0,,,,0 0 0 0 0 0 0 0 0 0 0 0 0 0 0 0 0 0 0 0 0 0 0 0 0 0 0 0 0 0 0 0 0 0 0 0 0 0 0 0 0 0 0 0 0 0 0 0 0 0
N-000650,000650,Normal/000650.mp4,CCD,official,test,,,,0,,,10.0,,,,0 0 0 0 0 0 0 0 0 0 0 0 0 0 0 0 0 0 0 0 0 0 0 0 0 0 0 0 0 0 0 0 0 0 0 0 0 0 0 0 0 0 0 0 0 0 0 0 0 0
N-000651,000651,Normal/000651.mp4,CCD,official,train,,,,0,,,10.0,,,,0 0 0 0 0 0 0 0 0 0 0 0 0 0 0 0 0 0 0 0 0 0 0 0 0 0 0 0 0 0 0 0 0 0 0 0 0 0 0 0 0 0 0 0 0 0 0 0 0 0
N-000652,000652,Normal/000652.mp4,CCD,official,train,,,,0,,,10.0,,,,0 0 0 0 0 0 0 0 0 0 0 0 0 0 0 0 0 0 0 0 0 0 0 0 0 0 0 0 0 0 0 0 0 0 0 0 0 0 0 0 0 0 0 0 0 0 0 0 0 0
N-000653,000653,Normal/000653.mp4,CCD,official,val,,,,0,,,10.0,,,,0 0 0 0 0 0 0 0 0 0 0 0 0 0 0 0 0 0 0 0 0 0 0 0 0 0 0 0 0 0 0 0 0 0 0 0 0 0 0 0 0 0 0 0 0 0 0 0 0 0
N-000654,000654,Normal/000654.mp4,CCD,official,train,,,,0,,,10.0,,,,0 0 0 0 0 0 0 0 0 0 0 0 0 0 0 0 0 0 0 0 0 0 0 0 0 0 0 0 0 0 0 0 0 0 0 0 0 0 0 0 0 0 0 0 0 0 0 0 0 0
N-000655,000655,Normal/000655.mp4,CCD,official,test,,,,0,,,10.0,,,,0 0 0 0 0 0 0 0 0 0 0 0 0 0 0 0 0 0 0 0 0 0 0 0 0 0 0 0 0 0 0 0 0 0 0 0 0 0 0 0 0 0 0 0 0 0 0 0 0 0
N-000656,000656,Normal/000656.mp4,CCD,official,train,,,,0,,,10.0,,,,0 0 0 0 0 0 0 0 0 0 0 0 0 0 0 0 0 0 0 0 0 0 0 0 0 0 0 0 0 0 0 0 0 0 0 0 0 0 0 0 0 0 0 0 0 0 0 0 0 0
N-000657,000657,Normal/000657.mp4,CCD,official,train,,,,0,,,10.0,,,,0 0 0 0 0 0 0 0 0 0 0 0 0 0 0 0 0 0 0 0 0 0 0 0 0 0 0 0 0 0 0 0 0 0 0 0 0 0 0 0 0 0 0 0 0 0 0 0 0 0
N-000658,000658,Normal/000658.mp4,CCD,official,train,,,,0,,,10.0,,,,0 0 0 0 0 0 0 0 0 0 0 0 0 0 0 0 0 0 0 0 0 0 0 0 0 0 0 0 0 0 0 0 0 0 0 0 0 0 0 0 0 0 0 0 0 0 0 0 0 0
N-000659,000659,Normal/000659.mp4,CCD,official,test,,,,0,,,10.0,,,,0 0 0 0 0 0 0 0 0 0 0 0 0 0 0 0 0 0 0 0 0 0 0 0 0 0 0 0 0 0 0 0 0 0 0 0 0 0 0 0 0 0 0 0 0 0 0 0 0 0
N-000660,000660,Normal/000660.mp4,CCD,official,test,,,,0,,,10.0,,,,0 0 0 0 0 0 0 0 0 0 0 0 0 0 0 0 0 0 0 0 0 0 0 0 0 0 0 0 0 0 0 0 0 0 0 0 0 0 0 0 0 0 0 0 0 0 0 0 0 0
N-000661,000661,Normal/000661.mp4,CCD,official,train,,,,0,,,10.0,,,,0 0 0 0 0 0 0 0 0 0 0 0 0 0 0 0 0 0 0 0 0 0 0 0 0 0 0 0 0 0 0 0 0 0 0 0 0 0 0 0 0 0 0 0 0 0 0 0 0 0
N-000662,000662,Normal/000662.mp4,CCD,official,train,,,,0,,,10.0,,,,0 0 0 0 0 0 0 0 0 0 0 0 0 0 0 0 0 0 0 0 0 0 0 0 0 0 0 0 0 0 0 0 0 0 0 0 0 0 0 0 0 0 0 0 0 0 0 0 0 0
N-000663,000663,Normal/000663.mp4,CCD,official,test,,,,0,,,10.0,,,,0 0 0 0 0 0 0 0 0 0 0 0 0 0 0 0 0 0 0 0 0 0 0 0 0 0 0 0 0 0 0 0 0 0 0 0 0 0 0 0 0 0 0 0 0 0 0 0 0 0
N-000664,000664,Normal/000664.mp4,CCD,official,test,,,,0,,,10.0,,,,0 0 0 0 0 0 0 0 0 0 0 0 0 0 0 0 0 0 0 0 0 0 0 0 0 0 0 0 0 0 0 0 0 0 0 0 0 0 0 0 0 0 0 0 0 0 0 0 0 0
N-000665,000665,Normal/000665.mp4,CCD,official,train,,,,0,,,10.0,,,,0 0 0 0 0 0 0 0 0 0 0 0 0 0 0 0 0 0 0 0 0 0 0 0 0 0 0 0 0 0 0 0 0 0 0 0 0 0 0 0 0 0 0 0 0 0 0 0 0 0
N-000666,000666,Normal/000666.mp4,CCD,official,train,,,,0,,,10.0,,,,0 0 0 0 0 0 0 0 0 0 0 0 0 0 0 0 0 0 0 0 0 0 0 0 0 0 0 0 0 0 0 0 0 0 0 0 0 0 0 0 0 0 0 0 0 0 0 0 0 0
N-000667,000667,Normal/000667.mp4,CCD,official,val,,,,0,,,10.0,,,,0 0 0 0 0 0 0 0 0 0 0 0 0 0 0 0 0 0 0 0 0 0 0 0 0 0 0 0 0 0 0 0 0 0 0 0 0 0 0 0 0 0 0 0 0 0 0 0 0 0
N-000668,000668,Normal/000668.mp4,CCD,official,train,,,,0,,,10.0,,,,0 0 0 0 0 0 0 0 0 0 0 0 0 0 0 0 0 0 0 0 0 0 0 0 0 0 0 0 0 0 0 0 0 0 0 0 0 0 0 0 0 0 0 0 0 0 0 0 0 0
N-000669,000669,Normal/000669.mp4,CCD,official,val,,,,0,,,10.0,,,,0 0 0 0 0 0 0 0 0 0 0 0 0 0 0 0 0 0 0 0 0 0 0 0 0 0 0 0 0 0 0 0 0 0 0 0 0 0 0 0 0 0 0 0 0 0 0 0 0 0
N-000670,000670,Normal/000670.mp4,CCD,official,val,,,,0,,,10.0,,,,0 0 0 0 0 0 0 0 0 0 0 0 0 0 0 0 0 0 0 0 0 0 0 0 0 0 0 0 0 0 0 0 0 0 0 0 0 0 0 0 0 0 0 0 0 0 0 0 0 0
N-000671,000671,Normal/000671.mp4,CCD,official,train,,,,0,,,10.0,,,,0 0 0 0 0 0 0 0 0 0 0 0 0 0 0 0 0 0 0 0 0 0 0 0 0 0 0 0 0 0 0 0 0 0 0 0 0 0 0 0 0 0 0 0 0 0 0 0 0 0
N-000672,000672,Normal/000672.mp4,CCD,official,train,,,,0,,,10.0,,,,0 0 0 0 0 0 0 0 0 0 0 0 0 0 0 0 0 0 0 0 0 0 0 0 0 0 0 0 0 0 0 0 0 0 0 0 0 0 0 0 0 0 0 0 0 0 0 0 0 0
N-000673,000673,Normal/000673.mp4,CCD,official,train,,,,0,,,10.0,,,,0 0 0 0 0 0 0 0 0 0 0 0 0 0 0 0 0 0 0 0 0 0 0 0 0 0 0 0 0 0 0 0 0 0 0 0 0 0 0 0 0 0 0 0 0 0 0 0 0 0
N-000674,000674,Normal/000674.mp4,CCD,official,test,,,,0,,,10.0,,,,0 0 0 0 0 0 0 0 0 0 0 0 0 0 0 0 0 0 0 0 0 0 0 0 0 0 0 0 0 0 0 0 0 0 0 0 0 0 0 0 0 0 0 0 0 0 0 0 0 0
N-000675,000675,Normal/000675.mp4,CCD,official,train,,,,0,,,10.0,,,,0 0 0 0 0 0 0 0 0 0 0 0 0 0 0 0 0 0 0 0 0 0 0 0 0 0 0 0 0 0 0 0 0 0 0 0 0 0 0 0 0 0 0 0 0 0 0 0 0 0
N-000676,000676,Normal/000676.mp4,CCD,official,val,,,,0,,,10.0,,,,0 0 0 0 0 0 0 0 0 0 0 0 0 0 0 0 0 0 0 0 0 0 0 0 0 0 0 0 0 0 0 0 0 0 0 0 0 0 0 0 0 0 0 0 0 0 0 0 0 0
N-000677,000677,Normal/000677.mp4,CCD,official,val,,,,0,,,10.0,,,,0 0 0 0 0 0 0 0 0 0 0 0 0 0 0 0 0 0 0 0 0 0 0 0 0 0 0 0 0 0 0 0 0 0 0 0 0 0 0 0 0 0 0 0 0 0 0 0 0 0
N-000678,000678,Normal/000678.mp4,CCD,official,test,,,,0,,,10.0,,,,0 0 0 0 0 0 0 0 0 0 0 0 0 0 0 0 0 0 0 0 0 0 0 0 0 0 0 0 0 0 0 0 0 0 0 0 0 0 0 0 0 0 0 0 0 0 0 0 0 0
N-000679,000679,Normal/000679.mp4,CCD,official,val,,,,0,,,10.0,,,,0 0 0 0 0 0 0 0 0 0 0 0 0 0 0 0 0 0 0 0 0 0 0 0 0 0 0 0 0 0 0 0 0 0 0 0 0 0 0 0 0 0 0 0 0 0 0 0 0 0
N-000680,000680,Normal/000680.mp4,CCD,official,train,,,,0,,,10.0,,,,0 0 0 0 0 0 0 0 0 0 0 0 0 0 0 0 0 0 0 0 0 0 0 0 0 0 0 0 0 0 0 0 0 0 0 0 0 0 0 0 0 0 0 0 0 0 0 0 0 0
N-000681,000681,Normal/000681.mp4,CCD,official,train,,,,0,,,10.0,,,,0 0 0 0 0 0 0 0 0 0 0 0 0 0 0 0 0 0 0 0 0 0 0 0 0 0 0 0 0 0 0 0 0 0 0 0 0 0 0 0 0 0 0 0 0 0 0 0 0 0
N-000682,000682,Normal/000682.mp4,CCD,official,train,,,,0,,,10.0,,,,0 0 0 0 0 0 0 0 0 0 0 0 0 0 0 0 0 0 0 0 0 0 0 0 0 0 0 0 0 0 0 0 0 0 0 0 0 0 0 0 0 0 0 0 0 0 0 0 0 0
N-000683,000683,Normal/000683.mp4,CCD,official,val,,,,0,,,10.0,,,,0 0 0 0 0 0 0 0 0 0 0 0 0 0 0 0 0 0 0 0 0 0 0 0 0 0 0 0 0 0 0 0 0 0 0 0 0 0 0 0 0 0 0 0 0 0 0 0 0 0
N-000684,000684,Normal/000684.mp4,CCD,official,train,,,,0,,,10.0,,,,0 0 0 0 0 0 0 0 0 0 0 0 0 0 0 0 0 0 0 0 0 0 0 0 0 0 0 0 0 0 0 0 0 0 0 0 0 0 0 0 0 0 0 0 0 0 0 0 0 0
N-000685,000685,Normal/000685.mp4,CCD,official,train,,,,0,,,10.0,,,,0 0 0 0 0 0 0 0 0 0 0 0 0 0 0 0 0 0 0 0 0 0 0 0 0 0 0 0 0 0 0 0 0 0 0 0 0 0 0 0 0 0 0 0 0 0 0 0 0 0
N-000686,000686,Normal/000686.mp4,CCD,official,test,,,,0,,,10.0,,,,0 0 0 0 0 0 0 0 0 0 0 0 0 0 0 0 0 0 0 0 0 0 0 0 0 0 0 0 0 0 0 0 0 0 0 0 0 0 0 0 0 0 0 0 0 0 0 0 0 0
N-000687,000687,Normal/000687.mp4,CCD,official,train,,,,0,,,10.0,,,,0 0 0 0 0 0 0 0 0 0 0 0 0 0 0 0 0 0 0 0 0 0 0 0 0 0 0 0 0 0 0 0 0 0 0 0 0 0 0 0 0 0 0 0 0 0 0 0 0 0
N-000688,000688,Normal/000688.mp4,CCD,official,train,,,,0,,,10.0,,,,0 0 0 0 0 0 0 0 0 0 0 0 0 0 0 0 0 0 0 0 0 0 0 0 0 0 0 0 0 0 0 0 0 0 0 0 0 0 0 0 0 0 0 0 0 0 0 0 0 0
N-000689,000689,Normal/000689.mp4,CCD,official,train,,,,0,,,10.0,,,,0 0 0 0 0 0 0 0 0 0 0 0 0 0 0 0 0 0 0 0 0 0 0 0 0 0 0 0 0 0 0 0 0 0 0 0 0 0 0 0 0 0 0 0 0 0 0 0 0 0
N-000690,000690,Normal/000690.mp4,CCD,official,val,,,,0,,,10.0,,,,0 0 0 0 0 0 0 0 0 0 0 0 0 0 0 0 0 0 0 0 0 0 0 0 0 0 0 0 0 0 0 0 0 0 0 0 0 0 0 0 0 0 0 0 0 0 0 0 0 0
N-000691,000691,Normal/000691.mp4,CCD,official,train,,,,0,,,10.0,,,,0 0 0 0 0 0 0 0 0 0 0 0 0 0 0 0 0 0 0 0 0 0 0 0 0 0 0 0 0 0 0 0 0 0 0 0 0 0 0 0 0 0 0 0 0 0 0 0 0 0
N-000692,000692,Normal/000692.mp4,CCD,official,test,,,,0,,,10.0,,,,0 0 0 0 0 0 0 0 0 0 0 0 0 0 0 0 0 0 0 0 0 0 0 0 0 0 0 0 0 0 0 0 0 0 0 0 0 0 0 0 0 0 0 0 0 0 0 0 0 0
N-000693,000693,Normal/000693.mp4,CCD,official,test,,,,0,,,10.0,,,,0 0 0 0 0 0 0 0 0 0 0 0 0 0 0 0 0 0 0 0 0 0 0 0 0 0 0 0 0 0 0 0 0 0 0 0 0 0 0 0 0 0 0 0 0 0 0 0 0 0
N-000694,000694,Normal/000694.mp4,CCD,official,train,,,,0,,,10.0,,,,0 0 0 0 0 0 0 0 0 0 0 0 0 0 0 0 0 0 0 0 0 0 0 0 0 0 0 0 0 0 0 0 0 0 0 0 0 0 0 0 0 0 0 0 0 0 0 0 0 0
N-000695,000695,Normal/000695.mp4,CCD,official,test,,,,0,,,10.0,,,,0 0 0 0 0 0 0 0 0 0 0 0 0 0 0 0 0 0 0 0 0 0 0 0 0 0 0 0 0 0 0 0 0 0 0 0 0 0 0 0 0 0 0 0 0 0 0 0 0 0
N-000696,000696,Normal/000696.mp4,CCD,official,train,,,,0,,,10.0,,,,0 0 0 0 0 0 0 0 0 0 0 0 0 0 0 0 0 0 0 0 0 0 0 0 0 0 0 0 0 0 0 0 0 0 0 0 0 0 0 0 0 0 0 0 0 0 0 0 0 0
N-000697,000697,Normal/000697.mp4,CCD,official,val,,,,0,,,10.0,,,,0 0 0 0 0 0 0 0 0 0 0 0 0 0 0 0 0 0 0 0 0 0 0 0 0 0 0 0 0 0 0 0 0 0 0 0 0 0 0 0 0 0 0 0 0 0 0 0 0 0
N-000698,000698,Normal/000698.mp4,CCD,official,train,,,,0,,,10.0,,,,0 0 0 0 0 0 0 0 0 0 0 0 0 0 0 0 0 0 0 0 0 0 0 0 0 0 0 0 0 0 0 0 0 0 0 0 0 0 0 0 0 0 0 0 0 0 0 0 0 0
N-000699,000699,Normal/000699.mp4,CCD,official,train,,,,0,,,10.0,,,,0 0 0 0 0 0 0 0 0 0 0 0 0 0 0 0 0 0 0 0 0 0 0 0 0 0 0 0 0 0 0 0 0 0 0 0 0 0 0 0 0 0 0 0 0 0 0 0 0 0
N-000700,000700,Normal/000700.mp4,CCD,official,train,,,,0,,,10.0,,,,0 0 0 0 0 0 0 0 0 0 0 0 0 0 0 0 0 0 0 0 0 0 0 0 0 0 0 0 0 0 0 0 0 0 0 0 0 0 0 0 0 0 0 0 0 0 0 0 0 0
N-000701,000701,Normal/000701.mp4,CCD,official,test,,,,0,,,10.0,,,,0 0 0 0 0 0 0 0 0 0 0 0 0 0 0 0 0 0 0 0 0 0 0 0 0 0 0 0 0 0 0 0 0 0 0 0 0 0 0 0 0 0 0 0 0 0 0 0 0 0
N-000702,000702,Normal/000702.mp4,CCD,official,train,,,,0,,,10.0,,,,0 0 0 0 0 0 0 0 0 0 0 0 0 0 0 0 0 0 0 0 0 0 0 0 0 0 0 0 0 0 0 0 0 0 0 0 0 0 0 0 0 0 0 0 0 0 0 0 0 0
N-000703,000703,Normal/000703.mp4,CCD,official,train,,,,0,,,10.0,,,,0 0 0 0 0 0 0 0 0 0 0 0 0 0 0 0 0 0 0 0 0 0 0 0 0 0 0 0 0 0 0 0 0 0 0 0 0 0 0 0 0 0 0 0 0 0 0 0 0 0
N-000704,000704,Normal/000704.mp4,CCD,official,test,,,,0,,,10.0,,,,0 0 0 0 0 0 0 0 0 0 0 0 0 0 0 0 0 0 0 0 0 0 0 0 0 0 0 0 0 0 0 0 0 0 0 0 0 0 0 0 0 0 0 0 0 0 0 0 0 0
N-000705,000705,Normal/000705.mp4,CCD,official,train,,,,0,,,10.0,,,,0 0 0 0 0 0 0 0 0 0 0 0 0 0 0 0 0 0 0 0 0 0 0 0 0 0 0 0 0 0 0 0 0 0 0 0 0 0 0 0 0 0 0 0 0 0 0 0 0 0
N-000706,000706,Normal/000706.mp4,CCD,official,train,,,,0,,,10.0,,,,0 0 0 0 0 0 0 0 0 0 0 0 0 0 0 0 0 0 0 0 0 0 0 0 0 0 0 0 0 0 0 0 0 0 0 0 0 0 0 0 0 0 0 0 0 0 0 0 0 0
N-000707,000707,Normal/000707.mp4,CCD,official,test,,,,0,,,10.0,,,,0 0 0 0 0 0 0 0 0 0 0 0 0 0 0 0 0 0 0 0 0 0 0 0 0 0 0 0 0 0 0 0 0 0 0 0 0 0 0 0 0 0 0 0 0 0 0 0 0 0
N-000708,000708,Normal/000708.mp4,CCD,official,train,,,,0,,,10.0,,,,0 0 0 0 0 0 0 0 0 0 0 0 0 0 0 0 0 0 0 0 0 0 0 0 0 0 0 0 0 0 0 0 0 0 0 0 0 0 0 0 0 0 0 0 0 0 0 0 0 0
N-000709,000709,Normal/000709.mp4,CCD,official,val,,,,0,,,10.0,,,,0 0 0 0 0 0 0 0 0 0 0 0 0 0 0 0 0 0 0 0 0 0 0 0 0 0 0 0 0 0 0 0 0 0 0 0 0 0 0 0 0 0 0 0 0 0 0 0 0 0
N-000710,000710,Normal/000710.mp4,CCD,official,train,,,,0,,,10.0,,,,0 0 0 0 0 0 0 0 0 0 0 0 0 0 0 0 0 0 0 0 0 0 0 0 0 0 0 0 0 0 0 0 0 0 0 0 0 0 0 0 0 0 0 0 0 0 0 0 0 0
N-000711,000711,Normal/000711.mp4,CCD,official,val,,,,0,,,10.0,,,,0 0 0 0 0 0 0 0 0 0 0 0 0 0 0 0 0 0 0 0 0 0 0 0 0 0 0 0 0 0 0 0 0 0 0 0 0 0 0 0 0 0 0 0 0 0 0 0 0 0
N-000712,000712,Normal/000712.mp4,CCD,official,train,,,,0,,,10.0,,,,0 0 0 0 0 0 0 0 0 0 0 0 0 0 0 0 0 0 0 0 0 0 0 0 0 0 0 0 0 0 0 0 0 0 0 0 0 0 0 0 0 0 0 0 0 0 0 0 0 0
N-000713,000713,Normal/000713.mp4,CCD,official,test,,,,0,,,10.0,,,,0 0 0 0 0 0 0 0 0 0 0 0 0 0 0 0 0 0 0 0 0 0 0 0 0 0 0 0 0 0 0 0 0 0 0 0 0 0 0 0 0 0 0 0 0 0 0 0 0 0
N-000714,000714,Normal/000714.mp4,CCD,official,val,,,,0,,,10.0,,,,0 0 0 0 0 0 0 0 0 0 0 0 0 0 0 0 0 0 0 0 0 0 0 0 0 0 0 0 0 0 0 0 0 0 0 0 0 0 0 0 0 0 0 0 0 0 0 0 0 0
N-000715,000715,Normal/000715.mp4,CCD,official,test,,,,0,,,10.0,,,,0 0 0 0 0 0 0 0 0 0 0 0 0 0 0 0 0 0 0 0 0 0 0 0 0 0 0 0 0 0 0 0 0 0 0 0 0 0 0 0 0 0 0 0 0 0 0 0 0 0
N-000716,000716,Normal/000716.mp4,CCD,official,test,,,,0,,,10.0,,,,0 0 0 0 0 0 0 0 0 0 0 0 0 0 0 0 0 0 0 0 0 0 0 0 0 0 0 0 0 0 0 0 0 0 0 0 0 0 0 0 0 0 0 0 0 0 0 0 0 0
N-000717,000717,Normal/000717.mp4,CCD,official,val,,,,0,,,10.0,,,,0 0 0 0 0 0 0 0 0 0 0 0 0 0 0 0 0 0 0 0 0 0 0 0 0 0 0 0 0 0 0 0 0 0 0 0 0 0 0 0 0 0 0 0 0 0 0 0 0 0
N-000718,000718,Normal/000718.mp4,CCD,official,train,,,,0,,,10.0,,,,0 0 0 0 0 0 0 0 0 0 0 0 0 0 0 0 0 0 0 0 0 0 0 0 0 0 0 0 0 0 0 0 0 0 0 0 0 0 0 0 0 0 0 0 0 0 0 0 0 0
N-000719,000719,Normal/000719.mp4,CCD,official,val,,,,0,,,10.0,,,,0 0 0 0 0 0 0 0 0 0 0 0 0 0 0 0 0 0 0 0 0 0 0 0 0 0 0 0 0 0 0 0 0 0 0 0 0 0 0 0 0 0 0 0 0 0 0 0 0 0
N-000720,000720,Normal/000720.mp4,CCD,official,train,,,,0,,,10.0,,,,0 0 0 0 0 0 0 0 0 0 0 0 0 0 0 0 0 0 0 0 0 0 0 0 0 0 0 0 0 0 0 0 0 0 0 0 0 0 0 0 0 0 0 0 0 0 0 0 0 0
N-000721,000721,Normal/000721.mp4,CCD,official,train,,,,0,,,10.0,,,,0 0 0 0 0 0 0 0 0 0 0 0 0 0 0 0 0 0 0 0 0 0 0 0 0 0 0 0 0 0 0 0 0 0 0 0 0 0 0 0 0 0 0 0 0 0 0 0 0 0
N-000722,000722,Normal/000722.mp4,CCD,official,test,,,,0,,,10.0,,,,0 0 0 0 0 0 0 0 0 0 0 0 0 0 0 0 0 0 0 0 0 0 0 0 0 0 0 0 0 0 0 0 0 0 0 0 0 0 0 0 0 0 0 0 0 0 0 0 0 0
N-000723,000723,Normal/000723.mp4,CCD,official,train,,,,0,,,10.0,,,,0 0 0 0 0 0 0 0 0 0 0 0 0 0 0 0 0 0 0 0 0 0 0 0 0 0 0 0 0 0 0 0 0 0 0 0 0 0 0 0 0 0 0 0 0 0 0 0 0 0
N-000724,000724,Normal/000724.mp4,CCD,official,test,,,,0,,,10.0,,,,0 0 0 0 0 0 0 0 0 0 0 0 0 0 0 0 0 0 0 0 0 0 0 0 0 0 0 0 0 0 0 0 0 0 0 0 0 0 0 0 0 0 0 0 0 0 0 0 0 0
N-000725,000725,Normal/000725.mp4,CCD,official,train,,,,0,,,10.0,,,,0 0 0 0 0 0 0 0 0 0 0 0 0 0 0 0 0 0 0 0 0 0 0 0 0 0 0 0 0 0 0 0 0 0 0 0 0 0 0 0 0 0 0 0 0 0 0 0 0 0
N-000726,000726,Normal/000726.mp4,CCD,official,val,,,,0,,,10.0,,,,0 0 0 0 0 0 0 0 0 0 0 0 0 0 0 0 0 0 0 0 0 0 0 0 0 0 0 0 0 0 0 0 0 0 0 0 0 0 0 0 0 0 0 0 0 0 0 0 0 0
N-000727,000727,Normal/000727.mp4,CCD,official,val,,,,0,,,10.0,,,,0 0 0 0 0 0 0 0 0 0 0 0 0 0 0 0 0 0 0 0 0 0 0 0 0 0 0 0 0 0 0 0 0 0 0 0 0 0 0 0 0 0 0 0 0 0 0 0 0 0
N-000728,000728,Normal/000728.mp4,CCD,official,train,,,,0,,,10.0,,,,0 0 0 0 0 0 0 0 0 0 0 0 0 0 0 0 0 0 0 0 0 0 0 0 0 0 0 0 0 0 0 0 0 0 0 0 0 0 0 0 0 0 0 0 0 0 0 0 0 0
N-000729,000729,Normal/000729.mp4,CCD,official,train,,,,0,,,10.0,,,,0 0 0 0 0 0 0 0 0 0 0 0 0 0 0 0 0 0 0 0 0 0 0 0 0 0 0 0 0 0 0 0 0 0 0 0 0 0 0 0 0 0 0 0 0 0 0 0 0 0
N-000730,000730,Normal/000730.mp4,CCD,official,test,,,,0,,,10.0,,,,0 0 0 0 0 0 0 0 0 0 0 0 0 0 0 0 0 0 0 0 0 0 0 0 0 0 0 0 0 0 0 0 0 0 0 0 0 0 0 0 0 0 0 0 0 0 0 0 0 0
N-000731,000731,Normal/000731.mp4,CCD,official,test,,,,0,,,10.0,,,,0 0 0 0 0 0 0 0 0 0 0 0 0 0 0 0 0 0 0 0 0 0 0 0 0 0 0 0 0 0 0 0 0 0 0 0 0 0 0 0 0 0 0 0 0 0 0 0 0 0
N-000732,000732,Normal/000732.mp4,CCD,official,train,,,,0,,,10.0,,,,0 0 0 0 0 0 0 0 0 0 0 0 0 0 0 0 0 0 0 0 0 0 0 0 0 0 0 0 0 0 0 0 0 0 0 0 0 0 0 0 0 0 0 0 0 0 0 0 0 0
N-000733,000733,Normal/000733.mp4,CCD,official,train,,,,0,,,10.0,,,,0 0 0 0 0 0 0 0 0 0 0 0 0 0 0 0 0 0 0 0 0 0 0 0 0 0 0 0 0 0 0 0 0 0 0 0 0 0 0 0 0 0 0 0 0 0 0 0 0 0
N-000734,000734,Normal/000734.mp4,CCD,official,train,,,,0,,,10.0,,,,0 0 0 0 0 0 0 0 0 0 0 0 0 0 0 0 0 0 0 0 0 0 0 0 0 0 0 0 0 0 0 0 0 0 0 0 0 0 0 0 0 0 0 0 0 0 0 0 0 0
N-000735,000735,Normal/000735.mp4,CCD,official,train,,,,0,,,10.0,,,,0 0 0 0 0 0 0 0 0 0 0 0 0 0 0 0 0 0 0 0 0 0 0 0 0 0 0 0 0 0 0 0 0 0 0 0 0 0 0 0 0 0 0 0 0 0 0 0 0 0
N-000736,000736,Normal/000736.mp4,CCD,official,train,,,,0,,,10.0,,,,0 0 0 0 0 0 0 0 0 0 0 0 0 0 0 0 0 0 0 0 0 0 0 0 0 0 0 0 0 0 0 0 0 0 0 0 0 0 0 0 0 0 0 0 0 0 0 0 0 0
N-000737,000737,Normal/000737.mp4,CCD,official,train,,,,0,,,10.0,,,,0 0 0 0 0 0 0 0 0 0 0 0 0 0 0 0 0 0 0 0 0 0 0 0 0 0 0 0 0 0 0 0 0 0 0 0 0 0 0 0 0 0 0 0 0 0 0 0 0 0
N-000738,000738,Normal/000738.mp4,CCD,official,train,,,,0,,,10.0,,,,0 0 0 0 0 0 0 0 0 0 0 0 0 0 0 0 0 0 0 0 0 0 0 0 0 0 0 0 0 0 0 0 0 0 0 0 0 0 0 0 0 0 0 0 0 0 0 0 0 0
N-000739,000739,Normal/000739.mp4,CCD,official,train,,,,0,,,10.0,,,,0 0 0 0 0 0 0 0 0 0 0 0 0 0 0 0 0 0 0 0 0 0 0 0 0 0 0 0 0 0 0 0 0 0 0 0 0 0 0 0 0 0 0 0 0 0 0 0 0 0
N-000740,000740,Normal/000740.mp4,CCD,official,train,,,,0,,,10.0,,,,0 0 0 0 0 0 0 0 0 0 0 0 0 0 0 0 0 0 0 0 0 0 0 0 0 0 0 0 0 0 0 0 0 0 0 0 0 0 0 0 0 0 0 0 0 0 0 0 0 0
N-000741,000741,Normal/000741.mp4,CCD,official,train,,,,0,,,10.0,,,,0 0 0 0 0 0 0 0 0 0 0 0 0 0 0 0 0 0 0 0 0 0 0 0 0 0 0 0 0 0 0 0 0 0 0 0 0 0 0 0 0 0 0 0 0 0 0 0 0 0
N-000742,000742,Normal/000742.mp4,CCD,official,train,,,,0,,,10.0,,,,0 0 0 0 0 0 0 0 0 0 0 0 0 0 0 0 0 0 0 0 0 0 0 0 0 0 0 0 0 0 0 0 0 0 0 0 0 0 0 0 0 0 0 0 0 0 0 0 0 0
N-000743,000743,Normal/000743.mp4,CCD,official,train,,,,0,,,10.0,,,,0 0 0 0 0 0 0 0 0 0 0 0 0 0 0 0 0 0 0 0 0 0 0 0 0 0 0 0 0 0 0 0 0 0 0 0 0 0 0 0 0 0 0 0 0 0 0 0 0 0
N-000744,000744,Normal/000744.mp4,CCD,official,test,,,,0,,,10.0,,,,0 0 0 0 0 0 0 0 0 0 0 0 0 0 0 0 0 0 0 0 0 0 0 0 0 0 0 0 0 0 0 0 0 0 0 0 0 0 0 0 0 0 0 0 0 0 0 0 0 0
N-000745,000745,Normal/000745.mp4,CCD,official,train,,,,0,,,10.0,,,,0 0 0 0 0 0 0 0 0 0 0 0 0 0 0 0 0 0 0 0 0 0 0 0 0 0 0 0 0 0 0 0 0 0 0 0 0 0 0 0 0 0 0 0 0 0 0 0 0 0
N-000746,000746,Normal/000746.mp4,CCD,official,train,,,,0,,,10.0,,,,0 0 0 0 0 0 0 0 0 0 0 0 0 0 0 0 0 0 0 0 0 0 0 0 0 0 0 0 0 0 0 0 0 0 0 0 0 0 0 0 0 0 0 0 0 0 0 0 0 0
N-000747,000747,Normal/000747.mp4,CCD,official,val,,,,0,,,10.0,,,,0 0 0 0 0 0 0 0 0 0 0 0 0 0 0 0 0 0 0 0 0 0 0 0 0 0 0 0 0 0 0 0 0 0 0 0 0 0 0 0 0 0 0 0 0 0 0 0 0 0
N-000748,000748,Normal/000748.mp4,CCD,official,train,,,,0,,,10.0,,,,0 0 0 0 0 0 0 0 0 0 0 0 0 0 0 0 0 0 0 0 0 0 0 0 0 0 0 0 0 0 0 0 0 0 0 0 0 0 0 0 0 0 0 0 0 0 0 0 0 0
N-000749,000749,Normal/000749.mp4,CCD,official,train,,,,0,,,10.0,,,,0 0 0 0 0 0 0 0 0 0 0 0 0 0 0 0 0 0 0 0 0 0 0 0 0 0 0 0 0 0 0 0 0 0 0 0 0 0 0 0 0 0 0 0 0 0 0 0 0 0
N-000750,000750,Normal/000750.mp4,CCD,official,train,,,,0,,,10.0,,,,0 0 0 0 0 0 0 0 0 0 0 0 0 0 0 0 0 0 0 0 0 0 0 0 0 0 0 0 0 0 0 0 0 0 0 0 0 0 0 0 0 0 0 0 0 0 0 0 0 0
N-000751,000751,Normal/000751.mp4,CCD,official,train,,,,0,,,10.0,,,,0 0 0 0 0 0 0 0 0 0 0 0 0 0 0 0 0 0 0 0 0 0 0 0 0 0 0 0 0 0 0 0 0 0 0 0 0 0 0 0 0 0 0 0 0 0 0 0 0 0
N-000752,000752,Normal/000752.mp4,CCD,official,test,,,,0,,,10.0,,,,0 0 0 0 0 0 0 0 0 0 0 0 0 0 0 0 0 0 0 0 0 0 0 0 0 0 0 0 0 0 0 0 0 0 0 0 0 0 0 0 0 0 0 0 0 0 0 0 0 0
N-000753,000753,Normal/000753.mp4,CCD,official,train,,,,0,,,10.0,,,,0 0 0 0 0 0 0 0 0 0 0 0 0 0 0 0 0 0 0 0 0 0 0 0 0 0 0 0 0 0 0 0 0 0 0 0 0 0 0 0 0 0 0 0 0 0 0 0 0 0
N-000754,000754,Normal/000754.mp4,CCD,official,train,,,,0,,,10.0,,,,0 0 0 0 0 0 0 0 0 0 0 0 0 0 0 0 0 0 0 0 0 0 0 0 0 0 0 0 0 0 0 0 0 0 0 0 0 0 0 0 0 0 0 0 0 0 0 0 0 0
N-000755,000755,Normal/000755.mp4,CCD,official,test,,,,0,,,10.0,,,,0 0 0 0 0 0 0 0 0 0 0 0 0 0 0 0 0 0 0 0 0 0 0 0 0 0 0 0 0 0 0 0 0 0 0 0 0 0 0 0 0 0 0 0 0 0 0 0 0 0
N-000756,000756,Normal/000756.mp4,CCD,official,train,,,,0,,,10.0,,,,0 0 0 0 0 0 0 0 0 0 0 0 0 0 0 0 0 0 0 0 0 0 0 0 0 0 0 0 0 0 0 0 0 0 0 0 0 0 0 0 0 0 0 0 0 0 0 0 0 0
N-000757,000757,Normal/000757.mp4,CCD,official,train,,,,0,,,10.0,,,,0 0 0 0 0 0 0 0 0 0 0 0 0 0 0 0 0 0 0 0 0 0 0 0 0 0 0 0 0 0 0 0 0 0 0 0 0 0 0 0 0 0 0 0 0 0 0 0 0 0
N-000758,000758,Normal/000758.mp4,CCD,official,train,,,,0,,,10.0,,,,0 0 0 0 0 0 0 0 0 0 0 0 0 0 0 0 0 0 0 0 0 0 0 0 0 0 0 0 0 0 0 0 0 0 0 0 0 0 0 0 0 0 0 0 0 0 0 0 0 0
N-000759,000759,Normal/000759.mp4,CCD,official,train,,,,0,,,10.0,,,,0 0 0 0 0 0 0 0 0 0 0 0 0 0 0 0 0 0 0 0 0 0 0 0 0 0 0 0 0 0 0 0 0 0 0 0 0 0 0 0 0 0 0 0 0 0 0 0 0 0
N-000760,000760,Normal/000760.mp4,CCD,official,val,,,,0,,,10.0,,,,0 0 0 0 0 0 0 0 0 0 0 0 0 0 0 0 0 0 0 0 0 0 0 0 0 0 0 0 0 0 0 0 0 0 0 0 0 0 0 0 0 0 0 0 0 0 0 0 0 0
N-000761,000761,Normal/000761.mp4,CCD,official,train,,,,0,,,10.0,,,,0 0 0 0 0 0 0 0 0 0 0 0 0 0 0 0 0 0 0 0 0 0 0 0 0 0 0 0 0 0 0 0 0 0 0 0 0 0 0 0 0 0 0 0 0 0 0 0 0 0
N-000762,000762,Normal/000762.mp4,CCD,official,val,,,,0,,,10.0,,,,0 0 0 0 0 0 0 0 0 0 0 0 0 0 0 0 0 0 0 0 0 0 0 0 0 0 0 0 0 0 0 0 0 0 0 0 0 0 0 0 0 0 0 0 0 0 0 0 0 0
N-000763,000763,Normal/000763.mp4,CCD,official,val,,,,0,,,10.0,,,,0 0 0 0 0 0 0 0 0 0 0 0 0 0 0 0 0 0 0 0 0 0 0 0 0 0 0 0 0 0 0 0 0 0 0 0 0 0 0 0 0 0 0 0 0 0 0 0 0 0
N-000764,000764,Normal/000764.mp4,CCD,official,train,,,,0,,,10.0,,,,0 0 0 0 0 0 0 0 0 0 0 0 0 0 0 0 0 0 0 0 0 0 0 0 0 0 0 0 0 0 0 0 0 0 0 0 0 0 0 0 0 0 0 0 0 0 0 0 0 0
N-000765,000765,Normal/000765.mp4,CCD,official,train,,,,0,,,10.0,,,,0 0 0 0 0 0 0 0 0 0 0 0 0 0 0 0 0 0 0 0 0 0 0 0 0 0 0 0 0 0 0 0 0 0 0 0 0 0 0 0 0 0 0 0 0 0 0 0 0 0
N-000766,000766,Normal/000766.mp4,CCD,official,train,,,,0,,,10.0,,,,0 0 0 0 0 0 0 0 0 0 0 0 0 0 0 0 0 0 0 0 0 0 0 0 0 0 0 0 0 0 0 0 0 0 0 0 0 0 0 0 0 0 0 0 0 0 0 0 0 0
N-000767,000767,Normal/000767.mp4,CCD,official,val,,,,0,,,10.0,,,,0 0 0 0 0 0 0 0 0 0 0 0 0 0 0 0 0 0 0 0 0 0 0 0 0 0 0 0 0 0 0 0 0 0 0 0 0 0 0 0 0 0 0 0 0 0 0 0 0 0
N-000768,000768,Normal/000768.mp4,CCD,official,train,,,,0,,,10.0,,,,0 0 0 0 0 0 0 0 0 0 0 0 0 0 0 0 0 0 0 0 0 0 0 0 0 0 0 0 0 0 0 0 0 0 0 0 0 0 0 0 0 0 0 0 0 0 0 0 0 0
N-000769,000769,Normal/000769.mp4,CCD,official,train,,,,0,,,10.0,,,,0 0 0 0 0 0 0 0 0 0 0 0 0 0 0 0 0 0 0 0 0 0 0 0 0 0 0 0 0 0 0 0 0 0 0 0 0 0 0 0 0 0 0 0 0 0 0 0 0 0
N-000770,000770,Normal/000770.mp4,CCD,official,test,,,,0,,,10.0,,,,0 0 0 0 0 0 0 0 0 0 0 0 0 0 0 0 0 0 0 0 0 0 0 0 0 0 0 0 0 0 0 0 0 0 0 0 0 0 0 0 0 0 0 0 0 0 0 0 0 0
N-000771,000771,Normal/000771.mp4,CCD,official,train,,,,0,,,10.0,,,,0 0 0 0 0 0 0 0 0 0 0 0 0 0 0 0 0 0 0 0 0 0 0 0 0 0 0 0 0 0 0 0 0 0 0 0 0 0 0 0 0 0 0 0 0 0 0 0 0 0
N-000772,000772,Normal/000772.mp4,CCD,official,train,,,,0,,,10.0,,,,0 0 0 0 0 0 0 0 0 0 0 0 0 0 0 0 0 0 0 0 0 0 0 0 0 0 0 0 0 0 0 0 0 0 0 0 0 0 0 0 0 0 0 0 0 0 0 0 0 0
N-000773,000773,Normal/000773.mp4,CCD,official,test,,,,0,,,10.0,,,,0 0 0 0 0 0 0 0 0 0 0 0 0 0 0 0 0 0 0 0 0 0 0 0 0 0 0 0 0 0 0 0 0 0 0 0 0 0 0 0 0 0 0 0 0 0 0 0 0 0
N-000774,000774,Normal/000774.mp4,CCD,official,test,,,,0,,,10.0,,,,0 0 0 0 0 0 0 0 0 0 0 0 0 0 0 0 0 0 0 0 0 0 0 0 0 0 0 0 0 0 0 0 0 0 0 0 0 0 0 0 0 0 0 0 0 0 0 0 0 0
N-000775,000775,Normal/000775.mp4,CCD,official,train,,,,0,,,10.0,,,,0 0 0 0 0 0 0 0 0 0 0 0 0 0 0 0 0 0 0 0 0 0 0 0 0 0 0 0 0 0 0 0 0 0 0 0 0 0 0 0 0 0 0 0 0 0 0 0 0 0
N-000776,000776,Normal/000776.mp4,CCD,official,train,,,,0,,,10.0,,,,0 0 0 0 0 0 0 0 0 0 0 0 0 0 0 0 0 0 0 0 0 0 0 0 0 0 0 0 0 0 0 0 0 0 0 0 0 0 0 0 0 0 0 0 0 0 0 0 0 0
N-000777,000777,Normal/000777.mp4,CCD,official,train,,,,0,,,10.0,,,,0 0 0 0 0 0 0 0 0 0 0 0 0 0 0 0 0 0 0 0 0 0 0 0 0 0 0 0 0 0 0 0 0 0 0 0 0 0 0 0 0 0 0 0 0 0 0 0 0 0
N-000778,000778,Normal/000778.mp4,CCD,official,train,,,,0,,,10.0,,,,0 0 0 0 0 0 0 0 0 0 0 0 0 0 0 0 0 0 0 0 0 0 0 0 0 0 0 0 0 0 0 0 0 0 0 0 0 0 0 0 0 0 0 0 0 0 0 0 0 0
N-000779,000779,Normal/000779.mp4,CCD,official,train,,,,0,,,10.0,,,,0 0 0 0 0 0 0 0 0 0 0 0 0 0 0 0 0 0 0 0 0 0 0 0 0 0 0 0 0 0 0 0 0 0 0 0 0 0 0 0 0 0 0 0 0 0 0 0 0 0
N-000780,000780,Normal/000780.mp4,CCD,official,test,,,,0,,,10.0,,,,0 0 0 0 0 0 0 0 0 0 0 0 0 0 0 0 0 0 0 0 0 0 0 0 0 0 0 0 0 0 0 0 0 0 0 0 0 0 0 0 0 0 0 0 0 0 0 0 0 0
N-000781,000781,Normal/000781.mp4,CCD,official,train,,,,0,,,10.0,,,,0 0 0 0 0 0 0 0 0 0 0 0 0 0 0 0 0 0 0 0 0 0 0 0 0 0 0 0 0 0 0 0 0 0 0 0 0 0 0 0 0 0 0 0 0 0 0 0 0 0
N-000782,000782,Normal/000782.mp4,CCD,official,test,,,,0,,,10.0,,,,0 0 0 0 0 0 0 0 0 0 0 0 0 0 0 0 0 0 0 0 0 0 0 0 0 0 0 0 0 0 0 0 0 0 0 0 0 0 0 0 0 0 0 0 0 0 0 0 0 0
N-000783,000783,Normal/000783.mp4,CCD,official,train,,,,0,,,10.0,,,,0 0 0 0 0 0 0 0 0 0 0 0 0 0 0 0 0 0 0 0 0 0 0 0 0 0 0 0 0 0 0 0 0 0 0 0 0 0 0 0 0 0 0 0 0 0 0 0 0 0
N-000784,000784,Normal/000784.mp4,CCD,official,train,,,,0,,,10.0,,,,0 0 0 0 0 0 0 0 0 0 0 0 0 0 0 0 0 0 0 0 0 0 0 0 0 0 0 0 0 0 0 0 0 0 0 0 0 0 0 0 0 0 0 0 0 0 0 0 0 0
N-000785,000785,Normal/000785.mp4,CCD,official,train,,,,0,,,10.0,,,,0 0 0 0 0 0 0 0 0 0 0 0 0 0 0 0 0 0 0 0 0 0 0 0 0 0 0 0 0 0 0 0 0 0 0 0 0 0 0 0 0 0 0 0 0 0 0 0 0 0
N-000786,000786,Normal/000786.mp4,CCD,official,val,,,,0,,,10.0,,,,0 0 0 0 0 0 0 0 0 0 0 0 0 0 0 0 0 0 0 0 0 0 0 0 0 0 0 0 0 0 0 0 0 0 0 0 0 0 0 0 0 0 0 0 0 0 0 0 0 0
N-000787,000787,Normal/000787.mp4,CCD,official,test,,,,0,,,10.0,,,,0 0 0 0 0 0 0 0 0 0 0 0 0 0 0 0 0 0 0 0 0 0 0 0 0 0 0 0 0 0 0 0 0 0 0 0 0 0 0 0 0 0 0 0 0 0 0 0 0 0
N-000788,000788,Normal/000788.mp4,CCD,official,train,,,,0,,,10.0,,,,0 0 0 0 0 0 0 0 0 0 0 0 0 0 0 0 0 0 0 0 0 0 0 0 0 0 0 0 0 0 0 0 0 0 0 0 0 0 0 0 0 0 0 0 0 0 0 0 0 0
N-000789,000789,Normal/000789.mp4,CCD,official,test,,,,0,,,10.0,,,,0 0 0 0 0 0 0 0 0 0 0 0 0 0 0 0 0 0 0 0 0 0 0 0 0 0 0 0 0 0 0 0 0 0 0 0 0 0 0 0 0 0 0 0 0 0 0 0 0 0
N-000790,000790,Normal/000790.mp4,CCD,official,train,,,,0,,,10.0,,,,0 0 0 0 0 0 0 0 0 0 0 0 0 0 0 0 0 0 0 0 0 0 0 0 0 0 0 0 0 0 0 0 0 0 0 0 0 0 0 0 0 0 0 0 0 0 0 0 0 0
N-000791,000791,Normal/000791.mp4,CCD,official,train,,,,0,,,10.0,,,,0 0 0 0 0 0 0 0 0 0 0 0 0 0 0 0 0 0 0 0 0 0 0 0 0 0 0 0 0 0 0 0 0 0 0 0 0 0 0 0 0 0 0 0 0 0 0 0 0 0
N-000792,000792,Normal/000792.mp4,CCD,official,train,,,,0,,,10.0,,,,0 0 0 0 0 0 0 0 0 0 0 0 0 0 0 0 0 0 0 0 0 0 0 0 0 0 0 0 0 0 0 0 0 0 0 0 0 0 0 0 0 0 0 0 0 0 0 0 0 0
N-000793,000793,Normal/000793.mp4,CCD,official,train,,,,0,,,10.0,,,,0 0 0 0 0 0 0 0 0 0 0 0 0 0 0 0 0 0 0 0 0 0 0 0 0 0 0 0 0 0 0 0 0 0 0 0 0 0 0 0 0 0 0 0 0 0 0 0 0 0
N-000794,000794,Normal/000794.mp4,CCD,official,train,,,,0,,,10.0,,,,0 0 0 0 0 0 0 0 0 0 0 0 0 0 0 0 0 0 0 0 0 0 0 0 0 0 0 0 0 0 0 0 0 0 0 0 0 0 0 0 0 0 0 0 0 0 0 0 0 0
N-000795,000795,Normal/000795.mp4,CCD,official,val,,,,0,,,10.0,,,,0 0 0 0 0 0 0 0 0 0 0 0 0 0 0 0 0 0 0 0 0 0 0 0 0 0 0 0 0 0 0 0 0 0 0 0 0 0 0 0 0 0 0 0 0 0 0 0 0 0
N-000796,000796,Normal/000796.mp4,CCD,official,train,,,,0,,,10.0,,,,0 0 0 0 0 0 0 0 0 0 0 0 0 0 0 0 0 0 0 0 0 0 0 0 0 0 0 0 0 0 0 0 0 0 0 0 0 0 0 0 0 0 0 0 0 0 0 0 0 0
N-000797,000797,Normal/000797.mp4,CCD,official,train,,,,0,,,10.0,,,,0 0 0 0 0 0 0 0 0 0 0 0 0 0 0 0 0 0 0 0 0 0 0 0 0 0 0 0 0 0 0 0 0 0 0 0 0 0 0 0 0 0 0 0 0 0 0 0 0 0
N-000798,000798,Normal/000798.mp4,CCD,official,train,,,,0,,,10.0,,,,0 0 0 0 0 0 0 0 0 0 0 0 0 0 0 0 0 0 0 0 0 0 0 0 0 0 0 0 0 0 0 0 0 0 0 0 0 0 0 0 0 0 0 0 0 0 0 0 0 0
N-000799,000799,Normal/000799.mp4,CCD,official,train,,,,0,,,10.0,,,,0 0 0 0 0 0 0 0 0 0 0 0 0 0 0 0 0 0 0 0 0 0 0 0 0 0 0 0 0 0 0 0 0 0 0 0 0 0 0 0 0 0 0 0 0 0 0 0 0 0
N-000800,000800,Normal/000800.mp4,CCD,official,val,,,,0,,,10.0,,,,0 0 0 0 0 0 0 0 0 0 0 0 0 0 0 0 0 0 0 0 0 0 0 0 0 0 0 0 0 0 0 0 0 0 0 0 0 0 0 0 0 0 0 0 0 0 0 0 0 0
N-000801,000801,Normal/000801.mp4,CCD,official,val,,,,0,,,10.0,,,,0 0 0 0 0 0 0 0 0 0 0 0 0 0 0 0 0 0 0 0 0 0 0 0 0 0 0 0 0 0 0 0 0 0 0 0 0 0 0 0 0 0 0 0 0 0 0 0 0 0
N-000802,000802,Normal/000802.mp4,CCD,official,test,,,,0,,,10.0,,,,0 0 0 0 0 0 0 0 0 0 0 0 0 0 0 0 0 0 0 0 0 0 0 0 0 0 0 0 0 0 0 0 0 0 0 0 0 0 0 0 0 0 0 0 0 0 0 0 0 0
N-000803,000803,Normal/000803.mp4,CCD,official,test,,,,0,,,10.0,,,,0 0 0 0 0 0 0 0 0 0 0 0 0 0 0 0 0 0 0 0 0 0 0 0 0 0 0 0 0 0 0 0 0 0 0 0 0 0 0 0 0 0 0 0 0 0 0 0 0 0
N-000804,000804,Normal/000804.mp4,CCD,official,test,,,,0,,,10.0,,,,0 0 0 0 0 0 0 0 0 0 0 0 0 0 0 0 0 0 0 0 0 0 0 0 0 0 0 0 0 0 0 0 0 0 0 0 0 0 0 0 0 0 0 0 0 0 0 0 0 0
N-000805,000805,Normal/000805.mp4,CCD,official,train,,,,0,,,10.0,,,,0 0 0 0 0 0 0 0 0 0 0 0 0 0 0 0 0 0 0 0 0 0 0 0 0 0 0 0 0 0 0 0 0 0 0 0 0 0 0 0 0 0 0 0 0 0 0 0 0 0
N-000806,000806,Normal/000806.mp4,CCD,official,val,,,,0,,,10.0,,,,0 0 0 0 0 0 0 0 0 0 0 0 0 0 0 0 0 0 0 0 0 0 0 0 0 0 0 0 0 0 0 0 0 0 0 0 0 0 0 0 0 0 0 0 0 0 0 0 0 0
N-000807,000807,Normal/000807.mp4,CCD,official,test,,,,0,,,10.0,,,,0 0 0 0 0 0 0 0 0 0 0 0 0 0 0 0 0 0 0 0 0 0 0 0 0 0 0 0 0 0 0 0 0 0 0 0 0 0 0 0 0 0 0 0 0 0 0 0 0 0
N-000808,000808,Normal/000808.mp4,CCD,official,train,,,,0,,,10.0,,,,0 0 0 0 0 0 0 0 0 0 0 0 0 0 0 0 0 0 0 0 0 0 0 0 0 0 0 0 0 0 0 0 0 0 0 0 0 0 0 0 0 0 0 0 0 0 0 0 0 0
N-000809,000809,Normal/000809.mp4,CCD,official,test,,,,0,,,10.0,,,,0 0 0 0 0 0 0 0 0 0 0 0 0 0 0 0 0 0 0 0 0 0 0 0 0 0 0 0 0 0 0 0 0 0 0 0 0 0 0 0 0 0 0 0 0 0 0 0 0 0
N-000810,000810,Normal/000810.mp4,CCD,official,train,,,,0,,,10.0,,,,0 0 0 0 0 0 0 0 0 0 0 0 0 0 0 0 0 0 0 0 0 0 0 0 0 0 0 0 0 0 0 0 0 0 0 0 0 0 0 0 0 0 0 0 0 0 0 0 0 0
N-000811,000811,Normal/000811.mp4,CCD,official,train,,,,0,,,10.0,,,,0 0 0 0 0 0 0 0 0 0 0 0 0 0 0 0 0 0 0 0 0 0 0 0 0 0 0 0 0 0 0 0 0 0 0 0 0 0 0 0 0 0 0 0 0 0 0 0 0 0
N-000812,000812,Normal/000812.mp4,CCD,official,train,,,,0,,,10.0,,,,0 0 0 0 0 0 0 0 0 0 0 0 0 0 0 0 0 0 0 0 0 0 0 0 0 0 0 0 0 0 0 0 0 0 0 0 0 0 0 0 0 0 0 0 0 0 0 0 0 0
N-000813,000813,Normal/000813.mp4,CCD,official,val,,,,0,,,10.0,,,,0 0 0 0 0 0 0 0 0 0 0 0 0 0 0 0 0 0 0 0 0 0 0 0 0 0 0 0 0 0 0 0 0 0 0 0 0 0 0 0 0 0 0 0 0 0 0 0 0 0
N-000814,000814,Normal/000814.mp4,CCD,official,test,,,,0,,,10.0,,,,0 0 0 0 0 0 0 0 0 0 0 0 0 0 0 0 0 0 0 0 0 0 0 0 0 0 0 0 0 0 0 0 0 0 0 0 0 0 0 0 0 0 0 0 0 0 0 0 0 0
N-000815,000815,Normal/000815.mp4,CCD,official,train,,,,0,,,10.0,,,,0 0 0 0 0 0 0 0 0 0 0 0 0 0 0 0 0 0 0 0 0 0 0 0 0 0 0 0 0 0 0 0 0 0 0 0 0 0 0 0 0 0 0 0 0 0 0 0 0 0
N-000816,000816,Normal/000816.mp4,CCD,official,train,,,,0,,,10.0,,,,0 0 0 0 0 0 0 0 0 0 0 0 0 0 0 0 0 0 0 0 0 0 0 0 0 0 0 0 0 0 0 0 0 0 0 0 0 0 0 0 0 0 0 0 0 0 0 0 0 0
N-000817,000817,Normal/000817.mp4,CCD,official,test,,,,0,,,10.0,,,,0 0 0 0 0 0 0 0 0 0 0 0 0 0 0 0 0 0 0 0 0 0 0 0 0 0 0 0 0 0 0 0 0 0 0 0 0 0 0 0 0 0 0 0 0 0 0 0 0 0
N-000818,000818,Normal/000818.mp4,CCD,official,train,,,,0,,,10.0,,,,0 0 0 0 0 0 0 0 0 0 0 0 0 0 0 0 0 0 0 0 0 0 0 0 0 0 0 0 0 0 0 0 0 0 0 0 0 0 0 0 0 0 0 0 0 0 0 0 0 0
N-000819,000819,Normal/000819.mp4,CCD,official,test,,,,0,,,10.0,,,,0 0 0 0 0 0 0 0 0 0 0 0 0 0 0 0 0 0 0 0 0 0 0 0 0 0 0 0 0 0 0 0 0 0 0 0 0 0 0 0 0 0 0 0 0 0 0 0 0 0
N-000820,000820,Normal/000820.mp4,CCD,official,test,,,,0,,,10.0,,,,0 0 0 0 0 0 0 0 0 0 0 0 0 0 0 0 0 0 0 0 0 0 0 0 0 0 0 0 0 0 0 0 0 0 0 0 0 0 0 0 0 0 0 0 0 0 0 0 0 0
N-000821,000821,Normal/000821.mp4,CCD,official,train,,,,0,,,10.0,,,,0 0 0 0 0 0 0 0 0 0 0 0 0 0 0 0 0 0 0 0 0 0 0 0 0 0 0 0 0 0 0 0 0 0 0 0 0 0 0 0 0 0 0 0 0 0 0 0 0 0
N-000822,000822,Normal/000822.mp4,CCD,official,train,,,,0,,,10.0,,,,0 0 0 0 0 0 0 0 0 0 0 0 0 0 0 0 0 0 0 0 0 0 0 0 0 0 0 0 0 0 0 0 0 0 0 0 0 0 0 0 0 0 0 0 0 0 0 0 0 0
N-000823,000823,Normal/000823.mp4,CCD,official,train,,,,0,,,10.0,,,,0 0 0 0 0 0 0 0 0 0 0 0 0 0 0 0 0 0 0 0 0 0 0 0 0 0 0 0 0 0 0 0 0 0 0 0 0 0 0 0 0 0 0 0 0 0 0 0 0 0
N-000824,000824,Normal/000824.mp4,CCD,official,val,,,,0,,,10.0,,,,0 0 0 0 0 0 0 0 0 0 0 0 0 0 0 0 0 0 0 0 0 0 0 0 0 0 0 0 0 0 0 0 0 0 0 0 0 0 0 0 0 0 0 0 0 0 0 0 0 0
N-000825,000825,Normal/000825.mp4,CCD,official,train,,,,0,,,10.0,,,,0 0 0 0 0 0 0 0 0 0 0 0 0 0 0 0 0 0 0 0 0 0 0 0 0 0 0 0 0 0 0 0 0 0 0 0 0 0 0 0 0 0 0 0 0 0 0 0 0 0
N-000826,000826,Normal/000826.mp4,CCD,official,test,,,,0,,,10.0,,,,0 0 0 0 0 0 0 0 0 0 0 0 0 0 0 0 0 0 0 0 0 0 0 0 0 0 0 0 0 0 0 0 0 0 0 0 0 0 0 0 0 0 0 0 0 0 0 0 0 0
N-000827,000827,Normal/000827.mp4,CCD,official,train,,,,0,,,10.0,,,,0 0 0 0 0 0 0 0 0 0 0 0 0 0 0 0 0 0 0 0 0 0 0 0 0 0 0 0 0 0 0 0 0 0 0 0 0 0 0 0 0 0 0 0 0 0 0 0 0 0
N-000828,000828,Normal/000828.mp4,CCD,official,val,,,,0,,,10.0,,,,0 0 0 0 0 0 0 0 0 0 0 0 0 0 0 0 0 0 0 0 0 0 0 0 0 0 0 0 0 0 0 0 0 0 0 0 0 0 0 0 0 0 0 0 0 0 0 0 0 0
N-000829,000829,Normal/000829.mp4,CCD,official,train,,,,0,,,10.0,,,,0 0 0 0 0 0 0 0 0 0 0 0 0 0 0 0 0 0 0 0 0 0 0 0 0 0 0 0 0 0 0 0 0 0 0 0 0 0 0 0 0 0 0 0 0 0 0 0 0 0
N-000830,000830,Normal/000830.mp4,CCD,official,train,,,,0,,,10.0,,,,0 0 0 0 0 0 0 0 0 0 0 0 0 0 0 0 0 0 0 0 0 0 0 0 0 0 0 0 0 0 0 0 0 0 0 0 0 0 0 0 0 0 0 0 0 0 0 0 0 0
N-000831,000831,Normal/000831.mp4,CCD,official,train,,,,0,,,10.0,,,,0 0 0 0 0 0 0 0 0 0 0 0 0 0 0 0 0 0 0 0 0 0 0 0 0 0 0 0 0 0 0 0 0 0 0 0 0 0 0 0 0 0 0 0 0 0 0 0 0 0
N-000832,000832,Normal/000832.mp4,CCD,official,train,,,,0,,,10.0,,,,0 0 0 0 0 0 0 0 0 0 0 0 0 0 0 0 0 0 0 0 0 0 0 0 0 0 0 0 0 0 0 0 0 0 0 0 0 0 0 0 0 0 0 0 0 0 0 0 0 0
N-000833,000833,Normal/000833.mp4,CCD,official,val,,,,0,,,10.0,,,,0 0 0 0 0 0 0 0 0 0 0 0 0 0 0 0 0 0 0 0 0 0 0 0 0 0 0 0 0 0 0 0 0 0 0 0 0 0 0 0 0 0 0 0 0 0 0 0 0 0
N-000834,000834,Normal/000834.mp4,CCD,official,train,,,,0,,,10.0,,,,0 0 0 0 0 0 0 0 0 0 0 0 0 0 0 0 0 0 0 0 0 0 0 0 0 0 0 0 0 0 0 0 0 0 0 0 0 0 0 0 0 0 0 0 0 0 0 0 0 0
N-000835,000835,Normal/000835.mp4,CCD,official,train,,,,0,,,10.0,,,,0 0 0 0 0 0 0 0 0 0 0 0 0 0 0 0 0 0 0 0 0 0 0 0 0 0 0 0 0 0 0 0 0 0 0 0 0 0 0 0 0 0 0 0 0 0 0 0 0 0
N-000836,000836,Normal/000836.mp4,CCD,official,val,,,,0,,,10.0,,,,0 0 0 0 0 0 0 0 0 0 0 0 0 0 0 0 0 0 0 0 0 0 0 0 0 0 0 0 0 0 0 0 0 0 0 0 0 0 0 0 0 0 0 0 0 0 0 0 0 0
N-000837,000837,Normal/000837.mp4,CCD,official,test,,,,0,,,10.0,,,,0 0 0 0 0 0 0 0 0 0 0 0 0 0 0 0 0 0 0 0 0 0 0 0 0 0 0 0 0 0 0 0 0 0 0 0 0 0 0 0 0 0 0 0 0 0 0 0 0 0
N-000838,000838,Normal/000838.mp4,CCD,official,test,,,,0,,,10.0,,,,0 0 0 0 0 0 0 0 0 0 0 0 0 0 0 0 0 0 0 0 0 0 0 0 0 0 0 0 0 0 0 0 0 0 0 0 0 0 0 0 0 0 0 0 0 0 0 0 0 0
N-000839,000839,Normal/000839.mp4,CCD,official,test,,,,0,,,10.0,,,,0 0 0 0 0 0 0 0 0 0 0 0 0 0 0 0 0 0 0 0 0 0 0 0 0 0 0 0 0 0 0 0 0 0 0 0 0 0 0 0 0 0 0 0 0 0 0 0 0 0
N-000840,000840,Normal/000840.mp4,CCD,official,train,,,,0,,,10.0,,,,0 0 0 0 0 0 0 0 0 0 0 0 0 0 0 0 0 0 0 0 0 0 0 0 0 0 0 0 0 0 0 0 0 0 0 0 0 0 0 0 0 0 0 0 0 0 0 0 0 0
N-000841,000841,Normal/000841.mp4,CCD,official,val,,,,0,,,10.0,,,,0 0 0 0 0 0 0 0 0 0 0 0 0 0 0 0 0 0 0 0 0 0 0 0 0 0 0 0 0 0 0 0 0 0 0 0 0 0 0 0 0 0 0 0 0 0 0 0 0 0
N-000842,000842,Normal/000842.mp4,CCD,official,test,,,,0,,,10.0,,,,0 0 0 0 0 0 0 0 0 0 0 0 0 0 0 0 0 0 0 0 0 0 0 0 0 0 0 0 0 0 0 0 0 0 0 0 0 0 0 0 0 0 0 0 0 0 0 0 0 0
N-000843,000843,Normal/000843.mp4,CCD,official,val,,,,0,,,10.0,,,,0 0 0 0 0 0 0 0 0 0 0 0 0 0 0 0 0 0 0 0 0 0 0 0 0 0 0 0 0 0 0 0 0 0 0 0 0 0 0 0 0 0 0 0 0 0 0 0 0 0
N-000844,000844,Normal/000844.mp4,CCD,official,train,,,,0,,,10.0,,,,0 0 0 0 0 0 0 0 0 0 0 0 0 0 0 0 0 0 0 0 0 0 0 0 0 0 0 0 0 0 0 0 0 0 0 0 0 0 0 0 0 0 0 0 0 0 0 0 0 0
N-000845,000845,Normal/000845.mp4,CCD,official,train,,,,0,,,10.0,,,,0 0 0 0 0 0 0 0 0 0 0 0 0 0 0 0 0 0 0 0 0 0 0 0 0 0 0 0 0 0 0 0 0 0 0 0 0 0 0 0 0 0 0 0 0 0 0 0 0 0
N-000846,000846,Normal/000846.mp4,CCD,official,train,,,,0,,,10.0,,,,0 0 0 0 0 0 0 0 0 0 0 0 0 0 0 0 0 0 0 0 0 0 0 0 0 0 0 0 0 0 0 0 0 0 0 0 0 0 0 0 0 0 0 0 0 0 0 0 0 0
N-000847,000847,Normal/000847.mp4,CCD,official,train,,,,0,,,10.0,,,,0 0 0 0 0 0 0 0 0 0 0 0 0 0 0 0 0 0 0 0 0 0 0 0 0 0 0 0 0 0 0 0 0 0 0 0 0 0 0 0 0 0 0 0 0 0 0 0 0 0
N-000848,000848,Normal/000848.mp4,CCD,official,train,,,,0,,,10.0,,,,0 0 0 0 0 0 0 0 0 0 0 0 0 0 0 0 0 0 0 0 0 0 0 0 0 0 0 0 0 0 0 0 0 0 0 0 0 0 0 0 0 0 0 0 0 0 0 0 0 0
N-000849,000849,Normal/000849.mp4,CCD,official,test,,,,0,,,10.0,,,,0 0 0 0 0 0 0 0 0 0 0 0 0 0 0 0 0 0 0 0 0 0 0 0 0 0 0 0 0 0 0 0 0 0 0 0 0 0 0 0 0 0 0 0 0 0 0 0 0 0
N-000850,000850,Normal/000850.mp4,CCD,official,train,,,,0,,,10.0,,,,0 0 0 0 0 0 0 0 0 0 0 0 0 0 0 0 0 0 0 0 0 0 0 0 0 0 0 0 0 0 0 0 0 0 0 0 0 0 0 0 0 0 0 0 0 0 0 0 0 0
N-000851,000851,Normal/000851.mp4,CCD,official,train,,,,0,,,10.0,,,,0 0 0 0 0 0 0 0 0 0 0 0 0 0 0 0 0 0 0 0 0 0 0 0 0 0 0 0 0 0 0 0 0 0 0 0 0 0 0 0 0 0 0 0 0 0 0 0 0 0
N-000852,000852,Normal/000852.mp4,CCD,official,val,,,,0,,,10.0,,,,0 0 0 0 0 0 0 0 0 0 0 0 0 0 0 0 0 0 0 0 0 0 0 0 0 0 0 0 0 0 0 0 0 0 0 0 0 0 0 0 0 0 0 0 0 0 0 0 0 0
N-000853,000853,Normal/000853.mp4,CCD,official,train,,,,0,,,10.0,,,,0 0 0 0 0 0 0 0 0 0 0 0 0 0 0 0 0 0 0 0 0 0 0 0 0 0 0 0 0 0 0 0 0 0 0 0 0 0 0 0 0 0 0 0 0 0 0 0 0 0
N-000854,000854,Normal/000854.mp4,CCD,official,train,,,,0,,,10.0,,,,0 0 0 0 0 0 0 0 0 0 0 0 0 0 0 0 0 0 0 0 0 0 0 0 0 0 0 0 0 0 0 0 0 0 0 0 0 0 0 0 0 0 0 0 0 0 0 0 0 0
N-000855,000855,Normal/000855.mp4,CCD,official,test,,,,0,,,10.0,,,,0 0 0 0 0 0 0 0 0 0 0 0 0 0 0 0 0 0 0 0 0 0 0 0 0 0 0 0 0 0 0 0 0 0 0 0 0 0 0 0 0 0 0 0 0 0 0 0 0 0
N-000856,000856,Normal/000856.mp4,CCD,official,train,,,,0,,,10.0,,,,0 0 0 0 0 0 0 0 0 0 0 0 0 0 0 0 0 0 0 0 0 0 0 0 0 0 0 0 0 0 0 0 0 0 0 0 0 0 0 0 0 0 0 0 0 0 0 0 0 0
N-000857,000857,Normal/000857.mp4,CCD,official,train,,,,0,,,10.0,,,,0 0 0 0 0 0 0 0 0 0 0 0 0 0 0 0 0 0 0 0 0 0 0 0 0 0 0 0 0 0 0 0 0 0 0 0 0 0 0 0 0 0 0 0 0 0 0 0 0 0
N-000858,000858,Normal/000858.mp4,CCD,official,train,,,,0,,,10.0,,,,0 0 0 0 0 0 0 0 0 0 0 0 0 0 0 0 0 0 0 0 0 0 0 0 0 0 0 0 0 0 0 0 0 0 0 0 0 0 0 0 0 0 0 0 0 0 0 0 0 0
N-000859,000859,Normal/000859.mp4,CCD,official,train,,,,0,,,10.0,,,,0 0 0 0 0 0 0 0 0 0 0 0 0 0 0 0 0 0 0 0 0 0 0 0 0 0 0 0 0 0 0 0 0 0 0 0 0 0 0 0 0 0 0 0 0 0 0 0 0 0
N-000860,000860,Normal/000860.mp4,CCD,official,test,,,,0,,,10.0,,,,0 0 0 0 0 0 0 0 0 0 0 0 0 0 0 0 0 0 0 0 0 0 0 0 0 0 0 0 0 0 0 0 0 0 0 0 0 0 0 0 0 0 0 0 0 0 0 0 0 0
N-000861,000861,Normal/000861.mp4,CCD,official,train,,,,0,,,10.0,,,,0 0 0 0 0 0 0 0 0 0 0 0 0 0 0 0 0 0 0 0 0 0 0 0 0 0 0 0 0 0 0 0 0 0 0 0 0 0 0 0 0 0 0 0 0 0 0 0 0 0
N-000862,000862,Normal/000862.mp4,CCD,official,train,,,,0,,,10.0,,,,0 0 0 0 0 0 0 0 0 0 0 0 0 0 0 0 0 0 0 0 0 0 0 0 0 0 0 0 0 0 0 0 0 0 0 0 0 0 0 0 0 0 0 0 0 0 0 0 0 0
N-000863,000863,Normal/000863.mp4,CCD,official,test,,,,0,,,10.0,,,,0 0 0 0 0 0 0 0 0 0 0 0 0 0 0 0 0 0 0 0 0 0 0 0 0 0 0 0 0 0 0 0 0 0 0 0 0 0 0 0 0 0 0 0 0 0 0 0 0 0
N-000864,000864,Normal/000864.mp4,CCD,official,test,,,,0,,,10.0,,,,0 0 0 0 0 0 0 0 0 0 0 0 0 0 0 0 0 0 0 0 0 0 0 0 0 0 0 0 0 0 0 0 0 0 0 0 0 0 0 0 0 0 0 0 0 0 0 0 0 0
N-000865,000865,Normal/000865.mp4,CCD,official,train,,,,0,,,10.0,,,,0 0 0 0 0 0 0 0 0 0 0 0 0 0 0 0 0 0 0 0 0 0 0 0 0 0 0 0 0 0 0 0 0 0 0 0 0 0 0 0 0 0 0 0 0 0 0 0 0 0
N-000866,000866,Normal/000866.mp4,CCD,official,train,,,,0,,,10.0,,,,0 0 0 0 0 0 0 0 0 0 0 0 0 0 0 0 0 0 0 0 0 0 0 0 0 0 0 0 0 0 0 0 0 0 0 0 0 0 0 0 0 0 0 0 0 0 0 0 0 0
N-000867,000867,Normal/000867.mp4,CCD,official,train,,,,0,,,10.0,,,,0 0 0 0 0 0 0 0 0 0 0 0 0 0 0 0 0 0 0 0 0 0 0 0 0 0 0 0 0 0 0 0 0 0 0 0 0 0 0 0 0 0 0 0 0 0 0 0 0 0
N-000868,000868,Normal/000868.mp4,CCD,official,train,,,,0,,,10.0,,,,0 0 0 0 0 0 0 0 0 0 0 0 0 0 0 0 0 0 0 0 0 0 0 0 0 0 0 0 0 0 0 0 0 0 0 0 0 0 0 0 0 0 0 0 0 0 0 0 0 0
N-000869,000869,Normal/000869.mp4,CCD,official,val,,,,0,,,10.0,,,,0 0 0 0 0 0 0 0 0 0 0 0 0 0 0 0 0 0 0 0 0 0 0 0 0 0 0 0 0 0 0 0 0 0 0 0 0 0 0 0 0 0 0 0 0 0 0 0 0 0
N-000870,000870,Normal/000870.mp4,CCD,official,train,,,,0,,,10.0,,,,0 0 0 0 0 0 0 0 0 0 0 0 0 0 0 0 0 0 0 0 0 0 0 0 0 0 0 0 0 0 0 0 0 0 0 0 0 0 0 0 0 0 0 0 0 0 0 0 0 0
N-000871,000871,Normal/000871.mp4,CCD,official,train,,,,0,,,10.0,,,,0 0 0 0 0 0 0 0 0 0 0 0 0 0 0 0 0 0 0 0 0 0 0 0 0 0 0 0 0 0 0 0 0 0 0 0 0 0 0 0 0 0 0 0 0 0 0 0 0 0
N-000872,000872,Normal/000872.mp4,CCD,official,test,,,,0,,,10.0,,,,0 0 0 0 0 0 0 0 0 0 0 0 0 0 0 0 0 0 0 0 0 0 0 0 0 0 0 0 0 0 0 0 0 0 0 0 0 0 0 0 0 0 0 0 0 0 0 0 0 0
N-000873,000873,Normal/000873.mp4,CCD,official,train,,,,0,,,10.0,,,,0 0 0 0 0 0 0 0 0 0 0 0 0 0 0 0 0 0 0 0 0 0 0 0 0 0 0 0 0 0 0 0 0 0 0 0 0 0 0 0 0 0 0 0 0 0 0 0 0 0
N-000874,000874,Normal/000874.mp4,CCD,official,train,,,,0,,,10.0,,,,0 0 0 0 0 0 0 0 0 0 0 0 0 0 0 0 0 0 0 0 0 0 0 0 0 0 0 0 0 0 0 0 0 0 0 0 0 0 0 0 0 0 0 0 0 0 0 0 0 0
N-000875,000875,Normal/000875.mp4,CCD,official,train,,,,0,,,10.0,,,,0 0 0 0 0 0 0 0 0 0 0 0 0 0 0 0 0 0 0 0 0 0 0 0 0 0 0 0 0 0 0 0 0 0 0 0 0 0 0 0 0 0 0 0 0 0 0 0 0 0
N-000876,000876,Normal/000876.mp4,CCD,official,train,,,,0,,,10.0,,,,0 0 0 0 0 0 0 0 0 0 0 0 0 0 0 0 0 0 0 0 0 0 0 0 0 0 0 0 0 0 0 0 0 0 0 0 0 0 0 0 0 0 0 0 0 0 0 0 0 0
N-000877,000877,Normal/000877.mp4,CCD,official,train,,,,0,,,10.0,,,,0 0 0 0 0 0 0 0 0 0 0 0 0 0 0 0 0 0 0 0 0 0 0 0 0 0 0 0 0 0 0 0 0 0 0 0 0 0 0 0 0 0 0 0 0 0 0 0 0 0
N-000878,000878,Normal/000878.mp4,CCD,official,val,,,,0,,,10.0,,,,0 0 0 0 0 0 0 0 0 0 0 0 0 0 0 0 0 0 0 0 0 0 0 0 0 0 0 0 0 0 0 0 0 0 0 0 0 0 0 0 0 0 0 0 0 0 0 0 0 0
N-000879,000879,Normal/000879.mp4,CCD,official,train,,,,0,,,10.0,,,,0 0 0 0 0 0 0 0 0 0 0 0 0 0 0 0 0 0 0 0 0 0 0 0 0 0 0 0 0 0 0 0 0 0 0 0 0 0 0 0 0 0 0 0 0 0 0 0 0 0
N-000880,000880,Normal/000880.mp4,CCD,official,train,,,,0,,,10.0,,,,0 0 0 0 0 0 0 0 0 0 0 0 0 0 0 0 0 0 0 0 0 0 0 0 0 0 0 0 0 0 0 0 0 0 0 0 0 0 0 0 0 0 0 0 0 0 0 0 0 0
N-000881,000881,Normal/000881.mp4,CCD,official,val,,,,0,,,10.0,,,,0 0 0 0 0 0 0 0 0 0 0 0 0 0 0 0 0 0 0 0 0 0 0 0 0 0 0 0 0 0 0 0 0 0 0 0 0 0 0 0 0 0 0 0 0 0 0 0 0 0
N-000882,000882,Normal/000882.mp4,CCD,official,train,,,,0,,,10.0,,,,0 0 0 0 0 0 0 0 0 0 0 0 0 0 0 0 0 0 0 0 0 0 0 0 0 0 0 0 0 0 0 0 0 0 0 0 0 0 0 0 0 0 0 0 0 0 0 0 0 0
N-000883,000883,Normal/000883.mp4,CCD,official,test,,,,0,,,10.0,,,,0 0 0 0 0 0 0 0 0 0 0 0 0 0 0 0 0 0 0 0 0 0 0 0 0 0 0 0 0 0 0 0 0 0 0 0 0 0 0 0 0 0 0 0 0 0 0 0 0 0
N-000884,000884,Normal/000884.mp4,CCD,official,train,,,,0,,,10.0,,,,0 0 0 0 0 0 0 0 0 0 0 0 0 0 0 0 0 0 0 0 0 0 0 0 0 0 0 0 0 0 0 0 0 0 0 0 0 0 0 0 0 0 0 0 0 0 0 0 0 0
N-000885,000885,Normal/000885.mp4,CCD,official,val,,,,0,,,10.0,,,,0 0 0 0 0 0 0 0 0 0 0 0 0 0 0 0 0 0 0 0 0 0 0 0 0 0 0 0 0 0 0 0 0 0 0 0 0 0 0 0 0 0 0 0 0 0 0 0 0 0
N-000886,000886,Normal/000886.mp4,CCD,official,test,,,,0,,,10.0,,,,0 0 0 0 0 0 0 0 0 0 0 0 0 0 0 0 0 0 0 0 0 0 0 0 0 0 0 0 0 0 0 0 0 0 0 0 0 0 0 0 0 0 0 0 0 0 0 0 0 0
N-000887,000887,Normal/000887.mp4,CCD,official,train,,,,0,,,10.0,,,,0 0 0 0 0 0 0 0 0 0 0 0 0 0 0 0 0 0 0 0 0 0 0 0 0 0 0 0 0 0 0 0 0 0 0 0 0 0 0 0 0 0 0 0 0 0 0 0 0 0
N-000888,000888,Normal/000888.mp4,CCD,official,train,,,,0,,,10.0,,,,0 0 0 0 0 0 0 0 0 0 0 0 0 0 0 0 0 0 0 0 0 0 0 0 0 0 0 0 0 0 0 0 0 0 0 0 0 0 0 0 0 0 0 0 0 0 0 0 0 0
N-000889,000889,Normal/000889.mp4,CCD,official,train,,,,0,,,10.0,,,,0 0 0 0 0 0 0 0 0 0 0 0 0 0 0 0 0 0 0 0 0 0 0 0 0 0 0 0 0 0 0 0 0 0 0 0 0 0 0 0 0 0 0 0 0 0 0 0 0 0
N-000890,000890,Normal/000890.mp4,CCD,official,train,,,,0,,,10.0,,,,0 0 0 0 0 0 0 0 0 0 0 0 0 0 0 0 0 0 0 0 0 0 0 0 0 0 0 0 0 0 0 0 0 0 0 0 0 0 0 0 0 0 0 0 0 0 0 0 0 0
N-000891,000891,Normal/000891.mp4,CCD,official,train,,,,0,,,10.0,,,,0 0 0 0 0 0 0 0 0 0 0 0 0 0 0 0 0 0 0 0 0 0 0 0 0 0 0 0 0 0 0 0 0 0 0 0 0 0 0 0 0 0 0 0 0 0 0 0 0 0
N-000892,000892,Normal/000892.mp4,CCD,official,train,,,,0,,,10.0,,,,0 0 0 0 0 0 0 0 0 0 0 0 0 0 0 0 0 0 0 0 0 0 0 0 0 0 0 0 0 0 0 0 0 0 0 0 0 0 0 0 0 0 0 0 0 0 0 0 0 0
N-000893,000893,Normal/000893.mp4,CCD,official,test,,,,0,,,10.0,,,,0 0 0 0 0 0 0 0 0 0 0 0 0 0 0 0 0 0 0 0 0 0 0 0 0 0 0 0 0 0 0 0 0 0 0 0 0 0 0 0 0 0 0 0 0 0 0 0 0 0
N-000894,000894,Normal/000894.mp4,CCD,official,train,,,,0,,,10.0,,,,0 0 0 0 0 0 0 0 0 0 0 0 0 0 0 0 0 0 0 0 0 0 0 0 0 0 0 0 0 0 0 0 0 0 0 0 0 0 0 0 0 0 0 0 0 0 0 0 0 0
N-000895,000895,Normal/000895.mp4,CCD,official,train,,,,0,,,10.0,,,,0 0 0 0 0 0 0 0 0 0 0 0 0 0 0 0 0 0 0 0 0 0 0 0 0 0 0 0 0 0 0 0 0 0 0 0 0 0 0 0 0 0 0 0 0 0 0 0 0 0
N-000896,000896,Normal/000896.mp4,CCD,official,val,,,,0,,,10.0,,,,0 0 0 0 0 0 0 0 0 0 0 0 0 0 0 0 0 0 0 0 0 0 0 0 0 0 0 0 0 0 0 0 0 0 0 0 0 0 0 0 0 0 0 0 0 0 0 0 0 0
N-000897,000897,Normal/000897.mp4,CCD,official,test,,,,0,,,10.0,,,,0 0 0 0 0 0 0 0 0 0 0 0 0 0 0 0 0 0 0 0 0 0 0 0 0 0 0 0 0 0 0 0 0 0 0 0 0 0 0 0 0 0 0 0 0 0 0 0 0 0
N-000898,000898,Normal/000898.mp4,CCD,official,train,,,,0,,,10.0,,,,0 0 0 0 0 0 0 0 0 0 0 0 0 0 0 0 0 0 0 0 0 0 0 0 0 0 0 0 0 0 0 0 0 0 0 0 0 0 0 0 0 0 0 0 0 0 0 0 0 0
N-000899,000899,Normal/000899.mp4,CCD,official,val,,,,0,,,10.0,,,,0 0 0 0 0 0 0 0 0 0 0 0 0 0 0 0 0 0 0 0 0 0 0 0 0 0 0 0 0 0 0 0 0 0 0 0 0 0 0 0 0 0 0 0 0 0 0 0 0 0
N-000900,000900,Normal/000900.mp4,CCD,official,train,,,,0,,,10.0,,,,0 0 0 0 0 0 0 0 0 0 0 0 0 0 0 0 0 0 0 0 0 0 0 0 0 0 0 0 0 0 0 0 0 0 0 0 0 0 0 0 0 0 0 0 0 0 0 0 0 0
N-000901,000901,Normal/000901.mp4,CCD,official,train,,,,0,,,10.0,,,,0 0 0 0 0 0 0 0 0 0 0 0 0 0 0 0 0 0 0 0 0 0 0 0 0 0 0 0 0 0 0 0 0 0 0 0 0 0 0 0 0 0 0 0 0 0 0 0 0 0
N-000902,000902,Normal/000902.mp4,CCD,official,test,,,,0,,,10.0,,,,0 0 0 0 0 0 0 0 0 0 0 0 0 0 0 0 0 0 0 0 0 0 0 0 0 0 0 0 0 0 0 0 0 0 0 0 0 0 0 0 0 0 0 0 0 0 0 0 0 0
N-000903,000903,Normal/000903.mp4,CCD,official,train,,,,0,,,10.0,,,,0 0 0 0 0 0 0 0 0 0 0 0 0 0 0 0 0 0 0 0 0 0 0 0 0 0 0 0 0 0 0 0 0 0 0 0 0 0 0 0 0 0 0 0 0 0 0 0 0 0
N-000904,000904,Normal/000904.mp4,CCD,official,train,,,,0,,,10.0,,,,0 0 0 0 0 0 0 0 0 0 0 0 0 0 0 0 0 0 0 0 0 0 0 0 0 0 0 0 0 0 0 0 0 0 0 0 0 0 0 0 0 0 0 0 0 0 0 0 0 0
N-000905,000905,Normal/000905.mp4,CCD,official,test,,,,0,,,10.0,,,,0 0 0 0 0 0 0 0 0 0 0 0 0 0 0 0 0 0 0 0 0 0 0 0 0 0 0 0 0 0 0 0 0 0 0 0 0 0 0 0 0 0 0 0 0 0 0 0 0 0
N-000906,000906,Normal/000906.mp4,CCD,official,train,,,,0,,,10.0,,,,0 0 0 0 0 0 0 0 0 0 0 0 0 0 0 0 0 0 0 0 0 0 0 0 0 0 0 0 0 0 0 0 0 0 0 0 0 0 0 0 0 0 0 0 0 0 0 0 0 0
N-000907,000907,Normal/000907.mp4,CCD,official,test,,,,0,,,10.0,,,,0 0 0 0 0 0 0 0 0 0 0 0 0 0 0 0 0 0 0 0 0 0 0 0 0 0 0 0 0 0 0 0 0 0 0 0 0 0 0 0 0 0 0 0 0 0 0 0 0 0
N-000908,000908,Normal/000908.mp4,CCD,official,test,,,,0,,,10.0,,,,0 0 0 0 0 0 0 0 0 0 0 0 0 0 0 0 0 0 0 0 0 0 0 0 0 0 0 0 0 0 0 0 0 0 0 0 0 0 0 0 0 0 0 0 0 0 0 0 0 0
N-000909,000909,Normal/000909.mp4,CCD,official,test,,,,0,,,10.0,,,,0 0 0 0 0 0 0 0 0 0 0 0 0 0 0 0 0 0 0 0 0 0 0 0 0 0 0 0 0 0 0 0 0 0 0 0 0 0 0 0 0 0 0 0 0 0 0 0 0 0
N-000910,000910,Normal/000910.mp4,CCD,official,train,,,,0,,,10.0,,,,0 0 0 0 0 0 0 0 0 0 0 0 0 0 0 0 0 0 0 0 0 0 0 0 0 0 0 0 0 0 0 0 0 0 0 0 0 0 0 0 0 0 0 0 0 0 0 0 0 0
N-000911,000911,Normal/000911.mp4,CCD,official,train,,,,0,,,10.0,,,,0 0 0 0 0 0 0 0 0 0 0 0 0 0 0 0 0 0 0 0 0 0 0 0 0 0 0 0 0 0 0 0 0 0 0 0 0 0 0 0 0 0 0 0 0 0 0 0 0 0
N-000912,000912,Normal/000912.mp4,CCD,official,test,,,,0,,,10.0,,,,0 0 0 0 0 0 0 0 0 0 0 0 0 0 0 0 0 0 0 0 0 0 0 0 0 0 0 0 0 0 0 0 0 0 0 0 0 0 0 0 0 0 0 0 0 0 0 0 0 0
N-000913,000913,Normal/000913.mp4,CCD,official,val,,,,0,,,10.0,,,,0 0 0 0 0 0 0 0 0 0 0 0 0 0 0 0 0 0 0 0 0 0 0 0 0 0 0 0 0 0 0 0 0 0 0 0 0 0 0 0 0 0 0 0 0 0 0 0 0 0
N-000914,000914,Normal/000914.mp4,CCD,official,train,,,,0,,,10.0,,,,0 0 0 0 0 0 0 0 0 0 0 0 0 0 0 0 0 0 0 0 0 0 0 0 0 0 0 0 0 0 0 0 0 0 0 0 0 0 0 0 0 0 0 0 0 0 0 0 0 0
N-000915,000915,Normal/000915.mp4,CCD,official,train,,,,0,,,10.0,,,,0 0 0 0 0 0 0 0 0 0 0 0 0 0 0 0 0 0 0 0 0 0 0 0 0 0 0 0 0 0 0 0 0 0 0 0 0 0 0 0 0 0 0 0 0 0 0 0 0 0
N-000916,000916,Normal/000916.mp4,CCD,official,train,,,,0,,,10.0,,,,0 0 0 0 0 0 0 0 0 0 0 0 0 0 0 0 0 0 0 0 0 0 0 0 0 0 0 0 0 0 0 0 0 0 0 0 0 0 0 0 0 0 0 0 0 0 0 0 0 0
N-000917,000917,Normal/000917.mp4,CCD,official,train,,,,0,,,10.0,,,,0 0 0 0 0 0 0 0 0 0 0 0 0 0 0 0 0 0 0 0 0 0 0 0 0 0 0 0 0 0 0 0 0 0 0 0 0 0 0 0 0 0 0 0 0 0 0 0 0 0
N-000918,000918,Normal/000918.mp4,CCD,official,train,,,,0,,,10.0,,,,0 0 0 0 0 0 0 0 0 0 0 0 0 0 0 0 0 0 0 0 0 0 0 0 0 0 0 0 0 0 0 0 0 0 0 0 0 0 0 0 0 0 0 0 0 0 0 0 0 0
N-000919,000919,Normal/000919.mp4,CCD,official,train,,,,0,,,10.0,,,,0 0 0 0 0 0 0 0 0 0 0 0 0 0 0 0 0 0 0 0 0 0 0 0 0 0 0 0 0 0 0 0 0 0 0 0 0 0 0 0 0 0 0 0 0 0 0 0 0 0
N-000920,000920,Normal/000920.mp4,CCD,official,test,,,,0,,,10.0,,,,0 0 0 0 0 0 0 0 0 0 0 0 0 0 0 0 0 0 0 0 0 0 0 0 0 0 0 0 0 0 0 0 0 0 0 0 0 0 0 0 0 0 0 0 0 0 0 0 0 0
N-000921,000921,Normal/000921.mp4,CCD,official,val,,,,0,,,10.0,,,,0 0 0 0 0 0 0 0 0 0 0 0 0 0 0 0 0 0 0 0 0 0 0 0 0 0 0 0 0 0 0 0 0 0 0 0 0 0 0 0 0 0 0 0 0 0 0 0 0 0
N-000922,000922,Normal/000922.mp4,CCD,official,val,,,,0,,,10.0,,,,0 0 0 0 0 0 0 0 0 0 0 0 0 0 0 0 0 0 0 0 0 0 0 0 0 0 0 0 0 0 0 0 0 0 0 0 0 0 0 0 0 0 0 0 0 0 0 0 0 0
N-000923,000923,Normal/000923.mp4,CCD,official,train,,,,0,,,10.0,,,,0 0 0 0 0 0 0 0 0 0 0 0 0 0 0 0 0 0 0 0 0 0 0 0 0 0 0 0 0 0 0 0 0 0 0 0 0 0 0 0 0 0 0 0 0 0 0 0 0 0
N-000924,000924,Normal/000924.mp4,CCD,official,train,,,,0,,,10.0,,,,0 0 0 0 0 0 0 0 0 0 0 0 0 0 0 0 0 0 0 0 0 0 0 0 0 0 0 0 0 0 0 0 0 0 0 0 0 0 0 0 0 0 0 0 0 0 0 0 0 0
N-000925,000925,Normal/000925.mp4,CCD,official,test,,,,0,,,10.0,,,,0 0 0 0 0 0 0 0 0 0 0 0 0 0 0 0 0 0 0 0 0 0 0 0 0 0 0 0 0 0 0 0 0 0 0 0 0 0 0 0 0 0 0 0 0 0 0 0 0 0
N-000926,000926,Normal/000926.mp4,CCD,official,test,,,,0,,,10.0,,,,0 0 0 0 0 0 0 0 0 0 0 0 0 0 0 0 0 0 0 0 0 0 0 0 0 0 0 0 0 0 0 0 0 0 0 0 0 0 0 0 0 0 0 0 0 0 0 0 0 0
N-000927,000927,Normal/000927.mp4,CCD,official,train,,,,0,,,10.0,,,,0 0 0 0 0 0 0 0 0 0 0 0 0 0 0 0 0 0 0 0 0 0 0 0 0 0 0 0 0 0 0 0 0 0 0 0 0 0 0 0 0 0 0 0 0 0 0 0 0 0
N-000928,000928,Normal/000928.mp4,CCD,official,train,,,,0,,,10.0,,,,0 0 0 0 0 0 0 0 0 0 0 0 0 0 0 0 0 0 0 0 0 0 0 0 0 0 0 0 0 0 0 0 0 0 0 0 0 0 0 0 0 0 0 0 0 0 0 0 0 0
N-000929,000929,Normal/000929.mp4,CCD,official,train,,,,0,,,10.0,,,,0 0 0 0 0 0 0 0 0 0 0 0 0 0 0 0 0 0 0 0 0 0 0 0 0 0 0 0 0 0 0 0 0 0 0 0 0 0 0 0 0 0 0 0 0 0 0 0 0 0
N-000930,000930,Normal/000930.mp4,CCD,official,train,,,,0,,,10.0,,,,0 0 0 0 0 0 0 0 0 0 0 0 0 0 0 0 0 0 0 0 0 0 0 0 0 0 0 0 0 0 0 0 0 0 0 0 0 0 0 0 0 0 0 0 0 0 0 0 0 0
N-000931,000931,Normal/000931.mp4,CCD,official,train,,,,0,,,10.0,,,,0 0 0 0 0 0 0 0 0 0 0 0 0 0 0 0 0 0 0 0 0 0 0 0 0 0 0 0 0 0 0 0 0 0 0 0 0 0 0 0 0 0 0 0 0 0 0 0 0 0
N-000932,000932,Normal/000932.mp4,CCD,official,test,,,,0,,,10.0,,,,0 0 0 0 0 0 0 0 0 0 0 0 0 0 0 0 0 0 0 0 0 0 0 0 0 0 0 0 0 0 0 0 0 0 0 0 0 0 0 0 0 0 0 0 0 0 0 0 0 0
N-000933,000933,Normal/000933.mp4,CCD,official,val,,,,0,,,10.0,,,,0 0 0 0 0 0 0 0 0 0 0 0 0 0 0 0 0 0 0 0 0 0 0 0 0 0 0 0 0 0 0 0 0 0 0 0 0 0 0 0 0 0 0 0 0 0 0 0 0 0
N-000934,000934,Normal/000934.mp4,CCD,official,train,,,,0,,,10.0,,,,0 0 0 0 0 0 0 0 0 0 0 0 0 0 0 0 0 0 0 0 0 0 0 0 0 0 0 0 0 0 0 0 0 0 0 0 0 0 0 0 0 0 0 0 0 0 0 0 0 0
N-000935,000935,Normal/000935.mp4,CCD,official,test,,,,0,,,10.0,,,,0 0 0 0 0 0 0 0 0 0 0 0 0 0 0 0 0 0 0 0 0 0 0 0 0 0 0 0 0 0 0 0 0 0 0 0 0 0 0 0 0 0 0 0 0 0 0 0 0 0
N-000936,000936,Normal/000936.mp4,CCD,official,train,,,,0,,,10.0,,,,0 0 0 0 0 0 0 0 0 0 0 0 0 0 0 0 0 0 0 0 0 0 0 0 0 0 0 0 0 0 0 0 0 0 0 0 0 0 0 0 0 0 0 0 0 0 0 0 0 0
N-000937,000937,Normal/000937.mp4,CCD,official,val,,,,0,,,10.0,,,,0 0 0 0 0 0 0 0 0 0 0 0 0 0 0 0 0 0 0 0 0 0 0 0 0 0 0 0 0 0 0 0 0 0 0 0 0 0 0 0 0 0 0 0 0 0 0 0 0 0
N-000938,000938,Normal/000938.mp4,CCD,official,val,,,,0,,,10.0,,,,0 0 0 0 0 0 0 0 0 0 0 0 0 0 0 0 0 0 0 0 0 0 0 0 0 0 0 0 0 0 0 0 0 0 0 0 0 0 0 0 0 0 0 0 0 0 0 0 0 0
N-000939,000939,Normal/000939.mp4,CCD,official,train,,,,0,,,10.0,,,,0 0 0 0 0 0 0 0 0 0 0 0 0 0 0 0 0 0 0 0 0 0 0 0 0 0 0 0 0 0 0 0 0 0 0 0 0 0 0 0 0 0 0 0 0 0 0 0 0 0
N-000940,000940,Normal/000940.mp4,CCD,official,test,,,,0,,,10.0,,,,0 0 0 0 0 0 0 0 0 0 0 0 0 0 0 0 0 0 0 0 0 0 0 0 0 0 0 0 0 0 0 0 0 0 0 0 0 0 0 0 0 0 0 0 0 0 0 0 0 0
N-000941,000941,Normal/000941.mp4,CCD,official,train,,,,0,,,10.0,,,,0 0 0 0 0 0 0 0 0 0 0 0 0 0 0 0 0 0 0 0 0 0 0 0 0 0 0 0 0 0 0 0 0 0 0 0 0 0 0 0 0 0 0 0 0 0 0 0 0 0
N-000942,000942,Normal/000942.mp4,CCD,official,train,,,,0,,,10.0,,,,0 0 0 0 0 0 0 0 0 0 0 0 0 0 0 0 0 0 0 0 0 0 0 0 0 0 0 0 0 0 0 0 0 0 0 0 0 0 0 0 0 0 0 0 0 0 0 0 0 0
N-000943,000943,Normal/000943.mp4,CCD,official,train,,,,0,,,10.0,,,,0 0 0 0 0 0 0 0 0 0 0 0 0 0 0 0 0 0 0 0 0 0 0 0 0 0 0 0 0 0 0 0 0 0 0 0 0 0 0 0 0 0 0 0 0 0 0 0 0 0
N-000944,000944,Normal/000944.mp4,CCD,official,train,,,,0,,,10.0,,,,0 0 0 0 0 0 0 0 0 0 0 0 0 0 0 0 0 0 0 0 0 0 0 0 0 0 0 0 0 0 0 0 0 0 0 0 0 0 0 0 0 0 0 0 0 0 0 0 0 0
N-000945,000945,Normal/000945.mp4,CCD,official,train,,,,0,,,10.0,,,,0 0 0 0 0 0 0 0 0 0 0 0 0 0 0 0 0 0 0 0 0 0 0 0 0 0 0 0 0 0 0 0 0 0 0 0 0 0 0 0 0 0 0 0 0 0 0 0 0 0
N-000946,000946,Normal/000946.mp4,CCD,official,train,,,,0,,,10.0,,,,0 0 0 0 0 0 0 0 0 0 0 0 0 0 0 0 0 0 0 0 0 0 0 0 0 0 0 0 0 0 0 0 0 0 0 0 0 0 0 0 0 0 0 0 0 0 0 0 0 0
N-000947,000947,Normal/000947.mp4,CCD,official,val,,,,0,,,10.0,,,,0 0 0 0 0 0 0 0 0 0 0 0 0 0 0 0 0 0 0 0 0 0 0 0 0 0 0 0 0 0 0 0 0 0 0 0 0 0 0 0 0 0 0 0 0 0 0 0 0 0
N-000948,000948,Normal/000948.mp4,CCD,official,test,,,,0,,,10.0,,,,0 0 0 0 0 0 0 0 0 0 0 0 0 0 0 0 0 0 0 0 0 0 0 0 0 0 0 0 0 0 0 0 0 0 0 0 0 0 0 0 0 0 0 0 0 0 0 0 0 0
N-000949,000949,Normal/000949.mp4,CCD,official,train,,,,0,,,10.0,,,,0 0 0 0 0 0 0 0 0 0 0 0 0 0 0 0 0 0 0 0 0 0 0 0 0 0 0 0 0 0 0 0 0 0 0 0 0 0 0 0 0 0 0 0 0 0 0 0 0 0
N-000950,000950,Normal/000950.mp4,CCD,official,train,,,,0,,,10.0,,,,0 0 0 0 0 0 0 0 0 0 0 0 0 0 0 0 0 0 0 0 0 0 0 0 0 0 0 0 0 0 0 0 0 0 0 0 0 0 0 0 0 0 0 0 0 0 0 0 0 0
N-000951,000951,Normal/000951.mp4,CCD,official,val,,,,0,,,10.0,,,,0 0 0 0 0 0 0 0 0 0 0 0 0 0 0 0 0 0 0 0 0 0 0 0 0 0 0 0 0 0 0 0 0 0 0 0 0 0 0 0 0 0 0 0 0 0 0 0 0 0
N-000952,000952,Normal/000952.mp4,CCD,official,train,,,,0,,,10.0,,,,0 0 0 0 0 0 0 0 0 0 0 0 0 0 0 0 0 0 0 0 0 0 0 0 0 0 0 0 0 0 0 0 0 0 0 0 0 0 0 0 0 0 0 0 0 0 0 0 0 0
N-000953,000953,Normal/000953.mp4,CCD,official,train,,,,0,,,10.0,,,,0 0 0 0 0 0 0 0 0 0 0 0 0 0 0 0 0 0 0 0 0 0 0 0 0 0 0 0 0 0 0 0 0 0 0 0 0 0 0 0 0 0 0 0 0 0 0 0 0 0
N-000954,000954,Normal/000954.mp4,CCD,official,train,,,,0,,,10.0,,,,0 0 0 0 0 0 0 0 0 0 0 0 0 0 0 0 0 0 0 0 0 0 0 0 0 0 0 0 0 0 0 0 0 0 0 0 0 0 0 0 0 0 0 0 0 0 0 0 0 0
N-000955,000955,Normal/000955.mp4,CCD,official,train,,,,0,,,10.0,,,,0 0 0 0 0 0 0 0 0 0 0 0 0 0 0 0 0 0 0 0 0 0 0 0 0 0 0 0 0 0 0 0 0 0 0 0 0 0 0 0 0 0 0 0 0 0 0 0 0 0
N-000956,000956,Normal/000956.mp4,CCD,official,train,,,,0,,,10.0,,,,0 0 0 0 0 0 0 0 0 0 0 0 0 0 0 0 0 0 0 0 0 0 0 0 0 0 0 0 0 0 0 0 0 0 0 0 0 0 0 0 0 0 0 0 0 0 0 0 0 0
N-000957,000957,Normal/000957.mp4,CCD,official,test,,,,0,,,10.0,,,,0 0 0 0 0 0 0 0 0 0 0 0 0 0 0 0 0 0 0 0 0 0 0 0 0 0 0 0 0 0 0 0 0 0 0 0 0 0 0 0 0 0 0 0 0 0 0 0 0 0
N-000958,000958,Normal/000958.mp4,CCD,official,val,,,,0,,,10.0,,,,0 0 0 0 0 0 0 0 0 0 0 0 0 0 0 0 0 0 0 0 0 0 0 0 0 0 0 0 0 0 0 0 0 0 0 0 0 0 0 0 0 0 0 0 0 0 0 0 0 0
N-000959,000959,Normal/000959.mp4,CCD,official,test,,,,0,,,10.0,,,,0 0 0 0 0 0 0 0 0 0 0 0 0 0 0 0 0 0 0 0 0 0 0 0 0 0 0 0 0 0 0 0 0 0 0 0 0 0 0 0 0 0 0 0 0 0 0 0 0 0
N-000960,000960,Normal/000960.mp4,CCD,official,train,,,,0,,,10.0,,,,0 0 0 0 0 0 0 0 0 0 0 0 0 0 0 0 0 0 0 0 0 0 0 0 0 0 0 0 0 0 0 0 0 0 0 0 0 0 0 0 0 0 0 0 0 0 0 0 0 0
N-000961,000961,Normal/000961.mp4,CCD,official,test,,,,0,,,10.0,,,,0 0 0 0 0 0 0 0 0 0 0 0 0 0 0 0 0 0 0 0 0 0 0 0 0 0 0 0 0 0 0 0 0 0 0 0 0 0 0 0 0 0 0 0 0 0 0 0 0 0
N-000962,000962,Normal/000962.mp4,CCD,official,train,,,,0,,,10.0,,,,0 0 0 0 0 0 0 0 0 0 0 0 0 0 0 0 0 0 0 0 0 0 0 0 0 0 0 0 0 0 0 0 0 0 0 0 0 0 0 0 0 0 0 0 0 0 0 0 0 0
N-000963,000963,Normal/000963.mp4,CCD,official,train,,,,0,,,10.0,,,,0 0 0 0 0 0 0 0 0 0 0 0 0 0 0 0 0 0 0 0 0 0 0 0 0 0 0 0 0 0 0 0 0 0 0 0 0 0 0 0 0 0 0 0 0 0 0 0 0 0
N-000964,000964,Normal/000964.mp4,CCD,official,test,,,,0,,,10.0,,,,0 0 0 0 0 0 0 0 0 0 0 0 0 0 0 0 0 0 0 0 0 0 0 0 0 0 0 0 0 0 0 0 0 0 0 0 0 0 0 0 0 0 0 0 0 0 0 0 0 0
N-000965,000965,Normal/000965.mp4,CCD,official,val,,,,0,,,10.0,,,,0 0 0 0 0 0 0 0 0 0 0 0 0 0 0 0 0 0 0 0 0 0 0 0 0 0 0 0 0 0 0 0 0 0 0 0 0 0 0 0 0 0 0 0 0 0 0 0 0 0
N-000966,000966,Normal/000966.mp4,CCD,official,test,,,,0,,,10.0,,,,0 0 0 0 0 0 0 0 0 0 0 0 0 0 0 0 0 0 0 0 0 0 0 0 0 0 0 0 0 0 0 0 0 0 0 0 0 0 0 0 0 0 0 0 0 0 0 0 0 0
N-000967,000967,Normal/000967.mp4,CCD,official,train,,,,0,,,10.0,,,,0 0 0 0 0 0 0 0 0 0 0 0 0 0 0 0 0 0 0 0 0 0 0 0 0 0 0 0 0 0 0 0 0 0 0 0 0 0 0 0 0 0 0 0 0 0 0 0 0 0
N-000968,000968,Normal/000968.mp4,CCD,official,train,,,,0,,,10.0,,,,0 0 0 0 0 0 0 0 0 0 0 0 0 0 0 0 0 0 0 0 0 0 0 0 0 0 0 0 0 0 0 0 0 0 0 0 0 0 0 0 0 0 0 0 0 0 0 0 0 0
N-000969,000969,Normal/000969.mp4,CCD,official,train,,,,0,,,10.0,,,,0 0 0 0 0 0 0 0 0 0 0 0 0 0 0 0 0 0 0 0 0 0 0 0 0 0 0 0 0 0 0 0 0 0 0 0 0 0 0 0 0 0 0 0 0 0 0 0 0 0
N-000970,000970,Normal/000970.mp4,CCD,official,train,,,,0,,,10.0,,,,0 0 0 0 0 0 0 0 0 0 0 0 0 0 0 0 0 0 0 0 0 0 0 0 0 0 0 0 0 0 0 0 0 0 0 0 0 0 0 0 0 0 0 0 0 0 0 0 0 0
N-000971,000971,Normal/000971.mp4,CCD,official,test,,,,0,,,10.0,,,,0 0 0 0 0 0 0 0 0 0 0 0 0 0 0 0 0 0 0 0 0 0 0 0 0 0 0 0 0 0 0 0 0 0 0 0 0 0 0 0 0 0 0 0 0 0 0 0 0 0
N-000972,000972,Normal/000972.mp4,CCD,official,test,,,,0,,,10.0,,,,0 0 0 0 0 0 0 0 0 0 0 0 0 0 0 0 0 0 0 0 0 0 0 0 0 0 0 0 0 0 0 0 0 0 0 0 0 0 0 0 0 0 0 0 0 0 0 0 0 0
N-000973,000973,Normal/000973.mp4,CCD,official,train,,,,0,,,10.0,,,,0 0 0 0 0 0 0 0 0 0 0 0 0 0 0 0 0 0 0 0 0 0 0 0 0 0 0 0 0 0 0 0 0 0 0 0 0 0 0 0 0 0 0 0 0 0 0 0 0 0
N-000974,000974,Normal/000974.mp4,CCD,official,train,,,,0,,,10.0,,,,0 0 0 0 0 0 0 0 0 0 0 0 0 0 0 0 0 0 0 0 0 0 0 0 0 0 0 0 0 0 0 0 0 0 0 0 0 0 0 0 0 0 0 0 0 0 0 0 0 0
N-000975,000975,Normal/000975.mp4,CCD,official,train,,,,0,,,10.0,,,,0 0 0 0 0 0 0 0 0 0 0 0 0 0 0 0 0 0 0 0 0 0 0 0 0 0 0 0 0 0 0 0 0 0 0 0 0 0 0 0 0 0 0 0 0 0 0 0 0 0
N-000976,000976,Normal/000976.mp4,CCD,official,train,,,,0,,,10.0,,,,0 0 0 0 0 0 0 0 0 0 0 0 0 0 0 0 0 0 0 0 0 0 0 0 0 0 0 0 0 0 0 0 0 0 0 0 0 0 0 0 0 0 0 0 0 0 0 0 0 0
N-000977,000977,Normal/000977.mp4,CCD,official,train,,,,0,,,10.0,,,,0 0 0 0 0 0 0 0 0 0 0 0 0 0 0 0 0 0 0 0 0 0 0 0 0 0 0 0 0 0 0 0 0 0 0 0 0 0 0 0 0 0 0 0 0 0 0 0 0 0
N-000978,000978,Normal/000978.mp4,CCD,official,train,,,,0,,,10.0,,,,0 0 0 0 0 0 0 0 0 0 0 0 0 0 0 0 0 0 0 0 0 0 0 0 0 0 0 0 0 0 0 0 0 0 0 0 0 0 0 0 0 0 0 0 0 0 0 0 0 0
N-000979,000979,Normal/000979.mp4,CCD,official,train,,,,0,,,10.0,,,,0 0 0 0 0 0 0 0 0 0 0 0 0 0 0 0 0 0 0 0 0 0 0 0 0 0 0 0 0 0 0 0 0 0 0 0 0 0 0 0 0 0 0 0 0 0 0 0 0 0
N-000980,000980,Normal/000980.mp4,CCD,official,train,,,,0,,,10.0,,,,0 0 0 0 0 0 0 0 0 0 0 0 0 0 0 0 0 0 0 0 0 0 0 0 0 0 0 0 0 0 0 0 0 0 0 0 0 0 0 0 0 0 0 0 0 0 0 0 0 0
N-000981,000981,Normal/000981.mp4,CCD,official,train,,,,0,,,10.0,,,,0 0 0 0 0 0 0 0 0 0 0 0 0 0 0 0 0 0 0 0 0 0 0 0 0 0 0 0 0 0 0 0 0 0 0 0 0 0 0 0 0 0 0 0 0 0 0 0 0 0
N-000982,000982,Normal/000982.mp4,CCD,official,train,,,,0,,,10.0,,,,0 0 0 0 0 0 0 0 0 0 0 0 0 0 0 0 0 0 0 0 0 0 0 0 0 0 0 0 0 0 0 0 0 0 0 0 0 0 0 0 0 0 0 0 0 0 0 0 0 0
N-000983,000983,Normal/000983.mp4,CCD,official,train,,,,0,,,10.0,,,,0 0 0 0 0 0 0 0 0 0 0 0 0 0 0 0 0 0 0 0 0 0 0 0 0 0 0 0 0 0 0 0 0 0 0 0 0 0 0 0 0 0 0 0 0 0 0 0 0 0
N-000984,000984,Normal/000984.mp4,CCD,official,test,,,,0,,,10.0,,,,0 0 0 0 0 0 0 0 0 0 0 0 0 0 0 0 0 0 0 0 0 0 0 0 0 0 0 0 0 0 0 0 0 0 0 0 0 0 0 0 0 0 0 0 0 0 0 0 0 0
N-000985,000985,Normal/000985.mp4,CCD,official,val,,,,0,,,10.0,,,,0 0 0 0 0 0 0 0 0 0 0 0 0 0 0 0 0 0 0 0 0 0 0 0 0 0 0 0 0 0 0 0 0 0 0 0 0 0 0 0 0 0 0 0 0 0 0 0 0 0
N-000986,000986,Normal/000986.mp4,CCD,official,train,,,,0,,,10.0,,,,0 0 0 0 0 0 0 0 0 0 0 0 0 0 0 0 0 0 0 0 0 0 0 0 0 0 0 0 0 0 0 0 0 0 0 0 0 0 0 0 0 0 0 0 0 0 0 0 0 0
N-000987,000987,Normal/000987.mp4,CCD,official,train,,,,0,,,10.0,,,,0 0 0 0 0 0 0 0 0 0 0 0 0 0 0 0 0 0 0 0 0 0 0 0 0 0 0 0 0 0 0 0 0 0 0 0 0 0 0 0 0 0 0 0 0 0 0 0 0 0
N-000988,000988,Normal/000988.mp4,CCD,official,train,,,,0,,,10.0,,,,0 0 0 0 0 0 0 0 0 0 0 0 0 0 0 0 0 0 0 0 0 0 0 0 0 0 0 0 0 0 0 0 0 0 0 0 0 0 0 0 0 0 0 0 0 0 0 0 0 0
N-000989,000989,Normal/000989.mp4,CCD,official,train,,,,0,,,10.0,,,,0 0 0 0 0 0 0 0 0 0 0 0 0 0 0 0 0 0 0 0 0 0 0 0 0 0 0 0 0 0 0 0 0 0 0 0 0 0 0 0 0 0 0 0 0 0 0 0 0 0
N-000990,000990,Normal/000990.mp4,CCD,official,train,,,,0,,,10.0,,,,0 0 0 0 0 0 0 0 0 0 0 0 0 0 0 0 0 0 0 0 0 0 0 0 0 0 0 0 0 0 0 0 0 0 0 0 0 0 0 0 0 0 0 0 0 0 0 0 0 0
N-000991,000991,Normal/000991.mp4,CCD,official,val,,,,0,,,10.0,,,,0 0 0 0 0 0 0 0 0 0 0 0 0 0 0 0 0 0 0 0 0 0 0 0 0 0 0 0 0 0 0 0 0 0 0 0 0 0 0 0 0 0 0 0 0 0 0 0 0 0
N-000992,000992,Normal/000992.mp4,CCD,official,train,,,,0,,,10.0,,,,0 0 0 0 0 0 0 0 0 0 0 0 0 0 0 0 0 0 0 0 0 0 0 0 0 0 0 0 0 0 0 0 0 0 0 0 0 0 0 0 0 0 0 0 0 0 0 0 0 0
N-000993,000993,Normal/000993.mp4,CCD,official,train,,,,0,,,10.0,,,,0 0 0 0 0 0 0 0 0 0 0 0 0 0 0 0 0 0 0 0 0 0 0 0 0 0 0 0 0 0 0 0 0 0 0 0 0 0 0 0 0 0 0 0 0 0 0 0 0 0
N-000994,000994,Normal/000994.mp4,CCD,official,train,,,,0,,,10.0,,,,0 0 0 0 0 0 0 0 0 0 0 0 0 0 0 0 0 0 0 0 0 0 0 0 0 0 0 0 0 0 0 0 0 0 0 0 0 0 0 0 0 0 0 0 0 0 0 0 0 0
N-000995,000995,Normal/000995.mp4,CCD,official,test,,,,0,,,10.0,,,,0 0 0 0 0 0 0 0 0 0 0 0 0 0 0 0 0 0 0 0 0 0 0 0 0 0 0 0 0 0 0 0 0 0 0 0 0 0 0 0 0 0 0 0 0 0 0 0 0 0
N-000996,000996,Normal/000996.mp4,CCD,official,train,,,,0,,,10.0,,,,0 0 0 0 0 0 0 0 0 0 0 0 0 0 0 0 0 0 0 0 0 0 0 0 0 0 0 0 0 0 0 0 0 0 0 0 0 0 0 0 0 0 0 0 0 0 0 0 0 0
N-000997,000997,Normal/000997.mp4,CCD,official,train,,,,0,,,10.0,,,,0 0 0 0 0 0 0 0 0 0 0 0 0 0 0 0 0 0 0 0 0 0 0 0 0 0 0 0 0 0 0 0 0 0 0 0 0 0 0 0 0 0 0 0 0 0 0 0 0 0
N-000998,000998,Normal/000998.mp4,CCD,official,test,,,,0,,,10.0,,,,0 0 0 0 0 0 0 0 0 0 0 0 0 0 0 0 0 0 0 0 0 0 0 0 0 0 0 0 0 0 0 0 0 0 0 0 0 0 0 0 0 0 0 0 0 0 0 0 0 0
N-000999,000999,Normal/000999.mp4,CCD,official,train,,,,0,,,10.0,,,,0 0 0 0 0 0 0 0 0 0 0 0 0 0 0 0 0 0 0 0 0 0 0 0 0 0 0 0 0 0 0 0 0 0 0 0 0 0 0 0 0 0 0 0 0 0 0 0 0 0
N-001000,001000,Normal/001000.mp4,CCD,official,val,,,,0,,,10.0,,,,0 0 0 0 0 0 0 0 0 0 0 0 0 0 0 0 0 0 0 0 0 0 0 0 0 0 0 0 0 0 0 0 0 0 0 0 0 0 0 0 0 0 0 0 0 0 0 0 0 0
N-001001,001001,Normal/001001.mp4,CCD,official,train,,,,0,,,10.0,,,,0 0 0 0 0 0 0 0 0 0 0 0 0 0 0 0 0 0 0 0 0 0 0 0 0 0 0 0 0 0 0 0 0 0 0 0 0 0 0 0 0 0 0 0 0 0 0 0 0 0
N-001002,001002,Normal/001002.mp4,CCD,official,train,,,,0,,,10.0,,,,0 0 0 0 0 0 0 0 0 0 0 0 0 0 0 0 0 0 0 0 0 0 0 0 0 0 0 0 0 0 0 0 0 0 0 0 0 0 0 0 0 0 0 0 0 0 0 0 0 0
N-001003,001003,Normal/001003.mp4,CCD,official,train,,,,0,,,10.0,,,,0 0 0 0 0 0 0 0 0 0 0 0 0 0 0 0 0 0 0 0 0 0 0 0 0 0 0 0 0 0 0 0 0 0 0 0 0 0 0 0 0 0 0 0 0 0 0 0 0 0
N-001004,001004,Normal/001004.mp4,CCD,official,test,,,,0,,,10.0,,,,0 0 0 0 0 0 0 0 0 0 0 0 0 0 0 0 0 0 0 0 0 0 0 0 0 0 0 0 0 0 0 0 0 0 0 0 0 0 0 0 0 0 0 0 0 0 0 0 0 0
N-001005,001005,Normal/001005.mp4,CCD,official,test,,,,0,,,10.0,,,,0 0 0 0 0 0 0 0 0 0 0 0 0 0 0 0 0 0 0 0 0 0 0 0 0 0 0 0 0 0 0 0 0 0 0 0 0 0 0 0 0 0 0 0 0 0 0 0 0 0
N-001006,001006,Normal/001006.mp4,CCD,official,train,,,,0,,,10.0,,,,0 0 0 0 0 0 0 0 0 0 0 0 0 0 0 0 0 0 0 0 0 0 0 0 0 0 0 0 0 0 0 0 0 0 0 0 0 0 0 0 0 0 0 0 0 0 0 0 0 0
N-001007,001007,Normal/001007.mp4,CCD,official,train,,,,0,,,10.0,,,,0 0 0 0 0 0 0 0 0 0 0 0 0 0 0 0 0 0 0 0 0 0 0 0 0 0 0 0 0 0 0 0 0 0 0 0 0 0 0 0 0 0 0 0 0 0 0 0 0 0
N-001008,001008,Normal/001008.mp4,CCD,official,train,,,,0,,,10.0,,,,0 0 0 0 0 0 0 0 0 0 0 0 0 0 0 0 0 0 0 0 0 0 0 0 0 0 0 0 0 0 0 0 0 0 0 0 0 0 0 0 0 0 0 0 0 0 0 0 0 0
N-001009,001009,Normal/001009.mp4,CCD,official,test,,,,0,,,10.0,,,,0 0 0 0 0 0 0 0 0 0 0 0 0 0 0 0 0 0 0 0 0 0 0 0 0 0 0 0 0 0 0 0 0 0 0 0 0 0 0 0 0 0 0 0 0 0 0 0 0 0
N-001010,001010,Normal/001010.mp4,CCD,official,train,,,,0,,,10.0,,,,0 0 0 0 0 0 0 0 0 0 0 0 0 0 0 0 0 0 0 0 0 0 0 0 0 0 0 0 0 0 0 0 0 0 0 0 0 0 0 0 0 0 0 0 0 0 0 0 0 0
N-001011,001011,Normal/001011.mp4,CCD,official,val,,,,0,,,10.0,,,,0 0 0 0 0 0 0 0 0 0 0 0 0 0 0 0 0 0 0 0 0 0 0 0 0 0 0 0 0 0 0 0 0 0 0 0 0 0 0 0 0 0 0 0 0 0 0 0 0 0
N-001012,001012,Normal/001012.mp4,CCD,official,test,,,,0,,,10.0,,,,0 0 0 0 0 0 0 0 0 0 0 0 0 0 0 0 0 0 0 0 0 0 0 0 0 0 0 0 0 0 0 0 0 0 0 0 0 0 0 0 0 0 0 0 0 0 0 0 0 0
N-001013,001013,Normal/001013.mp4,CCD,official,val,,,,0,,,10.0,,,,0 0 0 0 0 0 0 0 0 0 0 0 0 0 0 0 0 0 0 0 0 0 0 0 0 0 0 0 0 0 0 0 0 0 0 0 0 0 0 0 0 0 0 0 0 0 0 0 0 0
N-001014,001014,Normal/001014.mp4,CCD,official,train,,,,0,,,10.0,,,,0 0 0 0 0 0 0 0 0 0 0 0 0 0 0 0 0 0 0 0 0 0 0 0 0 0 0 0 0 0 0 0 0 0 0 0 0 0 0 0 0 0 0 0 0 0 0 0 0 0
N-001015,001015,Normal/001015.mp4,CCD,official,val,,,,0,,,10.0,,,,0 0 0 0 0 0 0 0 0 0 0 0 0 0 0 0 0 0 0 0 0 0 0 0 0 0 0 0 0 0 0 0 0 0 0 0 0 0 0 0 0 0 0 0 0 0 0 0 0 0
N-001016,001016,Normal/001016.mp4,CCD,official,test,,,,0,,,10.0,,,,0 0 0 0 0 0 0 0 0 0 0 0 0 0 0 0 0 0 0 0 0 0 0 0 0 0 0 0 0 0 0 0 0 0 0 0 0 0 0 0 0 0 0 0 0 0 0 0 0 0
N-001017,001017,Normal/001017.mp4,CCD,official,test,,,,0,,,10.0,,,,0 0 0 0 0 0 0 0 0 0 0 0 0 0 0 0 0 0 0 0 0 0 0 0 0 0 0 0 0 0 0 0 0 0 0 0 0 0 0 0 0 0 0 0 0 0 0 0 0 0
N-001018,001018,Normal/001018.mp4,CCD,official,train,,,,0,,,10.0,,,,0 0 0 0 0 0 0 0 0 0 0 0 0 0 0 0 0 0 0 0 0 0 0 0 0 0 0 0 0 0 0 0 0 0 0 0 0 0 0 0 0 0 0 0 0 0 0 0 0 0
N-001019,001019,Normal/001019.mp4,CCD,official,val,,,,0,,,10.0,,,,0 0 0 0 0 0 0 0 0 0 0 0 0 0 0 0 0 0 0 0 0 0 0 0 0 0 0 0 0 0 0 0 0 0 0 0 0 0 0 0 0 0 0 0 0 0 0 0 0 0
N-001020,001020,Normal/001020.mp4,CCD,official,train,,,,0,,,10.0,,,,0 0 0 0 0 0 0 0 0 0 0 0 0 0 0 0 0 0 0 0 0 0 0 0 0 0 0 0 0 0 0 0 0 0 0 0 0 0 0 0 0 0 0 0 0 0 0 0 0 0
N-001021,001021,Normal/001021.mp4,CCD,official,train,,,,0,,,10.0,,,,0 0 0 0 0 0 0 0 0 0 0 0 0 0 0 0 0 0 0 0 0 0 0 0 0 0 0 0 0 0 0 0 0 0 0 0 0 0 0 0 0 0 0 0 0 0 0 0 0 0
N-001022,001022,Normal/001022.mp4,CCD,official,train,,,,0,,,10.0,,,,0 0 0 0 0 0 0 0 0 0 0 0 0 0 0 0 0 0 0 0 0 0 0 0 0 0 0 0 0 0 0 0 0 0 0 0 0 0 0 0 0 0 0 0 0 0 0 0 0 0
N-001023,001023,Normal/001023.mp4,CCD,official,test,,,,0,,,10.0,,,,0 0 0 0 0 0 0 0 0 0 0 0 0 0 0 0 0 0 0 0 0 0 0 0 0 0 0 0 0 0 0 0 0 0 0 0 0 0 0 0 0 0 0 0 0 0 0 0 0 0
N-001024,001024,Normal/001024.mp4,CCD,official,train,,,,0,,,10.0,,,,0 0 0 0 0 0 0 0 0 0 0 0 0 0 0 0 0 0 0 0 0 0 0 0 0 0 0 0 0 0 0 0 0 0 0 0 0 0 0 0 0 0 0 0 0 0 0 0 0 0
N-001025,001025,Normal/001025.mp4,CCD,official,train,,,,0,,,10.0,,,,0 0 0 0 0 0 0 0 0 0 0 0 0 0 0 0 0 0 0 0 0 0 0 0 0 0 0 0 0 0 0 0 0 0 0 0 0 0 0 0 0 0 0 0 0 0 0 0 0 0
N-001026,001026,Normal/001026.mp4,CCD,official,train,,,,0,,,10.0,,,,0 0 0 0 0 0 0 0 0 0 0 0 0 0 0 0 0 0 0 0 0 0 0 0 0 0 0 0 0 0 0 0 0 0 0 0 0 0 0 0 0 0 0 0 0 0 0 0 0 0
N-001027,001027,Normal/001027.mp4,CCD,official,train,,,,0,,,10.0,,,,0 0 0 0 0 0 0 0 0 0 0 0 0 0 0 0 0 0 0 0 0 0 0 0 0 0 0 0 0 0 0 0 0 0 0 0 0 0 0 0 0 0 0 0 0 0 0 0 0 0
N-001028,001028,Normal/001028.mp4,CCD,official,train,,,,0,,,10.0,,,,0 0 0 0 0 0 0 0 0 0 0 0 0 0 0 0 0 0 0 0 0 0 0 0 0 0 0 0 0 0 0 0 0 0 0 0 0 0 0 0 0 0 0 0 0 0 0 0 0 0
N-001029,001029,Normal/001029.mp4,CCD,official,train,,,,0,,,10.0,,,,0 0 0 0 0 0 0 0 0 0 0 0 0 0 0 0 0 0 0 0 0 0 0 0 0 0 0 0 0 0 0 0 0 0 0 0 0 0 0 0 0 0 0 0 0 0 0 0 0 0
N-001030,001030,Normal/001030.mp4,CCD,official,test,,,,0,,,10.0,,,,0 0 0 0 0 0 0 0 0 0 0 0 0 0 0 0 0 0 0 0 0 0 0 0 0 0 0 0 0 0 0 0 0 0 0 0 0 0 0 0 0 0 0 0 0 0 0 0 0 0
N-001031,001031,Normal/001031.mp4,CCD,official,train,,,,0,,,10.0,,,,0 0 0 0 0 0 0 0 0 0 0 0 0 0 0 0 0 0 0 0 0 0 0 0 0 0 0 0 0 0 0 0 0 0 0 0 0 0 0 0 0 0 0 0 0 0 0 0 0 0
N-001032,001032,Normal/001032.mp4,CCD,official,train,,,,0,,,10.0,,,,0 0 0 0 0 0 0 0 0 0 0 0 0 0 0 0 0 0 0 0 0 0 0 0 0 0 0 0 0 0 0 0 0 0 0 0 0 0 0 0 0 0 0 0 0 0 0 0 0 0
N-001033,001033,Normal/001033.mp4,CCD,official,train,,,,0,,,10.0,,,,0 0 0 0 0 0 0 0 0 0 0 0 0 0 0 0 0 0 0 0 0 0 0 0 0 0 0 0 0 0 0 0 0 0 0 0 0 0 0 0 0 0 0 0 0 0 0 0 0 0
N-001034,001034,Normal/001034.mp4,CCD,official,train,,,,0,,,10.0,,,,0 0 0 0 0 0 0 0 0 0 0 0 0 0 0 0 0 0 0 0 0 0 0 0 0 0 0 0 0 0 0 0 0 0 0 0 0 0 0 0 0 0 0 0 0 0 0 0 0 0
N-001035,001035,Normal/001035.mp4,CCD,official,train,,,,0,,,10.0,,,,0 0 0 0 0 0 0 0 0 0 0 0 0 0 0 0 0 0 0 0 0 0 0 0 0 0 0 0 0 0 0 0 0 0 0 0 0 0 0 0 0 0 0 0 0 0 0 0 0 0
N-001036,001036,Normal/001036.mp4,CCD,official,train,,,,0,,,10.0,,,,0 0 0 0 0 0 0 0 0 0 0 0 0 0 0 0 0 0 0 0 0 0 0 0 0 0 0 0 0 0 0 0 0 0 0 0 0 0 0 0 0 0 0 0 0 0 0 0 0 0
N-001037,001037,Normal/001037.mp4,CCD,official,test,,,,0,,,10.0,,,,0 0 0 0 0 0 0 0 0 0 0 0 0 0 0 0 0 0 0 0 0 0 0 0 0 0 0 0 0 0 0 0 0 0 0 0 0 0 0 0 0 0 0 0 0 0 0 0 0 0
N-001038,001038,Normal/001038.mp4,CCD,official,train,,,,0,,,10.0,,,,0 0 0 0 0 0 0 0 0 0 0 0 0 0 0 0 0 0 0 0 0 0 0 0 0 0 0 0 0 0 0 0 0 0 0 0 0 0 0 0 0 0 0 0 0 0 0 0 0 0
N-001039,001039,Normal/001039.mp4,CCD,official,train,,,,0,,,10.0,,,,0 0 0 0 0 0 0 0 0 0 0 0 0 0 0 0 0 0 0 0 0 0 0 0 0 0 0 0 0 0 0 0 0 0 0 0 0 0 0 0 0 0 0 0 0 0 0 0 0 0
N-001040,001040,Normal/001040.mp4,CCD,official,val,,,,0,,,10.0,,,,0 0 0 0 0 0 0 0 0 0 0 0 0 0 0 0 0 0 0 0 0 0 0 0 0 0 0 0 0 0 0 0 0 0 0 0 0 0 0 0 0 0 0 0 0 0 0 0 0 0
N-001041,001041,Normal/001041.mp4,CCD,official,train,,,,0,,,10.0,,,,0 0 0 0 0 0 0 0 0 0 0 0 0 0 0 0 0 0 0 0 0 0 0 0 0 0 0 0 0 0 0 0 0 0 0 0 0 0 0 0 0 0 0 0 0 0 0 0 0 0
N-001042,001042,Normal/001042.mp4,CCD,official,train,,,,0,,,10.0,,,,0 0 0 0 0 0 0 0 0 0 0 0 0 0 0 0 0 0 0 0 0 0 0 0 0 0 0 0 0 0 0 0 0 0 0 0 0 0 0 0 0 0 0 0 0 0 0 0 0 0
N-001043,001043,Normal/001043.mp4,CCD,official,train,,,,0,,,10.0,,,,0 0 0 0 0 0 0 0 0 0 0 0 0 0 0 0 0 0 0 0 0 0 0 0 0 0 0 0 0 0 0 0 0 0 0 0 0 0 0 0 0 0 0 0 0 0 0 0 0 0
N-001044,001044,Normal/001044.mp4,CCD,official,train,,,,0,,,10.0,,,,0 0 0 0 0 0 0 0 0 0 0 0 0 0 0 0 0 0 0 0 0 0 0 0 0 0 0 0 0 0 0 0 0 0 0 0 0 0 0 0 0 0 0 0 0 0 0 0 0 0
N-001045,001045,Normal/001045.mp4,CCD,official,train,,,,0,,,10.0,,,,0 0 0 0 0 0 0 0 0 0 0 0 0 0 0 0 0 0 0 0 0 0 0 0 0 0 0 0 0 0 0 0 0 0 0 0 0 0 0 0 0 0 0 0 0 0 0 0 0 0
N-001046,001046,Normal/001046.mp4,CCD,official,train,,,,0,,,10.0,,,,0 0 0 0 0 0 0 0 0 0 0 0 0 0 0 0 0 0 0 0 0 0 0 0 0 0 0 0 0 0 0 0 0 0 0 0 0 0 0 0 0 0 0 0 0 0 0 0 0 0
N-001047,001047,Normal/001047.mp4,CCD,official,train,,,,0,,,10.0,,,,0 0 0 0 0 0 0 0 0 0 0 0 0 0 0 0 0 0 0 0 0 0 0 0 0 0 0 0 0 0 0 0 0 0 0 0 0 0 0 0 0 0 0 0 0 0 0 0 0 0
N-001048,001048,Normal/001048.mp4,CCD,official,val,,,,0,,,10.0,,,,0 0 0 0 0 0 0 0 0 0 0 0 0 0 0 0 0 0 0 0 0 0 0 0 0 0 0 0 0 0 0 0 0 0 0 0 0 0 0 0 0 0 0 0 0 0 0 0 0 0
N-001049,001049,Normal/001049.mp4,CCD,official,val,,,,0,,,10.0,,,,0 0 0 0 0 0 0 0 0 0 0 0 0 0 0 0 0 0 0 0 0 0 0 0 0 0 0 0 0 0 0 0 0 0 0 0 0 0 0 0 0 0 0 0 0 0 0 0 0 0
N-001050,001050,Normal/001050.mp4,CCD,official,val,,,,0,,,10.0,,,,0 0 0 0 0 0 0 0 0 0 0 0 0 0 0 0 0 0 0 0 0 0 0 0 0 0 0 0 0 0 0 0 0 0 0 0 0 0 0 0 0 0 0 0 0 0 0 0 0 0
N-001051,001051,Normal/001051.mp4,CCD,official,test,,,,0,,,10.0,,,,0 0 0 0 0 0 0 0 0 0 0 0 0 0 0 0 0 0 0 0 0 0 0 0 0 0 0 0 0 0 0 0 0 0 0 0 0 0 0 0 0 0 0 0 0 0 0 0 0 0
N-001052,001052,Normal/001052.mp4,CCD,official,train,,,,0,,,10.0,,,,0 0 0 0 0 0 0 0 0 0 0 0 0 0 0 0 0 0 0 0 0 0 0 0 0 0 0 0 0 0 0 0 0 0 0 0 0 0 0 0 0 0 0 0 0 0 0 0 0 0
N-001053,001053,Normal/001053.mp4,CCD,official,train,,,,0,,,10.0,,,,0 0 0 0 0 0 0 0 0 0 0 0 0 0 0 0 0 0 0 0 0 0 0 0 0 0 0 0 0 0 0 0 0 0 0 0 0 0 0 0 0 0 0 0 0 0 0 0 0 0
N-001054,001054,Normal/001054.mp4,CCD,official,test,,,,0,,,10.0,,,,0 0 0 0 0 0 0 0 0 0 0 0 0 0 0 0 0 0 0 0 0 0 0 0 0 0 0 0 0 0 0 0 0 0 0 0 0 0 0 0 0 0 0 0 0 0 0 0 0 0
N-001055,001055,Normal/001055.mp4,CCD,official,train,,,,0,,,10.0,,,,0 0 0 0 0 0 0 0 0 0 0 0 0 0 0 0 0 0 0 0 0 0 0 0 0 0 0 0 0 0 0 0 0 0 0 0 0 0 0 0 0 0 0 0 0 0 0 0 0 0
N-001056,001056,Normal/001056.mp4,CCD,official,train,,,,0,,,10.0,,,,0 0 0 0 0 0 0 0 0 0 0 0 0 0 0 0 0 0 0 0 0 0 0 0 0 0 0 0 0 0 0 0 0 0 0 0 0 0 0 0 0 0 0 0 0 0 0 0 0 0
N-001057,001057,Normal/001057.mp4,CCD,official,test,,,,0,,,10.0,,,,0 0 0 0 0 0 0 0 0 0 0 0 0 0 0 0 0 0 0 0 0 0 0 0 0 0 0 0 0 0 0 0 0 0 0 0 0 0 0 0 0 0 0 0 0 0 0 0 0 0
N-001058,001058,Normal/001058.mp4,CCD,official,train,,,,0,,,10.0,,,,0 0 0 0 0 0 0 0 0 0 0 0 0 0 0 0 0 0 0 0 0 0 0 0 0 0 0 0 0 0 0 0 0 0 0 0 0 0 0 0 0 0 0 0 0 0 0 0 0 0
N-001059,001059,Normal/001059.mp4,CCD,official,train,,,,0,,,10.0,,,,0 0 0 0 0 0 0 0 0 0 0 0 0 0 0 0 0 0 0 0 0 0 0 0 0 0 0 0 0 0 0 0 0 0 0 0 0 0 0 0 0 0 0 0 0 0 0 0 0 0
N-001060,001060,Normal/001060.mp4,CCD,official,train,,,,0,,,10.0,,,,0 0 0 0 0 0 0 0 0 0 0 0 0 0 0 0 0 0 0 0 0 0 0 0 0 0 0 0 0 0 0 0 0 0 0 0 0 0 0 0 0 0 0 0 0 0 0 0 0 0
N-001061,001061,Normal/001061.mp4,CCD,official,train,,,,0,,,10.0,,,,0 0 0 0 0 0 0 0 0 0 0 0 0 0 0 0 0 0 0 0 0 0 0 0 0 0 0 0 0 0 0 0 0 0 0 0 0 0 0 0 0 0 0 0 0 0 0 0 0 0
N-001062,001062,Normal/001062.mp4,CCD,official,val,,,,0,,,10.0,,,,0 0 0 0 0 0 0 0 0 0 0 0 0 0 0 0 0 0 0 0 0 0 0 0 0 0 0 0 0 0 0 0 0 0 0 0 0 0 0 0 0 0 0 0 0 0 0 0 0 0
N-001063,001063,Normal/001063.mp4,CCD,official,test,,,,0,,,10.0,,,,0 0 0 0 0 0 0 0 0 0 0 0 0 0 0 0 0 0 0 0 0 0 0 0 0 0 0 0 0 0 0 0 0 0 0 0 0 0 0 0 0 0 0 0 0 0 0 0 0 0
N-001064,001064,Normal/001064.mp4,CCD,official,train,,,,0,,,10.0,,,,0 0 0 0 0 0 0 0 0 0 0 0 0 0 0 0 0 0 0 0 0 0 0 0 0 0 0 0 0 0 0 0 0 0 0 0 0 0 0 0 0 0 0 0 0 0 0 0 0 0
N-001065,001065,Normal/001065.mp4,CCD,official,train,,,,0,,,10.0,,,,0 0 0 0 0 0 0 0 0 0 0 0 0 0 0 0 0 0 0 0 0 0 0 0 0 0 0 0 0 0 0 0 0 0 0 0 0 0 0 0 0 0 0 0 0 0 0 0 0 0
N-001066,001066,Normal/001066.mp4,CCD,official,train,,,,0,,,10.0,,,,0 0 0 0 0 0 0 0 0 0 0 0 0 0 0 0 0 0 0 0 0 0 0 0 0 0 0 0 0 0 0 0 0 0 0 0 0 0 0 0 0 0 0 0 0 0 0 0 0 0
N-001067,001067,Normal/001067.mp4,CCD,official,train,,,,0,,,10.0,,,,0 0 0 0 0 0 0 0 0 0 0 0 0 0 0 0 0 0 0 0 0 0 0 0 0 0 0 0 0 0 0 0 0 0 0 0 0 0 0 0 0 0 0 0 0 0 0 0 0 0
N-001068,001068,Normal/001068.mp4,CCD,official,train,,,,0,,,10.0,,,,0 0 0 0 0 0 0 0 0 0 0 0 0 0 0 0 0 0 0 0 0 0 0 0 0 0 0 0 0 0 0 0 0 0 0 0 0 0 0 0 0 0 0 0 0 0 0 0 0 0
N-001069,001069,Normal/001069.mp4,CCD,official,val,,,,0,,,10.0,,,,0 0 0 0 0 0 0 0 0 0 0 0 0 0 0 0 0 0 0 0 0 0 0 0 0 0 0 0 0 0 0 0 0 0 0 0 0 0 0 0 0 0 0 0 0 0 0 0 0 0
N-001070,001070,Normal/001070.mp4,CCD,official,test,,,,0,,,10.0,,,,0 0 0 0 0 0 0 0 0 0 0 0 0 0 0 0 0 0 0 0 0 0 0 0 0 0 0 0 0 0 0 0 0 0 0 0 0 0 0 0 0 0 0 0 0 0 0 0 0 0
N-001071,001071,Normal/001071.mp4,CCD,official,val,,,,0,,,10.0,,,,0 0 0 0 0 0 0 0 0 0 0 0 0 0 0 0 0 0 0 0 0 0 0 0 0 0 0 0 0 0 0 0 0 0 0 0 0 0 0 0 0 0 0 0 0 0 0 0 0 0
N-001072,001072,Normal/001072.mp4,CCD,official,train,,,,0,,,10.0,,,,0 0 0 0 0 0 0 0 0 0 0 0 0 0 0 0 0 0 0 0 0 0 0 0 0 0 0 0 0 0 0 0 0 0 0 0 0 0 0 0 0 0 0 0 0 0 0 0 0 0
N-001073,001073,Normal/001073.mp4,CCD,official,train,,,,0,,,10.0,,,,0 0 0 0 0 0 0 0 0 0 0 0 0 0 0 0 0 0 0 0 0 0 0 0 0 0 0 0 0 0 0 0 0 0 0 0 0 0 0 0 0 0 0 0 0 0 0 0 0 0
N-001074,001074,Normal/001074.mp4,CCD,official,test,,,,0,,,10.0,,,,0 0 0 0 0 0 0 0 0 0 0 0 0 0 0 0 0 0 0 0 0 0 0 0 0 0 0 0 0 0 0 0 0 0 0 0 0 0 0 0 0 0 0 0 0 0 0 0 0 0
N-001075,001075,Normal/001075.mp4,CCD,official,train,,,,0,,,10.0,,,,0 0 0 0 0 0 0 0 0 0 0 0 0 0 0 0 0 0 0 0 0 0 0 0 0 0 0 0 0 0 0 0 0 0 0 0 0 0 0 0 0 0 0 0 0 0 0 0 0 0
N-001076,001076,Normal/001076.mp4,CCD,official,train,,,,0,,,10.0,,,,0 0 0 0 0 0 0 0 0 0 0 0 0 0 0 0 0 0 0 0 0 0 0 0 0 0 0 0 0 0 0 0 0 0 0 0 0 0 0 0 0 0 0 0 0 0 0 0 0 0
N-001077,001077,Normal/001077.mp4,CCD,official,val,,,,0,,,10.0,,,,0 0 0 0 0 0 0 0 0 0 0 0 0 0 0 0 0 0 0 0 0 0 0 0 0 0 0 0 0 0 0 0 0 0 0 0 0 0 0 0 0 0 0 0 0 0 0 0 0 0
N-001078,001078,Normal/001078.mp4,CCD,official,val,,,,0,,,10.0,,,,0 0 0 0 0 0 0 0 0 0 0 0 0 0 0 0 0 0 0 0 0 0 0 0 0 0 0 0 0 0 0 0 0 0 0 0 0 0 0 0 0 0 0 0 0 0 0 0 0 0
N-001079,001079,Normal/001079.mp4,CCD,official,train,,,,0,,,10.0,,,,0 0 0 0 0 0 0 0 0 0 0 0 0 0 0 0 0 0 0 0 0 0 0 0 0 0 0 0 0 0 0 0 0 0 0 0 0 0 0 0 0 0 0 0 0 0 0 0 0 0
N-001080,001080,Normal/001080.mp4,CCD,official,test,,,,0,,,10.0,,,,0 0 0 0 0 0 0 0 0 0 0 0 0 0 0 0 0 0 0 0 0 0 0 0 0 0 0 0 0 0 0 0 0 0 0 0 0 0 0 0 0 0 0 0 0 0 0 0 0 0
N-001081,001081,Normal/001081.mp4,CCD,official,val,,,,0,,,10.0,,,,0 0 0 0 0 0 0 0 0 0 0 0 0 0 0 0 0 0 0 0 0 0 0 0 0 0 0 0 0 0 0 0 0 0 0 0 0 0 0 0 0 0 0 0 0 0 0 0 0 0
N-001082,001082,Normal/001082.mp4,CCD,official,train,,,,0,,,10.0,,,,0 0 0 0 0 0 0 0 0 0 0 0 0 0 0 0 0 0 0 0 0 0 0 0 0 0 0 0 0 0 0 0 0 0 0 0 0 0 0 0 0 0 0 0 0 0 0 0 0 0
N-001083,001083,Normal/001083.mp4,CCD,official,test,,,,0,,,10.0,,,,0 0 0 0 0 0 0 0 0 0 0 0 0 0 0 0 0 0 0 0 0 0 0 0 0 0 0 0 0 0 0 0 0 0 0 0 0 0 0 0 0 0 0 0 0 0 0 0 0 0
N-001084,001084,Normal/001084.mp4,CCD,official,train,,,,0,,,10.0,,,,0 0 0 0 0 0 0 0 0 0 0 0 0 0 0 0 0 0 0 0 0 0 0 0 0 0 0 0 0 0 0 0 0 0 0 0 0 0 0 0 0 0 0 0 0 0 0 0 0 0
N-001085,001085,Normal/001085.mp4,CCD,official,train,,,,0,,,10.0,,,,0 0 0 0 0 0 0 0 0 0 0 0 0 0 0 0 0 0 0 0 0 0 0 0 0 0 0 0 0 0 0 0 0 0 0 0 0 0 0 0 0 0 0 0 0 0 0 0 0 0
N-001086,001086,Normal/001086.mp4,CCD,official,test,,,,0,,,10.0,,,,0 0 0 0 0 0 0 0 0 0 0 0 0 0 0 0 0 0 0 0 0 0 0 0 0 0 0 0 0 0 0 0 0 0 0 0 0 0 0 0 0 0 0 0 0 0 0 0 0 0
N-001087,001087,Normal/001087.mp4,CCD,official,val,,,,0,,,10.0,,,,0 0 0 0 0 0 0 0 0 0 0 0 0 0 0 0 0 0 0 0 0 0 0 0 0 0 0 0 0 0 0 0 0 0 0 0 0 0 0 0 0 0 0 0 0 0 0 0 0 0
N-001088,001088,Normal/001088.mp4,CCD,official,train,,,,0,,,10.0,,,,0 0 0 0 0 0 0 0 0 0 0 0 0 0 0 0 0 0 0 0 0 0 0 0 0 0 0 0 0 0 0 0 0 0 0 0 0 0 0 0 0 0 0 0 0 0 0 0 0 0
N-001089,001089,Normal/001089.mp4,CCD,official,train,,,,0,,,10.0,,,,0 0 0 0 0 0 0 0 0 0 0 0 0 0 0 0 0 0 0 0 0 0 0 0 0 0 0 0 0 0 0 0 0 0 0 0 0 0 0 0 0 0 0 0 0 0 0 0 0 0
N-001090,001090,Normal/001090.mp4,CCD,official,train,,,,0,,,10.0,,,,0 0 0 0 0 0 0 0 0 0 0 0 0 0 0 0 0 0 0 0 0 0 0 0 0 0 0 0 0 0 0 0 0 0 0 0 0 0 0 0 0 0 0 0 0 0 0 0 0 0
N-001091,001091,Normal/001091.mp4,CCD,official,train,,,,0,,,10.0,,,,0 0 0 0 0 0 0 0 0 0 0 0 0 0 0 0 0 0 0 0 0 0 0 0 0 0 0 0 0 0 0 0 0 0 0 0 0 0 0 0 0 0 0 0 0 0 0 0 0 0
N-001092,001092,Normal/001092.mp4,CCD,official,test,,,,0,,,10.0,,,,0 0 0 0 0 0 0 0 0 0 0 0 0 0 0 0 0 0 0 0 0 0 0 0 0 0 0 0 0 0 0 0 0 0 0 0 0 0 0 0 0 0 0 0 0 0 0 0 0 0
N-001093,001093,Normal/001093.mp4,CCD,official,train,,,,0,,,10.0,,,,0 0 0 0 0 0 0 0 0 0 0 0 0 0 0 0 0 0 0 0 0 0 0 0 0 0 0 0 0 0 0 0 0 0 0 0 0 0 0 0 0 0 0 0 0 0 0 0 0 0
N-001094,001094,Normal/001094.mp4,CCD,official,train,,,,0,,,10.0,,,,0 0 0 0 0 0 0 0 0 0 0 0 0 0 0 0 0 0 0 0 0 0 0 0 0 0 0 0 0 0 0 0 0 0 0 0 0 0 0 0 0 0 0 0 0 0 0 0 0 0
N-001095,001095,Normal/001095.mp4,CCD,official,train,,,,0,,,10.0,,,,0 0 0 0 0 0 0 0 0 0 0 0 0 0 0 0 0 0 0 0 0 0 0 0 0 0 0 0 0 0 0 0 0 0 0 0 0 0 0 0 0 0 0 0 0 0 0 0 0 0
N-001096,001096,Normal/001096.mp4,CCD,official,train,,,,0,,,10.0,,,,0 0 0 0 0 0 0 0 0 0 0 0 0 0 0 0 0 0 0 0 0 0 0 0 0 0 0 0 0 0 0 0 0 0 0 0 0 0 0 0 0 0 0 0 0 0 0 0 0 0
N-001097,001097,Normal/001097.mp4,CCD,official,train,,,,0,,,10.0,,,,0 0 0 0 0 0 0 0 0 0 0 0 0 0 0 0 0 0 0 0 0 0 0 0 0 0 0 0 0 0 0 0 0 0 0 0 0 0 0 0 0 0 0 0 0 0 0 0 0 0
N-001098,001098,Normal/001098.mp4,CCD,official,train,,,,0,,,10.0,,,,0 0 0 0 0 0 0 0 0 0 0 0 0 0 0 0 0 0 0 0 0 0 0 0 0 0 0 0 0 0 0 0 0 0 0 0 0 0 0 0 0 0 0 0 0 0 0 0 0 0
N-001099,001099,Normal/001099.mp4,CCD,official,test,,,,0,,,10.0,,,,0 0 0 0 0 0 0 0 0 0 0 0 0 0 0 0 0 0 0 0 0 0 0 0 0 0 0 0 0 0 0 0 0 0 0 0 0 0 0 0 0 0 0 0 0 0 0 0 0 0
N-001100,001100,Normal/001100.mp4,CCD,official,test,,,,0,,,10.0,,,,0 0 0 0 0 0 0 0 0 0 0 0 0 0 0 0 0 0 0 0 0 0 0 0 0 0 0 0 0 0 0 0 0 0 0 0 0 0 0 0 0 0 0 0 0 0 0 0 0 0
N-001101,001101,Normal/001101.mp4,CCD,official,train,,,,0,,,10.0,,,,0 0 0 0 0 0 0 0 0 0 0 0 0 0 0 0 0 0 0 0 0 0 0 0 0 0 0 0 0 0 0 0 0 0 0 0 0 0 0 0 0 0 0 0 0 0 0 0 0 0
N-001102,001102,Normal/001102.mp4,CCD,official,train,,,,0,,,10.0,,,,0 0 0 0 0 0 0 0 0 0 0 0 0 0 0 0 0 0 0 0 0 0 0 0 0 0 0 0 0 0 0 0 0 0 0 0 0 0 0 0 0 0 0 0 0 0 0 0 0 0
N-001103,001103,Normal/001103.mp4,CCD,official,train,,,,0,,,10.0,,,,0 0 0 0 0 0 0 0 0 0 0 0 0 0 0 0 0 0 0 0 0 0 0 0 0 0 0 0 0 0 0 0 0 0 0 0 0 0 0 0 0 0 0 0 0 0 0 0 0 0
N-001104,001104,Normal/001104.mp4,CCD,official,train,,,,0,,,10.0,,,,0 0 0 0 0 0 0 0 0 0 0 0 0 0 0 0 0 0 0 0 0 0 0 0 0 0 0 0 0 0 0 0 0 0 0 0 0 0 0 0 0 0 0 0 0 0 0 0 0 0
N-001105,001105,Normal/001105.mp4,CCD,official,train,,,,0,,,10.0,,,,0 0 0 0 0 0 0 0 0 0 0 0 0 0 0 0 0 0 0 0 0 0 0 0 0 0 0 0 0 0 0 0 0 0 0 0 0 0 0 0 0 0 0 0 0 0 0 0 0 0
N-001106,001106,Normal/001106.mp4,CCD,official,train,,,,0,,,10.0,,,,0 0 0 0 0 0 0 0 0 0 0 0 0 0 0 0 0 0 0 0 0 0 0 0 0 0 0 0 0 0 0 0 0 0 0 0 0 0 0 0 0 0 0 0 0 0 0 0 0 0
N-001107,001107,Normal/001107.mp4,CCD,official,train,,,,0,,,10.0,,,,0 0 0 0 0 0 0 0 0 0 0 0 0 0 0 0 0 0 0 0 0 0 0 0 0 0 0 0 0 0 0 0 0 0 0 0 0 0 0 0 0 0 0 0 0 0 0 0 0 0
N-001108,001108,Normal/001108.mp4,CCD,official,train,,,,0,,,10.0,,,,0 0 0 0 0 0 0 0 0 0 0 0 0 0 0 0 0 0 0 0 0 0 0 0 0 0 0 0 0 0 0 0 0 0 0 0 0 0 0 0 0 0 0 0 0 0 0 0 0 0
N-001109,001109,Normal/001109.mp4,CCD,official,train,,,,0,,,10.0,,,,0 0 0 0 0 0 0 0 0 0 0 0 0 0 0 0 0 0 0 0 0 0 0 0 0 0 0 0 0 0 0 0 0 0 0 0 0 0 0 0 0 0 0 0 0 0 0 0 0 0
N-001110,001110,Normal/001110.mp4,CCD,official,train,,,,0,,,10.0,,,,0 0 0 0 0 0 0 0 0 0 0 0 0 0 0 0 0 0 0 0 0 0 0 0 0 0 0 0 0 0 0 0 0 0 0 0 0 0 0 0 0 0 0 0 0 0 0 0 0 0
N-001111,001111,Normal/001111.mp4,CCD,official,test,,,,0,,,10.0,,,,0 0 0 0 0 0 0 0 0 0 0 0 0 0 0 0 0 0 0 0 0 0 0 0 0 0 0 0 0 0 0 0 0 0 0 0 0 0 0 0 0 0 0 0 0 0 0 0 0 0
N-001112,001112,Normal/001112.mp4,CCD,official,train,,,,0,,,10.0,,,,0 0 0 0 0 0 0 0 0 0 0 0 0 0 0 0 0 0 0 0 0 0 0 0 0 0 0 0 0 0 0 0 0 0 0 0 0 0 0 0 0 0 0 0 0 0 0 0 0 0
N-001113,001113,Normal/001113.mp4,CCD,official,train,,,,0,,,10.0,,,,0 0 0 0 0 0 0 0 0 0 0 0 0 0 0 0 0 0 0 0 0 0 0 0 0 0 0 0 0 0 0 0 0 0 0 0 0 0 0 0 0 0 0 0 0 0 0 0 0 0
N-001114,001114,Normal/001114.mp4,CCD,official,test,,,,0,,,10.0,,,,0 0 0 0 0 0 0 0 0 0 0 0 0 0 0 0 0 0 0 0 0 0 0 0 0 0 0 0 0 0 0 0 0 0 0 0 0 0 0 0 0 0 0 0 0 0 0 0 0 0
N-001115,001115,Normal/001115.mp4,CCD,official,train,,,,0,,,10.0,,,,0 0 0 0 0 0 0 0 0 0 0 0 0 0 0 0 0 0 0 0 0 0 0 0 0 0 0 0 0 0 0 0 0 0 0 0 0 0 0 0 0 0 0 0 0 0 0 0 0 0
N-001116,001116,Normal/001116.mp4,CCD,official,test,,,,0,,,10.0,,,,0 0 0 0 0 0 0 0 0 0 0 0 0 0 0 0 0 0 0 0 0 0 0 0 0 0 0 0 0 0 0 0 0 0 0 0 0 0 0 0 0 0 0 0 0 0 0 0 0 0
N-001117,001117,Normal/001117.mp4,CCD,official,val,,,,0,,,10.0,,,,0 0 0 0 0 0 0 0 0 0 0 0 0 0 0 0 0 0 0 0 0 0 0 0 0 0 0 0 0 0 0 0 0 0 0 0 0 0 0 0 0 0 0 0 0 0 0 0 0 0
N-001118,001118,Normal/001118.mp4,CCD,official,test,,,,0,,,10.0,,,,0 0 0 0 0 0 0 0 0 0 0 0 0 0 0 0 0 0 0 0 0 0 0 0 0 0 0 0 0 0 0 0 0 0 0 0 0 0 0 0 0 0 0 0 0 0 0 0 0 0
N-001119,001119,Normal/001119.mp4,CCD,official,test,,,,0,,,10.0,,,,0 0 0 0 0 0 0 0 0 0 0 0 0 0 0 0 0 0 0 0 0 0 0 0 0 0 0 0 0 0 0 0 0 0 0 0 0 0 0 0 0 0 0 0 0 0 0 0 0 0
N-001120,001120,Normal/001120.mp4,CCD,official,test,,,,0,,,10.0,,,,0 0 0 0 0 0 0 0 0 0 0 0 0 0 0 0 0 0 0 0 0 0 0 0 0 0 0 0 0 0 0 0 0 0 0 0 0 0 0 0 0 0 0 0 0 0 0 0 0 0
N-001121,001121,Normal/001121.mp4,CCD,official,train,,,,0,,,10.0,,,,0 0 0 0 0 0 0 0 0 0 0 0 0 0 0 0 0 0 0 0 0 0 0 0 0 0 0 0 0 0 0 0 0 0 0 0 0 0 0 0 0 0 0 0 0 0 0 0 0 0
N-001122,001122,Normal/001122.mp4,CCD,official,train,,,,0,,,10.0,,,,0 0 0 0 0 0 0 0 0 0 0 0 0 0 0 0 0 0 0 0 0 0 0 0 0 0 0 0 0 0 0 0 0 0 0 0 0 0 0 0 0 0 0 0 0 0 0 0 0 0
N-001123,001123,Normal/001123.mp4,CCD,official,test,,,,0,,,10.0,,,,0 0 0 0 0 0 0 0 0 0 0 0 0 0 0 0 0 0 0 0 0 0 0 0 0 0 0 0 0 0 0 0 0 0 0 0 0 0 0 0 0 0 0 0 0 0 0 0 0 0
N-001124,001124,Normal/001124.mp4,CCD,official,val,,,,0,,,10.0,,,,0 0 0 0 0 0 0 0 0 0 0 0 0 0 0 0 0 0 0 0 0 0 0 0 0 0 0 0 0 0 0 0 0 0 0 0 0 0 0 0 0 0 0 0 0 0 0 0 0 0
N-001125,001125,Normal/001125.mp4,CCD,official,train,,,,0,,,10.0,,,,0 0 0 0 0 0 0 0 0 0 0 0 0 0 0 0 0 0 0 0 0 0 0 0 0 0 0 0 0 0 0 0 0 0 0 0 0 0 0 0 0 0 0 0 0 0 0 0 0 0
N-001126,001126,Normal/001126.mp4,CCD,official,train,,,,0,,,10.0,,,,0 0 0 0 0 0 0 0 0 0 0 0 0 0 0 0 0 0 0 0 0 0 0 0 0 0 0 0 0 0 0 0 0 0 0 0 0 0 0 0 0 0 0 0 0 0 0 0 0 0
N-001127,001127,Normal/001127.mp4,CCD,official,train,,,,0,,,10.0,,,,0 0 0 0 0 0 0 0 0 0 0 0 0 0 0 0 0 0 0 0 0 0 0 0 0 0 0 0 0 0 0 0 0 0 0 0 0 0 0 0 0 0 0 0 0 0 0 0 0 0
N-001128,001128,Normal/001128.mp4,CCD,official,val,,,,0,,,10.0,,,,0 0 0 0 0 0 0 0 0 0 0 0 0 0 0 0 0 0 0 0 0 0 0 0 0 0 0 0 0 0 0 0 0 0 0 0 0 0 0 0 0 0 0 0 0 0 0 0 0 0
N-001129,001129,Normal/001129.mp4,CCD,official,test,,,,0,,,10.0,,,,0 0 0 0 0 0 0 0 0 0 0 0 0 0 0 0 0 0 0 0 0 0 0 0 0 0 0 0 0 0 0 0 0 0 0 0 0 0 0 0 0 0 0 0 0 0 0 0 0 0
N-001130,001130,Normal/001130.mp4,CCD,official,train,,,,0,,,10.0,,,,0 0 0 0 0 0 0 0 0 0 0 0 0 0 0 0 0 0 0 0 0 0 0 0 0 0 0 0 0 0 0 0 0 0 0 0 0 0 0 0 0 0 0 0 0 0 0 0 0 0
N-001131,001131,Normal/001131.mp4,CCD,official,val,,,,0,,,10.0,,,,0 0 0 0 0 0 0 0 0 0 0 0 0 0 0 0 0 0 0 0 0 0 0 0 0 0 0 0 0 0 0 0 0 0 0 0 0 0 0 0 0 0 0 0 0 0 0 0 0 0
N-001132,001132,Normal/001132.mp4,CCD,official,train,,,,0,,,10.0,,,,0 0 0 0 0 0 0 0 0 0 0 0 0 0 0 0 0 0 0 0 0 0 0 0 0 0 0 0 0 0 0 0 0 0 0 0 0 0 0 0 0 0 0 0 0 0 0 0 0 0
N-001133,001133,Normal/001133.mp4,CCD,official,train,,,,0,,,10.0,,,,0 0 0 0 0 0 0 0 0 0 0 0 0 0 0 0 0 0 0 0 0 0 0 0 0 0 0 0 0 0 0 0 0 0 0 0 0 0 0 0 0 0 0 0 0 0 0 0 0 0
N-001134,001134,Normal/001134.mp4,CCD,official,val,,,,0,,,10.0,,,,0 0 0 0 0 0 0 0 0 0 0 0 0 0 0 0 0 0 0 0 0 0 0 0 0 0 0 0 0 0 0 0 0 0 0 0 0 0 0 0 0 0 0 0 0 0 0 0 0 0
N-001135,001135,Normal/001135.mp4,CCD,official,train,,,,0,,,10.0,,,,0 0 0 0 0 0 0 0 0 0 0 0 0 0 0 0 0 0 0 0 0 0 0 0 0 0 0 0 0 0 0 0 0 0 0 0 0 0 0 0 0 0 0 0 0 0 0 0 0 0
N-001136,001136,Normal/001136.mp4,CCD,official,train,,,,0,,,10.0,,,,0 0 0 0 0 0 0 0 0 0 0 0 0 0 0 0 0 0 0 0 0 0 0 0 0 0 0 0 0 0 0 0 0 0 0 0 0 0 0 0 0 0 0 0 0 0 0 0 0 0
N-001137,001137,Normal/001137.mp4,CCD,official,test,,,,0,,,10.0,,,,0 0 0 0 0 0 0 0 0 0 0 0 0 0 0 0 0 0 0 0 0 0 0 0 0 0 0 0 0 0 0 0 0 0 0 0 0 0 0 0 0 0 0 0 0 0 0 0 0 0
N-001138,001138,Normal/001138.mp4,CCD,official,train,,,,0,,,10.0,,,,0 0 0 0 0 0 0 0 0 0 0 0 0 0 0 0 0 0 0 0 0 0 0 0 0 0 0 0 0 0 0 0 0 0 0 0 0 0 0 0 0 0 0 0 0 0 0 0 0 0
N-001139,001139,Normal/001139.mp4,CCD,official,test,,,,0,,,10.0,,,,0 0 0 0 0 0 0 0 0 0 0 0 0 0 0 0 0 0 0 0 0 0 0 0 0 0 0 0 0 0 0 0 0 0 0 0 0 0 0 0 0 0 0 0 0 0 0 0 0 0
N-001140,001140,Normal/001140.mp4,CCD,official,train,,,,0,,,10.0,,,,0 0 0 0 0 0 0 0 0 0 0 0 0 0 0 0 0 0 0 0 0 0 0 0 0 0 0 0 0 0 0 0 0 0 0 0 0 0 0 0 0 0 0 0 0 0 0 0 0 0
N-001141,001141,Normal/001141.mp4,CCD,official,train,,,,0,,,10.0,,,,0 0 0 0 0 0 0 0 0 0 0 0 0 0 0 0 0 0 0 0 0 0 0 0 0 0 0 0 0 0 0 0 0 0 0 0 0 0 0 0 0 0 0 0 0 0 0 0 0 0
N-001142,001142,Normal/001142.mp4,CCD,official,test,,,,0,,,10.0,,,,0 0 0 0 0 0 0 0 0 0 0 0 0 0 0 0 0 0 0 0 0 0 0 0 0 0 0 0 0 0 0 0 0 0 0 0 0 0 0 0 0 0 0 0 0 0 0 0 0 0
N-001143,001143,Normal/001143.mp4,CCD,official,val,,,,0,,,10.0,,,,0 0 0 0 0 0 0 0 0 0 0 0 0 0 0 0 0 0 0 0 0 0 0 0 0 0 0 0 0 0 0 0 0 0 0 0 0 0 0 0 0 0 0 0 0 0 0 0 0 0
N-001144,001144,Normal/001144.mp4,CCD,official,train,,,,0,,,10.0,,,,0 0 0 0 0 0 0 0 0 0 0 0 0 0 0 0 0 0 0 0 0 0 0 0 0 0 0 0 0 0 0 0 0 0 0 0 0 0 0 0 0 0 0 0 0 0 0 0 0 0
N-001145,001145,Normal/001145.mp4,CCD,official,train,,,,0,,,10.0,,,,0 0 0 0 0 0 0 0 0 0 0 0 0 0 0 0 0 0 0 0 0 0 0 0 0 0 0 0 0 0 0 0 0 0 0 0 0 0 0 0 0 0 0 0 0 0 0 0 0 0
N-001146,001146,Normal/001146.mp4,CCD,official,val,,,,0,,,10.0,,,,0 0 0 0 0 0 0 0 0 0 0 0 0 0 0 0 0 0 0 0 0 0 0 0 0 0 0 0 0 0 0 0 0 0 0 0 0 0 0 0 0 0 0 0 0 0 0 0 0 0
N-001147,001147,Normal/001147.mp4,CCD,official,train,,,,0,,,10.0,,,,0 0 0 0 0 0 0 0 0 0 0 0 0 0 0 0 0 0 0 0 0 0 0 0 0 0 0 0 0 0 0 0 0 0 0 0 0 0 0 0 0 0 0 0 0 0 0 0 0 0
N-001148,001148,Normal/001148.mp4,CCD,official,train,,,,0,,,10.0,,,,0 0 0 0 0 0 0 0 0 0 0 0 0 0 0 0 0 0 0 0 0 0 0 0 0 0 0 0 0 0 0 0 0 0 0 0 0 0 0 0 0 0 0 0 0 0 0 0 0 0
N-001149,001149,Normal/001149.mp4,CCD,official,train,,,,0,,,10.0,,,,0 0 0 0 0 0 0 0 0 0 0 0 0 0 0 0 0 0 0 0 0 0 0 0 0 0 0 0 0 0 0 0 0 0 0 0 0 0 0 0 0 0 0 0 0 0 0 0 0 0
N-001150,001150,Normal/001150.mp4,CCD,official,train,,,,0,,,10.0,,,,0 0 0 0 0 0 0 0 0 0 0 0 0 0 0 0 0 0 0 0 0 0 0 0 0 0 0 0 0 0 0 0 0 0 0 0 0 0 0 0 0 0 0 0 0 0 0 0 0 0
N-001151,001151,Normal/001151.mp4,CCD,official,test,,,,0,,,10.0,,,,0 0 0 0 0 0 0 0 0 0 0 0 0 0 0 0 0 0 0 0 0 0 0 0 0 0 0 0 0 0 0 0 0 0 0 0 0 0 0 0 0 0 0 0 0 0 0 0 0 0
N-001152,001152,Normal/001152.mp4,CCD,official,train,,,,0,,,10.0,,,,0 0 0 0 0 0 0 0 0 0 0 0 0 0 0 0 0 0 0 0 0 0 0 0 0 0 0 0 0 0 0 0 0 0 0 0 0 0 0 0 0 0 0 0 0 0 0 0 0 0
N-001153,001153,Normal/001153.mp4,CCD,official,train,,,,0,,,10.0,,,,0 0 0 0 0 0 0 0 0 0 0 0 0 0 0 0 0 0 0 0 0 0 0 0 0 0 0 0 0 0 0 0 0 0 0 0 0 0 0 0 0 0 0 0 0 0 0 0 0 0
N-001154,001154,Normal/001154.mp4,CCD,official,train,,,,0,,,10.0,,,,0 0 0 0 0 0 0 0 0 0 0 0 0 0 0 0 0 0 0 0 0 0 0 0 0 0 0 0 0 0 0 0 0 0 0 0 0 0 0 0 0 0 0 0 0 0 0 0 0 0
N-001155,001155,Normal/001155.mp4,CCD,official,train,,,,0,,,10.0,,,,0 0 0 0 0 0 0 0 0 0 0 0 0 0 0 0 0 0 0 0 0 0 0 0 0 0 0 0 0 0 0 0 0 0 0 0 0 0 0 0 0 0 0 0 0 0 0 0 0 0
N-001156,001156,Normal/001156.mp4,CCD,official,val,,,,0,,,10.0,,,,0 0 0 0 0 0 0 0 0 0 0 0 0 0 0 0 0 0 0 0 0 0 0 0 0 0 0 0 0 0 0 0 0 0 0 0 0 0 0 0 0 0 0 0 0 0 0 0 0 0
N-001157,001157,Normal/001157.mp4,CCD,official,train,,,,0,,,10.0,,,,0 0 0 0 0 0 0 0 0 0 0 0 0 0 0 0 0 0 0 0 0 0 0 0 0 0 0 0 0 0 0 0 0 0 0 0 0 0 0 0 0 0 0 0 0 0 0 0 0 0
N-001158,001158,Normal/001158.mp4,CCD,official,train,,,,0,,,10.0,,,,0 0 0 0 0 0 0 0 0 0 0 0 0 0 0 0 0 0 0 0 0 0 0 0 0 0 0 0 0 0 0 0 0 0 0 0 0 0 0 0 0 0 0 0 0 0 0 0 0 0
N-001159,001159,Normal/001159.mp4,CCD,official,test,,,,0,,,10.0,,,,0 0 0 0 0 0 0 0 0 0 0 0 0 0 0 0 0 0 0 0 0 0 0 0 0 0 0 0 0 0 0 0 0 0 0 0 0 0 0 0 0 0 0 0 0 0 0 0 0 0
N-001160,001160,Normal/001160.mp4,CCD,official,train,,,,0,,,10.0,,,,0 0 0 0 0 0 0 0 0 0 0 0 0 0 0 0 0 0 0 0 0 0 0 0 0 0 0 0 0 0 0 0 0 0 0 0 0 0 0 0 0 0 0 0 0 0 0 0 0 0
N-001161,001161,Normal/001161.mp4,CCD,official,train,,,,0,,,10.0,,,,0 0 0 0 0 0 0 0 0 0 0 0 0 0 0 0 0 0 0 0 0 0 0 0 0 0 0 0 0 0 0 0 0 0 0 0 0 0 0 0 0 0 0 0 0 0 0 0 0 0
N-001162,001162,Normal/001162.mp4,CCD,official,test,,,,0,,,10.0,,,,0 0 0 0 0 0 0 0 0 0 0 0 0 0 0 0 0 0 0 0 0 0 0 0 0 0 0 0 0 0 0 0 0 0 0 0 0 0 0 0 0 0 0 0 0 0 0 0 0 0
N-001163,001163,Normal/001163.mp4,CCD,official,test,,,,0,,,10.0,,,,0 0 0 0 0 0 0 0 0 0 0 0 0 0 0 0 0 0 0 0 0 0 0 0 0 0 0 0 0 0 0 0 0 0 0 0 0 0 0 0 0 0 0 0 0 0 0 0 0 0
N-001164,001164,Normal/001164.mp4,CCD,official,train,,,,0,,,10.0,,,,0 0 0 0 0 0 0 0 0 0 0 0 0 0 0 0 0 0 0 0 0 0 0 0 0 0 0 0 0 0 0 0 0 0 0 0 0 0 0 0 0 0 0 0 0 0 0 0 0 0
N-001165,001165,Normal/001165.mp4,CCD,official,val,,,,0,,,10.0,,,,0 0 0 0 0 0 0 0 0 0 0 0 0 0 0 0 0 0 0 0 0 0 0 0 0 0 0 0 0 0 0 0 0 0 0 0 0 0 0 0 0 0 0 0 0 0 0 0 0 0
N-001166,001166,Normal/001166.mp4,CCD,official,train,,,,0,,,10.0,,,,0 0 0 0 0 0 0 0 0 0 0 0 0 0 0 0 0 0 0 0 0 0 0 0 0 0 0 0 0 0 0 0 0 0 0 0 0 0 0 0 0 0 0 0 0 0 0 0 0 0
N-001167,001167,Normal/001167.mp4,CCD,official,train,,,,0,,,10.0,,,,0 0 0 0 0 0 0 0 0 0 0 0 0 0 0 0 0 0 0 0 0 0 0 0 0 0 0 0 0 0 0 0 0 0 0 0 0 0 0 0 0 0 0 0 0 0 0 0 0 0
N-001168,001168,Normal/001168.mp4,CCD,official,train,,,,0,,,10.0,,,,0 0 0 0 0 0 0 0 0 0 0 0 0 0 0 0 0 0 0 0 0 0 0 0 0 0 0 0 0 0 0 0 0 0 0 0 0 0 0 0 0 0 0 0 0 0 0 0 0 0
N-001169,001169,Normal/001169.mp4,CCD,official,train,,,,0,,,10.0,,,,0 0 0 0 0 0 0 0 0 0 0 0 0 0 0 0 0 0 0 0 0 0 0 0 0 0 0 0 0 0 0 0 0 0 0 0 0 0 0 0 0 0 0 0 0 0 0 0 0 0
N-001170,001170,Normal/001170.mp4,CCD,official,train,,,,0,,,10.0,,,,0 0 0 0 0 0 0 0 0 0 0 0 0 0 0 0 0 0 0 0 0 0 0 0 0 0 0 0 0 0 0 0 0 0 0 0 0 0 0 0 0 0 0 0 0 0 0 0 0 0
N-001171,001171,Normal/001171.mp4,CCD,official,train,,,,0,,,10.0,,,,0 0 0 0 0 0 0 0 0 0 0 0 0 0 0 0 0 0 0 0 0 0 0 0 0 0 0 0 0 0 0 0 0 0 0 0 0 0 0 0 0 0 0 0 0 0 0 0 0 0
N-001172,001172,Normal/001172.mp4,CCD,official,val,,,,0,,,10.0,,,,0 0 0 0 0 0 0 0 0 0 0 0 0 0 0 0 0 0 0 0 0 0 0 0 0 0 0 0 0 0 0 0 0 0 0 0 0 0 0 0 0 0 0 0 0 0 0 0 0 0
N-001173,001173,Normal/001173.mp4,CCD,official,train,,,,0,,,10.0,,,,0 0 0 0 0 0 0 0 0 0 0 0 0 0 0 0 0 0 0 0 0 0 0 0 0 0 0 0 0 0 0 0 0 0 0 0 0 0 0 0 0 0 0 0 0 0 0 0 0 0
N-001174,001174,Normal/001174.mp4,CCD,official,train,,,,0,,,10.0,,,,0 0 0 0 0 0 0 0 0 0 0 0 0 0 0 0 0 0 0 0 0 0 0 0 0 0 0 0 0 0 0 0 0 0 0 0 0 0 0 0 0 0 0 0 0 0 0 0 0 0
N-001175,001175,Normal/001175.mp4,CCD,official,train,,,,0,,,10.0,,,,0 0 0 0 0 0 0 0 0 0 0 0 0 0 0 0 0 0 0 0 0 0 0 0 0 0 0 0 0 0 0 0 0 0 0 0 0 0 0 0 0 0 0 0 0 0 0 0 0 0
N-001176,001176,Normal/001176.mp4,CCD,official,val,,,,0,,,10.0,,,,0 0 0 0 0 0 0 0 0 0 0 0 0 0 0 0 0 0 0 0 0 0 0 0 0 0 0 0 0 0 0 0 0 0 0 0 0 0 0 0 0 0 0 0 0 0 0 0 0 0
N-001177,001177,Normal/001177.mp4,CCD,official,val,,,,0,,,10.0,,,,0 0 0 0 0 0 0 0 0 0 0 0 0 0 0 0 0 0 0 0 0 0 0 0 0 0 0 0 0 0 0 0 0 0 0 0 0 0 0 0 0 0 0 0 0 0 0 0 0 0
N-001178,001178,Normal/001178.mp4,CCD,official,train,,,,0,,,10.0,,,,0 0 0 0 0 0 0 0 0 0 0 0 0 0 0 0 0 0 0 0 0 0 0 0 0 0 0 0 0 0 0 0 0 0 0 0 0 0 0 0 0 0 0 0 0 0 0 0 0 0
N-001179,001179,Normal/001179.mp4,CCD,official,train,,,,0,,,10.0,,,,0 0 0 0 0 0 0 0 0 0 0 0 0 0 0 0 0 0 0 0 0 0 0 0 0 0 0 0 0 0 0 0 0 0 0 0 0 0 0 0 0 0 0 0 0 0 0 0 0 0
N-001180,001180,Normal/001180.mp4,CCD,official,train,,,,0,,,10.0,,,,0 0 0 0 0 0 0 0 0 0 0 0 0 0 0 0 0 0 0 0 0 0 0 0 0 0 0 0 0 0 0 0 0 0 0 0 0 0 0 0 0 0 0 0 0 0 0 0 0 0
N-001181,001181,Normal/001181.mp4,CCD,official,train,,,,0,,,10.0,,,,0 0 0 0 0 0 0 0 0 0 0 0 0 0 0 0 0 0 0 0 0 0 0 0 0 0 0 0 0 0 0 0 0 0 0 0 0 0 0 0 0 0 0 0 0 0 0 0 0 0
N-001182,001182,Normal/001182.mp4,CCD,official,test,,,,0,,,10.0,,,,0 0 0 0 0 0 0 0 0 0 0 0 0 0 0 0 0 0 0 0 0 0 0 0 0 0 0 0 0 0 0 0 0 0 0 0 0 0 0 0 0 0 0 0 0 0 0 0 0 0
N-001183,001183,Normal/001183.mp4,CCD,official,train,,,,0,,,10.0,,,,0 0 0 0 0 0 0 0 0 0 0 0 0 0 0 0 0 0 0 0 0 0 0 0 0 0 0 0 0 0 0 0 0 0 0 0 0 0 0 0 0 0 0 0 0 0 0 0 0 0
N-001184,001184,Normal/001184.mp4,CCD,official,train,,,,0,,,10.0,,,,0 0 0 0 0 0 0 0 0 0 0 0 0 0 0 0 0 0 0 0 0 0 0 0 0 0 0 0 0 0 0 0 0 0 0 0 0 0 0 0 0 0 0 0 0 0 0 0 0 0
N-001185,001185,Normal/001185.mp4,CCD,official,val,,,,0,,,10.0,,,,0 0 0 0 0 0 0 0 0 0 0 0 0 0 0 0 0 0 0 0 0 0 0 0 0 0 0 0 0 0 0 0 0 0 0 0 0 0 0 0 0 0 0 0 0 0 0 0 0 0
N-001186,001186,Normal/001186.mp4,CCD,official,train,,,,0,,,10.0,,,,0 0 0 0 0 0 0 0 0 0 0 0 0 0 0 0 0 0 0 0 0 0 0 0 0 0 0 0 0 0 0 0 0 0 0 0 0 0 0 0 0 0 0 0 0 0 0 0 0 0
N-001187,001187,Normal/001187.mp4,CCD,official,train,,,,0,,,10.0,,,,0 0 0 0 0 0 0 0 0 0 0 0 0 0 0 0 0 0 0 0 0 0 0 0 0 0 0 0 0 0 0 0 0 0 0 0 0 0 0 0 0 0 0 0 0 0 0 0 0 0
N-001188,001188,Normal/001188.mp4,CCD,official,train,,,,0,,,10.0,,,,0 0 0 0 0 0 0 0 0 0 0 0 0 0 0 0 0 0 0 0 0 0 0 0 0 0 0 0 0 0 0 0 0 0 0 0 0 0 0 0 0 0 0 0 0 0 0 0 0 0
N-001189,001189,Normal/001189.mp4,CCD,official,train,,,,0,,,10.0,,,,0 0 0 0 0 0 0 0 0 0 0 0 0 0 0 0 0 0 0 0 0 0 0 0 0 0 0 0 0 0 0 0 0 0 0 0 0 0 0 0 0 0 0 0 0 0 0 0 0 0
N-001190,001190,Normal/001190.mp4,CCD,official,test,,,,0,,,10.0,,,,0 0 0 0 0 0 0 0 0 0 0 0 0 0 0 0 0 0 0 0 0 0 0 0 0 0 0 0 0 0 0 0 0 0 0 0 0 0 0 0 0 0 0 0 0 0 0 0 0 0
N-001191,001191,Normal/001191.mp4,CCD,official,test,,,,0,,,10.0,,,,0 0 0 0 0 0 0 0 0 0 0 0 0 0 0 0 0 0 0 0 0 0 0 0 0 0 0 0 0 0 0 0 0 0 0 0 0 0 0 0 0 0 0 0 0 0 0 0 0 0
N-001192,001192,Normal/001192.mp4,CCD,official,train,,,,0,,,10.0,,,,0 0 0 0 0 0 0 0 0 0 0 0 0 0 0 0 0 0 0 0 0 0 0 0 0 0 0 0 0 0 0 0 0 0 0 0 0 0 0 0 0 0 0 0 0 0 0 0 0 0
N-001193,001193,Normal/001193.mp4,CCD,official,train,,,,0,,,10.0,,,,0 0 0 0 0 0 0 0 0 0 0 0 0 0 0 0 0 0 0 0 0 0 0 0 0 0 0 0 0 0 0 0 0 0 0 0 0 0 0 0 0 0 0 0 0 0 0 0 0 0
N-001194,001194,Normal/001194.mp4,CCD,official,train,,,,0,,,10.0,,,,0 0 0 0 0 0 0 0 0 0 0 0 0 0 0 0 0 0 0 0 0 0 0 0 0 0 0 0 0 0 0 0 0 0 0 0 0 0 0 0 0 0 0 0 0 0 0 0 0 0
N-001195,001195,Normal/001195.mp4,CCD,official,train,,,,0,,,10.0,,,,0 0 0 0 0 0 0 0 0 0 0 0 0 0 0 0 0 0 0 0 0 0 0 0 0 0 0 0 0 0 0 0 0 0 0 0 0 0 0 0 0 0 0 0 0 0 0 0 0 0
N-001196,001196,Normal/001196.mp4,CCD,official,test,,,,0,,,10.0,,,,0 0 0 0 0 0 0 0 0 0 0 0 0 0 0 0 0 0 0 0 0 0 0 0 0 0 0 0 0 0 0 0 0 0 0 0 0 0 0 0 0 0 0 0 0 0 0 0 0 0
N-001197,001197,Normal/001197.mp4,CCD,official,test,,,,0,,,10.0,,,,0 0 0 0 0 0 0 0 0 0 0 0 0 0 0 0 0 0 0 0 0 0 0 0 0 0 0 0 0 0 0 0 0 0 0 0 0 0 0 0 0 0 0 0 0 0 0 0 0 0
N-001198,001198,Normal/001198.mp4,CCD,official,train,,,,0,,,10.0,,,,0 0 0 0 0 0 0 0 0 0 0 0 0 0 0 0 0 0 0 0 0 0 0 0 0 0 0 0 0 0 0 0 0 0 0 0 0 0 0 0 0 0 0 0 0 0 0 0 0 0
N-001199,001199,Normal/001199.mp4,CCD,official,train,,,,0,,,10.0,,,,0 0 0 0 0 0 0 0 0 0 0 0 0 0 0 0 0 0 0 0 0 0 0 0 0 0 0 0 0 0 0 0 0 0 0 0 0 0 0 0 0 0 0 0 0 0 0 0 0 0
N-001200,001200,Normal/001200.mp4,CCD,official,train,,,,0,,,10.0,,,,0 0 0 0 0 0 0 0 0 0 0 0 0 0 0 0 0 0 0 0 0 0 0 0 0 0 0 0 0 0 0 0 0 0 0 0 0 0 0 0 0 0 0 0 0 0 0 0 0 0
N-001201,001201,Normal/001201.mp4,CCD,official,train,,,,0,,,10.0,,,,0 0 0 0 0 0 0 0 0 0 0 0 0 0 0 0 0 0 0 0 0 0 0 0 0 0 0 0 0 0 0 0 0 0 0 0 0 0 0 0 0 0 0 0 0 0 0 0 0 0
N-001202,001202,Normal/001202.mp4,CCD,official,test,,,,0,,,10.0,,,,0 0 0 0 0 0 0 0 0 0 0 0 0 0 0 0 0 0 0 0 0 0 0 0 0 0 0 0 0 0 0 0 0 0 0 0 0 0 0 0 0 0 0 0 0 0 0 0 0 0
N-001203,001203,Normal/001203.mp4,CCD,official,train,,,,0,,,10.0,,,,0 0 0 0 0 0 0 0 0 0 0 0 0 0 0 0 0 0 0 0 0 0 0 0 0 0 0 0 0 0 0 0 0 0 0 0 0 0 0 0 0 0 0 0 0 0 0 0 0 0
N-001204,001204,Normal/001204.mp4,CCD,official,train,,,,0,,,10.0,,,,0 0 0 0 0 0 0 0 0 0 0 0 0 0 0 0 0 0 0 0 0 0 0 0 0 0 0 0 0 0 0 0 0 0 0 0 0 0 0 0 0 0 0 0 0 0 0 0 0 0
N-001205,001205,Normal/001205.mp4,CCD,official,train,,,,0,,,10.0,,,,0 0 0 0 0 0 0 0 0 0 0 0 0 0 0 0 0 0 0 0 0 0 0 0 0 0 0 0 0 0 0 0 0 0 0 0 0 0 0 0 0 0 0 0 0 0 0 0 0 0
N-001206,001206,Normal/001206.mp4,CCD,official,train,,,,0,,,10.0,,,,0 0 0 0 0 0 0 0 0 0 0 0 0 0 0 0 0 0 0 0 0 0 0 0 0 0 0 0 0 0 0 0 0 0 0 0 0 0 0 0 0 0 0 0 0 0 0 0 0 0
N-001207,001207,Normal/001207.mp4,CCD,official,train,,,,0,,,10.0,,,,0 0 0 0 0 0 0 0 0 0 0 0 0 0 0 0 0 0 0 0 0 0 0 0 0 0 0 0 0 0 0 0 0 0 0 0 0 0 0 0 0 0 0 0 0 0 0 0 0 0
N-001208,001208,Normal/001208.mp4,CCD,official,train,,,,0,,,10.0,,,,0 0 0 0 0 0 0 0 0 0 0 0 0 0 0 0 0 0 0 0 0 0 0 0 0 0 0 0 0 0 0 0 0 0 0 0 0 0 0 0 0 0 0 0 0 0 0 0 0 0
N-001209,001209,Normal/001209.mp4,CCD,official,test,,,,0,,,10.0,,,,0 0 0 0 0 0 0 0 0 0 0 0 0 0 0 0 0 0 0 0 0 0 0 0 0 0 0 0 0 0 0 0 0 0 0 0 0 0 0 0 0 0 0 0 0 0 0 0 0 0
N-001210,001210,Normal/001210.mp4,CCD,official,train,,,,0,,,10.0,,,,0 0 0 0 0 0 0 0 0 0 0 0 0 0 0 0 0 0 0 0 0 0 0 0 0 0 0 0 0 0 0 0 0 0 0 0 0 0 0 0 0 0 0 0 0 0 0 0 0 0
N-001211,001211,Normal/001211.mp4,CCD,official,train,,,,0,,,10.0,,,,0 0 0 0 0 0 0 0 0 0 0 0 0 0 0 0 0 0 0 0 0 0 0 0 0 0 0 0 0 0 0 0 0 0 0 0 0 0 0 0 0 0 0 0 0 0 0 0 0 0
N-001212,001212,Normal/001212.mp4,CCD,official,train,,,,0,,,10.0,,,,0 0 0 0 0 0 0 0 0 0 0 0 0 0 0 0 0 0 0 0 0 0 0 0 0 0 0 0 0 0 0 0 0 0 0 0 0 0 0 0 0 0 0 0 0 0 0 0 0 0
N-001213,001213,Normal/001213.mp4,CCD,official,val,,,,0,,,10.0,,,,0 0 0 0 0 0 0 0 0 0 0 0 0 0 0 0 0 0 0 0 0 0 0 0 0 0 0 0 0 0 0 0 0 0 0 0 0 0 0 0 0 0 0 0 0 0 0 0 0 0
N-001214,001214,Normal/001214.mp4,CCD,official,train,,,,0,,,10.0,,,,0 0 0 0 0 0 0 0 0 0 0 0 0 0 0 0 0 0 0 0 0 0 0 0 0 0 0 0 0 0 0 0 0 0 0 0 0 0 0 0 0 0 0 0 0 0 0 0 0 0
N-001215,001215,Normal/001215.mp4,CCD,official,val,,,,0,,,10.0,,,,0 0 0 0 0 0 0 0 0 0 0 0 0 0 0 0 0 0 0 0 0 0 0 0 0 0 0 0 0 0 0 0 0 0 0 0 0 0 0 0 0 0 0 0 0 0 0 0 0 0
N-001216,001216,Normal/001216.mp4,CCD,official,train,,,,0,,,10.0,,,,0 0 0 0 0 0 0 0 0 0 0 0 0 0 0 0 0 0 0 0 0 0 0 0 0 0 0 0 0 0 0 0 0 0 0 0 0 0 0 0 0 0 0 0 0 0 0 0 0 0
N-001217,001217,Normal/001217.mp4,CCD,official,train,,,,0,,,10.0,,,,0 0 0 0 0 0 0 0 0 0 0 0 0 0 0 0 0 0 0 0 0 0 0 0 0 0 0 0 0 0 0 0 0 0 0 0 0 0 0 0 0 0 0 0 0 0 0 0 0 0
N-001218,001218,Normal/001218.mp4,CCD,official,train,,,,0,,,10.0,,,,0 0 0 0 0 0 0 0 0 0 0 0 0 0 0 0 0 0 0 0 0 0 0 0 0 0 0 0 0 0 0 0 0 0 0 0 0 0 0 0 0 0 0 0 0 0 0 0 0 0
N-001219,001219,Normal/001219.mp4,CCD,official,train,,,,0,,,10.0,,,,0 0 0 0 0 0 0 0 0 0 0 0 0 0 0 0 0 0 0 0 0 0 0 0 0 0 0 0 0 0 0 0 0 0 0 0 0 0 0 0 0 0 0 0 0 0 0 0 0 0
N-001220,001220,Normal/001220.mp4,CCD,official,train,,,,0,,,10.0,,,,0 0 0 0 0 0 0 0 0 0 0 0 0 0 0 0 0 0 0 0 0 0 0 0 0 0 0 0 0 0 0 0 0 0 0 0 0 0 0 0 0 0 0 0 0 0 0 0 0 0
N-001221,001221,Normal/001221.mp4,CCD,official,train,,,,0,,,10.0,,,,0 0 0 0 0 0 0 0 0 0 0 0 0 0 0 0 0 0 0 0 0 0 0 0 0 0 0 0 0 0 0 0 0 0 0 0 0 0 0 0 0 0 0 0 0 0 0 0 0 0
N-001222,001222,Normal/001222.mp4,CCD,official,val,,,,0,,,10.0,,,,0 0 0 0 0 0 0 0 0 0 0 0 0 0 0 0 0 0 0 0 0 0 0 0 0 0 0 0 0 0 0 0 0 0 0 0 0 0 0 0 0 0 0 0 0 0 0 0 0 0
N-001223,001223,Normal/001223.mp4,CCD,official,test,,,,0,,,10.0,,,,0 0 0 0 0 0 0 0 0 0 0 0 0 0 0 0 0 0 0 0 0 0 0 0 0 0 0 0 0 0 0 0 0 0 0 0 0 0 0 0 0 0 0 0 0 0 0 0 0 0
N-001224,001224,Normal/001224.mp4,CCD,official,test,,,,0,,,10.0,,,,0 0 0 0 0 0 0 0 0 0 0 0 0 0 0 0 0 0 0 0 0 0 0 0 0 0 0 0 0 0 0 0 0 0 0 0 0 0 0 0 0 0 0 0 0 0 0 0 0 0
N-001225,001225,Normal/001225.mp4,CCD,official,val,,,,0,,,10.0,,,,0 0 0 0 0 0 0 0 0 0 0 0 0 0 0 0 0 0 0 0 0 0 0 0 0 0 0 0 0 0 0 0 0 0 0 0 0 0 0 0 0 0 0 0 0 0 0 0 0 0
N-001226,001226,Normal/001226.mp4,CCD,official,train,,,,0,,,10.0,,,,0 0 0 0 0 0 0 0 0 0 0 0 0 0 0 0 0 0 0 0 0 0 0 0 0 0 0 0 0 0 0 0 0 0 0 0 0 0 0 0 0 0 0 0 0 0 0 0 0 0
N-001227,001227,Normal/001227.mp4,CCD,official,train,,,,0,,,10.0,,,,0 0 0 0 0 0 0 0 0 0 0 0 0 0 0 0 0 0 0 0 0 0 0 0 0 0 0 0 0 0 0 0 0 0 0 0 0 0 0 0 0 0 0 0 0 0 0 0 0 0
N-001228,001228,Normal/001228.mp4,CCD,official,val,,,,0,,,10.0,,,,0 0 0 0 0 0 0 0 0 0 0 0 0 0 0 0 0 0 0 0 0 0 0 0 0 0 0 0 0 0 0 0 0 0 0 0 0 0 0 0 0 0 0 0 0 0 0 0 0 0
N-001229,001229,Normal/001229.mp4,CCD,official,train,,,,0,,,10.0,,,,0 0 0 0 0 0 0 0 0 0 0 0 0 0 0 0 0 0 0 0 0 0 0 0 0 0 0 0 0 0 0 0 0 0 0 0 0 0 0 0 0 0 0 0 0 0 0 0 0 0
N-001230,001230,Normal/001230.mp4,CCD,official,val,,,,0,,,10.0,,,,0 0 0 0 0 0 0 0 0 0 0 0 0 0 0 0 0 0 0 0 0 0 0 0 0 0 0 0 0 0 0 0 0 0 0 0 0 0 0 0 0 0 0 0 0 0 0 0 0 0
N-001231,001231,Normal/001231.mp4,CCD,official,val,,,,0,,,10.0,,,,0 0 0 0 0 0 0 0 0 0 0 0 0 0 0 0 0 0 0 0 0 0 0 0 0 0 0 0 0 0 0 0 0 0 0 0 0 0 0 0 0 0 0 0 0 0 0 0 0 0
N-001232,001232,Normal/001232.mp4,CCD,official,train,,,,0,,,10.0,,,,0 0 0 0 0 0 0 0 0 0 0 0 0 0 0 0 0 0 0 0 0 0 0 0 0 0 0 0 0 0 0 0 0 0 0 0 0 0 0 0 0 0 0 0 0 0 0 0 0 0
N-001233,001233,Normal/001233.mp4,CCD,official,val,,,,0,,,10.0,,,,0 0 0 0 0 0 0 0 0 0 0 0 0 0 0 0 0 0 0 0 0 0 0 0 0 0 0 0 0 0 0 0 0 0 0 0 0 0 0 0 0 0 0 0 0 0 0 0 0 0
N-001234,001234,Normal/001234.mp4,CCD,official,test,,,,0,,,10.0,,,,0 0 0 0 0 0 0 0 0 0 0 0 0 0 0 0 0 0 0 0 0 0 0 0 0 0 0 0 0 0 0 0 0 0 0 0 0 0 0 0 0 0 0 0 0 0 0 0 0 0
N-001235,001235,Normal/001235.mp4,CCD,official,train,,,,0,,,10.0,,,,0 0 0 0 0 0 0 0 0 0 0 0 0 0 0 0 0 0 0 0 0 0 0 0 0 0 0 0 0 0 0 0 0 0 0 0 0 0 0 0 0 0 0 0 0 0 0 0 0 0
N-001236,001236,Normal/001236.mp4,CCD,official,train,,,,0,,,10.0,,,,0 0 0 0 0 0 0 0 0 0 0 0 0 0 0 0 0 0 0 0 0 0 0 0 0 0 0 0 0 0 0 0 0 0 0 0 0 0 0 0 0 0 0 0 0 0 0 0 0 0
N-001237,001237,Normal/001237.mp4,CCD,official,train,,,,0,,,10.0,,,,0 0 0 0 0 0 0 0 0 0 0 0 0 0 0 0 0 0 0 0 0 0 0 0 0 0 0 0 0 0 0 0 0 0 0 0 0 0 0 0 0 0 0 0 0 0 0 0 0 0
N-001238,001238,Normal/001238.mp4,CCD,official,val,,,,0,,,10.0,,,,0 0 0 0 0 0 0 0 0 0 0 0 0 0 0 0 0 0 0 0 0 0 0 0 0 0 0 0 0 0 0 0 0 0 0 0 0 0 0 0 0 0 0 0 0 0 0 0 0 0
N-001239,001239,Normal/001239.mp4,CCD,official,val,,,,0,,,10.0,,,,0 0 0 0 0 0 0 0 0 0 0 0 0 0 0 0 0 0 0 0 0 0 0 0 0 0 0 0 0 0 0 0 0 0 0 0 0 0 0 0 0 0 0 0 0 0 0 0 0 0
N-001240,001240,Normal/001240.mp4,CCD,official,train,,,,0,,,10.0,,,,0 0 0 0 0 0 0 0 0 0 0 0 0 0 0 0 0 0 0 0 0 0 0 0 0 0 0 0 0 0 0 0 0 0 0 0 0 0 0 0 0 0 0 0 0 0 0 0 0 0
N-001241,001241,Normal/001241.mp4,CCD,official,train,,,,0,,,10.0,,,,0 0 0 0 0 0 0 0 0 0 0 0 0 0 0 0 0 0 0 0 0 0 0 0 0 0 0 0 0 0 0 0 0 0 0 0 0 0 0 0 0 0 0 0 0 0 0 0 0 0
N-001242,001242,Normal/001242.mp4,CCD,official,test,,,,0,,,10.0,,,,0 0 0 0 0 0 0 0 0 0 0 0 0 0 0 0 0 0 0 0 0 0 0 0 0 0 0 0 0 0 0 0 0 0 0 0 0 0 0 0 0 0 0 0 0 0 0 0 0 0
N-001243,001243,Normal/001243.mp4,CCD,official,val,,,,0,,,10.0,,,,0 0 0 0 0 0 0 0 0 0 0 0 0 0 0 0 0 0 0 0 0 0 0 0 0 0 0 0 0 0 0 0 0 0 0 0 0 0 0 0 0 0 0 0 0 0 0 0 0 0
N-001244,001244,Normal/001244.mp4,CCD,official,train,,,,0,,,10.0,,,,0 0 0 0 0 0 0 0 0 0 0 0 0 0 0 0 0 0 0 0 0 0 0 0 0 0 0 0 0 0 0 0 0 0 0 0 0 0 0 0 0 0 0 0 0 0 0 0 0 0
N-001245,001245,Normal/001245.mp4,CCD,official,val,,,,0,,,10.0,,,,0 0 0 0 0 0 0 0 0 0 0 0 0 0 0 0 0 0 0 0 0 0 0 0 0 0 0 0 0 0 0 0 0 0 0 0 0 0 0 0 0 0 0 0 0 0 0 0 0 0
N-001246,001246,Normal/001246.mp4,CCD,official,train,,,,0,,,10.0,,,,0 0 0 0 0 0 0 0 0 0 0 0 0 0 0 0 0 0 0 0 0 0 0 0 0 0 0 0 0 0 0 0 0 0 0 0 0 0 0 0 0 0 0 0 0 0 0 0 0 0
N-001247,001247,Normal/001247.mp4,CCD,official,train,,,,0,,,10.0,,,,0 0 0 0 0 0 0 0 0 0 0 0 0 0 0 0 0 0 0 0 0 0 0 0 0 0 0 0 0 0 0 0 0 0 0 0 0 0 0 0 0 0 0 0 0 0 0 0 0 0
N-001248,001248,Normal/001248.mp4,CCD,official,test,,,,0,,,10.0,,,,0 0 0 0 0 0 0 0 0 0 0 0 0 0 0 0 0 0 0 0 0 0 0 0 0 0 0 0 0 0 0 0 0 0 0 0 0 0 0 0 0 0 0 0 0 0 0 0 0 0
N-001249,001249,Normal/001249.mp4,CCD,official,test,,,,0,,,10.0,,,,0 0 0 0 0 0 0 0 0 0 0 0 0 0 0 0 0 0 0 0 0 0 0 0 0 0 0 0 0 0 0 0 0 0 0 0 0 0 0 0 0 0 0 0 0 0 0 0 0 0
N-001250,001250,Normal/001250.mp4,CCD,official,test,,,,0,,,10.0,,,,0 0 0 0 0 0 0 0 0 0 0 0 0 0 0 0 0 0 0 0 0 0 0 0 0 0 0 0 0 0 0 0 0 0 0 0 0 0 0 0 0 0 0 0 0 0 0 0 0 0
N-001251,001251,Normal/001251.mp4,CCD,official,val,,,,0,,,10.0,,,,0 0 0 0 0 0 0 0 0 0 0 0 0 0 0 0 0 0 0 0 0 0 0 0 0 0 0 0 0 0 0 0 0 0 0 0 0 0 0 0 0 0 0 0 0 0 0 0 0 0
N-001252,001252,Normal/001252.mp4,CCD,official,train,,,,0,,,10.0,,,,0 0 0 0 0 0 0 0 0 0 0 0 0 0 0 0 0 0 0 0 0 0 0 0 0 0 0 0 0 0 0 0 0 0 0 0 0 0 0 0 0 0 0 0 0 0 0 0 0 0
N-001253,001253,Normal/001253.mp4,CCD,official,train,,,,0,,,10.0,,,,0 0 0 0 0 0 0 0 0 0 0 0 0 0 0 0 0 0 0 0 0 0 0 0 0 0 0 0 0 0 0 0 0 0 0 0 0 0 0 0 0 0 0 0 0 0 0 0 0 0
N-001254,001254,Normal/001254.mp4,CCD,official,test,,,,0,,,10.0,,,,0 0 0 0 0 0 0 0 0 0 0 0 0 0 0 0 0 0 0 0 0 0 0 0 0 0 0 0 0 0 0 0 0 0 0 0 0 0 0 0 0 0 0 0 0 0 0 0 0 0
N-001255,001255,Normal/001255.mp4,CCD,official,test,,,,0,,,10.0,,,,0 0 0 0 0 0 0 0 0 0 0 0 0 0 0 0 0 0 0 0 0 0 0 0 0 0 0 0 0 0 0 0 0 0 0 0 0 0 0 0 0 0 0 0 0 0 0 0 0 0
N-001256,001256,Normal/001256.mp4,CCD,official,train,,,,0,,,10.0,,,,0 0 0 0 0 0 0 0 0 0 0 0 0 0 0 0 0 0 0 0 0 0 0 0 0 0 0 0 0 0 0 0 0 0 0 0 0 0 0 0 0 0 0 0 0 0 0 0 0 0
N-001257,001257,Normal/001257.mp4,CCD,official,val,,,,0,,,10.0,,,,0 0 0 0 0 0 0 0 0 0 0 0 0 0 0 0 0 0 0 0 0 0 0 0 0 0 0 0 0 0 0 0 0 0 0 0 0 0 0 0 0 0 0 0 0 0 0 0 0 0
N-001258,001258,Normal/001258.mp4,CCD,official,val,,,,0,,,10.0,,,,0 0 0 0 0 0 0 0 0 0 0 0 0 0 0 0 0 0 0 0 0 0 0 0 0 0 0 0 0 0 0 0 0 0 0 0 0 0 0 0 0 0 0 0 0 0 0 0 0 0
N-001259,001259,Normal/001259.mp4,CCD,official,test,,,,0,,,10.0,,,,0 0 0 0 0 0 0 0 0 0 0 0 0 0 0 0 0 0 0 0 0 0 0 0 0 0 0 0 0 0 0 0 0 0 0 0 0 0 0 0 0 0 0 0 0 0 0 0 0 0
N-001260,001260,Normal/001260.mp4,CCD,official,train,,,,0,,,10.0,,,,0 0 0 0 0 0 0 0 0 0 0 0 0 0 0 0 0 0 0 0 0 0 0 0 0 0 0 0 0 0 0 0 0 0 0 0 0 0 0 0 0 0 0 0 0 0 0 0 0 0
N-001261,001261,Normal/001261.mp4,CCD,official,train,,,,0,,,10.0,,,,0 0 0 0 0 0 0 0 0 0 0 0 0 0 0 0 0 0 0 0 0 0 0 0 0 0 0 0 0 0 0 0 0 0 0 0 0 0 0 0 0 0 0 0 0 0 0 0 0 0
N-001262,001262,Normal/001262.mp4,CCD,official,val,,,,0,,,10.0,,,,0 0 0 0 0 0 0 0 0 0 0 0 0 0 0 0 0 0 0 0 0 0 0 0 0 0 0 0 0 0 0 0 0 0 0 0 0 0 0 0 0 0 0 0 0 0 0 0 0 0
N-001263,001263,Normal/001263.mp4,CCD,official,test,,,,0,,,10.0,,,,0 0 0 0 0 0 0 0 0 0 0 0 0 0 0 0 0 0 0 0 0 0 0 0 0 0 0 0 0 0 0 0 0 0 0 0 0 0 0 0 0 0 0 0 0 0 0 0 0 0
N-001264,001264,Normal/001264.mp4,CCD,official,train,,,,0,,,10.0,,,,0 0 0 0 0 0 0 0 0 0 0 0 0 0 0 0 0 0 0 0 0 0 0 0 0 0 0 0 0 0 0 0 0 0 0 0 0 0 0 0 0 0 0 0 0 0 0 0 0 0
N-001265,001265,Normal/001265.mp4,CCD,official,train,,,,0,,,10.0,,,,0 0 0 0 0 0 0 0 0 0 0 0 0 0 0 0 0 0 0 0 0 0 0 0 0 0 0 0 0 0 0 0 0 0 0 0 0 0 0 0 0 0 0 0 0 0 0 0 0 0
N-001266,001266,Normal/001266.mp4,CCD,official,test,,,,0,,,10.0,,,,0 0 0 0 0 0 0 0 0 0 0 0 0 0 0 0 0 0 0 0 0 0 0 0 0 0 0 0 0 0 0 0 0 0 0 0 0 0 0 0 0 0 0 0 0 0 0 0 0 0
N-001267,001267,Normal/001267.mp4,CCD,official,train,,,,0,,,10.0,,,,0 0 0 0 0 0 0 0 0 0 0 0 0 0 0 0 0 0 0 0 0 0 0 0 0 0 0 0 0 0 0 0 0 0 0 0 0 0 0 0 0 0 0 0 0 0 0 0 0 0
N-001268,001268,Normal/001268.mp4,CCD,official,train,,,,0,,,10.0,,,,0 0 0 0 0 0 0 0 0 0 0 0 0 0 0 0 0 0 0 0 0 0 0 0 0 0 0 0 0 0 0 0 0 0 0 0 0 0 0 0 0 0 0 0 0 0 0 0 0 0
N-001269,001269,Normal/001269.mp4,CCD,official,train,,,,0,,,10.0,,,,0 0 0 0 0 0 0 0 0 0 0 0 0 0 0 0 0 0 0 0 0 0 0 0 0 0 0 0 0 0 0 0 0 0 0 0 0 0 0 0 0 0 0 0 0 0 0 0 0 0
N-001270,001270,Normal/001270.mp4,CCD,official,test,,,,0,,,10.0,,,,0 0 0 0 0 0 0 0 0 0 0 0 0 0 0 0 0 0 0 0 0 0 0 0 0 0 0 0 0 0 0 0 0 0 0 0 0 0 0 0 0 0 0 0 0 0 0 0 0 0
N-001271,001271,Normal/001271.mp4,CCD,official,val,,,,0,,,10.0,,,,0 0 0 0 0 0 0 0 0 0 0 0 0 0 0 0 0 0 0 0 0 0 0 0 0 0 0 0 0 0 0 0 0 0 0 0 0 0 0 0 0 0 0 0 0 0 0 0 0 0
N-001272,001272,Normal/001272.mp4,CCD,official,val,,,,0,,,10.0,,,,0 0 0 0 0 0 0 0 0 0 0 0 0 0 0 0 0 0 0 0 0 0 0 0 0 0 0 0 0 0 0 0 0 0 0 0 0 0 0 0 0 0 0 0 0 0 0 0 0 0
N-001273,001273,Normal/001273.mp4,CCD,official,val,,,,0,,,10.0,,,,0 0 0 0 0 0 0 0 0 0 0 0 0 0 0 0 0 0 0 0 0 0 0 0 0 0 0 0 0 0 0 0 0 0 0 0 0 0 0 0 0 0 0 0 0 0 0 0 0 0
N-001274,001274,Normal/001274.mp4,CCD,official,train,,,,0,,,10.0,,,,0 0 0 0 0 0 0 0 0 0 0 0 0 0 0 0 0 0 0 0 0 0 0 0 0 0 0 0 0 0 0 0 0 0 0 0 0 0 0 0 0 0 0 0 0 0 0 0 0 0
N-001275,001275,Normal/001275.mp4,CCD,official,train,,,,0,,,10.0,,,,0 0 0 0 0 0 0 0 0 0 0 0 0 0 0 0 0 0 0 0 0 0 0 0 0 0 0 0 0 0 0 0 0 0 0 0 0 0 0 0 0 0 0 0 0 0 0 0 0 0
N-001276,001276,Normal/001276.mp4,CCD,official,test,,,,0,,,10.0,,,,0 0 0 0 0 0 0 0 0 0 0 0 0 0 0 0 0 0 0 0 0 0 0 0 0 0 0 0 0 0 0 0 0 0 0 0 0 0 0 0 0 0 0 0 0 0 0 0 0 0
N-001277,001277,Normal/001277.mp4,CCD,official,train,,,,0,,,10.0,,,,0 0 0 0 0 0 0 0 0 0 0 0 0 0 0 0 0 0 0 0 0 0 0 0 0 0 0 0 0 0 0 0 0 0 0 0 0 0 0 0 0 0 0 0 0 0 0 0 0 0
N-001278,001278,Normal/001278.mp4,CCD,official,train,,,,0,,,10.0,,,,0 0 0 0 0 0 0 0 0 0 0 0 0 0 0 0 0 0 0 0 0 0 0 0 0 0 0 0 0 0 0 0 0 0 0 0 0 0 0 0 0 0 0 0 0 0 0 0 0 0
N-001279,001279,Normal/001279.mp4,CCD,official,train,,,,0,,,10.0,,,,0 0 0 0 0 0 0 0 0 0 0 0 0 0 0 0 0 0 0 0 0 0 0 0 0 0 0 0 0 0 0 0 0 0 0 0 0 0 0 0 0 0 0 0 0 0 0 0 0 0
N-001280,001280,Normal/001280.mp4,CCD,official,test,,,,0,,,10.0,,,,0 0 0 0 0 0 0 0 0 0 0 0 0 0 0 0 0 0 0 0 0 0 0 0 0 0 0 0 0 0 0 0 0 0 0 0 0 0 0 0 0 0 0 0 0 0 0 0 0 0
N-001281,001281,Normal/001281.mp4,CCD,official,train,,,,0,,,10.0,,,,0 0 0 0 0 0 0 0 0 0 0 0 0 0 0 0 0 0 0 0 0 0 0 0 0 0 0 0 0 0 0 0 0 0 0 0 0 0 0 0 0 0 0 0 0 0 0 0 0 0
N-001282,001282,Normal/001282.mp4,CCD,official,val,,,,0,,,10.0,,,,0 0 0 0 0 0 0 0 0 0 0 0 0 0 0 0 0 0 0 0 0 0 0 0 0 0 0 0 0 0 0 0 0 0 0 0 0 0 0 0 0 0 0 0 0 0 0 0 0 0
N-001283,001283,Normal/001283.mp4,CCD,official,val,,,,0,,,10.0,,,,0 0 0 0 0 0 0 0 0 0 0 0 0 0 0 0 0 0 0 0 0 0 0 0 0 0 0 0 0 0 0 0 0 0 0 0 0 0 0 0 0 0 0 0 0 0 0 0 0 0
N-001284,001284,Normal/001284.mp4,CCD,official,train,,,,0,,,10.0,,,,0 0 0 0 0 0 0 0 0 0 0 0 0 0 0 0 0 0 0 0 0 0 0 0 0 0 0 0 0 0 0 0 0 0 0 0 0 0 0 0 0 0 0 0 0 0 0 0 0 0
N-001285,001285,Normal/001285.mp4,CCD,official,test,,,,0,,,10.0,,,,0 0 0 0 0 0 0 0 0 0 0 0 0 0 0 0 0 0 0 0 0 0 0 0 0 0 0 0 0 0 0 0 0 0 0 0 0 0 0 0 0 0 0 0 0 0 0 0 0 0
N-001286,001286,Normal/001286.mp4,CCD,official,train,,,,0,,,10.0,,,,0 0 0 0 0 0 0 0 0 0 0 0 0 0 0 0 0 0 0 0 0 0 0 0 0 0 0 0 0 0 0 0 0 0 0 0 0 0 0 0 0 0 0 0 0 0 0 0 0 0
N-001287,001287,Normal/001287.mp4,CCD,official,train,,,,0,,,10.0,,,,0 0 0 0 0 0 0 0 0 0 0 0 0 0 0 0 0 0 0 0 0 0 0 0 0 0 0 0 0 0 0 0 0 0 0 0 0 0 0 0 0 0 0 0 0 0 0 0 0 0
N-001288,001288,Normal/001288.mp4,CCD,official,val,,,,0,,,10.0,,,,0 0 0 0 0 0 0 0 0 0 0 0 0 0 0 0 0 0 0 0 0 0 0 0 0 0 0 0 0 0 0 0 0 0 0 0 0 0 0 0 0 0 0 0 0 0 0 0 0 0
N-001289,001289,Normal/001289.mp4,CCD,official,train,,,,0,,,10.0,,,,0 0 0 0 0 0 0 0 0 0 0 0 0 0 0 0 0 0 0 0 0 0 0 0 0 0 0 0 0 0 0 0 0 0 0 0 0 0 0 0 0 0 0 0 0 0 0 0 0 0
N-001290,001290,Normal/001290.mp4,CCD,official,val,,,,0,,,10.0,,,,0 0 0 0 0 0 0 0 0 0 0 0 0 0 0 0 0 0 0 0 0 0 0 0 0 0 0 0 0 0 0 0 0 0 0 0 0 0 0 0 0 0 0 0 0 0 0 0 0 0
N-001291,001291,Normal/001291.mp4,CCD,official,train,,,,0,,,10.0,,,,0 0 0 0 0 0 0 0 0 0 0 0 0 0 0 0 0 0 0 0 0 0 0 0 0 0 0 0 0 0 0 0 0 0 0 0 0 0 0 0 0 0 0 0 0 0 0 0 0 0
N-001292,001292,Normal/001292.mp4,CCD,official,val,,,,0,,,10.0,,,,0 0 0 0 0 0 0 0 0 0 0 0 0 0 0 0 0 0 0 0 0 0 0 0 0 0 0 0 0 0 0 0 0 0 0 0 0 0 0 0 0 0 0 0 0 0 0 0 0 0
N-001293,001293,Normal/001293.mp4,CCD,official,train,,,,0,,,10.0,,,,0 0 0 0 0 0 0 0 0 0 0 0 0 0 0 0 0 0 0 0 0 0 0 0 0 0 0 0 0 0 0 0 0 0 0 0 0 0 0 0 0 0 0 0 0 0 0 0 0 0
N-001294,001294,Normal/001294.mp4,CCD,official,train,,,,0,,,10.0,,,,0 0 0 0 0 0 0 0 0 0 0 0 0 0 0 0 0 0 0 0 0 0 0 0 0 0 0 0 0 0 0 0 0 0 0 0 0 0 0 0 0 0 0 0 0 0 0 0 0 0
N-001295,001295,Normal/001295.mp4,CCD,official,train,,,,0,,,10.0,,,,0 0 0 0 0 0 0 0 0 0 0 0 0 0 0 0 0 0 0 0 0 0 0 0 0 0 0 0 0 0 0 0 0 0 0 0 0 0 0 0 0 0 0 0 0 0 0 0 0 0
N-001296,001296,Normal/001296.mp4,CCD,official,val,,,,0,,,10.0,,,,0 0 0 0 0 0 0 0 0 0 0 0 0 0 0 0 0 0 0 0 0 0 0 0 0 0 0 0 0 0 0 0 0 0 0 0 0 0 0 0 0 0 0 0 0 0 0 0 0 0
N-001297,001297,Normal/001297.mp4,CCD,official,test,,,,0,,,10.0,,,,0 0 0 0 0 0 0 0 0 0 0 0 0 0 0 0 0 0 0 0 0 0 0 0 0 0 0 0 0 0 0 0 0 0 0 0 0 0 0 0 0 0 0 0 0 0 0 0 0 0
N-001298,001298,Normal/001298.mp4,CCD,official,val,,,,0,,,10.0,,,,0 0 0 0 0 0 0 0 0 0 0 0 0 0 0 0 0 0 0 0 0 0 0 0 0 0 0 0 0 0 0 0 0 0 0 0 0 0 0 0 0 0 0 0 0 0 0 0 0 0
N-001299,001299,Normal/001299.mp4,CCD,official,val,,,,0,,,10.0,,,,0 0 0 0 0 0 0 0 0 0 0 0 0 0 0 0 0 0 0 0 0 0 0 0 0 0 0 0 0 0 0 0 0 0 0 0 0 0 0 0 0 0 0 0 0 0 0 0 0 0
N-001300,001300,Normal/001300.mp4,CCD,official,val,,,,0,,,10.0,,,,0 0 0 0 0 0 0 0 0 0 0 0 0 0 0 0 0 0 0 0 0 0 0 0 0 0 0 0 0 0 0 0 0 0 0 0 0 0 0 0 0 0 0 0 0 0 0 0 0 0
N-001301,001301,Normal/001301.mp4,CCD,official,train,,,,0,,,10.0,,,,0 0 0 0 0 0 0 0 0 0 0 0 0 0 0 0 0 0 0 0 0 0 0 0 0 0 0 0 0 0 0 0 0 0 0 0 0 0 0 0 0 0 0 0 0 0 0 0 0 0
N-001302,001302,Normal/001302.mp4,CCD,official,train,,,,0,,,10.0,,,,0 0 0 0 0 0 0 0 0 0 0 0 0 0 0 0 0 0 0 0 0 0 0 0 0 0 0 0 0 0 0 0 0 0 0 0 0 0 0 0 0 0 0 0 0 0 0 0 0 0
N-001303,001303,Normal/001303.mp4,CCD,official,train,,,,0,,,10.0,,,,0 0 0 0 0 0 0 0 0 0 0 0 0 0 0 0 0 0 0 0 0 0 0 0 0 0 0 0 0 0 0 0 0 0 0 0 0 0 0 0 0 0 0 0 0 0 0 0 0 0
N-001304,001304,Normal/001304.mp4,CCD,official,train,,,,0,,,10.0,,,,0 0 0 0 0 0 0 0 0 0 0 0 0 0 0 0 0 0 0 0 0 0 0 0 0 0 0 0 0 0 0 0 0 0 0 0 0 0 0 0 0 0 0 0 0 0 0 0 0 0
N-001305,001305,Normal/001305.mp4,CCD,official,val,,,,0,,,10.0,,,,0 0 0 0 0 0 0 0 0 0 0 0 0 0 0 0 0 0 0 0 0 0 0 0 0 0 0 0 0 0 0 0 0 0 0 0 0 0 0 0 0 0 0 0 0 0 0 0 0 0
N-001306,001306,Normal/001306.mp4,CCD,official,test,,,,0,,,10.0,,,,0 0 0 0 0 0 0 0 0 0 0 0 0 0 0 0 0 0 0 0 0 0 0 0 0 0 0 0 0 0 0 0 0 0 0 0 0 0 0 0 0 0 0 0 0 0 0 0 0 0
N-001307,001307,Normal/001307.mp4,CCD,official,train,,,,0,,,10.0,,,,0 0 0 0 0 0 0 0 0 0 0 0 0 0 0 0 0 0 0 0 0 0 0 0 0 0 0 0 0 0 0 0 0 0 0 0 0 0 0 0 0 0 0 0 0 0 0 0 0 0
N-001308,001308,Normal/001308.mp4,CCD,official,train,,,,0,,,10.0,,,,0 0 0 0 0 0 0 0 0 0 0 0 0 0 0 0 0 0 0 0 0 0 0 0 0 0 0 0 0 0 0 0 0 0 0 0 0 0 0 0 0 0 0 0 0 0 0 0 0 0
N-001309,001309,Normal/001309.mp4,CCD,official,train,,,,0,,,10.0,,,,0 0 0 0 0 0 0 0 0 0 0 0 0 0 0 0 0 0 0 0 0 0 0 0 0 0 0 0 0 0 0 0 0 0 0 0 0 0 0 0 0 0 0 0 0 0 0 0 0 0
N-001310,001310,Normal/001310.mp4,CCD,official,train,,,,0,,,10.0,,,,0 0 0 0 0 0 0 0 0 0 0 0 0 0 0 0 0 0 0 0 0 0 0 0 0 0 0 0 0 0 0 0 0 0 0 0 0 0 0 0 0 0 0 0 0 0 0 0 0 0
N-001311,001311,Normal/001311.mp4,CCD,official,train,,,,0,,,10.0,,,,0 0 0 0 0 0 0 0 0 0 0 0 0 0 0 0 0 0 0 0 0 0 0 0 0 0 0 0 0 0 0 0 0 0 0 0 0 0 0 0 0 0 0 0 0 0 0 0 0 0
N-001312,001312,Normal/001312.mp4,CCD,official,train,,,,0,,,10.0,,,,0 0 0 0 0 0 0 0 0 0 0 0 0 0 0 0 0 0 0 0 0 0 0 0 0 0 0 0 0 0 0 0 0 0 0 0 0 0 0 0 0 0 0 0 0 0 0 0 0 0
N-001313,001313,Normal/001313.mp4,CCD,official,train,,,,0,,,10.0,,,,0 0 0 0 0 0 0 0 0 0 0 0 0 0 0 0 0 0 0 0 0 0 0 0 0 0 0 0 0 0 0 0 0 0 0 0 0 0 0 0 0 0 0 0 0 0 0 0 0 0
N-001314,001314,Normal/001314.mp4,CCD,official,train,,,,0,,,10.0,,,,0 0 0 0 0 0 0 0 0 0 0 0 0 0 0 0 0 0 0 0 0 0 0 0 0 0 0 0 0 0 0 0 0 0 0 0 0 0 0 0 0 0 0 0 0 0 0 0 0 0
N-001315,001315,Normal/001315.mp4,CCD,official,train,,,,0,,,10.0,,,,0 0 0 0 0 0 0 0 0 0 0 0 0 0 0 0 0 0 0 0 0 0 0 0 0 0 0 0 0 0 0 0 0 0 0 0 0 0 0 0 0 0 0 0 0 0 0 0 0 0
N-001316,001316,Normal/001316.mp4,CCD,official,val,,,,0,,,10.0,,,,0 0 0 0 0 0 0 0 0 0 0 0 0 0 0 0 0 0 0 0 0 0 0 0 0 0 0 0 0 0 0 0 0 0 0 0 0 0 0 0 0 0 0 0 0 0 0 0 0 0
N-001317,001317,Normal/001317.mp4,CCD,official,val,,,,0,,,10.0,,,,0 0 0 0 0 0 0 0 0 0 0 0 0 0 0 0 0 0 0 0 0 0 0 0 0 0 0 0 0 0 0 0 0 0 0 0 0 0 0 0 0 0 0 0 0 0 0 0 0 0
N-001318,001318,Normal/001318.mp4,CCD,official,train,,,,0,,,10.0,,,,0 0 0 0 0 0 0 0 0 0 0 0 0 0 0 0 0 0 0 0 0 0 0 0 0 0 0 0 0 0 0 0 0 0 0 0 0 0 0 0 0 0 0 0 0 0 0 0 0 0
N-001319,001319,Normal/001319.mp4,CCD,official,train,,,,0,,,10.0,,,,0 0 0 0 0 0 0 0 0 0 0 0 0 0 0 0 0 0 0 0 0 0 0 0 0 0 0 0 0 0 0 0 0 0 0 0 0 0 0 0 0 0 0 0 0 0 0 0 0 0
N-001320,001320,Normal/001320.mp4,CCD,official,test,,,,0,,,10.0,,,,0 0 0 0 0 0 0 0 0 0 0 0 0 0 0 0 0 0 0 0 0 0 0 0 0 0 0 0 0 0 0 0 0 0 0 0 0 0 0 0 0 0 0 0 0 0 0 0 0 0
N-001321,001321,Normal/001321.mp4,CCD,official,test,,,,0,,,10.0,,,,0 0 0 0 0 0 0 0 0 0 0 0 0 0 0 0 0 0 0 0 0 0 0 0 0 0 0 0 0 0 0 0 0 0 0 0 0 0 0 0 0 0 0 0 0 0 0 0 0 0
N-001322,001322,Normal/001322.mp4,CCD,official,train,,,,0,,,10.0,,,,0 0 0 0 0 0 0 0 0 0 0 0 0 0 0 0 0 0 0 0 0 0 0 0 0 0 0 0 0 0 0 0 0 0 0 0 0 0 0 0 0 0 0 0 0 0 0 0 0 0
N-001323,001323,Normal/001323.mp4,CCD,official,train,,,,0,,,10.0,,,,0 0 0 0 0 0 0 0 0 0 0 0 0 0 0 0 0 0 0 0 0 0 0 0 0 0 0 0 0 0 0 0 0 0 0 0 0 0 0 0 0 0 0 0 0 0 0 0 0 0
N-001324,001324,Normal/001324.mp4,CCD,official,test,,,,0,,,10.0,,,,0 0 0 0 0 0 0 0 0 0 0 0 0 0 0 0 0 0 0 0 0 0 0 0 0 0 0 0 0 0 0 0 0 0 0 0 0 0 0 0 0 0 0 0 0 0 0 0 0 0
N-001325,001325,Normal/001325.mp4,CCD,official,train,,,,0,,,10.0,,,,0 0 0 0 0 0 0 0 0 0 0 0 0 0 0 0 0 0 0 0 0 0 0 0 0 0 0 0 0 0 0 0 0 0 0 0 0 0 0 0 0 0 0 0 0 0 0 0 0 0
N-001326,001326,Normal/001326.mp4,CCD,official,train,,,,0,,,10.0,,,,0 0 0 0 0 0 0 0 0 0 0 0 0 0 0 0 0 0 0 0 0 0 0 0 0 0 0 0 0 0 0 0 0 0 0 0 0 0 0 0 0 0 0 0 0 0 0 0 0 0
N-001327,001327,Normal/001327.mp4,CCD,official,test,,,,0,,,10.0,,,,0 0 0 0 0 0 0 0 0 0 0 0 0 0 0 0 0 0 0 0 0 0 0 0 0 0 0 0 0 0 0 0 0 0 0 0 0 0 0 0 0 0 0 0 0 0 0 0 0 0
N-001328,001328,Normal/001328.mp4,CCD,official,train,,,,0,,,10.0,,,,0 0 0 0 0 0 0 0 0 0 0 0 0 0 0 0 0 0 0 0 0 0 0 0 0 0 0 0 0 0 0 0 0 0 0 0 0 0 0 0 0 0 0 0 0 0 0 0 0 0
N-001329,001329,Normal/001329.mp4,CCD,official,train,,,,0,,,10.0,,,,0 0 0 0 0 0 0 0 0 0 0 0 0 0 0 0 0 0 0 0 0 0 0 0 0 0 0 0 0 0 0 0 0 0 0 0 0 0 0 0 0 0 0 0 0 0 0 0 0 0
N-001330,001330,Normal/001330.mp4,CCD,official,test,,,,0,,,10.0,,,,0 0 0 0 0 0 0 0 0 0 0 0 0 0 0 0 0 0 0 0 0 0 0 0 0 0 0 0 0 0 0 0 0 0 0 0 0 0 0 0 0 0 0 0 0 0 0 0 0 0
N-001331,001331,Normal/001331.mp4,CCD,official,train,,,,0,,,10.0,,,,0 0 0 0 0 0 0 0 0 0 0 0 0 0 0 0 0 0 0 0 0 0 0 0 0 0 0 0 0 0 0 0 0 0 0 0 0 0 0 0 0 0 0 0 0 0 0 0 0 0
N-001332,001332,Normal/001332.mp4,CCD,official,test,,,,0,,,10.0,,,,0 0 0 0 0 0 0 0 0 0 0 0 0 0 0 0 0 0 0 0 0 0 0 0 0 0 0 0 0 0 0 0 0 0 0 0 0 0 0 0 0 0 0 0 0 0 0 0 0 0
N-001333,001333,Normal/001333.mp4,CCD,official,train,,,,0,,,10.0,,,,0 0 0 0 0 0 0 0 0 0 0 0 0 0 0 0 0 0 0 0 0 0 0 0 0 0 0 0 0 0 0 0 0 0 0 0 0 0 0 0 0 0 0 0 0 0 0 0 0 0
N-001334,001334,Normal/001334.mp4,CCD,official,train,,,,0,,,10.0,,,,0 0 0 0 0 0 0 0 0 0 0 0 0 0 0 0 0 0 0 0 0 0 0 0 0 0 0 0 0 0 0 0 0 0 0 0 0 0 0 0 0 0 0 0 0 0 0 0 0 0
N-001335,001335,Normal/001335.mp4,CCD,official,train,,,,0,,,10.0,,,,0 0 0 0 0 0 0 0 0 0 0 0 0 0 0 0 0 0 0 0 0 0 0 0 0 0 0 0 0 0 0 0 0 0 0 0 0 0 0 0 0 0 0 0 0 0 0 0 0 0
N-001336,001336,Normal/001336.mp4,CCD,official,train,,,,0,,,10.0,,,,0 0 0 0 0 0 0 0 0 0 0 0 0 0 0 0 0 0 0 0 0 0 0 0 0 0 0 0 0 0 0 0 0 0 0 0 0 0 0 0 0 0 0 0 0 0 0 0 0 0
N-001337,001337,Normal/001337.mp4,CCD,official,train,,,,0,,,10.0,,,,0 0 0 0 0 0 0 0 0 0 0 0 0 0 0 0 0 0 0 0 0 0 0 0 0 0 0 0 0 0 0 0 0 0 0 0 0 0 0 0 0 0 0 0 0 0 0 0 0 0
N-001338,001338,Normal/001338.mp4,CCD,official,val,,,,0,,,10.0,,,,0 0 0 0 0 0 0 0 0 0 0 0 0 0 0 0 0 0 0 0 0 0 0 0 0 0 0 0 0 0 0 0 0 0 0 0 0 0 0 0 0 0 0 0 0 0 0 0 0 0
N-001339,001339,Normal/001339.mp4,CCD,official,train,,,,0,,,10.0,,,,0 0 0 0 0 0 0 0 0 0 0 0 0 0 0 0 0 0 0 0 0 0 0 0 0 0 0 0 0 0 0 0 0 0 0 0 0 0 0 0 0 0 0 0 0 0 0 0 0 0
N-001340,001340,Normal/001340.mp4,CCD,official,train,,,,0,,,10.0,,,,0 0 0 0 0 0 0 0 0 0 0 0 0 0 0 0 0 0 0 0 0 0 0 0 0 0 0 0 0 0 0 0 0 0 0 0 0 0 0 0 0 0 0 0 0 0 0 0 0 0
N-001341,001341,Normal/001341.mp4,CCD,official,train,,,,0,,,10.0,,,,0 0 0 0 0 0 0 0 0 0 0 0 0 0 0 0 0 0 0 0 0 0 0 0 0 0 0 0 0 0 0 0 0 0 0 0 0 0 0 0 0 0 0 0 0 0 0 0 0 0
N-001342,001342,Normal/001342.mp4,CCD,official,val,,,,0,,,10.0,,,,0 0 0 0 0 0 0 0 0 0 0 0 0 0 0 0 0 0 0 0 0 0 0 0 0 0 0 0 0 0 0 0 0 0 0 0 0 0 0 0 0 0 0 0 0 0 0 0 0 0
N-001343,001343,Normal/001343.mp4,CCD,official,train,,,,0,,,10.0,,,,0 0 0 0 0 0 0 0 0 0 0 0 0 0 0 0 0 0 0 0 0 0 0 0 0 0 0 0 0 0 0 0 0 0 0 0 0 0 0 0 0 0 0 0 0 0 0 0 0 0
N-001344,001344,Normal/001344.mp4,CCD,official,train,,,,0,,,10.0,,,,0 0 0 0 0 0 0 0 0 0 0 0 0 0 0 0 0 0 0 0 0 0 0 0 0 0 0 0 0 0 0 0 0 0 0 0 0 0 0 0 0 0 0 0 0 0 0 0 0 0
N-001345,001345,Normal/001345.mp4,CCD,official,train,,,,0,,,10.0,,,,0 0 0 0 0 0 0 0 0 0 0 0 0 0 0 0 0 0 0 0 0 0 0 0 0 0 0 0 0 0 0 0 0 0 0 0 0 0 0 0 0 0 0 0 0 0 0 0 0 0
N-001346,001346,Normal/001346.mp4,CCD,official,train,,,,0,,,10.0,,,,0 0 0 0 0 0 0 0 0 0 0 0 0 0 0 0 0 0 0 0 0 0 0 0 0 0 0 0 0 0 0 0 0 0 0 0 0 0 0 0 0 0 0 0 0 0 0 0 0 0
N-001347,001347,Normal/001347.mp4,CCD,official,train,,,,0,,,10.0,,,,0 0 0 0 0 0 0 0 0 0 0 0 0 0 0 0 0 0 0 0 0 0 0 0 0 0 0 0 0 0 0 0 0 0 0 0 0 0 0 0 0 0 0 0 0 0 0 0 0 0
N-001348,001348,Normal/001348.mp4,CCD,official,train,,,,0,,,10.0,,,,0 0 0 0 0 0 0 0 0 0 0 0 0 0 0 0 0 0 0 0 0 0 0 0 0 0 0 0 0 0 0 0 0 0 0 0 0 0 0 0 0 0 0 0 0 0 0 0 0 0
N-001349,001349,Normal/001349.mp4,CCD,official,val,,,,0,,,10.0,,,,0 0 0 0 0 0 0 0 0 0 0 0 0 0 0 0 0 0 0 0 0 0 0 0 0 0 0 0 0 0 0 0 0 0 0 0 0 0 0 0 0 0 0 0 0 0 0 0 0 0
N-001350,001350,Normal/001350.mp4,CCD,official,train,,,,0,,,10.0,,,,0 0 0 0 0 0 0 0 0 0 0 0 0 0 0 0 0 0 0 0 0 0 0 0 0 0 0 0 0 0 0 0 0 0 0 0 0 0 0 0 0 0 0 0 0 0 0 0 0 0
N-001351,001351,Normal/001351.mp4,CCD,official,test,,,,0,,,10.0,,,,0 0 0 0 0 0 0 0 0 0 0 0 0 0 0 0 0 0 0 0 0 0 0 0 0 0 0 0 0 0 0 0 0 0 0 0 0 0 0 0 0 0 0 0 0 0 0 0 0 0
N-001352,001352,Normal/001352.mp4,CCD,official,train,,,,0,,,10.0,,,,0 0 0 0 0 0 0 0 0 0 0 0 0 0 0 0 0 0 0 0 0 0 0 0 0 0 0 0 0 0 0 0 0 0 0 0 0 0 0 0 0 0 0 0 0 0 0 0 0 0
N-001353,001353,Normal/001353.mp4,CCD,official,train,,,,0,,,10.0,,,,0 0 0 0 0 0 0 0 0 0 0 0 0 0 0 0 0 0 0 0 0 0 0 0 0 0 0 0 0 0 0 0 0 0 0 0 0 0 0 0 0 0 0 0 0 0 0 0 0 0
N-001354,001354,Normal/001354.mp4,CCD,official,train,,,,0,,,10.0,,,,0 0 0 0 0 0 0 0 0 0 0 0 0 0 0 0 0 0 0 0 0 0 0 0 0 0 0 0 0 0 0 0 0 0 0 0 0 0 0 0 0 0 0 0 0 0 0 0 0 0
N-001355,001355,Normal/001355.mp4,CCD,official,train,,,,0,,,10.0,,,,0 0 0 0 0 0 0 0 0 0 0 0 0 0 0 0 0 0 0 0 0 0 0 0 0 0 0 0 0 0 0 0 0 0 0 0 0 0 0 0 0 0 0 0 0 0 0 0 0 0
N-001356,001356,Normal/001356.mp4,CCD,official,val,,,,0,,,10.0,,,,0 0 0 0 0 0 0 0 0 0 0 0 0 0 0 0 0 0 0 0 0 0 0 0 0 0 0 0 0 0 0 0 0 0 0 0 0 0 0 0 0 0 0 0 0 0 0 0 0 0
N-001357,001357,Normal/001357.mp4,CCD,official,val,,,,0,,,10.0,,,,0 0 0 0 0 0 0 0 0 0 0 0 0 0 0 0 0 0 0 0 0 0 0 0 0 0 0 0 0 0 0 0 0 0 0 0 0 0 0 0 0 0 0 0 0 0 0 0 0 0
N-001358,001358,Normal/001358.mp4,CCD,official,val,,,,0,,,10.0,,,,0 0 0 0 0 0 0 0 0 0 0 0 0 0 0 0 0 0 0 0 0 0 0 0 0 0 0 0 0 0 0 0 0 0 0 0 0 0 0 0 0 0 0 0 0 0 0 0 0 0
N-001359,001359,Normal/001359.mp4,CCD,official,train,,,,0,,,10.0,,,,0 0 0 0 0 0 0 0 0 0 0 0 0 0 0 0 0 0 0 0 0 0 0 0 0 0 0 0 0 0 0 0 0 0 0 0 0 0 0 0 0 0 0 0 0 0 0 0 0 0
N-001360,001360,Normal/001360.mp4,CCD,official,train,,,,0,,,10.0,,,,0 0 0 0 0 0 0 0 0 0 0 0 0 0 0 0 0 0 0 0 0 0 0 0 0 0 0 0 0 0 0 0 0 0 0 0 0 0 0 0 0 0 0 0 0 0 0 0 0 0
N-001361,001361,Normal/001361.mp4,CCD,official,val,,,,0,,,10.0,,,,0 0 0 0 0 0 0 0 0 0 0 0 0 0 0 0 0 0 0 0 0 0 0 0 0 0 0 0 0 0 0 0 0 0 0 0 0 0 0 0 0 0 0 0 0 0 0 0 0 0
N-001362,001362,Normal/001362.mp4,CCD,official,train,,,,0,,,10.0,,,,0 0 0 0 0 0 0 0 0 0 0 0 0 0 0 0 0 0 0 0 0 0 0 0 0 0 0 0 0 0 0 0 0 0 0 0 0 0 0 0 0 0 0 0 0 0 0 0 0 0
N-001363,001363,Normal/001363.mp4,CCD,official,test,,,,0,,,10.0,,,,0 0 0 0 0 0 0 0 0 0 0 0 0 0 0 0 0 0 0 0 0 0 0 0 0 0 0 0 0 0 0 0 0 0 0 0 0 0 0 0 0 0 0 0 0 0 0 0 0 0
N-001364,001364,Normal/001364.mp4,CCD,official,test,,,,0,,,10.0,,,,0 0 0 0 0 0 0 0 0 0 0 0 0 0 0 0 0 0 0 0 0 0 0 0 0 0 0 0 0 0 0 0 0 0 0 0 0 0 0 0 0 0 0 0 0 0 0 0 0 0
N-001365,001365,Normal/001365.mp4,CCD,official,train,,,,0,,,10.0,,,,0 0 0 0 0 0 0 0 0 0 0 0 0 0 0 0 0 0 0 0 0 0 0 0 0 0 0 0 0 0 0 0 0 0 0 0 0 0 0 0 0 0 0 0 0 0 0 0 0 0
N-001366,001366,Normal/001366.mp4,CCD,official,train,,,,0,,,10.0,,,,0 0 0 0 0 0 0 0 0 0 0 0 0 0 0 0 0 0 0 0 0 0 0 0 0 0 0 0 0 0 0 0 0 0 0 0 0 0 0 0 0 0 0 0 0 0 0 0 0 0
N-001367,001367,Normal/001367.mp4,CCD,official,train,,,,0,,,10.0,,,,0 0 0 0 0 0 0 0 0 0 0 0 0 0 0 0 0 0 0 0 0 0 0 0 0 0 0 0 0 0 0 0 0 0 0 0 0 0 0 0 0 0 0 0 0 0 0 0 0 0
N-001368,001368,Normal/001368.mp4,CCD,official,train,,,,0,,,10.0,,,,0 0 0 0 0 0 0 0 0 0 0 0 0 0 0 0 0 0 0 0 0 0 0 0 0 0 0 0 0 0 0 0 0 0 0 0 0 0 0 0 0 0 0 0 0 0 0 0 0 0
N-001369,001369,Normal/001369.mp4,CCD,official,train,,,,0,,,10.0,,,,0 0 0 0 0 0 0 0 0 0 0 0 0 0 0 0 0 0 0 0 0 0 0 0 0 0 0 0 0 0 0 0 0 0 0 0 0 0 0 0 0 0 0 0 0 0 0 0 0 0
N-001370,001370,Normal/001370.mp4,CCD,official,train,,,,0,,,10.0,,,,0 0 0 0 0 0 0 0 0 0 0 0 0 0 0 0 0 0 0 0 0 0 0 0 0 0 0 0 0 0 0 0 0 0 0 0 0 0 0 0 0 0 0 0 0 0 0 0 0 0
N-001371,001371,Normal/001371.mp4,CCD,official,train,,,,0,,,10.0,,,,0 0 0 0 0 0 0 0 0 0 0 0 0 0 0 0 0 0 0 0 0 0 0 0 0 0 0 0 0 0 0 0 0 0 0 0 0 0 0 0 0 0 0 0 0 0 0 0 0 0
N-001372,001372,Normal/001372.mp4,CCD,official,test,,,,0,,,10.0,,,,0 0 0 0 0 0 0 0 0 0 0 0 0 0 0 0 0 0 0 0 0 0 0 0 0 0 0 0 0 0 0 0 0 0 0 0 0 0 0 0 0 0 0 0 0 0 0 0 0 0
N-001373,001373,Normal/001373.mp4,CCD,official,val,,,,0,,,10.0,,,,0 0 0 0 0 0 0 0 0 0 0 0 0 0 0 0 0 0 0 0 0 0 0 0 0 0 0 0 0 0 0 0 0 0 0 0 0 0 0 0 0 0 0 0 0 0 0 0 0 0
N-001374,001374,Normal/001374.mp4,CCD,official,test,,,,0,,,10.0,,,,0 0 0 0 0 0 0 0 0 0 0 0 0 0 0 0 0 0 0 0 0 0 0 0 0 0 0 0 0 0 0 0 0 0 0 0 0 0 0 0 0 0 0 0 0 0 0 0 0 0
N-001375,001375,Normal/001375.mp4,CCD,official,train,,,,0,,,10.0,,,,0 0 0 0 0 0 0 0 0 0 0 0 0 0 0 0 0 0 0 0 0 0 0 0 0 0 0 0 0 0 0 0 0 0 0 0 0 0 0 0 0 0 0 0 0 0 0 0 0 0
N-001376,001376,Normal/001376.mp4,CCD,official,val,,,,0,,,10.0,,,,0 0 0 0 0 0 0 0 0 0 0 0 0 0 0 0 0 0 0 0 0 0 0 0 0 0 0 0 0 0 0 0 0 0 0 0 0 0 0 0 0 0 0 0 0 0 0 0 0 0
N-001377,001377,Normal/001377.mp4,CCD,official,train,,,,0,,,10.0,,,,0 0 0 0 0 0 0 0 0 0 0 0 0 0 0 0 0 0 0 0 0 0 0 0 0 0 0 0 0 0 0 0 0 0 0 0 0 0 0 0 0 0 0 0 0 0 0 0 0 0
N-001378,001378,Normal/001378.mp4,CCD,official,val,,,,0,,,10.0,,,,0 0 0 0 0 0 0 0 0 0 0 0 0 0 0 0 0 0 0 0 0 0 0 0 0 0 0 0 0 0 0 0 0 0 0 0 0 0 0 0 0 0 0 0 0 0 0 0 0 0
N-001379,001379,Normal/001379.mp4,CCD,official,test,,,,0,,,10.0,,,,0 0 0 0 0 0 0 0 0 0 0 0 0 0 0 0 0 0 0 0 0 0 0 0 0 0 0 0 0 0 0 0 0 0 0 0 0 0 0 0 0 0 0 0 0 0 0 0 0 0
N-001380,001380,Normal/001380.mp4,CCD,official,train,,,,0,,,10.0,,,,0 0 0 0 0 0 0 0 0 0 0 0 0 0 0 0 0 0 0 0 0 0 0 0 0 0 0 0 0 0 0 0 0 0 0 0 0 0 0 0 0 0 0 0 0 0 0 0 0 0
N-001381,001381,Normal/001381.mp4,CCD,official,train,,,,0,,,10.0,,,,0 0 0 0 0 0 0 0 0 0 0 0 0 0 0 0 0 0 0 0 0 0 0 0 0 0 0 0 0 0 0 0 0 0 0 0 0 0 0 0 0 0 0 0 0 0 0 0 0 0
N-001382,001382,Normal/001382.mp4,CCD,official,test,,,,0,,,10.0,,,,0 0 0 0 0 0 0 0 0 0 0 0 0 0 0 0 0 0 0 0 0 0 0 0 0 0 0 0 0 0 0 0 0 0 0 0 0 0 0 0 0 0 0 0 0 0 0 0 0 0
N-001383,001383,Normal/001383.mp4,CCD,official,train,,,,0,,,10.0,,,,0 0 0 0 0 0 0 0 0 0 0 0 0 0 0 0 0 0 0 0 0 0 0 0 0 0 0 0 0 0 0 0 0 0 0 0 0 0 0 0 0 0 0 0 0 0 0 0 0 0
N-001384,001384,Normal/001384.mp4,CCD,official,train,,,,0,,,10.0,,,,0 0 0 0 0 0 0 0 0 0 0 0 0 0 0 0 0 0 0 0 0 0 0 0 0 0 0 0 0 0 0 0 0 0 0 0 0 0 0 0 0 0 0 0 0 0 0 0 0 0
N-001385,001385,Normal/001385.mp4,CCD,official,test,,,,0,,,10.0,,,,0 0 0 0 0 0 0 0 0 0 0 0 0 0 0 0 0 0 0 0 0 0 0 0 0 0 0 0 0 0 0 0 0 0 0 0 0 0 0 0 0 0 0 0 0 0 0 0 0 0
N-001386,001386,Normal/001386.mp4,CCD,official,train,,,,0,,,10.0,,,,0 0 0 0 0 0 0 0 0 0 0 0 0 0 0 0 0 0 0 0 0 0 0 0 0 0 0 0 0 0 0 0 0 0 0 0 0 0 0 0 0 0 0 0 0 0 0 0 0 0
N-001387,001387,Normal/001387.mp4,CCD,official,val,,,,0,,,10.0,,,,0 0 0 0 0 0 0 0 0 0 0 0 0 0 0 0 0 0 0 0 0 0 0 0 0 0 0 0 0 0 0 0 0 0 0 0 0 0 0 0 0 0 0 0 0 0 0 0 0 0
N-001388,001388,Normal/001388.mp4,CCD,official,train,,,,0,,,10.0,,,,0 0 0 0 0 0 0 0 0 0 0 0 0 0 0 0 0 0 0 0 0 0 0 0 0 0 0 0 0 0 0 0 0 0 0 0 0 0 0 0 0 0 0 0 0 0 0 0 0 0
N-001389,001389,Normal/001389.mp4,CCD,official,train,,,,0,,,10.0,,,,0 0 0 0 0 0 0 0 0 0 0 0 0 0 0 0 0 0 0 0 0 0 0 0 0 0 0 0 0 0 0 0 0 0 0 0 0 0 0 0 0 0 0 0 0 0 0 0 0 0
N-001390,001390,Normal/001390.mp4,CCD,official,train,,,,0,,,10.0,,,,0 0 0 0 0 0 0 0 0 0 0 0 0 0 0 0 0 0 0 0 0 0 0 0 0 0 0 0 0 0 0 0 0 0 0 0 0 0 0 0 0 0 0 0 0 0 0 0 0 0
N-001391,001391,Normal/001391.mp4,CCD,official,val,,,,0,,,10.0,,,,0 0 0 0 0 0 0 0 0 0 0 0 0 0 0 0 0 0 0 0 0 0 0 0 0 0 0 0 0 0 0 0 0 0 0 0 0 0 0 0 0 0 0 0 0 0 0 0 0 0
N-001392,001392,Normal/001392.mp4,CCD,official,test,,,,0,,,10.0,,,,0 0 0 0 0 0 0 0 0 0 0 0 0 0 0 0 0 0 0 0 0 0 0 0 0 0 0 0 0 0 0 0 0 0 0 0 0 0 0 0 0 0 0 0 0 0 0 0 0 0
N-001393,001393,Normal/001393.mp4,CCD,official,train,,,,0,,,10.0,,,,0 0 0 0 0 0 0 0 0 0 0 0 0 0 0 0 0 0 0 0 0 0 0 0 0 0 0 0 0 0 0 0 0 0 0 0 0 0 0 0 0 0 0 0 0 0 0 0 0 0
N-001394,001394,Normal/001394.mp4,CCD,official,test,,,,0,,,10.0,,,,0 0 0 0 0 0 0 0 0 0 0 0 0 0 0 0 0 0 0 0 0 0 0 0 0 0 0 0 0 0 0 0 0 0 0 0 0 0 0 0 0 0 0 0 0 0 0 0 0 0
N-001395,001395,Normal/001395.mp4,CCD,official,test,,,,0,,,10.0,,,,0 0 0 0 0 0 0 0 0 0 0 0 0 0 0 0 0 0 0 0 0 0 0 0 0 0 0 0 0 0 0 0 0 0 0 0 0 0 0 0 0 0 0 0 0 0 0 0 0 0
N-001396,001396,Normal/001396.mp4,CCD,official,train,,,,0,,,10.0,,,,0 0 0 0 0 0 0 0 0 0 0 0 0 0 0 0 0 0 0 0 0 0 0 0 0 0 0 0 0 0 0 0 0 0 0 0 0 0 0 0 0 0 0 0 0 0 0 0 0 0
N-001397,001397,Normal/001397.mp4,CCD,official,val,,,,0,,,10.0,,,,0 0 0 0 0 0 0 0 0 0 0 0 0 0 0 0 0 0 0 0 0 0 0 0 0 0 0 0 0 0 0 0 0 0 0 0 0 0 0 0 0 0 0 0 0 0 0 0 0 0
N-001398,001398,Normal/001398.mp4,CCD,official,train,,,,0,,,10.0,,,,0 0 0 0 0 0 0 0 0 0 0 0 0 0 0 0 0 0 0 0 0 0 0 0 0 0 0 0 0 0 0 0 0 0 0 0 0 0 0 0 0 0 0 0 0 0 0 0 0 0
N-001399,001399,Normal/001399.mp4,CCD,official,test,,,,0,,,10.0,,,,0 0 0 0 0 0 0 0 0 0 0 0 0 0 0 0 0 0 0 0 0 0 0 0 0 0 0 0 0 0 0 0 0 0 0 0 0 0 0 0 0 0 0 0 0 0 0 0 0 0
N-001400,001400,Normal/001400.mp4,CCD,official,val,,,,0,,,10.0,,,,0 0 0 0 0 0 0 0 0 0 0 0 0 0 0 0 0 0 0 0 0 0 0 0 0 0 0 0 0 0 0 0 0 0 0 0 0 0 0 0 0 0 0 0 0 0 0 0 0 0
N-001401,001401,Normal/001401.mp4,CCD,official,test,,,,0,,,10.0,,,,0 0 0 0 0 0 0 0 0 0 0 0 0 0 0 0 0 0 0 0 0 0 0 0 0 0 0 0 0 0 0 0 0 0 0 0 0 0 0 0 0 0 0 0 0 0 0 0 0 0
N-001402,001402,Normal/001402.mp4,CCD,official,train,,,,0,,,10.0,,,,0 0 0 0 0 0 0 0 0 0 0 0 0 0 0 0 0 0 0 0 0 0 0 0 0 0 0 0 0 0 0 0 0 0 0 0 0 0 0 0 0 0 0 0 0 0 0 0 0 0
N-001403,001403,Normal/001403.mp4,CCD,official,val,,,,0,,,10.0,,,,0 0 0 0 0 0 0 0 0 0 0 0 0 0 0 0 0 0 0 0 0 0 0 0 0 0 0 0 0 0 0 0 0 0 0 0 0 0 0 0 0 0 0 0 0 0 0 0 0 0
N-001404,001404,Normal/001404.mp4,CCD,official,val,,,,0,,,10.0,,,,0 0 0 0 0 0 0 0 0 0 0 0 0 0 0 0 0 0 0 0 0 0 0 0 0 0 0 0 0 0 0 0 0 0 0 0 0 0 0 0 0 0 0 0 0 0 0 0 0 0
N-001405,001405,Normal/001405.mp4,CCD,official,test,,,,0,,,10.0,,,,0 0 0 0 0 0 0 0 0 0 0 0 0 0 0 0 0 0 0 0 0 0 0 0 0 0 0 0 0 0 0 0 0 0 0 0 0 0 0 0 0 0 0 0 0 0 0 0 0 0
N-001406,001406,Normal/001406.mp4,CCD,official,train,,,,0,,,10.0,,,,0 0 0 0 0 0 0 0 0 0 0 0 0 0 0 0 0 0 0 0 0 0 0 0 0 0 0 0 0 0 0 0 0 0 0 0 0 0 0 0 0 0 0 0 0 0 0 0 0 0
N-001407,001407,Normal/001407.mp4,CCD,official,val,,,,0,,,10.0,,,,0 0 0 0 0 0 0 0 0 0 0 0 0 0 0 0 0 0 0 0 0 0 0 0 0 0 0 0 0 0 0 0 0 0 0 0 0 0 0 0 0 0 0 0 0 0 0 0 0 0
N-001408,001408,Normal/001408.mp4,CCD,official,test,,,,0,,,10.0,,,,0 0 0 0 0 0 0 0 0 0 0 0 0 0 0 0 0 0 0 0 0 0 0 0 0 0 0 0 0 0 0 0 0 0 0 0 0 0 0 0 0 0 0 0 0 0 0 0 0 0
N-001409,001409,Normal/001409.mp4,CCD,official,test,,,,0,,,10.0,,,,0 0 0 0 0 0 0 0 0 0 0 0 0 0 0 0 0 0 0 0 0 0 0 0 0 0 0 0 0 0 0 0 0 0 0 0 0 0 0 0 0 0 0 0 0 0 0 0 0 0
N-001410,001410,Normal/001410.mp4,CCD,official,val,,,,0,,,10.0,,,,0 0 0 0 0 0 0 0 0 0 0 0 0 0 0 0 0 0 0 0 0 0 0 0 0 0 0 0 0 0 0 0 0 0 0 0 0 0 0 0 0 0 0 0 0 0 0 0 0 0
N-001411,001411,Normal/001411.mp4,CCD,official,train,,,,0,,,10.0,,,,0 0 0 0 0 0 0 0 0 0 0 0 0 0 0 0 0 0 0 0 0 0 0 0 0 0 0 0 0 0 0 0 0 0 0 0 0 0 0 0 0 0 0 0 0 0 0 0 0 0
N-001412,001412,Normal/001412.mp4,CCD,official,train,,,,0,,,10.0,,,,0 0 0 0 0 0 0 0 0 0 0 0 0 0 0 0 0 0 0 0 0 0 0 0 0 0 0 0 0 0 0 0 0 0 0 0 0 0 0 0 0 0 0 0 0 0 0 0 0 0
N-001413,001413,Normal/001413.mp4,CCD,official,train,,,,0,,,10.0,,,,0 0 0 0 0 0 0 0 0 0 0 0 0 0 0 0 0 0 0 0 0 0 0 0 0 0 0 0 0 0 0 0 0 0 0 0 0 0 0 0 0 0 0 0 0 0 0 0 0 0
N-001414,001414,Normal/001414.mp4,CCD,official,train,,,,0,,,10.0,,,,0 0 0 0 0 0 0 0 0 0 0 0 0 0 0 0 0 0 0 0 0 0 0 0 0 0 0 0 0 0 0 0 0 0 0 0 0 0 0 0 0 0 0 0 0 0 0 0 0 0
N-001415,001415,Normal/001415.mp4,CCD,official,train,,,,0,,,10.0,,,,0 0 0 0 0 0 0 0 0 0 0 0 0 0 0 0 0 0 0 0 0 0 0 0 0 0 0 0 0 0 0 0 0 0 0 0 0 0 0 0 0 0 0 0 0 0 0 0 0 0
N-001416,001416,Normal/001416.mp4,CCD,official,train,,,,0,,,10.0,,,,0 0 0 0 0 0 0 0 0 0 0 0 0 0 0 0 0 0 0 0 0 0 0 0 0 0 0 0 0 0 0 0 0 0 0 0 0 0 0 0 0 0 0 0 0 0 0 0 0 0
N-001417,001417,Normal/001417.mp4,CCD,official,val,,,,0,,,10.0,,,,0 0 0 0 0 0 0 0 0 0 0 0 0 0 0 0 0 0 0 0 0 0 0 0 0 0 0 0 0 0 0 0 0 0 0 0 0 0 0 0 0 0 0 0 0 0 0 0 0 0
N-001418,001418,Normal/001418.mp4,CCD,official,train,,,,0,,,10.0,,,,0 0 0 0 0 0 0 0 0 0 0 0 0 0 0 0 0 0 0 0 0 0 0 0 0 0 0 0 0 0 0 0 0 0 0 0 0 0 0 0 0 0 0 0 0 0 0 0 0 0
N-001419,001419,Normal/001419.mp4,CCD,official,train,,,,0,,,10.0,,,,0 0 0 0 0 0 0 0 0 0 0 0 0 0 0 0 0 0 0 0 0 0 0 0 0 0 0 0 0 0 0 0 0 0 0 0 0 0 0 0 0 0 0 0 0 0 0 0 0 0
N-001420,001420,Normal/001420.mp4,CCD,official,test,,,,0,,,10.0,,,,0 0 0 0 0 0 0 0 0 0 0 0 0 0 0 0 0 0 0 0 0 0 0 0 0 0 0 0 0 0 0 0 0 0 0 0 0 0 0 0 0 0 0 0 0 0 0 0 0 0
N-001421,001421,Normal/001421.mp4,CCD,official,train,,,,0,,,10.0,,,,0 0 0 0 0 0 0 0 0 0 0 0 0 0 0 0 0 0 0 0 0 0 0 0 0 0 0 0 0 0 0 0 0 0 0 0 0 0 0 0 0 0 0 0 0 0 0 0 0 0
N-001422,001422,Normal/001422.mp4,CCD,official,train,,,,0,,,10.0,,,,0 0 0 0 0 0 0 0 0 0 0 0 0 0 0 0 0 0 0 0 0 0 0 0 0 0 0 0 0 0 0 0 0 0 0 0 0 0 0 0 0 0 0 0 0 0 0 0 0 0
N-001423,001423,Normal/001423.mp4,CCD,official,test,,,,0,,,10.0,,,,0 0 0 0 0 0 0 0 0 0 0 0 0 0 0 0 0 0 0 0 0 0 0 0 0 0 0 0 0 0 0 0 0 0 0 0 0 0 0 0 0 0 0 0 0 0 0 0 0 0
N-001424,001424,Normal/001424.mp4,CCD,official,val,,,,0,,,10.0,,,,0 0 0 0 0 0 0 0 0 0 0 0 0 0 0 0 0 0 0 0 0 0 0 0 0 0 0 0 0 0 0 0 0 0 0 0 0 0 0 0 0 0 0 0 0 0 0 0 0 0
N-001425,001425,Normal/001425.mp4,CCD,official,train,,,,0,,,10.0,,,,0 0 0 0 0 0 0 0 0 0 0 0 0 0 0 0 0 0 0 0 0 0 0 0 0 0 0 0 0 0 0 0 0 0 0 0 0 0 0 0 0 0 0 0 0 0 0 0 0 0
N-001426,001426,Normal/001426.mp4,CCD,official,train,,,,0,,,10.0,,,,0 0 0 0 0 0 0 0 0 0 0 0 0 0 0 0 0 0 0 0 0 0 0 0 0 0 0 0 0 0 0 0 0 0 0 0 0 0 0 0 0 0 0 0 0 0 0 0 0 0
N-001427,001427,Normal/001427.mp4,CCD,official,train,,,,0,,,10.0,,,,0 0 0 0 0 0 0 0 0 0 0 0 0 0 0 0 0 0 0 0 0 0 0 0 0 0 0 0 0 0 0 0 0 0 0 0 0 0 0 0 0 0 0 0 0 0 0 0 0 0
N-001428,001428,Normal/001428.mp4,CCD,official,train,,,,0,,,10.0,,,,0 0 0 0 0 0 0 0 0 0 0 0 0 0 0 0 0 0 0 0 0 0 0 0 0 0 0 0 0 0 0 0 0 0 0 0 0 0 0 0 0 0 0 0 0 0 0 0 0 0
N-001429,001429,Normal/001429.mp4,CCD,official,train,,,,0,,,10.0,,,,0 0 0 0 0 0 0 0 0 0 0 0 0 0 0 0 0 0 0 0 0 0 0 0 0 0 0 0 0 0 0 0 0 0 0 0 0 0 0 0 0 0 0 0 0 0 0 0 0 0
N-001430,001430,Normal/001430.mp4,CCD,official,train,,,,0,,,10.0,,,,0 0 0 0 0 0 0 0 0 0 0 0 0 0 0 0 0 0 0 0 0 0 0 0 0 0 0 0 0 0 0 0 0 0 0 0 0 0 0 0 0 0 0 0 0 0 0 0 0 0
N-001431,001431,Normal/001431.mp4,CCD,official,test,,,,0,,,10.0,,,,0 0 0 0 0 0 0 0 0 0 0 0 0 0 0 0 0 0 0 0 0 0 0 0 0 0 0 0 0 0 0 0 0 0 0 0 0 0 0 0 0 0 0 0 0 0 0 0 0 0
N-001432,001432,Normal/001432.mp4,CCD,official,train,,,,0,,,10.0,,,,0 0 0 0 0 0 0 0 0 0 0 0 0 0 0 0 0 0 0 0 0 0 0 0 0 0 0 0 0 0 0 0 0 0 0 0 0 0 0 0 0 0 0 0 0 0 0 0 0 0
N-001433,001433,Normal/001433.mp4,CCD,official,train,,,,0,,,10.0,,,,0 0 0 0 0 0 0 0 0 0 0 0 0 0 0 0 0 0 0 0 0 0 0 0 0 0 0 0 0 0 0 0 0 0 0 0 0 0 0 0 0 0 0 0 0 0 0 0 0 0
N-001434,001434,Normal/001434.mp4,CCD,official,train,,,,0,,,10.0,,,,0 0 0 0 0 0 0 0 0 0 0 0 0 0 0 0 0 0 0 0 0 0 0 0 0 0 0 0 0 0 0 0 0 0 0 0 0 0 0 0 0 0 0 0 0 0 0 0 0 0
N-001435,001435,Normal/001435.mp4,CCD,official,train,,,,0,,,10.0,,,,0 0 0 0 0 0 0 0 0 0 0 0 0 0 0 0 0 0 0 0 0 0 0 0 0 0 0 0 0 0 0 0 0 0 0 0 0 0 0 0 0 0 0 0 0 0 0 0 0 0
N-001436,001436,Normal/001436.mp4,CCD,official,test,,,,0,,,10.0,,,,0 0 0 0 0 0 0 0 0 0 0 0 0 0 0 0 0 0 0 0 0 0 0 0 0 0 0 0 0 0 0 0 0 0 0 0 0 0 0 0 0 0 0 0 0 0 0 0 0 0
N-001437,001437,Normal/001437.mp4,CCD,official,train,,,,0,,,10.0,,,,0 0 0 0 0 0 0 0 0 0 0 0 0 0 0 0 0 0 0 0 0 0 0 0 0 0 0 0 0 0 0 0 0 0 0 0 0 0 0 0 0 0 0 0 0 0 0 0 0 0
N-001438,001438,Normal/001438.mp4,CCD,official,test,,,,0,,,10.0,,,,0 0 0 0 0 0 0 0 0 0 0 0 0 0 0 0 0 0 0 0 0 0 0 0 0 0 0 0 0 0 0 0 0 0 0 0 0 0 0 0 0 0 0 0 0 0 0 0 0 0
N-001439,001439,Normal/001439.mp4,CCD,official,test,,,,0,,,10.0,,,,0 0 0 0 0 0 0 0 0 0 0 0 0 0 0 0 0 0 0 0 0 0 0 0 0 0 0 0 0 0 0 0 0 0 0 0 0 0 0 0 0 0 0 0 0 0 0 0 0 0
N-001440,001440,Normal/001440.mp4,CCD,official,train,,,,0,,,10.0,,,,0 0 0 0 0 0 0 0 0 0 0 0 0 0 0 0 0 0 0 0 0 0 0 0 0 0 0 0 0 0 0 0 0 0 0 0 0 0 0 0 0 0 0 0 0 0 0 0 0 0
N-001441,001441,Normal/001441.mp4,CCD,official,train,,,,0,,,10.0,,,,0 0 0 0 0 0 0 0 0 0 0 0 0 0 0 0 0 0 0 0 0 0 0 0 0 0 0 0 0 0 0 0 0 0 0 0 0 0 0 0 0 0 0 0 0 0 0 0 0 0
N-001442,001442,Normal/001442.mp4,CCD,official,train,,,,0,,,10.0,,,,0 0 0 0 0 0 0 0 0 0 0 0 0 0 0 0 0 0 0 0 0 0 0 0 0 0 0 0 0 0 0 0 0 0 0 0 0 0 0 0 0 0 0 0 0 0 0 0 0 0
N-001443,001443,Normal/001443.mp4,CCD,official,train,,,,0,,,10.0,,,,0 0 0 0 0 0 0 0 0 0 0 0 0 0 0 0 0 0 0 0 0 0 0 0 0 0 0 0 0 0 0 0 0 0 0 0 0 0 0 0 0 0 0 0 0 0 0 0 0 0
N-001444,001444,Normal/001444.mp4,CCD,official,train,,,,0,,,10.0,,,,0 0 0 0 0 0 0 0 0 0 0 0 0 0 0 0 0 0 0 0 0 0 0 0 0 0 0 0 0 0 0 0 0 0 0 0 0 0 0 0 0 0 0 0 0 0 0 0 0 0
N-001445,001445,Normal/001445.mp4,CCD,official,test,,,,0,,,10.0,,,,0 0 0 0 0 0 0 0 0 0 0 0 0 0 0 0 0 0 0 0 0 0 0 0 0 0 0 0 0 0 0 0 0 0 0 0 0 0 0 0 0 0 0 0 0 0 0 0 0 0
N-001446,001446,Normal/001446.mp4,CCD,official,train,,,,0,,,10.0,,,,0 0 0 0 0 0 0 0 0 0 0 0 0 0 0 0 0 0 0 0 0 0 0 0 0 0 0 0 0 0 0 0 0 0 0 0 0 0 0 0 0 0 0 0 0 0 0 0 0 0
N-001447,001447,Normal/001447.mp4,CCD,official,train,,,,0,,,10.0,,,,0 0 0 0 0 0 0 0 0 0 0 0 0 0 0 0 0 0 0 0 0 0 0 0 0 0 0 0 0 0 0 0 0 0 0 0 0 0 0 0 0 0 0 0 0 0 0 0 0 0
N-001448,001448,Normal/001448.mp4,CCD,official,train,,,,0,,,10.0,,,,0 0 0 0 0 0 0 0 0 0 0 0 0 0 0 0 0 0 0 0 0 0 0 0 0 0 0 0 0 0 0 0 0 0 0 0 0 0 0 0 0 0 0 0 0 0 0 0 0 0
N-001449,001449,Normal/001449.mp4,CCD,official,train,,,,0,,,10.0,,,,0 0 0 0 0 0 0 0 0 0 0 0 0 0 0 0 0 0 0 0 0 0 0 0 0 0 0 0 0 0 0 0 0 0 0 0 0 0 0 0 0 0 0 0 0 0 0 0 0 0
N-001450,001450,Normal/001450.mp4,CCD,official,test,,,,0,,,10.0,,,,0 0 0 0 0 0 0 0 0 0 0 0 0 0 0 0 0 0 0 0 0 0 0 0 0 0 0 0 0 0 0 0 0 0 0 0 0 0 0 0 0 0 0 0 0 0 0 0 0 0
N-001451,001451,Normal/001451.mp4,CCD,official,test,,,,0,,,10.0,,,,0 0 0 0 0 0 0 0 0 0 0 0 0 0 0 0 0 0 0 0 0 0 0 0 0 0 0 0 0 0 0 0 0 0 0 0 0 0 0 0 0 0 0 0 0 0 0 0 0 0
N-001452,001452,Normal/001452.mp4,CCD,official,train,,,,0,,,10.0,,,,0 0 0 0 0 0 0 0 0 0 0 0 0 0 0 0 0 0 0 0 0 0 0 0 0 0 0 0 0 0 0 0 0 0 0 0 0 0 0 0 0 0 0 0 0 0 0 0 0 0
N-001453,001453,Normal/001453.mp4,CCD,official,train,,,,0,,,10.0,,,,0 0 0 0 0 0 0 0 0 0 0 0 0 0 0 0 0 0 0 0 0 0 0 0 0 0 0 0 0 0 0 0 0 0 0 0 0 0 0 0 0 0 0 0 0 0 0 0 0 0
N-001454,001454,Normal/001454.mp4,CCD,official,val,,,,0,,,10.0,,,,0 0 0 0 0 0 0 0 0 0 0 0 0 0 0 0 0 0 0 0 0 0 0 0 0 0 0 0 0 0 0 0 0 0 0 0 0 0 0 0 0 0 0 0 0 0 0 0 0 0
N-001455,001455,Normal/001455.mp4,CCD,official,train,,,,0,,,10.0,,,,0 0 0 0 0 0 0 0 0 0 0 0 0 0 0 0 0 0 0 0 0 0 0 0 0 0 0 0 0 0 0 0 0 0 0 0 0 0 0 0 0 0 0 0 0 0 0 0 0 0
N-001456,001456,Normal/001456.mp4,CCD,official,val,,,,0,,,10.0,,,,0 0 0 0 0 0 0 0 0 0 0 0 0 0 0 0 0 0 0 0 0 0 0 0 0 0 0 0 0 0 0 0 0 0 0 0 0 0 0 0 0 0 0 0 0 0 0 0 0 0
N-001457,001457,Normal/001457.mp4,CCD,official,test,,,,0,,,10.0,,,,0 0 0 0 0 0 0 0 0 0 0 0 0 0 0 0 0 0 0 0 0 0 0 0 0 0 0 0 0 0 0 0 0 0 0 0 0 0 0 0 0 0 0 0 0 0 0 0 0 0
N-001458,001458,Normal/001458.mp4,CCD,official,train,,,,0,,,10.0,,,,0 0 0 0 0 0 0 0 0 0 0 0 0 0 0 0 0 0 0 0 0 0 0 0 0 0 0 0 0 0 0 0 0 0 0 0 0 0 0 0 0 0 0 0 0 0 0 0 0 0
N-001459,001459,Normal/001459.mp4,CCD,official,train,,,,0,,,10.0,,,,0 0 0 0 0 0 0 0 0 0 0 0 0 0 0 0 0 0 0 0 0 0 0 0 0 0 0 0 0 0 0 0 0 0 0 0 0 0 0 0 0 0 0 0 0 0 0 0 0 0
N-001460,001460,Normal/001460.mp4,CCD,official,test,,,,0,,,10.0,,,,0 0 0 0 0 0 0 0 0 0 0 0 0 0 0 0 0 0 0 0 0 0 0 0 0 0 0 0 0 0 0 0 0 0 0 0 0 0 0 0 0 0 0 0 0 0 0 0 0 0
N-001461,001461,Normal/001461.mp4,CCD,official,test,,,,0,,,10.0,,,,0 0 0 0 0 0 0 0 0 0 0 0 0 0 0 0 0 0 0 0 0 0 0 0 0 0 0 0 0 0 0 0 0 0 0 0 0 0 0 0 0 0 0 0 0 0 0 0 0 0
N-001462,001462,Normal/001462.mp4,CCD,official,train,,,,0,,,10.0,,,,0 0 0 0 0 0 0 0 0 0 0 0 0 0 0 0 0 0 0 0 0 0 0 0 0 0 0 0 0 0 0 0 0 0 0 0 0 0 0 0 0 0 0 0 0 0 0 0 0 0
N-001463,001463,Normal/001463.mp4,CCD,official,train,,,,0,,,10.0,,,,0 0 0 0 0 0 0 0 0 0 0 0 0 0 0 0 0 0 0 0 0 0 0 0 0 0 0 0 0 0 0 0 0 0 0 0 0 0 0 0 0 0 0 0 0 0 0 0 0 0
N-001464,001464,Normal/001464.mp4,CCD,official,train,,,,0,,,10.0,,,,0 0 0 0 0 0 0 0 0 0 0 0 0 0 0 0 0 0 0 0 0 0 0 0 0 0 0 0 0 0 0 0 0 0 0 0 0 0 0 0 0 0 0 0 0 0 0 0 0 0
N-001465,001465,Normal/001465.mp4,CCD,official,train,,,,0,,,10.0,,,,0 0 0 0 0 0 0 0 0 0 0 0 0 0 0 0 0 0 0 0 0 0 0 0 0 0 0 0 0 0 0 0 0 0 0 0 0 0 0 0 0 0 0 0 0 0 0 0 0 0
N-001466,001466,Normal/001466.mp4,CCD,official,train,,,,0,,,10.0,,,,0 0 0 0 0 0 0 0 0 0 0 0 0 0 0 0 0 0 0 0 0 0 0 0 0 0 0 0 0 0 0 0 0 0 0 0 0 0 0 0 0 0 0 0 0 0 0 0 0 0
N-001467,001467,Normal/001467.mp4,CCD,official,train,,,,0,,,10.0,,,,0 0 0 0 0 0 0 0 0 0 0 0 0 0 0 0 0 0 0 0 0 0 0 0 0 0 0 0 0 0 0 0 0 0 0 0 0 0 0 0 0 0 0 0 0 0 0 0 0 0
N-001468,001468,Normal/001468.mp4,CCD,official,test,,,,0,,,10.0,,,,0 0 0 0 0 0 0 0 0 0 0 0 0 0 0 0 0 0 0 0 0 0 0 0 0 0 0 0 0 0 0 0 0 0 0 0 0 0 0 0 0 0 0 0 0 0 0 0 0 0
N-001469,001469,Normal/001469.mp4,CCD,official,train,,,,0,,,10.0,,,,0 0 0 0 0 0 0 0 0 0 0 0 0 0 0 0 0 0 0 0 0 0 0 0 0 0 0 0 0 0 0 0 0 0 0 0 0 0 0 0 0 0 0 0 0 0 0 0 0 0
N-001470,001470,Normal/001470.mp4,CCD,official,test,,,,0,,,10.0,,,,0 0 0 0 0 0 0 0 0 0 0 0 0 0 0 0 0 0 0 0 0 0 0 0 0 0 0 0 0 0 0 0 0 0 0 0 0 0 0 0 0 0 0 0 0 0 0 0 0 0
N-001471,001471,Normal/001471.mp4,CCD,official,test,,,,0,,,10.0,,,,0 0 0 0 0 0 0 0 0 0 0 0 0 0 0 0 0 0 0 0 0 0 0 0 0 0 0 0 0 0 0 0 0 0 0 0 0 0 0 0 0 0 0 0 0 0 0 0 0 0
N-001472,001472,Normal/001472.mp4,CCD,official,train,,,,0,,,10.0,,,,0 0 0 0 0 0 0 0 0 0 0 0 0 0 0 0 0 0 0 0 0 0 0 0 0 0 0 0 0 0 0 0 0 0 0 0 0 0 0 0 0 0 0 0 0 0 0 0 0 0
N-001473,001473,Normal/001473.mp4,CCD,official,val,,,,0,,,10.0,,,,0 0 0 0 0 0 0 0 0 0 0 0 0 0 0 0 0 0 0 0 0 0 0 0 0 0 0 0 0 0 0 0 0 0 0 0 0 0 0 0 0 0 0 0 0 0 0 0 0 0
N-001474,001474,Normal/001474.mp4,CCD,official,train,,,,0,,,10.0,,,,0 0 0 0 0 0 0 0 0 0 0 0 0 0 0 0 0 0 0 0 0 0 0 0 0 0 0 0 0 0 0 0 0 0 0 0 0 0 0 0 0 0 0 0 0 0 0 0 0 0
N-001475,001475,Normal/001475.mp4,CCD,official,test,,,,0,,,10.0,,,,0 0 0 0 0 0 0 0 0 0 0 0 0 0 0 0 0 0 0 0 0 0 0 0 0 0 0 0 0 0 0 0 0 0 0 0 0 0 0 0 0 0 0 0 0 0 0 0 0 0
N-001476,001476,Normal/001476.mp4,CCD,official,val,,,,0,,,10.0,,,,0 0 0 0 0 0 0 0 0 0 0 0 0 0 0 0 0 0 0 0 0 0 0 0 0 0 0 0 0 0 0 0 0 0 0 0 0 0 0 0 0 0 0 0 0 0 0 0 0 0
N-001477,001477,Normal/001477.mp4,CCD,official,train,,,,0,,,10.0,,,,0 0 0 0 0 0 0 0 0 0 0 0 0 0 0 0 0 0 0 0 0 0 0 0 0 0 0 0 0 0 0 0 0 0 0 0 0 0 0 0 0 0 0 0 0 0 0 0 0 0
N-001478,001478,Normal/001478.mp4,CCD,official,val,,,,0,,,10.0,,,,0 0 0 0 0 0 0 0 0 0 0 0 0 0 0 0 0 0 0 0 0 0 0 0 0 0 0 0 0 0 0 0 0 0 0 0 0 0 0 0 0 0 0 0 0 0 0 0 0 0
N-001479,001479,Normal/001479.mp4,CCD,official,train,,,,0,,,10.0,,,,0 0 0 0 0 0 0 0 0 0 0 0 0 0 0 0 0 0 0 0 0 0 0 0 0 0 0 0 0 0 0 0 0 0 0 0 0 0 0 0 0 0 0 0 0 0 0 0 0 0
N-001480,001480,Normal/001480.mp4,CCD,official,val,,,,0,,,10.0,,,,0 0 0 0 0 0 0 0 0 0 0 0 0 0 0 0 0 0 0 0 0 0 0 0 0 0 0 0 0 0 0 0 0 0 0 0 0 0 0 0 0 0 0 0 0 0 0 0 0 0
N-001481,001481,Normal/001481.mp4,CCD,official,train,,,,0,,,10.0,,,,0 0 0 0 0 0 0 0 0 0 0 0 0 0 0 0 0 0 0 0 0 0 0 0 0 0 0 0 0 0 0 0 0 0 0 0 0 0 0 0 0 0 0 0 0 0 0 0 0 0
N-001482,001482,Normal/001482.mp4,CCD,official,train,,,,0,,,10.0,,,,0 0 0 0 0 0 0 0 0 0 0 0 0 0 0 0 0 0 0 0 0 0 0 0 0 0 0 0 0 0 0 0 0 0 0 0 0 0 0 0 0 0 0 0 0 0 0 0 0 0
N-001483,001483,Normal/001483.mp4,CCD,official,train,,,,0,,,10.0,,,,0 0 0 0 0 0 0 0 0 0 0 0 0 0 0 0 0 0 0 0 0 0 0 0 0 0 0 0 0 0 0 0 0 0 0 0 0 0 0 0 0 0 0 0 0 0 0 0 0 0
N-001484,001484,Normal/001484.mp4,CCD,official,val,,,,0,,,10.0,,,,0 0 0 0 0 0 0 0 0 0 0 0 0 0 0 0 0 0 0 0 0 0 0 0 0 0 0 0 0 0 0 0 0 0 0 0 0 0 0 0 0 0 0 0 0 0 0 0 0 0
N-001485,001485,Normal/001485.mp4,CCD,official,train,,,,0,,,10.0,,,,0 0 0 0 0 0 0 0 0 0 0 0 0 0 0 0 0 0 0 0 0 0 0 0 0 0 0 0 0 0 0 0 0 0 0 0 0 0 0 0 0 0 0 0 0 0 0 0 0 0
N-001486,001486,Normal/001486.mp4,CCD,official,train,,,,0,,,10.0,,,,0 0 0 0 0 0 0 0 0 0 0 0 0 0 0 0 0 0 0 0 0 0 0 0 0 0 0 0 0 0 0 0 0 0 0 0 0 0 0 0 0 0 0 0 0 0 0 0 0 0
N-001487,001487,Normal/001487.mp4,CCD,official,train,,,,0,,,10.0,,,,0 0 0 0 0 0 0 0 0 0 0 0 0 0 0 0 0 0 0 0 0 0 0 0 0 0 0 0 0 0 0 0 0 0 0 0 0 0 0 0 0 0 0 0 0 0 0 0 0 0
N-001488,001488,Normal/001488.mp4,CCD,official,train,,,,0,,,10.0,,,,0 0 0 0 0 0 0 0 0 0 0 0 0 0 0 0 0 0 0 0 0 0 0 0 0 0 0 0 0 0 0 0 0 0 0 0 0 0 0 0 0 0 0 0 0 0 0 0 0 0
N-001489,001489,Normal/001489.mp4,CCD,official,val,,,,0,,,10.0,,,,0 0 0 0 0 0 0 0 0 0 0 0 0 0 0 0 0 0 0 0 0 0 0 0 0 0 0 0 0 0 0 0 0 0 0 0 0 0 0 0 0 0 0 0 0 0 0 0 0 0
N-001490,001490,Normal/001490.mp4,CCD,official,train,,,,0,,,10.0,,,,0 0 0 0 0 0 0 0 0 0 0 0 0 0 0 0 0 0 0 0 0 0 0 0 0 0 0 0 0 0 0 0 0 0 0 0 0 0 0 0 0 0 0 0 0 0 0 0 0 0
N-001491,001491,Normal/001491.mp4,CCD,official,train,,,,0,,,10.0,,,,0 0 0 0 0 0 0 0 0 0 0 0 0 0 0 0 0 0 0 0 0 0 0 0 0 0 0 0 0 0 0 0 0 0 0 0 0 0 0 0 0 0 0 0 0 0 0 0 0 0
N-001492,001492,Normal/001492.mp4,CCD,official,test,,,,0,,,10.0,,,,0 0 0 0 0 0 0 0 0 0 0 0 0 0 0 0 0 0 0 0 0 0 0 0 0 0 0 0 0 0 0 0 0 0 0 0 0 0 0 0 0 0 0 0 0 0 0 0 0 0
N-001493,001493,Normal/001493.mp4,CCD,official,test,,,,0,,,10.0,,,,0 0 0 0 0 0 0 0 0 0 0 0 0 0 0 0 0 0 0 0 0 0 0 0 0 0 0 0 0 0 0 0 0 0 0 0 0 0 0 0 0 0 0 0 0 0 0 0 0 0
N-001494,001494,Normal/001494.mp4,CCD,official,train,,,,0,,,10.0,,,,0 0 0 0 0 0 0 0 0 0 0 0 0 0 0 0 0 0 0 0 0 0 0 0 0 0 0 0 0 0 0 0 0 0 0 0 0 0 0 0 0 0 0 0 0 0 0 0 0 0
N-001495,001495,Normal/001495.mp4,CCD,official,test,,,,0,,,10.0,,,,0 0 0 0 0 0 0 0 0 0 0 0 0 0 0 0 0 0 0 0 0 0 0 0 0 0 0 0 0 0 0 0 0 0 0 0 0 0 0 0 0 0 0 0 0 0 0 0 0 0
N-001496,001496,Normal/001496.mp4,CCD,official,train,,,,0,,,10.0,,,,0 0 0 0 0 0 0 0 0 0 0 0 0 0 0 0 0 0 0 0 0 0 0 0 0 0 0 0 0 0 0 0 0 0 0 0 0 0 0 0 0 0 0 0 0 0 0 0 0 0
N-001497,001497,Normal/001497.mp4,CCD,official,test,,,,0,,,10.0,,,,0 0 0 0 0 0 0 0 0 0 0 0 0 0 0 0 0 0 0 0 0 0 0 0 0 0 0 0 0 0 0 0 0 0 0 0 0 0 0 0 0 0 0 0 0 0 0 0 0 0
N-001498,001498,Normal/001498.mp4,CCD,official,train,,,,0,,,10.0,,,,0 0 0 0 0 0 0 0 0 0 0 0 0 0 0 0 0 0 0 0 0 0 0 0 0 0 0 0 0 0 0 0 0 0 0 0 0 0 0 0 0 0 0 0 0 0 0 0 0 0
N-001499,001499,Normal/001499.mp4,CCD,official,test,,,,0,,,10.0,,,,0 0 0 0 0 0 0 0 0 0 0 0 0 0 0 0 0 0 0 0 0 0 0 0 0 0 0 0 0 0 0 0 0 0 0 0 0 0 0 0 0 0 0 0 0 0 0 0 0 0
N-001500,001500,Normal/001500.mp4,CCD,official,train,,,,0,,,10.0,,,,0 0 0 0 0 0 0 0 0 0 0 0 0 0 0 0 0 0 0 0 0 0 0 0 0 0 0 0 0 0 0 0 0 0 0 0 0 0 0 0 0 0 0 0 0 0 0 0 0 0
N-001501,001501,Normal/001501.mp4,CCD,official,test,,,,0,,,10.0,,,,0 0 0 0 0 0 0 0 0 0 0 0 0 0 0 0 0 0 0 0 0 0 0 0 0 0 0 0 0 0 0 0 0 0 0 0 0 0 0 0 0 0 0 0 0 0 0 0 0 0
N-001502,001502,Normal/001502.mp4,CCD,official,train,,,,0,,,10.0,,,,0 0 0 0 0 0 0 0 0 0 0 0 0 0 0 0 0 0 0 0 0 0 0 0 0 0 0 0 0 0 0 0 0 0 0 0 0 0 0 0 0 0 0 0 0 0 0 0 0 0
N-001503,001503,Normal/001503.mp4,CCD,official,train,,,,0,,,10.0,,,,0 0 0 0 0 0 0 0 0 0 0 0 0 0 0 0 0 0 0 0 0 0 0 0 0 0 0 0 0 0 0 0 0 0 0 0 0 0 0 0 0 0 0 0 0 0 0 0 0 0
N-001504,001504,Normal/001504.mp4,CCD,official,train,,,,0,,,10.0,,,,0 0 0 0 0 0 0 0 0 0 0 0 0 0 0 0 0 0 0 0 0 0 0 0 0 0 0 0 0 0 0 0 0 0 0 0 0 0 0 0 0 0 0 0 0 0 0 0 0 0
N-001505,001505,Normal/001505.mp4,CCD,official,val,,,,0,,,10.0,,,,0 0 0 0 0 0 0 0 0 0 0 0 0 0 0 0 0 0 0 0 0 0 0 0 0 0 0 0 0 0 0 0 0 0 0 0 0 0 0 0 0 0 0 0 0 0 0 0 0 0
N-001506,001506,Normal/001506.mp4,CCD,official,val,,,,0,,,10.0,,,,0 0 0 0 0 0 0 0 0 0 0 0 0 0 0 0 0 0 0 0 0 0 0 0 0 0 0 0 0 0 0 0 0 0 0 0 0 0 0 0 0 0 0 0 0 0 0 0 0 0
N-001507,001507,Normal/001507.mp4,CCD,official,train,,,,0,,,10.0,,,,0 0 0 0 0 0 0 0 0 0 0 0 0 0 0 0 0 0 0 0 0 0 0 0 0 0 0 0 0 0 0 0 0 0 0 0 0 0 0 0 0 0 0 0 0 0 0 0 0 0
N-001508,001508,Normal/001508.mp4,CCD,official,test,,,,0,,,10.0,,,,0 0 0 0 0 0 0 0 0 0 0 0 0 0 0 0 0 0 0 0 0 0 0 0 0 0 0 0 0 0 0 0 0 0 0 0 0 0 0 0 0 0 0 0 0 0 0 0 0 0
N-001509,001509,Normal/001509.mp4,CCD,official,train,,,,0,,,10.0,,,,0 0 0 0 0 0 0 0 0 0 0 0 0 0 0 0 0 0 0 0 0 0 0 0 0 0 0 0 0 0 0 0 0 0 0 0 0 0 0 0 0 0 0 0 0 0 0 0 0 0
N-001510,001510,Normal/001510.mp4,CCD,official,train,,,,0,,,10.0,,,,0 0 0 0 0 0 0 0 0 0 0 0 0 0 0 0 0 0 0 0 0 0 0 0 0 0 0 0 0 0 0 0 0 0 0 0 0 0 0 0 0 0 0 0 0 0 0 0 0 0
N-001511,001511,Normal/001511.mp4,CCD,official,train,,,,0,,,10.0,,,,0 0 0 0 0 0 0 0 0 0 0 0 0 0 0 0 0 0 0 0 0 0 0 0 0 0 0 0 0 0 0 0 0 0 0 0 0 0 0 0 0 0 0 0 0 0 0 0 0 0
N-001512,001512,Normal/001512.mp4,CCD,official,val,,,,0,,,10.0,,,,0 0 0 0 0 0 0 0 0 0 0 0 0 0 0 0 0 0 0 0 0 0 0 0 0 0 0 0 0 0 0 0 0 0 0 0 0 0 0 0 0 0 0 0 0 0 0 0 0 0
N-001513,001513,Normal/001513.mp4,CCD,official,train,,,,0,,,10.0,,,,0 0 0 0 0 0 0 0 0 0 0 0 0 0 0 0 0 0 0 0 0 0 0 0 0 0 0 0 0 0 0 0 0 0 0 0 0 0 0 0 0 0 0 0 0 0 0 0 0 0
N-001514,001514,Normal/001514.mp4,CCD,official,train,,,,0,,,10.0,,,,0 0 0 0 0 0 0 0 0 0 0 0 0 0 0 0 0 0 0 0 0 0 0 0 0 0 0 0 0 0 0 0 0 0 0 0 0 0 0 0 0 0 0 0 0 0 0 0 0 0
N-001515,001515,Normal/001515.mp4,CCD,official,val,,,,0,,,10.0,,,,0 0 0 0 0 0 0 0 0 0 0 0 0 0 0 0 0 0 0 0 0 0 0 0 0 0 0 0 0 0 0 0 0 0 0 0 0 0 0 0 0 0 0 0 0 0 0 0 0 0
N-001516,001516,Normal/001516.mp4,CCD,official,val,,,,0,,,10.0,,,,0 0 0 0 0 0 0 0 0 0 0 0 0 0 0 0 0 0 0 0 0 0 0 0 0 0 0 0 0 0 0 0 0 0 0 0 0 0 0 0 0 0 0 0 0 0 0 0 0 0
N-001517,001517,Normal/001517.mp4,CCD,official,val,,,,0,,,10.0,,,,0 0 0 0 0 0 0 0 0 0 0 0 0 0 0 0 0 0 0 0 0 0 0 0 0 0 0 0 0 0 0 0 0 0 0 0 0 0 0 0 0 0 0 0 0 0 0 0 0 0
N-001518,001518,Normal/001518.mp4,CCD,official,val,,,,0,,,10.0,,,,0 0 0 0 0 0 0 0 0 0 0 0 0 0 0 0 0 0 0 0 0 0 0 0 0 0 0 0 0 0 0 0 0 0 0 0 0 0 0 0 0 0 0 0 0 0 0 0 0 0
N-001519,001519,Normal/001519.mp4,CCD,official,val,,,,0,,,10.0,,,,0 0 0 0 0 0 0 0 0 0 0 0 0 0 0 0 0 0 0 0 0 0 0 0 0 0 0 0 0 0 0 0 0 0 0 0 0 0 0 0 0 0 0 0 0 0 0 0 0 0
N-001520,001520,Normal/001520.mp4,CCD,official,train,,,,0,,,10.0,,,,0 0 0 0 0 0 0 0 0 0 0 0 0 0 0 0 0 0 0 0 0 0 0 0 0 0 0 0 0 0 0 0 0 0 0 0 0 0 0 0 0 0 0 0 0 0 0 0 0 0
N-001521,001521,Normal/001521.mp4,CCD,official,train,,,,0,,,10.0,,,,0 0 0 0 0 0 0 0 0 0 0 0 0 0 0 0 0 0 0 0 0 0 0 0 0 0 0 0 0 0 0 0 0 0 0 0 0 0 0 0 0 0 0 0 0 0 0 0 0 0
N-001522,001522,Normal/001522.mp4,CCD,official,train,,,,0,,,10.0,,,,0 0 0 0 0 0 0 0 0 0 0 0 0 0 0 0 0 0 0 0 0 0 0 0 0 0 0 0 0 0 0 0 0 0 0 0 0 0 0 0 0 0 0 0 0 0 0 0 0 0
N-001523,001523,Normal/001523.mp4,CCD,official,train,,,,0,,,10.0,,,,0 0 0 0 0 0 0 0 0 0 0 0 0 0 0 0 0 0 0 0 0 0 0 0 0 0 0 0 0 0 0 0 0 0 0 0 0 0 0 0 0 0 0 0 0 0 0 0 0 0
N-001524,001524,Normal/001524.mp4,CCD,official,train,,,,0,,,10.0,,,,0 0 0 0 0 0 0 0 0 0 0 0 0 0 0 0 0 0 0 0 0 0 0 0 0 0 0 0 0 0 0 0 0 0 0 0 0 0 0 0 0 0 0 0 0 0 0 0 0 0
N-001525,001525,Normal/001525.mp4,CCD,official,train,,,,0,,,10.0,,,,0 0 0 0 0 0 0 0 0 0 0 0 0 0 0 0 0 0 0 0 0 0 0 0 0 0 0 0 0 0 0 0 0 0 0 0 0 0 0 0 0 0 0 0 0 0 0 0 0 0
N-001526,001526,Normal/001526.mp4,CCD,official,train,,,,0,,,10.0,,,,0 0 0 0 0 0 0 0 0 0 0 0 0 0 0 0 0 0 0 0 0 0 0 0 0 0 0 0 0 0 0 0 0 0 0 0 0 0 0 0 0 0 0 0 0 0 0 0 0 0
N-001527,001527,Normal/001527.mp4,CCD,official,train,,,,0,,,10.0,,,,0 0 0 0 0 0 0 0 0 0 0 0 0 0 0 0 0 0 0 0 0 0 0 0 0 0 0 0 0 0 0 0 0 0 0 0 0 0 0 0 0 0 0 0 0 0 0 0 0 0
N-001528,001528,Normal/001528.mp4,CCD,official,test,,,,0,,,10.0,,,,0 0 0 0 0 0 0 0 0 0 0 0 0 0 0 0 0 0 0 0 0 0 0 0 0 0 0 0 0 0 0 0 0 0 0 0 0 0 0 0 0 0 0 0 0 0 0 0 0 0
N-001529,001529,Normal/001529.mp4,CCD,official,train,,,,0,,,10.0,,,,0 0 0 0 0 0 0 0 0 0 0 0 0 0 0 0 0 0 0 0 0 0 0 0 0 0 0 0 0 0 0 0 0 0 0 0 0 0 0 0 0 0 0 0 0 0 0 0 0 0
N-001530,001530,Normal/001530.mp4,CCD,official,train,,,,0,,,10.0,,,,0 0 0 0 0 0 0 0 0 0 0 0 0 0 0 0 0 0 0 0 0 0 0 0 0 0 0 0 0 0 0 0 0 0 0 0 0 0 0 0 0 0 0 0 0 0 0 0 0 0
N-001531,001531,Normal/001531.mp4,CCD,official,train,,,,0,,,10.0,,,,0 0 0 0 0 0 0 0 0 0 0 0 0 0 0 0 0 0 0 0 0 0 0 0 0 0 0 0 0 0 0 0 0 0 0 0 0 0 0 0 0 0 0 0 0 0 0 0 0 0
N-001532,001532,Normal/001532.mp4,CCD,official,train,,,,0,,,10.0,,,,0 0 0 0 0 0 0 0 0 0 0 0 0 0 0 0 0 0 0 0 0 0 0 0 0 0 0 0 0 0 0 0 0 0 0 0 0 0 0 0 0 0 0 0 0 0 0 0 0 0
N-001533,001533,Normal/001533.mp4,CCD,official,test,,,,0,,,10.0,,,,0 0 0 0 0 0 0 0 0 0 0 0 0 0 0 0 0 0 0 0 0 0 0 0 0 0 0 0 0 0 0 0 0 0 0 0 0 0 0 0 0 0 0 0 0 0 0 0 0 0
N-001534,001534,Normal/001534.mp4,CCD,official,test,,,,0,,,10.0,,,,0 0 0 0 0 0 0 0 0 0 0 0 0 0 0 0 0 0 0 0 0 0 0 0 0 0 0 0 0 0 0 0 0 0 0 0 0 0 0 0 0 0 0 0 0 0 0 0 0 0
N-001535,001535,Normal/001535.mp4,CCD,official,train,,,,0,,,10.0,,,,0 0 0 0 0 0 0 0 0 0 0 0 0 0 0 0 0 0 0 0 0 0 0 0 0 0 0 0 0 0 0 0 0 0 0 0 0 0 0 0 0 0 0 0 0 0 0 0 0 0
N-001536,001536,Normal/001536.mp4,CCD,official,train,,,,0,,,10.0,,,,0 0 0 0 0 0 0 0 0 0 0 0 0 0 0 0 0 0 0 0 0 0 0 0 0 0 0 0 0 0 0 0 0 0 0 0 0 0 0 0 0 0 0 0 0 0 0 0 0 0
N-001537,001537,Normal/001537.mp4,CCD,official,train,,,,0,,,10.0,,,,0 0 0 0 0 0 0 0 0 0 0 0 0 0 0 0 0 0 0 0 0 0 0 0 0 0 0 0 0 0 0 0 0 0 0 0 0 0 0 0 0 0 0 0 0 0 0 0 0 0
N-001538,001538,Normal/001538.mp4,CCD,official,train,,,,0,,,10.0,,,,0 0 0 0 0 0 0 0 0 0 0 0 0 0 0 0 0 0 0 0 0 0 0 0 0 0 0 0 0 0 0 0 0 0 0 0 0 0 0 0 0 0 0 0 0 0 0 0 0 0
N-001539,001539,Normal/001539.mp4,CCD,official,train,,,,0,,,10.0,,,,0 0 0 0 0 0 0 0 0 0 0 0 0 0 0 0 0 0 0 0 0 0 0 0 0 0 0 0 0 0 0 0 0 0 0 0 0 0 0 0 0 0 0 0 0 0 0 0 0 0
N-001540,001540,Normal/001540.mp4,CCD,official,val,,,,0,,,10.0,,,,0 0 0 0 0 0 0 0 0 0 0 0 0 0 0 0 0 0 0 0 0 0 0 0 0 0 0 0 0 0 0 0 0 0 0 0 0 0 0 0 0 0 0 0 0 0 0 0 0 0
N-001541,001541,Normal/001541.mp4,CCD,official,train,,,,0,,,10.0,,,,0 0 0 0 0 0 0 0 0 0 0 0 0 0 0 0 0 0 0 0 0 0 0 0 0 0 0 0 0 0 0 0 0 0 0 0 0 0 0 0 0 0 0 0 0 0 0 0 0 0
N-001542,001542,Normal/001542.mp4,CCD,official,val,,,,0,,,10.0,,,,0 0 0 0 0 0 0 0 0 0 0 0 0 0 0 0 0 0 0 0 0 0 0 0 0 0 0 0 0 0 0 0 0 0 0 0 0 0 0 0 0 0 0 0 0 0 0 0 0 0
N-001543,001543,Normal/001543.mp4,CCD,official,train,,,,0,,,10.0,,,,0 0 0 0 0 0 0 0 0 0 0 0 0 0 0 0 0 0 0 0 0 0 0 0 0 0 0 0 0 0 0 0 0 0 0 0 0 0 0 0 0 0 0 0 0 0 0 0 0 0
N-001544,001544,Normal/001544.mp4,CCD,official,train,,,,0,,,10.0,,,,0 0 0 0 0 0 0 0 0 0 0 0 0 0 0 0 0 0 0 0 0 0 0 0 0 0 0 0 0 0 0 0 0 0 0 0 0 0 0 0 0 0 0 0 0 0 0 0 0 0
N-001545,001545,Normal/001545.mp4,CCD,official,test,,,,0,,,10.0,,,,0 0 0 0 0 0 0 0 0 0 0 0 0 0 0 0 0 0 0 0 0 0 0 0 0 0 0 0 0 0 0 0 0 0 0 0 0 0 0 0 0 0 0 0 0 0 0 0 0 0
N-001546,001546,Normal/001546.mp4,CCD,official,train,,,,0,,,10.0,,,,0 0 0 0 0 0 0 0 0 0 0 0 0 0 0 0 0 0 0 0 0 0 0 0 0 0 0 0 0 0 0 0 0 0 0 0 0 0 0 0 0 0 0 0 0 0 0 0 0 0
N-001547,001547,Normal/001547.mp4,CCD,official,train,,,,0,,,10.0,,,,0 0 0 0 0 0 0 0 0 0 0 0 0 0 0 0 0 0 0 0 0 0 0 0 0 0 0 0 0 0 0 0 0 0 0 0 0 0 0 0 0 0 0 0 0 0 0 0 0 0
N-001548,001548,Normal/001548.mp4,CCD,official,train,,,,0,,,10.0,,,,0 0 0 0 0 0 0 0 0 0 0 0 0 0 0 0 0 0 0 0 0 0 0 0 0 0 0 0 0 0 0 0 0 0 0 0 0 0 0 0 0 0 0 0 0 0 0 0 0 0
N-001549,001549,Normal/001549.mp4,CCD,official,val,,,,0,,,10.0,,,,0 0 0 0 0 0 0 0 0 0 0 0 0 0 0 0 0 0 0 0 0 0 0 0 0 0 0 0 0 0 0 0 0 0 0 0 0 0 0 0 0 0 0 0 0 0 0 0 0 0
N-001550,001550,Normal/001550.mp4,CCD,official,val,,,,0,,,10.0,,,,0 0 0 0 0 0 0 0 0 0 0 0 0 0 0 0 0 0 0 0 0 0 0 0 0 0 0 0 0 0 0 0 0 0 0 0 0 0 0 0 0 0 0 0 0 0 0 0 0 0
N-001551,001551,Normal/001551.mp4,CCD,official,val,,,,0,,,10.0,,,,0 0 0 0 0 0 0 0 0 0 0 0 0 0 0 0 0 0 0 0 0 0 0 0 0 0 0 0 0 0 0 0 0 0 0 0 0 0 0 0 0 0 0 0 0 0 0 0 0 0
N-001552,001552,Normal/001552.mp4,CCD,official,train,,,,0,,,10.0,,,,0 0 0 0 0 0 0 0 0 0 0 0 0 0 0 0 0 0 0 0 0 0 0 0 0 0 0 0 0 0 0 0 0 0 0 0 0 0 0 0 0 0 0 0 0 0 0 0 0 0
N-001553,001553,Normal/001553.mp4,CCD,official,val,,,,0,,,10.0,,,,0 0 0 0 0 0 0 0 0 0 0 0 0 0 0 0 0 0 0 0 0 0 0 0 0 0 0 0 0 0 0 0 0 0 0 0 0 0 0 0 0 0 0 0 0 0 0 0 0 0
N-001554,001554,Normal/001554.mp4,CCD,official,train,,,,0,,,10.0,,,,0 0 0 0 0 0 0 0 0 0 0 0 0 0 0 0 0 0 0 0 0 0 0 0 0 0 0 0 0 0 0 0 0 0 0 0 0 0 0 0 0 0 0 0 0 0 0 0 0 0
N-001555,001555,Normal/001555.mp4,CCD,official,train,,,,0,,,10.0,,,,0 0 0 0 0 0 0 0 0 0 0 0 0 0 0 0 0 0 0 0 0 0 0 0 0 0 0 0 0 0 0 0 0 0 0 0 0 0 0 0 0 0 0 0 0 0 0 0 0 0
N-001556,001556,Normal/001556.mp4,CCD,official,val,,,,0,,,10.0,,,,0 0 0 0 0 0 0 0 0 0 0 0 0 0 0 0 0 0 0 0 0 0 0 0 0 0 0 0 0 0 0 0 0 0 0 0 0 0 0 0 0 0 0 0 0 0 0 0 0 0
N-001557,001557,Normal/001557.mp4,CCD,official,train,,,,0,,,10.0,,,,0 0 0 0 0 0 0 0 0 0 0 0 0 0 0 0 0 0 0 0 0 0 0 0 0 0 0 0 0 0 0 0 0 0 0 0 0 0 0 0 0 0 0 0 0 0 0 0 0 0
N-001558,001558,Normal/001558.mp4,CCD,official,test,,,,0,,,10.0,,,,0 0 0 0 0 0 0 0 0 0 0 0 0 0 0 0 0 0 0 0 0 0 0 0 0 0 0 0 0 0 0 0 0 0 0 0 0 0 0 0 0 0 0 0 0 0 0 0 0 0
N-001559,001559,Normal/001559.mp4,CCD,official,train,,,,0,,,10.0,,,,0 0 0 0 0 0 0 0 0 0 0 0 0 0 0 0 0 0 0 0 0 0 0 0 0 0 0 0 0 0 0 0 0 0 0 0 0 0 0 0 0 0 0 0 0 0 0 0 0 0
N-001560,001560,Normal/001560.mp4,CCD,official,train,,,,0,,,10.0,,,,0 0 0 0 0 0 0 0 0 0 0 0 0 0 0 0 0 0 0 0 0 0 0 0 0 0 0 0 0 0 0 0 0 0 0 0 0 0 0 0 0 0 0 0 0 0 0 0 0 0
N-001561,001561,Normal/001561.mp4,CCD,official,train,,,,0,,,10.0,,,,0 0 0 0 0 0 0 0 0 0 0 0 0 0 0 0 0 0 0 0 0 0 0 0 0 0 0 0 0 0 0 0 0 0 0 0 0 0 0 0 0 0 0 0 0 0 0 0 0 0
N-001562,001562,Normal/001562.mp4,CCD,official,train,,,,0,,,10.0,,,,0 0 0 0 0 0 0 0 0 0 0 0 0 0 0 0 0 0 0 0 0 0 0 0 0 0 0 0 0 0 0 0 0 0 0 0 0 0 0 0 0 0 0 0 0 0 0 0 0 0
N-001563,001563,Normal/001563.mp4,CCD,official,train,,,,0,,,10.0,,,,0 0 0 0 0 0 0 0 0 0 0 0 0 0 0 0 0 0 0 0 0 0 0 0 0 0 0 0 0 0 0 0 0 0 0 0 0 0 0 0 0 0 0 0 0 0 0 0 0 0
N-001564,001564,Normal/001564.mp4,CCD,official,train,,,,0,,,10.0,,,,0 0 0 0 0 0 0 0 0 0 0 0 0 0 0 0 0 0 0 0 0 0 0 0 0 0 0 0 0 0 0 0 0 0 0 0 0 0 0 0 0 0 0 0 0 0 0 0 0 0
N-001565,001565,Normal/001565.mp4,CCD,official,train,,,,0,,,10.0,,,,0 0 0 0 0 0 0 0 0 0 0 0 0 0 0 0 0 0 0 0 0 0 0 0 0 0 0 0 0 0 0 0 0 0 0 0 0 0 0 0 0 0 0 0 0 0 0 0 0 0
N-001566,001566,Normal/001566.mp4,CCD,official,val,,,,0,,,10.0,,,,0 0 0 0 0 0 0 0 0 0 0 0 0 0 0 0 0 0 0 0 0 0 0 0 0 0 0 0 0 0 0 0 0 0 0 0 0 0 0 0 0 0 0 0 0 0 0 0 0 0
N-001567,001567,Normal/001567.mp4,CCD,official,test,,,,0,,,10.0,,,,0 0 0 0 0 0 0 0 0 0 0 0 0 0 0 0 0 0 0 0 0 0 0 0 0 0 0 0 0 0 0 0 0 0 0 0 0 0 0 0 0 0 0 0 0 0 0 0 0 0
N-001568,001568,Normal/001568.mp4,CCD,official,train,,,,0,,,10.0,,,,0 0 0 0 0 0 0 0 0 0 0 0 0 0 0 0 0 0 0 0 0 0 0 0 0 0 0 0 0 0 0 0 0 0 0 0 0 0 0 0 0 0 0 0 0 0 0 0 0 0
N-001569,001569,Normal/001569.mp4,CCD,official,test,,,,0,,,10.0,,,,0 0 0 0 0 0 0 0 0 0 0 0 0 0 0 0 0 0 0 0 0 0 0 0 0 0 0 0 0 0 0 0 0 0 0 0 0 0 0 0 0 0 0 0 0 0 0 0 0 0
N-001570,001570,Normal/001570.mp4,CCD,official,val,,,,0,,,10.0,,,,0 0 0 0 0 0 0 0 0 0 0 0 0 0 0 0 0 0 0 0 0 0 0 0 0 0 0 0 0 0 0 0 0 0 0 0 0 0 0 0 0 0 0 0 0 0 0 0 0 0
N-001571,001571,Normal/001571.mp4,CCD,official,train,,,,0,,,10.0,,,,0 0 0 0 0 0 0 0 0 0 0 0 0 0 0 0 0 0 0 0 0 0 0 0 0 0 0 0 0 0 0 0 0 0 0 0 0 0 0 0 0 0 0 0 0 0 0 0 0 0
N-001572,001572,Normal/001572.mp4,CCD,official,val,,,,0,,,10.0,,,,0 0 0 0 0 0 0 0 0 0 0 0 0 0 0 0 0 0 0 0 0 0 0 0 0 0 0 0 0 0 0 0 0 0 0 0 0 0 0 0 0 0 0 0 0 0 0 0 0 0
N-001573,001573,Normal/001573.mp4,CCD,official,train,,,,0,,,10.0,,,,0 0 0 0 0 0 0 0 0 0 0 0 0 0 0 0 0 0 0 0 0 0 0 0 0 0 0 0 0 0 0 0 0 0 0 0 0 0 0 0 0 0 0 0 0 0 0 0 0 0
N-001574,001574,Normal/001574.mp4,CCD,official,train,,,,0,,,10.0,,,,0 0 0 0 0 0 0 0 0 0 0 0 0 0 0 0 0 0 0 0 0 0 0 0 0 0 0 0 0 0 0 0 0 0 0 0 0 0 0 0 0 0 0 0 0 0 0 0 0 0
N-001575,001575,Normal/001575.mp4,CCD,official,train,,,,0,,,10.0,,,,0 0 0 0 0 0 0 0 0 0 0 0 0 0 0 0 0 0 0 0 0 0 0 0 0 0 0 0 0 0 0 0 0 0 0 0 0 0 0 0 0 0 0 0 0 0 0 0 0 0
N-001576,001576,Normal/001576.mp4,CCD,official,train,,,,0,,,10.0,,,,0 0 0 0 0 0 0 0 0 0 0 0 0 0 0 0 0 0 0 0 0 0 0 0 0 0 0 0 0 0 0 0 0 0 0 0 0 0 0 0 0 0 0 0 0 0 0 0 0 0
N-001577,001577,Normal/001577.mp4,CCD,official,train,,,,0,,,10.0,,,,0 0 0 0 0 0 0 0 0 0 0 0 0 0 0 0 0 0 0 0 0 0 0 0 0 0 0 0 0 0 0 0 0 0 0 0 0 0 0 0 0 0 0 0 0 0 0 0 0 0
N-001578,001578,Normal/001578.mp4,CCD,official,train,,,,0,,,10.0,,,,0 0 0 0 0 0 0 0 0 0 0 0 0 0 0 0 0 0 0 0 0 0 0 0 0 0 0 0 0 0 0 0 0 0 0 0 0 0 0 0 0 0 0 0 0 0 0 0 0 0
N-001579,001579,Normal/001579.mp4,CCD,official,train,,,,0,,,10.0,,,,0 0 0 0 0 0 0 0 0 0 0 0 0 0 0 0 0 0 0 0 0 0 0 0 0 0 0 0 0 0 0 0 0 0 0 0 0 0 0 0 0 0 0 0 0 0 0 0 0 0
N-001580,001580,Normal/001580.mp4,CCD,official,train,,,,0,,,10.0,,,,0 0 0 0 0 0 0 0 0 0 0 0 0 0 0 0 0 0 0 0 0 0 0 0 0 0 0 0 0 0 0 0 0 0 0 0 0 0 0 0 0 0 0 0 0 0 0 0 0 0
N-001581,001581,Normal/001581.mp4,CCD,official,train,,,,0,,,10.0,,,,0 0 0 0 0 0 0 0 0 0 0 0 0 0 0 0 0 0 0 0 0 0 0 0 0 0 0 0 0 0 0 0 0 0 0 0 0 0 0 0 0 0 0 0 0 0 0 0 0 0
N-001582,001582,Normal/001582.mp4,CCD,official,train,,,,0,,,10.0,,,,0 0 0 0 0 0 0 0 0 0 0 0 0 0 0 0 0 0 0 0 0 0 0 0 0 0 0 0 0 0 0 0 0 0 0 0 0 0 0 0 0 0 0 0 0 0 0 0 0 0
N-001583,001583,Normal/001583.mp4,CCD,official,test,,,,0,,,10.0,,,,0 0 0 0 0 0 0 0 0 0 0 0 0 0 0 0 0 0 0 0 0 0 0 0 0 0 0 0 0 0 0 0 0 0 0 0 0 0 0 0 0 0 0 0 0 0 0 0 0 0
N-001584,001584,Normal/001584.mp4,CCD,official,train,,,,0,,,10.0,,,,0 0 0 0 0 0 0 0 0 0 0 0 0 0 0 0 0 0 0 0 0 0 0 0 0 0 0 0 0 0 0 0 0 0 0 0 0 0 0 0 0 0 0 0 0 0 0 0 0 0
N-001585,001585,Normal/001585.mp4,CCD,official,test,,,,0,,,10.0,,,,0 0 0 0 0 0 0 0 0 0 0 0 0 0 0 0 0 0 0 0 0 0 0 0 0 0 0 0 0 0 0 0 0 0 0 0 0 0 0 0 0 0 0 0 0 0 0 0 0 0
N-001586,001586,Normal/001586.mp4,CCD,official,train,,,,0,,,10.0,,,,0 0 0 0 0 0 0 0 0 0 0 0 0 0 0 0 0 0 0 0 0 0 0 0 0 0 0 0 0 0 0 0 0 0 0 0 0 0 0 0 0 0 0 0 0 0 0 0 0 0
N-001587,001587,Normal/001587.mp4,CCD,official,train,,,,0,,,10.0,,,,0 0 0 0 0 0 0 0 0 0 0 0 0 0 0 0 0 0 0 0 0 0 0 0 0 0 0 0 0 0 0 0 0 0 0 0 0 0 0 0 0 0 0 0 0 0 0 0 0 0
N-001588,001588,Normal/001588.mp4,CCD,official,test,,,,0,,,10.0,,,,0 0 0 0 0 0 0 0 0 0 0 0 0 0 0 0 0 0 0 0 0 0 0 0 0 0 0 0 0 0 0 0 0 0 0 0 0 0 0 0 0 0 0 0 0 0 0 0 0 0
N-001589,001589,Normal/001589.mp4,CCD,official,train,,,,0,,,10.0,,,,0 0 0 0 0 0 0 0 0 0 0 0 0 0 0 0 0 0 0 0 0 0 0 0 0 0 0 0 0 0 0 0 0 0 0 0 0 0 0 0 0 0 0 0 0 0 0 0 0 0
N-001590,001590,Normal/001590.mp4,CCD,official,train,,,,0,,,10.0,,,,0 0 0 0 0 0 0 0 0 0 0 0 0 0 0 0 0 0 0 0 0 0 0 0 0 0 0 0 0 0 0 0 0 0 0 0 0 0 0 0 0 0 0 0 0 0 0 0 0 0
N-001591,001591,Normal/001591.mp4,CCD,official,train,,,,0,,,10.0,,,,0 0 0 0 0 0 0 0 0 0 0 0 0 0 0 0 0 0 0 0 0 0 0 0 0 0 0 0 0 0 0 0 0 0 0 0 0 0 0 0 0 0 0 0 0 0 0 0 0 0
N-001592,001592,Normal/001592.mp4,CCD,official,train,,,,0,,,10.0,,,,0 0 0 0 0 0 0 0 0 0 0 0 0 0 0 0 0 0 0 0 0 0 0 0 0 0 0 0 0 0 0 0 0 0 0 0 0 0 0 0 0 0 0 0 0 0 0 0 0 0
N-001593,001593,Normal/001593.mp4,CCD,official,train,,,,0,,,10.0,,,,0 0 0 0 0 0 0 0 0 0 0 0 0 0 0 0 0 0 0 0 0 0 0 0 0 0 0 0 0 0 0 0 0 0 0 0 0 0 0 0 0 0 0 0 0 0 0 0 0 0
N-001594,001594,Normal/001594.mp4,CCD,official,train,,,,0,,,10.0,,,,0 0 0 0 0 0 0 0 0 0 0 0 0 0 0 0 0 0 0 0 0 0 0 0 0 0 0 0 0 0 0 0 0 0 0 0 0 0 0 0 0 0 0 0 0 0 0 0 0 0
N-001595,001595,Normal/001595.mp4,CCD,official,train,,,,0,,,10.0,,,,0 0 0 0 0 0 0 0 0 0 0 0 0 0 0 0 0 0 0 0 0 0 0 0 0 0 0 0 0 0 0 0 0 0 0 0 0 0 0 0 0 0 0 0 0 0 0 0 0 0
N-001596,001596,Normal/001596.mp4,CCD,official,val,,,,0,,,10.0,,,,0 0 0 0 0 0 0 0 0 0 0 0 0 0 0 0 0 0 0 0 0 0 0 0 0 0 0 0 0 0 0 0 0 0 0 0 0 0 0 0 0 0 0 0 0 0 0 0 0 0
N-001597,001597,Normal/001597.mp4,CCD,official,val,,,,0,,,10.0,,,,0 0 0 0 0 0 0 0 0 0 0 0 0 0 0 0 0 0 0 0 0 0 0 0 0 0 0 0 0 0 0 0 0 0 0 0 0 0 0 0 0 0 0 0 0 0 0 0 0 0
N-001598,001598,Normal/001598.mp4,CCD,official,val,,,,0,,,10.0,,,,0 0 0 0 0 0 0 0 0 0 0 0 0 0 0 0 0 0 0 0 0 0 0 0 0 0 0 0 0 0 0 0 0 0 0 0 0 0 0 0 0 0 0 0 0 0 0 0 0 0
N-001599,001599,Normal/001599.mp4,CCD,official,train,,,,0,,,10.0,,,,0 0 0 0 0 0 0 0 0 0 0 0 0 0 0 0 0 0 0 0 0 0 0 0 0 0 0 0 0 0 0 0 0 0 0 0 0 0 0 0 0 0 0 0 0 0 0 0 0 0
N-001600,001600,Normal/001600.mp4,CCD,official,train,,,,0,,,10.0,,,,0 0 0 0 0 0 0 0 0 0 0 0 0 0 0 0 0 0 0 0 0 0 0 0 0 0 0 0 0 0 0 0 0 0 0 0 0 0 0 0 0 0 0 0 0 0 0 0 0 0
N-001601,001601,Normal/001601.mp4,CCD,official,train,,,,0,,,10.0,,,,0 0 0 0 0 0 0 0 0 0 0 0 0 0 0 0 0 0 0 0 0 0 0 0 0 0 0 0 0 0 0 0 0 0 0 0 0 0 0 0 0 0 0 0 0 0 0 0 0 0
N-001602,001602,Normal/001602.mp4,CCD,official,train,,,,0,,,10.0,,,,0 0 0 0 0 0 0 0 0 0 0 0 0 0 0 0 0 0 0 0 0 0 0 0 0 0 0 0 0 0 0 0 0 0 0 0 0 0 0 0 0 0 0 0 0 0 0 0 0 0
N-001603,001603,Normal/001603.mp4,CCD,official,train,,,,0,,,10.0,,,,0 0 0 0 0 0 0 0 0 0 0 0 0 0 0 0 0 0 0 0 0 0 0 0 0 0 0 0 0 0 0 0 0 0 0 0 0 0 0 0 0 0 0 0 0 0 0 0 0 0
N-001604,001604,Normal/001604.mp4,CCD,official,train,,,,0,,,10.0,,,,0 0 0 0 0 0 0 0 0 0 0 0 0 0 0 0 0 0 0 0 0 0 0 0 0 0 0 0 0 0 0 0 0 0 0 0 0 0 0 0 0 0 0 0 0 0 0 0 0 0
N-001605,001605,Normal/001605.mp4,CCD,official,train,,,,0,,,10.0,,,,0 0 0 0 0 0 0 0 0 0 0 0 0 0 0 0 0 0 0 0 0 0 0 0 0 0 0 0 0 0 0 0 0 0 0 0 0 0 0 0 0 0 0 0 0 0 0 0 0 0
N-001606,001606,Normal/001606.mp4,CCD,official,test,,,,0,,,10.0,,,,0 0 0 0 0 0 0 0 0 0 0 0 0 0 0 0 0 0 0 0 0 0 0 0 0 0 0 0 0 0 0 0 0 0 0 0 0 0 0 0 0 0 0 0 0 0 0 0 0 0
N-001607,001607,Normal/001607.mp4,CCD,official,test,,,,0,,,10.0,,,,0 0 0 0 0 0 0 0 0 0 0 0 0 0 0 0 0 0 0 0 0 0 0 0 0 0 0 0 0 0 0 0 0 0 0 0 0 0 0 0 0 0 0 0 0 0 0 0 0 0
N-001608,001608,Normal/001608.mp4,CCD,official,val,,,,0,,,10.0,,,,0 0 0 0 0 0 0 0 0 0 0 0 0 0 0 0 0 0 0 0 0 0 0 0 0 0 0 0 0 0 0 0 0 0 0 0 0 0 0 0 0 0 0 0 0 0 0 0 0 0
N-001609,001609,Normal/001609.mp4,CCD,official,train,,,,0,,,10.0,,,,0 0 0 0 0 0 0 0 0 0 0 0 0 0 0 0 0 0 0 0 0 0 0 0 0 0 0 0 0 0 0 0 0 0 0 0 0 0 0 0 0 0 0 0 0 0 0 0 0 0
N-001610,001610,Normal/001610.mp4,CCD,official,train,,,,0,,,10.0,,,,0 0 0 0 0 0 0 0 0 0 0 0 0 0 0 0 0 0 0 0 0 0 0 0 0 0 0 0 0 0 0 0 0 0 0 0 0 0 0 0 0 0 0 0 0 0 0 0 0 0
N-001611,001611,Normal/001611.mp4,CCD,official,test,,,,0,,,10.0,,,,0 0 0 0 0 0 0 0 0 0 0 0 0 0 0 0 0 0 0 0 0 0 0 0 0 0 0 0 0 0 0 0 0 0 0 0 0 0 0 0 0 0 0 0 0 0 0 0 0 0
N-001612,001612,Normal/001612.mp4,CCD,official,train,,,,0,,,10.0,,,,0 0 0 0 0 0 0 0 0 0 0 0 0 0 0 0 0 0 0 0 0 0 0 0 0 0 0 0 0 0 0 0 0 0 0 0 0 0 0 0 0 0 0 0 0 0 0 0 0 0
N-001613,001613,Normal/001613.mp4,CCD,official,train,,,,0,,,10.0,,,,0 0 0 0 0 0 0 0 0 0 0 0 0 0 0 0 0 0 0 0 0 0 0 0 0 0 0 0 0 0 0 0 0 0 0 0 0 0 0 0 0 0 0 0 0 0 0 0 0 0
N-001614,001614,Normal/001614.mp4,CCD,official,val,,,,0,,,10.0,,,,0 0 0 0 0 0 0 0 0 0 0 0 0 0 0 0 0 0 0 0 0 0 0 0 0 0 0 0 0 0 0 0 0 0 0 0 0 0 0 0 0 0 0 0 0 0 0 0 0 0
N-001615,001615,Normal/001615.mp4,CCD,official,val,,,,0,,,10.0,,,,0 0 0 0 0 0 0 0 0 0 0 0 0 0 0 0 0 0 0 0 0 0 0 0 0 0 0 0 0 0 0 0 0 0 0 0 0 0 0 0 0 0 0 0 0 0 0 0 0 0
N-001616,001616,Normal/001616.mp4,CCD,official,train,,,,0,,,10.0,,,,0 0 0 0 0 0 0 0 0 0 0 0 0 0 0 0 0 0 0 0 0 0 0 0 0 0 0 0 0 0 0 0 0 0 0 0 0 0 0 0 0 0 0 0 0 0 0 0 0 0
N-001617,001617,Normal/001617.mp4,CCD,official,train,,,,0,,,10.0,,,,0 0 0 0 0 0 0 0 0 0 0 0 0 0 0 0 0 0 0 0 0 0 0 0 0 0 0 0 0 0 0 0 0 0 0 0 0 0 0 0 0 0 0 0 0 0 0 0 0 0
N-001618,001618,Normal/001618.mp4,CCD,official,train,,,,0,,,10.0,,,,0 0 0 0 0 0 0 0 0 0 0 0 0 0 0 0 0 0 0 0 0 0 0 0 0 0 0 0 0 0 0 0 0 0 0 0 0 0 0 0 0 0 0 0 0 0 0 0 0 0
N-001619,001619,Normal/001619.mp4,CCD,official,val,,,,0,,,10.0,,,,0 0 0 0 0 0 0 0 0 0 0 0 0 0 0 0 0 0 0 0 0 0 0 0 0 0 0 0 0 0 0 0 0 0 0 0 0 0 0 0 0 0 0 0 0 0 0 0 0 0
N-001620,001620,Normal/001620.mp4,CCD,official,val,,,,0,,,10.0,,,,0 0 0 0 0 0 0 0 0 0 0 0 0 0 0 0 0 0 0 0 0 0 0 0 0 0 0 0 0 0 0 0 0 0 0 0 0 0 0 0 0 0 0 0 0 0 0 0 0 0
N-001621,001621,Normal/001621.mp4,CCD,official,train,,,,0,,,10.0,,,,0 0 0 0 0 0 0 0 0 0 0 0 0 0 0 0 0 0 0 0 0 0 0 0 0 0 0 0 0 0 0 0 0 0 0 0 0 0 0 0 0 0 0 0 0 0 0 0 0 0
N-001622,001622,Normal/001622.mp4,CCD,official,train,,,,0,,,10.0,,,,0 0 0 0 0 0 0 0 0 0 0 0 0 0 0 0 0 0 0 0 0 0 0 0 0 0 0 0 0 0 0 0 0 0 0 0 0 0 0 0 0 0 0 0 0 0 0 0 0 0
N-001623,001623,Normal/001623.mp4,CCD,official,train,,,,0,,,10.0,,,,0 0 0 0 0 0 0 0 0 0 0 0 0 0 0 0 0 0 0 0 0 0 0 0 0 0 0 0 0 0 0 0 0 0 0 0 0 0 0 0 0 0 0 0 0 0 0 0 0 0
N-001624,001624,Normal/001624.mp4,CCD,official,test,,,,0,,,10.0,,,,0 0 0 0 0 0 0 0 0 0 0 0 0 0 0 0 0 0 0 0 0 0 0 0 0 0 0 0 0 0 0 0 0 0 0 0 0 0 0 0 0 0 0 0 0 0 0 0 0 0
N-001625,001625,Normal/001625.mp4,CCD,official,train,,,,0,,,10.0,,,,0 0 0 0 0 0 0 0 0 0 0 0 0 0 0 0 0 0 0 0 0 0 0 0 0 0 0 0 0 0 0 0 0 0 0 0 0 0 0 0 0 0 0 0 0 0 0 0 0 0
N-001626,001626,Normal/001626.mp4,CCD,official,train,,,,0,,,10.0,,,,0 0 0 0 0 0 0 0 0 0 0 0 0 0 0 0 0 0 0 0 0 0 0 0 0 0 0 0 0 0 0 0 0 0 0 0 0 0 0 0 0 0 0 0 0 0 0 0 0 0
N-001627,001627,Normal/001627.mp4,CCD,official,train,,,,0,,,10.0,,,,0 0 0 0 0 0 0 0 0 0 0 0 0 0 0 0 0 0 0 0 0 0 0 0 0 0 0 0 0 0 0 0 0 0 0 0 0 0 0 0 0 0 0 0 0 0 0 0 0 0
N-001628,001628,Normal/001628.mp4,CCD,official,train,,,,0,,,10.0,,,,0 0 0 0 0 0 0 0 0 0 0 0 0 0 0 0 0 0 0 0 0 0 0 0 0 0 0 0 0 0 0 0 0 0 0 0 0 0 0 0 0 0 0 0 0 0 0 0 0 0
N-001629,001629,Normal/001629.mp4,CCD,official,test,,,,0,,,10.0,,,,0 0 0 0 0 0 0 0 0 0 0 0 0 0 0 0 0 0 0 0 0 0 0 0 0 0 0 0 0 0 0 0 0 0 0 0 0 0 0 0 0 0 0 0 0 0 0 0 0 0
N-001630,001630,Normal/001630.mp4,CCD,official,test,,,,0,,,10.0,,,,0 0 0 0 0 0 0 0 0 0 0 0 0 0 0 0 0 0 0 0 0 0 0 0 0 0 0 0 0 0 0 0 0 0 0 0 0 0 0 0 0 0 0 0 0 0 0 0 0 0
N-001631,001631,Normal/001631.mp4,CCD,official,train,,,,0,,,10.0,,,,0 0 0 0 0 0 0 0 0 0 0 0 0 0 0 0 0 0 0 0 0 0 0 0 0 0 0 0 0 0 0 0 0 0 0 0 0 0 0 0 0 0 0 0 0 0 0 0 0 0
N-001632,001632,Normal/001632.mp4,CCD,official,train,,,,0,,,10.0,,,,0 0 0 0 0 0 0 0 0 0 0 0 0 0 0 0 0 0 0 0 0 0 0 0 0 0 0 0 0 0 0 0 0 0 0 0 0 0 0 0 0 0 0 0 0 0 0 0 0 0
N-001633,001633,Normal/001633.mp4,CCD,official,train,,,,0,,,10.0,,,,0 0 0 0 0 0 0 0 0 0 0 0 0 0 0 0 0 0 0 0 0 0 0 0 0 0 0 0 0 0 0 0 0 0 0 0 0 0 0 0 0 0 0 0 0 0 0 0 0 0
N-001634,001634,Normal/001634.mp4,CCD,official,train,,,,0,,,10.0,,,,0 0 0 0 0 0 0 0 0 0 0 0 0 0 0 0 0 0 0 0 0 0 0 0 0 0 0 0 0 0 0 0 0 0 0 0 0 0 0 0 0 0 0 0 0 0 0 0 0 0
N-001635,001635,Normal/001635.mp4,CCD,official,val,,,,0,,,10.0,,,,0 0 0 0 0 0 0 0 0 0 0 0 0 0 0 0 0 0 0 0 0 0 0 0 0 0 0 0 0 0 0 0 0 0 0 0 0 0 0 0 0 0 0 0 0 0 0 0 0 0
N-001636,001636,Normal/001636.mp4,CCD,official,test,,,,0,,,10.0,,,,0 0 0 0 0 0 0 0 0 0 0 0 0 0 0 0 0 0 0 0 0 0 0 0 0 0 0 0 0 0 0 0 0 0 0 0 0 0 0 0 0 0 0 0 0 0 0 0 0 0
N-001637,001637,Normal/001637.mp4,CCD,official,train,,,,0,,,10.0,,,,0 0 0 0 0 0 0 0 0 0 0 0 0 0 0 0 0 0 0 0 0 0 0 0 0 0 0 0 0 0 0 0 0 0 0 0 0 0 0 0 0 0 0 0 0 0 0 0 0 0
N-001638,001638,Normal/001638.mp4,CCD,official,train,,,,0,,,10.0,,,,0 0 0 0 0 0 0 0 0 0 0 0 0 0 0 0 0 0 0 0 0 0 0 0 0 0 0 0 0 0 0 0 0 0 0 0 0 0 0 0 0 0 0 0 0 0 0 0 0 0
N-001639,001639,Normal/001639.mp4,CCD,official,val,,,,0,,,10.0,,,,0 0 0 0 0 0 0 0 0 0 0 0 0 0 0 0 0 0 0 0 0 0 0 0 0 0 0 0 0 0 0 0 0 0 0 0 0 0 0 0 0 0 0 0 0 0 0 0 0 0
N-001640,001640,Normal/001640.mp4,CCD,official,train,,,,0,,,10.0,,,,0 0 0 0 0 0 0 0 0 0 0 0 0 0 0 0 0 0 0 0 0 0 0 0 0 0 0 0 0 0 0 0 0 0 0 0 0 0 0 0 0 0 0 0 0 0 0 0 0 0
N-001641,001641,Normal/001641.mp4,CCD,official,val,,,,0,,,10.0,,,,0 0 0 0 0 0 0 0 0 0 0 0 0 0 0 0 0 0 0 0 0 0 0 0 0 0 0 0 0 0 0 0 0 0 0 0 0 0 0 0 0 0 0 0 0 0 0 0 0 0
N-001642,001642,Normal/001642.mp4,CCD,official,train,,,,0,,,10.0,,,,0 0 0 0 0 0 0 0 0 0 0 0 0 0 0 0 0 0 0 0 0 0 0 0 0 0 0 0 0 0 0 0 0 0 0 0 0 0 0 0 0 0 0 0 0 0 0 0 0 0
N-001643,001643,Normal/001643.mp4,CCD,official,val,,,,0,,,10.0,,,,0 0 0 0 0 0 0 0 0 0 0 0 0 0 0 0 0 0 0 0 0 0 0 0 0 0 0 0 0 0 0 0 0 0 0 0 0 0 0 0 0 0 0 0 0 0 0 0 0 0
N-001644,001644,Normal/001644.mp4,CCD,official,train,,,,0,,,10.0,,,,0 0 0 0 0 0 0 0 0 0 0 0 0 0 0 0 0 0 0 0 0 0 0 0 0 0 0 0 0 0 0 0 0 0 0 0 0 0 0 0 0 0 0 0 0 0 0 0 0 0
N-001645,001645,Normal/001645.mp4,CCD,official,test,,,,0,,,10.0,,,,0 0 0 0 0 0 0 0 0 0 0 0 0 0 0 0 0 0 0 0 0 0 0 0 0 0 0 0 0 0 0 0 0 0 0 0 0 0 0 0 0 0 0 0 0 0 0 0 0 0
N-001646,001646,Normal/001646.mp4,CCD,official,test,,,,0,,,10.0,,,,0 0 0 0 0 0 0 0 0 0 0 0 0 0 0 0 0 0 0 0 0 0 0 0 0 0 0 0 0 0 0 0 0 0 0 0 0 0 0 0 0 0 0 0 0 0 0 0 0 0
N-001647,001647,Normal/001647.mp4,CCD,official,train,,,,0,,,10.0,,,,0 0 0 0 0 0 0 0 0 0 0 0 0 0 0 0 0 0 0 0 0 0 0 0 0 0 0 0 0 0 0 0 0 0 0 0 0 0 0 0 0 0 0 0 0 0 0 0 0 0
N-001648,001648,Normal/001648.mp4,CCD,official,train,,,,0,,,10.0,,,,0 0 0 0 0 0 0 0 0 0 0 0 0 0 0 0 0 0 0 0 0 0 0 0 0 0 0 0 0 0 0 0 0 0 0 0 0 0 0 0 0 0 0 0 0 0 0 0 0 0
N-001649,001649,Normal/001649.mp4,CCD,official,train,,,,0,,,10.0,,,,0 0 0 0 0 0 0 0 0 0 0 0 0 0 0 0 0 0 0 0 0 0 0 0 0 0 0 0 0 0 0 0 0 0 0 0 0 0 0 0 0 0 0 0 0 0 0 0 0 0
N-001650,001650,Normal/001650.mp4,CCD,official,val,,,,0,,,10.0,,,,0 0 0 0 0 0 0 0 0 0 0 0 0 0 0 0 0 0 0 0 0 0 0 0 0 0 0 0 0 0 0 0 0 0 0 0 0 0 0 0 0 0 0 0 0 0 0 0 0 0
N-001651,001651,Normal/001651.mp4,CCD,official,train,,,,0,,,10.0,,,,0 0 0 0 0 0 0 0 0 0 0 0 0 0 0 0 0 0 0 0 0 0 0 0 0 0 0 0 0 0 0 0 0 0 0 0 0 0 0 0 0 0 0 0 0 0 0 0 0 0
N-001652,001652,Normal/001652.mp4,CCD,official,train,,,,0,,,10.0,,,,0 0 0 0 0 0 0 0 0 0 0 0 0 0 0 0 0 0 0 0 0 0 0 0 0 0 0 0 0 0 0 0 0 0 0 0 0 0 0 0 0 0 0 0 0 0 0 0 0 0
N-001653,001653,Normal/001653.mp4,CCD,official,train,,,,0,,,10.0,,,,0 0 0 0 0 0 0 0 0 0 0 0 0 0 0 0 0 0 0 0 0 0 0 0 0 0 0 0 0 0 0 0 0 0 0 0 0 0 0 0 0 0 0 0 0 0 0 0 0 0
N-001654,001654,Normal/001654.mp4,CCD,official,train,,,,0,,,10.0,,,,0 0 0 0 0 0 0 0 0 0 0 0 0 0 0 0 0 0 0 0 0 0 0 0 0 0 0 0 0 0 0 0 0 0 0 0 0 0 0 0 0 0 0 0 0 0 0 0 0 0
N-001655,001655,Normal/001655.mp4,CCD,official,train,,,,0,,,10.0,,,,0 0 0 0 0 0 0 0 0 0 0 0 0 0 0 0 0 0 0 0 0 0 0 0 0 0 0 0 0 0 0 0 0 0 0 0 0 0 0 0 0 0 0 0 0 0 0 0 0 0
N-001656,001656,Normal/001656.mp4,CCD,official,train,,,,0,,,10.0,,,,0 0 0 0 0 0 0 0 0 0 0 0 0 0 0 0 0 0 0 0 0 0 0 0 0 0 0 0 0 0 0 0 0 0 0 0 0 0 0 0 0 0 0 0 0 0 0 0 0 0
N-001657,001657,Normal/001657.mp4,CCD,official,train,,,,0,,,10.0,,,,0 0 0 0 0 0 0 0 0 0 0 0 0 0 0 0 0 0 0 0 0 0 0 0 0 0 0 0 0 0 0 0 0 0 0 0 0 0 0 0 0 0 0 0 0 0 0 0 0 0
N-001658,001658,Normal/001658.mp4,CCD,official,val,,,,0,,,10.0,,,,0 0 0 0 0 0 0 0 0 0 0 0 0 0 0 0 0 0 0 0 0 0 0 0 0 0 0 0 0 0 0 0 0 0 0 0 0 0 0 0 0 0 0 0 0 0 0 0 0 0
N-001659,001659,Normal/001659.mp4,CCD,official,val,,,,0,,,10.0,,,,0 0 0 0 0 0 0 0 0 0 0 0 0 0 0 0 0 0 0 0 0 0 0 0 0 0 0 0 0 0 0 0 0 0 0 0 0 0 0 0 0 0 0 0 0 0 0 0 0 0
N-001660,001660,Normal/001660.mp4,CCD,official,train,,,,0,,,10.0,,,,0 0 0 0 0 0 0 0 0 0 0 0 0 0 0 0 0 0 0 0 0 0 0 0 0 0 0 0 0 0 0 0 0 0 0 0 0 0 0 0 0 0 0 0 0 0 0 0 0 0
N-001661,001661,Normal/001661.mp4,CCD,official,val,,,,0,,,10.0,,,,0 0 0 0 0 0 0 0 0 0 0 0 0 0 0 0 0 0 0 0 0 0 0 0 0 0 0 0 0 0 0 0 0 0 0 0 0 0 0 0 0 0 0 0 0 0 0 0 0 0
N-001662,001662,Normal/001662.mp4,CCD,official,train,,,,0,,,10.0,,,,0 0 0 0 0 0 0 0 0 0 0 0 0 0 0 0 0 0 0 0 0 0 0 0 0 0 0 0 0 0 0 0 0 0 0 0 0 0 0 0 0 0 0 0 0 0 0 0 0 0
N-001663,001663,Normal/001663.mp4,CCD,official,test,,,,0,,,10.0,,,,0 0 0 0 0 0 0 0 0 0 0 0 0 0 0 0 0 0 0 0 0 0 0 0 0 0 0 0 0 0 0 0 0 0 0 0 0 0 0 0 0 0 0 0 0 0 0 0 0 0
N-001664,001664,Normal/001664.mp4,CCD,official,train,,,,0,,,10.0,,,,0 0 0 0 0 0 0 0 0 0 0 0 0 0 0 0 0 0 0 0 0 0 0 0 0 0 0 0 0 0 0 0 0 0 0 0 0 0 0 0 0 0 0 0 0 0 0 0 0 0
N-001665,001665,Normal/001665.mp4,CCD,official,train,,,,0,,,10.0,,,,0 0 0 0 0 0 0 0 0 0 0 0 0 0 0 0 0 0 0 0 0 0 0 0 0 0 0 0 0 0 0 0 0 0 0 0 0 0 0 0 0 0 0 0 0 0 0 0 0 0
N-001666,001666,Normal/001666.mp4,CCD,official,train,,,,0,,,10.0,,,,0 0 0 0 0 0 0 0 0 0 0 0 0 0 0 0 0 0 0 0 0 0 0 0 0 0 0 0 0 0 0 0 0 0 0 0 0 0 0 0 0 0 0 0 0 0 0 0 0 0
N-001667,001667,Normal/001667.mp4,CCD,official,test,,,,0,,,10.0,,,,0 0 0 0 0 0 0 0 0 0 0 0 0 0 0 0 0 0 0 0 0 0 0 0 0 0 0 0 0 0 0 0 0 0 0 0 0 0 0 0 0 0 0 0 0 0 0 0 0 0
N-001668,001668,Normal/001668.mp4,CCD,official,train,,,,0,,,10.0,,,,0 0 0 0 0 0 0 0 0 0 0 0 0 0 0 0 0 0 0 0 0 0 0 0 0 0 0 0 0 0 0 0 0 0 0 0 0 0 0 0 0 0 0 0 0 0 0 0 0 0
N-001669,001669,Normal/001669.mp4,CCD,official,train,,,,0,,,10.0,,,,0 0 0 0 0 0 0 0 0 0 0 0 0 0 0 0 0 0 0 0 0 0 0 0 0 0 0 0 0 0 0 0 0 0 0 0 0 0 0 0 0 0 0 0 0 0 0 0 0 0
N-001670,001670,Normal/001670.mp4,CCD,official,train,,,,0,,,10.0,,,,0 0 0 0 0 0 0 0 0 0 0 0 0 0 0 0 0 0 0 0 0 0 0 0 0 0 0 0 0 0 0 0 0 0 0 0 0 0 0 0 0 0 0 0 0 0 0 0 0 0
N-001671,001671,Normal/001671.mp4,CCD,official,test,,,,0,,,10.0,,,,0 0 0 0 0 0 0 0 0 0 0 0 0 0 0 0 0 0 0 0 0 0 0 0 0 0 0 0 0 0 0 0 0 0 0 0 0 0 0 0 0 0 0 0 0 0 0 0 0 0
N-001672,001672,Normal/001672.mp4,CCD,official,test,,,,0,,,10.0,,,,0 0 0 0 0 0 0 0 0 0 0 0 0 0 0 0 0 0 0 0 0 0 0 0 0 0 0 0 0 0 0 0 0 0 0 0 0 0 0 0 0 0 0 0 0 0 0 0 0 0
N-001673,001673,Normal/001673.mp4,CCD,official,train,,,,0,,,10.0,,,,0 0 0 0 0 0 0 0 0 0 0 0 0 0 0 0 0 0 0 0 0 0 0 0 0 0 0 0 0 0 0 0 0 0 0 0 0 0 0 0 0 0 0 0 0 0 0 0 0 0
N-001674,001674,Normal/001674.mp4,CCD,official,train,,,,0,,,10.0,,,,0 0 0 0 0 0 0 0 0 0 0 0 0 0 0 0 0 0 0 0 0 0 0 0 0 0 0 0 0 0 0 0 0 0 0 0 0 0 0 0 0 0 0 0 0 0 0 0 0 0
N-001675,001675,Normal/001675.mp4,CCD,official,train,,,,0,,,10.0,,,,0 0 0 0 0 0 0 0 0 0 0 0 0 0 0 0 0 0 0 0 0 0 0 0 0 0 0 0 0 0 0 0 0 0 0 0 0 0 0 0 0 0 0 0 0 0 0 0 0 0
N-001676,001676,Normal/001676.mp4,CCD,official,train,,,,0,,,10.0,,,,0 0 0 0 0 0 0 0 0 0 0 0 0 0 0 0 0 0 0 0 0 0 0 0 0 0 0 0 0 0 0 0 0 0 0 0 0 0 0 0 0 0 0 0 0 0 0 0 0 0
N-001677,001677,Normal/001677.mp4,CCD,official,train,,,,0,,,10.0,,,,0 0 0 0 0 0 0 0 0 0 0 0 0 0 0 0 0 0 0 0 0 0 0 0 0 0 0 0 0 0 0 0 0 0 0 0 0 0 0 0 0 0 0 0 0 0 0 0 0 0
N-001678,001678,Normal/001678.mp4,CCD,official,test,,,,0,,,10.0,,,,0 0 0 0 0 0 0 0 0 0 0 0 0 0 0 0 0 0 0 0 0 0 0 0 0 0 0 0 0 0 0 0 0 0 0 0 0 0 0 0 0 0 0 0 0 0 0 0 0 0
N-001679,001679,Normal/001679.mp4,CCD,official,train,,,,0,,,10.0,,,,0 0 0 0 0 0 0 0 0 0 0 0 0 0 0 0 0 0 0 0 0 0 0 0 0 0 0 0 0 0 0 0 0 0 0 0 0 0 0 0 0 0 0 0 0 0 0 0 0 0
N-001680,001680,Normal/001680.mp4,CCD,official,train,,,,0,,,10.0,,,,0 0 0 0 0 0 0 0 0 0 0 0 0 0 0 0 0 0 0 0 0 0 0 0 0 0 0 0 0 0 0 0 0 0 0 0 0 0 0 0 0 0 0 0 0 0 0 0 0 0
N-001681,001681,Normal/001681.mp4,CCD,official,test,,,,0,,,10.0,,,,0 0 0 0 0 0 0 0 0 0 0 0 0 0 0 0 0 0 0 0 0 0 0 0 0 0 0 0 0 0 0 0 0 0 0 0 0 0 0 0 0 0 0 0 0 0 0 0 0 0
N-001682,001682,Normal/001682.mp4,CCD,official,train,,,,0,,,10.0,,,,0 0 0 0 0 0 0 0 0 0 0 0 0 0 0 0 0 0 0 0 0 0 0 0 0 0 0 0 0 0 0 0 0 0 0 0 0 0 0 0 0 0 0 0 0 0 0 0 0 0
N-001683,001683,Normal/001683.mp4,CCD,official,val,,,,0,,,10.0,,,,0 0 0 0 0 0 0 0 0 0 0 0 0 0 0 0 0 0 0 0 0 0 0 0 0 0 0 0 0 0 0 0 0 0 0 0 0 0 0 0 0 0 0 0 0 0 0 0 0 0
N-001684,001684,Normal/001684.mp4,CCD,official,train,,,,0,,,10.0,,,,0 0 0 0 0 0 0 0 0 0 0 0 0 0 0 0 0 0 0 0 0 0 0 0 0 0 0 0 0 0 0 0 0 0 0 0 0 0 0 0 0 0 0 0 0 0 0 0 0 0
N-001685,001685,Normal/001685.mp4,CCD,official,test,,,,0,,,10.0,,,,0 0 0 0 0 0 0 0 0 0 0 0 0 0 0 0 0 0 0 0 0 0 0 0 0 0 0 0 0 0 0 0 0 0 0 0 0 0 0 0 0 0 0 0 0 0 0 0 0 0
N-001686,001686,Normal/001686.mp4,CCD,official,val,,,,0,,,10.0,,,,0 0 0 0 0 0 0 0 0 0 0 0 0 0 0 0 0 0 0 0 0 0 0 0 0 0 0 0 0 0 0 0 0 0 0 0 0 0 0 0 0 0 0 0 0 0 0 0 0 0
N-001687,001687,Normal/001687.mp4,CCD,official,val,,,,0,,,10.0,,,,0 0 0 0 0 0 0 0 0 0 0 0 0 0 0 0 0 0 0 0 0 0 0 0 0 0 0 0 0 0 0 0 0 0 0 0 0 0 0 0 0 0 0 0 0 0 0 0 0 0
N-001688,001688,Normal/001688.mp4,CCD,official,train,,,,0,,,10.0,,,,0 0 0 0 0 0 0 0 0 0 0 0 0 0 0 0 0 0 0 0 0 0 0 0 0 0 0 0 0 0 0 0 0 0 0 0 0 0 0 0 0 0 0 0 0 0 0 0 0 0
N-001689,001689,Normal/001689.mp4,CCD,official,val,,,,0,,,10.0,,,,0 0 0 0 0 0 0 0 0 0 0 0 0 0 0 0 0 0 0 0 0 0 0 0 0 0 0 0 0 0 0 0 0 0 0 0 0 0 0 0 0 0 0 0 0 0 0 0 0 0
N-001690,001690,Normal/001690.mp4,CCD,official,val,,,,0,,,10.0,,,,0 0 0 0 0 0 0 0 0 0 0 0 0 0 0 0 0 0 0 0 0 0 0 0 0 0 0 0 0 0 0 0 0 0 0 0 0 0 0 0 0 0 0 0 0 0 0 0 0 0
N-001691,001691,Normal/001691.mp4,CCD,official,train,,,,0,,,10.0,,,,0 0 0 0 0 0 0 0 0 0 0 0 0 0 0 0 0 0 0 0 0 0 0 0 0 0 0 0 0 0 0 0 0 0 0 0 0 0 0 0 0 0 0 0 0 0 0 0 0 0
N-001692,001692,Normal/001692.mp4,CCD,official,train,,,,0,,,10.0,,,,0 0 0 0 0 0 0 0 0 0 0 0 0 0 0 0 0 0 0 0 0 0 0 0 0 0 0 0 0 0 0 0 0 0 0 0 0 0 0 0 0 0 0 0 0 0 0 0 0 0
N-001693,001693,Normal/001693.mp4,CCD,official,train,,,,0,,,10.0,,,,0 0 0 0 0 0 0 0 0 0 0 0 0 0 0 0 0 0 0 0 0 0 0 0 0 0 0 0 0 0 0 0 0 0 0 0 0 0 0 0 0 0 0 0 0 0 0 0 0 0
N-001694,001694,Normal/001694.mp4,CCD,official,train,,,,0,,,10.0,,,,0 0 0 0 0 0 0 0 0 0 0 0 0 0 0 0 0 0 0 0 0 0 0 0 0 0 0 0 0 0 0 0 0 0 0 0 0 0 0 0 0 0 0 0 0 0 0 0 0 0
N-001695,001695,Normal/001695.mp4,CCD,official,train,,,,0,,,10.0,,,,0 0 0 0 0 0 0 0 0 0 0 0 0 0 0 0 0 0 0 0 0 0 0 0 0 0 0 0 0 0 0 0 0 0 0 0 0 0 0 0 0 0 0 0 0 0 0 0 0 0
N-001696,001696,Normal/001696.mp4,CCD,official,train,,,,0,,,10.0,,,,0 0 0 0 0 0 0 0 0 0 0 0 0 0 0 0 0 0 0 0 0 0 0 0 0 0 0 0 0 0 0 0 0 0 0 0 0 0 0 0 0 0 0 0 0 0 0 0 0 0
N-001697,001697,Normal/001697.mp4,CCD,official,train,,,,0,,,10.0,,,,0 0 0 0 0 0 0 0 0 0 0 0 0 0 0 0 0 0 0 0 0 0 0 0 0 0 0 0 0 0 0 0 0 0 0 0 0 0 0 0 0 0 0 0 0 0 0 0 0 0
N-001698,001698,Normal/001698.mp4,CCD,official,train,,,,0,,,10.0,,,,0 0 0 0 0 0 0 0 0 0 0 0 0 0 0 0 0 0 0 0 0 0 0 0 0 0 0 0 0 0 0 0 0 0 0 0 0 0 0 0 0 0 0 0 0 0 0 0 0 0
N-001699,001699,Normal/001699.mp4,CCD,official,train,,,,0,,,10.0,,,,0 0 0 0 0 0 0 0 0 0 0 0 0 0 0 0 0 0 0 0 0 0 0 0 0 0 0 0 0 0 0 0 0 0 0 0 0 0 0 0 0 0 0 0 0 0 0 0 0 0
N-001700,001700,Normal/001700.mp4,CCD,official,train,,,,0,,,10.0,,,,0 0 0 0 0 0 0 0 0 0 0 0 0 0 0 0 0 0 0 0 0 0 0 0 0 0 0 0 0 0 0 0 0 0 0 0 0 0 0 0 0 0 0 0 0 0 0 0 0 0
N-001701,001701,Normal/001701.mp4,CCD,official,test,,,,0,,,10.0,,,,0 0 0 0 0 0 0 0 0 0 0 0 0 0 0 0 0 0 0 0 0 0 0 0 0 0 0 0 0 0 0 0 0 0 0 0 0 0 0 0 0 0 0 0 0 0 0 0 0 0
N-001702,001702,Normal/001702.mp4,CCD,official,train,,,,0,,,10.0,,,,0 0 0 0 0 0 0 0 0 0 0 0 0 0 0 0 0 0 0 0 0 0 0 0 0 0 0 0 0 0 0 0 0 0 0 0 0 0 0 0 0 0 0 0 0 0 0 0 0 0
N-001703,001703,Normal/001703.mp4,CCD,official,train,,,,0,,,10.0,,,,0 0 0 0 0 0 0 0 0 0 0 0 0 0 0 0 0 0 0 0 0 0 0 0 0 0 0 0 0 0 0 0 0 0 0 0 0 0 0 0 0 0 0 0 0 0 0 0 0 0
N-001704,001704,Normal/001704.mp4,CCD,official,val,,,,0,,,10.0,,,,0 0 0 0 0 0 0 0 0 0 0 0 0 0 0 0 0 0 0 0 0 0 0 0 0 0 0 0 0 0 0 0 0 0 0 0 0 0 0 0 0 0 0 0 0 0 0 0 0 0
N-001705,001705,Normal/001705.mp4,CCD,official,train,,,,0,,,10.0,,,,0 0 0 0 0 0 0 0 0 0 0 0 0 0 0 0 0 0 0 0 0 0 0 0 0 0 0 0 0 0 0 0 0 0 0 0 0 0 0 0 0 0 0 0 0 0 0 0 0 0
N-001706,001706,Normal/001706.mp4,CCD,official,train,,,,0,,,10.0,,,,0 0 0 0 0 0 0 0 0 0 0 0 0 0 0 0 0 0 0 0 0 0 0 0 0 0 0 0 0 0 0 0 0 0 0 0 0 0 0 0 0 0 0 0 0 0 0 0 0 0
N-001707,001707,Normal/001707.mp4,CCD,official,train,,,,0,,,10.0,,,,0 0 0 0 0 0 0 0 0 0 0 0 0 0 0 0 0 0 0 0 0 0 0 0 0 0 0 0 0 0 0 0 0 0 0 0 0 0 0 0 0 0 0 0 0 0 0 0 0 0
N-001708,001708,Normal/001708.mp4,CCD,official,train,,,,0,,,10.0,,,,0 0 0 0 0 0 0 0 0 0 0 0 0 0 0 0 0 0 0 0 0 0 0 0 0 0 0 0 0 0 0 0 0 0 0 0 0 0 0 0 0 0 0 0 0 0 0 0 0 0
N-001709,001709,Normal/001709.mp4,CCD,official,val,,,,0,,,10.0,,,,0 0 0 0 0 0 0 0 0 0 0 0 0 0 0 0 0 0 0 0 0 0 0 0 0 0 0 0 0 0 0 0 0 0 0 0 0 0 0 0 0 0 0 0 0 0 0 0 0 0
N-001710,001710,Normal/001710.mp4,CCD,official,test,,,,0,,,10.0,,,,0 0 0 0 0 0 0 0 0 0 0 0 0 0 0 0 0 0 0 0 0 0 0 0 0 0 0 0 0 0 0 0 0 0 0 0 0 0 0 0 0 0 0 0 0 0 0 0 0 0
N-001711,001711,Normal/001711.mp4,CCD,official,val,,,,0,,,10.0,,,,0 0 0 0 0 0 0 0 0 0 0 0 0 0 0 0 0 0 0 0 0 0 0 0 0 0 0 0 0 0 0 0 0 0 0 0 0 0 0 0 0 0 0 0 0 0 0 0 0 0
N-001712,001712,Normal/001712.mp4,CCD,official,train,,,,0,,,10.0,,,,0 0 0 0 0 0 0 0 0 0 0 0 0 0 0 0 0 0 0 0 0 0 0 0 0 0 0 0 0 0 0 0 0 0 0 0 0 0 0 0 0 0 0 0 0 0 0 0 0 0
N-001713,001713,Normal/001713.mp4,CCD,official,val,,,,0,,,10.0,,,,0 0 0 0 0 0 0 0 0 0 0 0 0 0 0 0 0 0 0 0 0 0 0 0 0 0 0 0 0 0 0 0 0 0 0 0 0 0 0 0 0 0 0 0 0 0 0 0 0 0
N-001714,001714,Normal/001714.mp4,CCD,official,train,,,,0,,,10.0,,,,0 0 0 0 0 0 0 0 0 0 0 0 0 0 0 0 0 0 0 0 0 0 0 0 0 0 0 0 0 0 0 0 0 0 0 0 0 0 0 0 0 0 0 0 0 0 0 0 0 0
N-001715,001715,Normal/001715.mp4,CCD,official,val,,,,0,,,10.0,,,,0 0 0 0 0 0 0 0 0 0 0 0 0 0 0 0 0 0 0 0 0 0 0 0 0 0 0 0 0 0 0 0 0 0 0 0 0 0 0 0 0 0 0 0 0 0 0 0 0 0
N-001716,001716,Normal/001716.mp4,CCD,official,train,,,,0,,,10.0,,,,0 0 0 0 0 0 0 0 0 0 0 0 0 0 0 0 0 0 0 0 0 0 0 0 0 0 0 0 0 0 0 0 0 0 0 0 0 0 0 0 0 0 0 0 0 0 0 0 0 0
N-001717,001717,Normal/001717.mp4,CCD,official,val,,,,0,,,10.0,,,,0 0 0 0 0 0 0 0 0 0 0 0 0 0 0 0 0 0 0 0 0 0 0 0 0 0 0 0 0 0 0 0 0 0 0 0 0 0 0 0 0 0 0 0 0 0 0 0 0 0
N-001718,001718,Normal/001718.mp4,CCD,official,test,,,,0,,,10.0,,,,0 0 0 0 0 0 0 0 0 0 0 0 0 0 0 0 0 0 0 0 0 0 0 0 0 0 0 0 0 0 0 0 0 0 0 0 0 0 0 0 0 0 0 0 0 0 0 0 0 0
N-001719,001719,Normal/001719.mp4,CCD,official,train,,,,0,,,10.0,,,,0 0 0 0 0 0 0 0 0 0 0 0 0 0 0 0 0 0 0 0 0 0 0 0 0 0 0 0 0 0 0 0 0 0 0 0 0 0 0 0 0 0 0 0 0 0 0 0 0 0
N-001720,001720,Normal/001720.mp4,CCD,official,train,,,,0,,,10.0,,,,0 0 0 0 0 0 0 0 0 0 0 0 0 0 0 0 0 0 0 0 0 0 0 0 0 0 0 0 0 0 0 0 0 0 0 0 0 0 0 0 0 0 0 0 0 0 0 0 0 0
N-001721,001721,Normal/001721.mp4,CCD,official,train,,,,0,,,10.0,,,,0 0 0 0 0 0 0 0 0 0 0 0 0 0 0 0 0 0 0 0 0 0 0 0 0 0 0 0 0 0 0 0 0 0 0 0 0 0 0 0 0 0 0 0 0 0 0 0 0 0
N-001722,001722,Normal/001722.mp4,CCD,official,train,,,,0,,,10.0,,,,0 0 0 0 0 0 0 0 0 0 0 0 0 0 0 0 0 0 0 0 0 0 0 0 0 0 0 0 0 0 0 0 0 0 0 0 0 0 0 0 0 0 0 0 0 0 0 0 0 0
N-001723,001723,Normal/001723.mp4,CCD,official,train,,,,0,,,10.0,,,,0 0 0 0 0 0 0 0 0 0 0 0 0 0 0 0 0 0 0 0 0 0 0 0 0 0 0 0 0 0 0 0 0 0 0 0 0 0 0 0 0 0 0 0 0 0 0 0 0 0
N-001724,001724,Normal/001724.mp4,CCD,official,test,,,,0,,,10.0,,,,0 0 0 0 0 0 0 0 0 0 0 0 0 0 0 0 0 0 0 0 0 0 0 0 0 0 0 0 0 0 0 0 0 0 0 0 0 0 0 0 0 0 0 0 0 0 0 0 0 0
N-001725,001725,Normal/001725.mp4,CCD,official,train,,,,0,,,10.0,,,,0 0 0 0 0 0 0 0 0 0 0 0 0 0 0 0 0 0 0 0 0 0 0 0 0 0 0 0 0 0 0 0 0 0 0 0 0 0 0 0 0 0 0 0 0 0 0 0 0 0
N-001726,001726,Normal/001726.mp4,CCD,official,test,,,,0,,,10.0,,,,0 0 0 0 0 0 0 0 0 0 0 0 0 0 0 0 0 0 0 0 0 0 0 0 0 0 0 0 0 0 0 0 0 0 0 0 0 0 0 0 0 0 0 0 0 0 0 0 0 0
N-001727,001727,Normal/001727.mp4,CCD,official,train,,,,0,,,10.0,,,,0 0 0 0 0 0 0 0 0 0 0 0 0 0 0 0 0 0 0 0 0 0 0 0 0 0 0 0 0 0 0 0 0 0 0 0 0 0 0 0 0 0 0 0 0 0 0 0 0 0
N-001728,001728,Normal/001728.mp4,CCD,official,test,,,,0,,,10.0,,,,0 0 0 0 0 0 0 0 0 0 0 0 0 0 0 0 0 0 0 0 0 0 0 0 0 0 0 0 0 0 0 0 0 0 0 0 0 0 0 0 0 0 0 0 0 0 0 0 0 0
N-001729,001729,Normal/001729.mp4,CCD,official,val,,,,0,,,10.0,,,,0 0 0 0 0 0 0 0 0 0 0 0 0 0 0 0 0 0 0 0 0 0 0 0 0 0 0 0 0 0 0 0 0 0 0 0 0 0 0 0 0 0 0 0 0 0 0 0 0 0
N-001730,001730,Normal/001730.mp4,CCD,official,train,,,,0,,,10.0,,,,0 0 0 0 0 0 0 0 0 0 0 0 0 0 0 0 0 0 0 0 0 0 0 0 0 0 0 0 0 0 0 0 0 0 0 0 0 0 0 0 0 0 0 0 0 0 0 0 0 0
N-001731,001731,Normal/001731.mp4,CCD,official,train,,,,0,,,10.0,,,,0 0 0 0 0 0 0 0 0 0 0 0 0 0 0 0 0 0 0 0 0 0 0 0 0 0 0 0 0 0 0 0 0 0 0 0 0 0 0 0 0 0 0 0 0 0 0 0 0 0
N-001732,001732,Normal/001732.mp4,CCD,official,val,,,,0,,,10.0,,,,0 0 0 0 0 0 0 0 0 0 0 0 0 0 0 0 0 0 0 0 0 0 0 0 0 0 0 0 0 0 0 0 0 0 0 0 0 0 0 0 0 0 0 0 0 0 0 0 0 0
N-001733,001733,Normal/001733.mp4,CCD,official,val,,,,0,,,10.0,,,,0 0 0 0 0 0 0 0 0 0 0 0 0 0 0 0 0 0 0 0 0 0 0 0 0 0 0 0 0 0 0 0 0 0 0 0 0 0 0 0 0 0 0 0 0 0 0 0 0 0
N-001734,001734,Normal/001734.mp4,CCD,official,test,,,,0,,,10.0,,,,0 0 0 0 0 0 0 0 0 0 0 0 0 0 0 0 0 0 0 0 0 0 0 0 0 0 0 0 0 0 0 0 0 0 0 0 0 0 0 0 0 0 0 0 0 0 0 0 0 0
N-001735,001735,Normal/001735.mp4,CCD,official,test,,,,0,,,10.0,,,,0 0 0 0 0 0 0 0 0 0 0 0 0 0 0 0 0 0 0 0 0 0 0 0 0 0 0 0 0 0 0 0 0 0 0 0 0 0 0 0 0 0 0 0 0 0 0 0 0 0
N-001736,001736,Normal/001736.mp4,CCD,official,train,,,,0,,,10.0,,,,0 0 0 0 0 0 0 0 0 0 0 0 0 0 0 0 0 0 0 0 0 0 0 0 0 0 0 0 0 0 0 0 0 0 0 0 0 0 0 0 0 0 0 0 0 0 0 0 0 0
N-001737,001737,Normal/001737.mp4,CCD,official,test,,,,0,,,10.0,,,,0 0 0 0 0 0 0 0 0 0 0 0 0 0 0 0 0 0 0 0 0 0 0 0 0 0 0 0 0 0 0 0 0 0 0 0 0 0 0 0 0 0 0 0 0 0 0 0 0 0
N-001738,001738,Normal/001738.mp4,CCD,official,train,,,,0,,,10.0,,,,0 0 0 0 0 0 0 0 0 0 0 0 0 0 0 0 0 0 0 0 0 0 0 0 0 0 0 0 0 0 0 0 0 0 0 0 0 0 0 0 0 0 0 0 0 0 0 0 0 0
N-001739,001739,Normal/001739.mp4,CCD,official,val,,,,0,,,10.0,,,,0 0 0 0 0 0 0 0 0 0 0 0 0 0 0 0 0 0 0 0 0 0 0 0 0 0 0 0 0 0 0 0 0 0 0 0 0 0 0 0 0 0 0 0 0 0 0 0 0 0
N-001740,001740,Normal/001740.mp4,CCD,official,val,,,,0,,,10.0,,,,0 0 0 0 0 0 0 0 0 0 0 0 0 0 0 0 0 0 0 0 0 0 0 0 0 0 0 0 0 0 0 0 0 0 0 0 0 0 0 0 0 0 0 0 0 0 0 0 0 0
N-001741,001741,Normal/001741.mp4,CCD,official,test,,,,0,,,10.0,,,,0 0 0 0 0 0 0 0 0 0 0 0 0 0 0 0 0 0 0 0 0 0 0 0 0 0 0 0 0 0 0 0 0 0 0 0 0 0 0 0 0 0 0 0 0 0 0 0 0 0
N-001742,001742,Normal/001742.mp4,CCD,official,train,,,,0,,,10.0,,,,0 0 0 0 0 0 0 0 0 0 0 0 0 0 0 0 0 0 0 0 0 0 0 0 0 0 0 0 0 0 0 0 0 0 0 0 0 0 0 0 0 0 0 0 0 0 0 0 0 0
N-001743,001743,Normal/001743.mp4,CCD,official,train,,,,0,,,10.0,,,,0 0 0 0 0 0 0 0 0 0 0 0 0 0 0 0 0 0 0 0 0 0 0 0 0 0 0 0 0 0 0 0 0 0 0 0 0 0 0 0 0 0 0 0 0 0 0 0 0 0
N-001744,001744,Normal/001744.mp4,CCD,official,train,,,,0,,,10.0,,,,0 0 0 0 0 0 0 0 0 0 0 0 0 0 0 0 0 0 0 0 0 0 0 0 0 0 0 0 0 0 0 0 0 0 0 0 0 0 0 0 0 0 0 0 0 0 0 0 0 0
N-001745,001745,Normal/001745.mp4,CCD,official,train,,,,0,,,10.0,,,,0 0 0 0 0 0 0 0 0 0 0 0 0 0 0 0 0 0 0 0 0 0 0 0 0 0 0 0 0 0 0 0 0 0 0 0 0 0 0 0 0 0 0 0 0 0 0 0 0 0
N-001746,001746,Normal/001746.mp4,CCD,official,train,,,,0,,,10.0,,,,0 0 0 0 0 0 0 0 0 0 0 0 0 0 0 0 0 0 0 0 0 0 0 0 0 0 0 0 0 0 0 0 0 0 0 0 0 0 0 0 0 0 0 0 0 0 0 0 0 0
N-001747,001747,Normal/001747.mp4,CCD,official,train,,,,0,,,10.0,,,,0 0 0 0 0 0 0 0 0 0 0 0 0 0 0 0 0 0 0 0 0 0 0 0 0 0 0 0 0 0 0 0 0 0 0 0 0 0 0 0 0 0 0 0 0 0 0 0 0 0
N-001748,001748,Normal/001748.mp4,CCD,official,train,,,,0,,,10.0,,,,0 0 0 0 0 0 0 0 0 0 0 0 0 0 0 0 0 0 0 0 0 0 0 0 0 0 0 0 0 0 0 0 0 0 0 0 0 0 0 0 0 0 0 0 0 0 0 0 0 0
N-001749,001749,Normal/001749.mp4,CCD,official,train,,,,0,,,10.0,,,,0 0 0 0 0 0 0 0 0 0 0 0 0 0 0 0 0 0 0 0 0 0 0 0 0 0 0 0 0 0 0 0 0 0 0 0 0 0 0 0 0 0 0 0 0 0 0 0 0 0
N-001750,001750,Normal/001750.mp4,CCD,official,val,,,,0,,,10.0,,,,0 0 0 0 0 0 0 0 0 0 0 0 0 0 0 0 0 0 0 0 0 0 0 0 0 0 0 0 0 0 0 0 0 0 0 0 0 0 0 0 0 0 0 0 0 0 0 0 0 0
N-001751,001751,Normal/001751.mp4,CCD,official,train,,,,0,,,10.0,,,,0 0 0 0 0 0 0 0 0 0 0 0 0 0 0 0 0 0 0 0 0 0 0 0 0 0 0 0 0 0 0 0 0 0 0 0 0 0 0 0 0 0 0 0 0 0 0 0 0 0
N-001752,001752,Normal/001752.mp4,CCD,official,val,,,,0,,,10.0,,,,0 0 0 0 0 0 0 0 0 0 0 0 0 0 0 0 0 0 0 0 0 0 0 0 0 0 0 0 0 0 0 0 0 0 0 0 0 0 0 0 0 0 0 0 0 0 0 0 0 0
N-001753,001753,Normal/001753.mp4,CCD,official,train,,,,0,,,10.0,,,,0 0 0 0 0 0 0 0 0 0 0 0 0 0 0 0 0 0 0 0 0 0 0 0 0 0 0 0 0 0 0 0 0 0 0 0 0 0 0 0 0 0 0 0 0 0 0 0 0 0
N-001754,001754,Normal/001754.mp4,CCD,official,train,,,,0,,,10.0,,,,0 0 0 0 0 0 0 0 0 0 0 0 0 0 0 0 0 0 0 0 0 0 0 0 0 0 0 0 0 0 0 0 0 0 0 0 0 0 0 0 0 0 0 0 0 0 0 0 0 0
N-001755,001755,Normal/001755.mp4,CCD,official,train,,,,0,,,10.0,,,,0 0 0 0 0 0 0 0 0 0 0 0 0 0 0 0 0 0 0 0 0 0 0 0 0 0 0 0 0 0 0 0 0 0 0 0 0 0 0 0 0 0 0 0 0 0 0 0 0 0
N-001756,001756,Normal/001756.mp4,CCD,official,val,,,,0,,,10.0,,,,0 0 0 0 0 0 0 0 0 0 0 0 0 0 0 0 0 0 0 0 0 0 0 0 0 0 0 0 0 0 0 0 0 0 0 0 0 0 0 0 0 0 0 0 0 0 0 0 0 0
N-001757,001757,Normal/001757.mp4,CCD,official,train,,,,0,,,10.0,,,,0 0 0 0 0 0 0 0 0 0 0 0 0 0 0 0 0 0 0 0 0 0 0 0 0 0 0 0 0 0 0 0 0 0 0 0 0 0 0 0 0 0 0 0 0 0 0 0 0 0
N-001758,001758,Normal/001758.mp4,CCD,official,train,,,,0,,,10.0,,,,0 0 0 0 0 0 0 0 0 0 0 0 0 0 0 0 0 0 0 0 0 0 0 0 0 0 0 0 0 0 0 0 0 0 0 0 0 0 0 0 0 0 0 0 0 0 0 0 0 0
N-001759,001759,Normal/001759.mp4,CCD,official,test,,,,0,,,10.0,,,,0 0 0 0 0 0 0 0 0 0 0 0 0 0 0 0 0 0 0 0 0 0 0 0 0 0 0 0 0 0 0 0 0 0 0 0 0 0 0 0 0 0 0 0 0 0 0 0 0 0
N-001760,001760,Normal/001760.mp4,CCD,official,train,,,,0,,,10.0,,,,0 0 0 0 0 0 0 0 0 0 0 0 0 0 0 0 0 0 0 0 0 0 0 0 0 0 0 0 0 0 0 0 0 0 0 0 0 0 0 0 0 0 0 0 0 0 0 0 0 0
N-001761,001761,Normal/001761.mp4,CCD,official,train,,,,0,,,10.0,,,,0 0 0 0 0 0 0 0 0 0 0 0 0 0 0 0 0 0 0 0 0 0 0 0 0 0 0 0 0 0 0 0 0 0 0 0 0 0 0 0 0 0 0 0 0 0 0 0 0 0
N-001762,001762,Normal/001762.mp4,CCD,official,train,,,,0,,,10.0,,,,0 0 0 0 0 0 0 0 0 0 0 0 0 0 0 0 0 0 0 0 0 0 0 0 0 0 0 0 0 0 0 0 0 0 0 0 0 0 0 0 0 0 0 0 0 0 0 0 0 0
N-001763,001763,Normal/001763.mp4,CCD,official,train,,,,0,,,10.0,,,,0 0 0 0 0 0 0 0 0 0 0 0 0 0 0 0 0 0 0 0 0 0 0 0 0 0 0 0 0 0 0 0 0 0 0 0 0 0 0 0 0 0 0 0 0 0 0 0 0 0
N-001764,001764,Normal/001764.mp4,CCD,official,train,,,,0,,,10.0,,,,0 0 0 0 0 0 0 0 0 0 0 0 0 0 0 0 0 0 0 0 0 0 0 0 0 0 0 0 0 0 0 0 0 0 0 0 0 0 0 0 0 0 0 0 0 0 0 0 0 0
N-001765,001765,Normal/001765.mp4,CCD,official,train,,,,0,,,10.0,,,,0 0 0 0 0 0 0 0 0 0 0 0 0 0 0 0 0 0 0 0 0 0 0 0 0 0 0 0 0 0 0 0 0 0 0 0 0 0 0 0 0 0 0 0 0 0 0 0 0 0
N-001766,001766,Normal/001766.mp4,CCD,official,train,,,,0,,,10.0,,,,0 0 0 0 0 0 0 0 0 0 0 0 0 0 0 0 0 0 0 0 0 0 0 0 0 0 0 0 0 0 0 0 0 0 0 0 0 0 0 0 0 0 0 0 0 0 0 0 0 0
N-001767,001767,Normal/001767.mp4,CCD,official,test,,,,0,,,10.0,,,,0 0 0 0 0 0 0 0 0 0 0 0 0 0 0 0 0 0 0 0 0 0 0 0 0 0 0 0 0 0 0 0 0 0 0 0 0 0 0 0 0 0 0 0 0 0 0 0 0 0
N-001768,001768,Normal/001768.mp4,CCD,official,val,,,,0,,,10.0,,,,0 0 0 0 0 0 0 0 0 0 0 0 0 0 0 0 0 0 0 0 0 0 0 0 0 0 0 0 0 0 0 0 0 0 0 0 0 0 0 0 0 0 0 0 0 0 0 0 0 0
N-001769,001769,Normal/001769.mp4,CCD,official,train,,,,0,,,10.0,,,,0 0 0 0 0 0 0 0 0 0 0 0 0 0 0 0 0 0 0 0 0 0 0 0 0 0 0 0 0 0 0 0 0 0 0 0 0 0 0 0 0 0 0 0 0 0 0 0 0 0
N-001770,001770,Normal/001770.mp4,CCD,official,test,,,,0,,,10.0,,,,0 0 0 0 0 0 0 0 0 0 0 0 0 0 0 0 0 0 0 0 0 0 0 0 0 0 0 0 0 0 0 0 0 0 0 0 0 0 0 0 0 0 0 0 0 0 0 0 0 0
N-001771,001771,Normal/001771.mp4,CCD,official,train,,,,0,,,10.0,,,,0 0 0 0 0 0 0 0 0 0 0 0 0 0 0 0 0 0 0 0 0 0 0 0 0 0 0 0 0 0 0 0 0 0 0 0 0 0 0 0 0 0 0 0 0 0 0 0 0 0
N-001772,001772,Normal/001772.mp4,CCD,official,train,,,,0,,,10.0,,,,0 0 0 0 0 0 0 0 0 0 0 0 0 0 0 0 0 0 0 0 0 0 0 0 0 0 0 0 0 0 0 0 0 0 0 0 0 0 0 0 0 0 0 0 0 0 0 0 0 0
N-001773,001773,Normal/001773.mp4,CCD,official,train,,,,0,,,10.0,,,,0 0 0 0 0 0 0 0 0 0 0 0 0 0 0 0 0 0 0 0 0 0 0 0 0 0 0 0 0 0 0 0 0 0 0 0 0 0 0 0 0 0 0 0 0 0 0 0 0 0
N-001774,001774,Normal/001774.mp4,CCD,official,train,,,,0,,,10.0,,,,0 0 0 0 0 0 0 0 0 0 0 0 0 0 0 0 0 0 0 0 0 0 0 0 0 0 0 0 0 0 0 0 0 0 0 0 0 0 0 0 0 0 0 0 0 0 0 0 0 0
N-001775,001775,Normal/001775.mp4,CCD,official,val,,,,0,,,10.0,,,,0 0 0 0 0 0 0 0 0 0 0 0 0 0 0 0 0 0 0 0 0 0 0 0 0 0 0 0 0 0 0 0 0 0 0 0 0 0 0 0 0 0 0 0 0 0 0 0 0 0
N-001776,001776,Normal/001776.mp4,CCD,official,test,,,,0,,,10.0,,,,0 0 0 0 0 0 0 0 0 0 0 0 0 0 0 0 0 0 0 0 0 0 0 0 0 0 0 0 0 0 0 0 0 0 0 0 0 0 0 0 0 0 0 0 0 0 0 0 0 0
N-001777,001777,Normal/001777.mp4,CCD,official,test,,,,0,,,10.0,,,,0 0 0 0 0 0 0 0 0 0 0 0 0 0 0 0 0 0 0 0 0 0 0 0 0 0 0 0 0 0 0 0 0 0 0 0 0 0 0 0 0 0 0 0 0 0 0 0 0 0
N-001778,001778,Normal/001778.mp4,CCD,official,val,,,,0,,,10.0,,,,0 0 0 0 0 0 0 0 0 0 0 0 0 0 0 0 0 0 0 0 0 0 0 0 0 0 0 0 0 0 0 0 0 0 0 0 0 0 0 0 0 0 0 0 0 0 0 0 0 0
N-001779,001779,Normal/001779.mp4,CCD,official,val,,,,0,,,10.0,,,,0 0 0 0 0 0 0 0 0 0 0 0 0 0 0 0 0 0 0 0 0 0 0 0 0 0 0 0 0 0 0 0 0 0 0 0 0 0 0 0 0 0 0 0 0 0 0 0 0 0
N-001780,001780,Normal/001780.mp4,CCD,official,train,,,,0,,,10.0,,,,0 0 0 0 0 0 0 0 0 0 0 0 0 0 0 0 0 0 0 0 0 0 0 0 0 0 0 0 0 0 0 0 0 0 0 0 0 0 0 0 0 0 0 0 0 0 0 0 0 0
N-001781,001781,Normal/001781.mp4,CCD,official,test,,,,0,,,10.0,,,,0 0 0 0 0 0 0 0 0 0 0 0 0 0 0 0 0 0 0 0 0 0 0 0 0 0 0 0 0 0 0 0 0 0 0 0 0 0 0 0 0 0 0 0 0 0 0 0 0 0
N-001782,001782,Normal/001782.mp4,CCD,official,val,,,,0,,,10.0,,,,0 0 0 0 0 0 0 0 0 0 0 0 0 0 0 0 0 0 0 0 0 0 0 0 0 0 0 0 0 0 0 0 0 0 0 0 0 0 0 0 0 0 0 0 0 0 0 0 0 0
N-001783,001783,Normal/001783.mp4,CCD,official,test,,,,0,,,10.0,,,,0 0 0 0 0 0 0 0 0 0 0 0 0 0 0 0 0 0 0 0 0 0 0 0 0 0 0 0 0 0 0 0 0 0 0 0 0 0 0 0 0 0 0 0 0 0 0 0 0 0
N-001784,001784,Normal/001784.mp4,CCD,official,train,,,,0,,,10.0,,,,0 0 0 0 0 0 0 0 0 0 0 0 0 0 0 0 0 0 0 0 0 0 0 0 0 0 0 0 0 0 0 0 0 0 0 0 0 0 0 0 0 0 0 0 0 0 0 0 0 0
N-001785,001785,Normal/001785.mp4,CCD,official,train,,,,0,,,10.0,,,,0 0 0 0 0 0 0 0 0 0 0 0 0 0 0 0 0 0 0 0 0 0 0 0 0 0 0 0 0 0 0 0 0 0 0 0 0 0 0 0 0 0 0 0 0 0 0 0 0 0
N-001786,001786,Normal/001786.mp4,CCD,official,test,,,,0,,,10.0,,,,0 0 0 0 0 0 0 0 0 0 0 0 0 0 0 0 0 0 0 0 0 0 0 0 0 0 0 0 0 0 0 0 0 0 0 0 0 0 0 0 0 0 0 0 0 0 0 0 0 0
N-001787,001787,Normal/001787.mp4,CCD,official,train,,,,0,,,10.0,,,,0 0 0 0 0 0 0 0 0 0 0 0 0 0 0 0 0 0 0 0 0 0 0 0 0 0 0 0 0 0 0 0 0 0 0 0 0 0 0 0 0 0 0 0 0 0 0 0 0 0
N-001788,001788,Normal/001788.mp4,CCD,official,train,,,,0,,,10.0,,,,0 0 0 0 0 0 0 0 0 0 0 0 0 0 0 0 0 0 0 0 0 0 0 0 0 0 0 0 0 0 0 0 0 0 0 0 0 0 0 0 0 0 0 0 0 0 0 0 0 0
N-001789,001789,Normal/001789.mp4,CCD,official,test,,,,0,,,10.0,,,,0 0 0 0 0 0 0 0 0 0 0 0 0 0 0 0 0 0 0 0 0 0 0 0 0 0 0 0 0 0 0 0 0 0 0 0 0 0 0 0 0 0 0 0 0 0 0 0 0 0
N-001790,001790,Normal/001790.mp4,CCD,official,val,,,,0,,,10.0,,,,0 0 0 0 0 0 0 0 0 0 0 0 0 0 0 0 0 0 0 0 0 0 0 0 0 0 0 0 0 0 0 0 0 0 0 0 0 0 0 0 0 0 0 0 0 0 0 0 0 0
N-001791,001791,Normal/001791.mp4,CCD,official,train,,,,0,,,10.0,,,,0 0 0 0 0 0 0 0 0 0 0 0 0 0 0 0 0 0 0 0 0 0 0 0 0 0 0 0 0 0 0 0 0 0 0 0 0 0 0 0 0 0 0 0 0 0 0 0 0 0
N-001792,001792,Normal/001792.mp4,CCD,official,val,,,,0,,,10.0,,,,0 0 0 0 0 0 0 0 0 0 0 0 0 0 0 0 0 0 0 0 0 0 0 0 0 0 0 0 0 0 0 0 0 0 0 0 0 0 0 0 0 0 0 0 0 0 0 0 0 0
N-001793,001793,Normal/001793.mp4,CCD,official,train,,,,0,,,10.0,,,,0 0 0 0 0 0 0 0 0 0 0 0 0 0 0 0 0 0 0 0 0 0 0 0 0 0 0 0 0 0 0 0 0 0 0 0 0 0 0 0 0 0 0 0 0 0 0 0 0 0
N-001794,001794,Normal/001794.mp4,CCD,official,test,,,,0,,,10.0,,,,0 0 0 0 0 0 0 0 0 0 0 0 0 0 0 0 0 0 0 0 0 0 0 0 0 0 0 0 0 0 0 0 0 0 0 0 0 0 0 0 0 0 0 0 0 0 0 0 0 0
N-001795,001795,Normal/001795.mp4,CCD,official,val,,,,0,,,10.0,,,,0 0 0 0 0 0 0 0 0 0 0 0 0 0 0 0 0 0 0 0 0 0 0 0 0 0 0 0 0 0 0 0 0 0 0 0 0 0 0 0 0 0 0 0 0 0 0 0 0 0
N-001796,001796,Normal/001796.mp4,CCD,official,train,,,,0,,,10.0,,,,0 0 0 0 0 0 0 0 0 0 0 0 0 0 0 0 0 0 0 0 0 0 0 0 0 0 0 0 0 0 0 0 0 0 0 0 0 0 0 0 0 0 0 0 0 0 0 0 0 0
N-001797,001797,Normal/001797.mp4,CCD,official,train,,,,0,,,10.0,,,,0 0 0 0 0 0 0 0 0 0 0 0 0 0 0 0 0 0 0 0 0 0 0 0 0 0 0 0 0 0 0 0 0 0 0 0 0 0 0 0 0 0 0 0 0 0 0 0 0 0
N-001798,001798,Normal/001798.mp4,CCD,official,train,,,,0,,,10.0,,,,0 0 0 0 0 0 0 0 0 0 0 0 0 0 0 0 0 0 0 0 0 0 0 0 0 0 0 0 0 0 0 0 0 0 0 0 0 0 0 0 0 0 0 0 0 0 0 0 0 0
N-001799,001799,Normal/001799.mp4,CCD,official,val,,,,0,,,10.0,,,,0 0 0 0 0 0 0 0 0 0 0 0 0 0 0 0 0 0 0 0 0 0 0 0 0 0 0 0 0 0 0 0 0 0 0 0 0 0 0 0 0 0 0 0 0 0 0 0 0 0
N-001800,001800,Normal/001800.mp4,CCD,official,train,,,,0,,,10.0,,,,0 0 0 0 0 0 0 0 0 0 0 0 0 0 0 0 0 0 0 0 0 0 0 0 0 0 0 0 0 0 0 0 0 0 0 0 0 0 0 0 0 0 0 0 0 0 0 0 0 0
N-001801,001801,Normal/001801.mp4,CCD,official,train,,,,0,,,10.0,,,,0 0 0 0 0 0 0 0 0 0 0 0 0 0 0 0 0 0 0 0 0 0 0 0 0 0 0 0 0 0 0 0 0 0 0 0 0 0 0 0 0 0 0 0 0 0 0 0 0 0
N-001802,001802,Normal/001802.mp4,CCD,official,train,,,,0,,,10.0,,,,0 0 0 0 0 0 0 0 0 0 0 0 0 0 0 0 0 0 0 0 0 0 0 0 0 0 0 0 0 0 0 0 0 0 0 0 0 0 0 0 0 0 0 0 0 0 0 0 0 0
N-001803,001803,Normal/001803.mp4,CCD,official,train,,,,0,,,10.0,,,,0 0 0 0 0 0 0 0 0 0 0 0 0 0 0 0 0 0 0 0 0 0 0 0 0 0 0 0 0 0 0 0 0 0 0 0 0 0 0 0 0 0 0 0 0 0 0 0 0 0
N-001804,001804,Normal/001804.mp4,CCD,official,train,,,,0,,,10.0,,,,0 0 0 0 0 0 0 0 0 0 0 0 0 0 0 0 0 0 0 0 0 0 0 0 0 0 0 0 0 0 0 0 0 0 0 0 0 0 0 0 0 0 0 0 0 0 0 0 0 0
N-001805,001805,Normal/001805.mp4,CCD,official,test,,,,0,,,10.0,,,,0 0 0 0 0 0 0 0 0 0 0 0 0 0 0 0 0 0 0 0 0 0 0 0 0 0 0 0 0 0 0 0 0 0 0 0 0 0 0 0 0 0 0 0 0 0 0 0 0 0
N-001806,001806,Normal/001806.mp4,CCD,official,train,,,,0,,,10.0,,,,0 0 0 0 0 0 0 0 0 0 0 0 0 0 0 0 0 0 0 0 0 0 0 0 0 0 0 0 0 0 0 0 0 0 0 0 0 0 0 0 0 0 0 0 0 0 0 0 0 0
N-001807,001807,Normal/001807.mp4,CCD,official,train,,,,0,,,10.0,,,,0 0 0 0 0 0 0 0 0 0 0 0 0 0 0 0 0 0 0 0 0 0 0 0 0 0 0 0 0 0 0 0 0 0 0 0 0 0 0 0 0 0 0 0 0 0 0 0 0 0
N-001808,001808,Normal/001808.mp4,CCD,official,test,,,,0,,,10.0,,,,0 0 0 0 0 0 0 0 0 0 0 0 0 0 0 0 0 0 0 0 0 0 0 0 0 0 0 0 0 0 0 0 0 0 0 0 0 0 0 0 0 0 0 0 0 0 0 0 0 0
N-001809,001809,Normal/001809.mp4,CCD,official,train,,,,0,,,10.0,,,,0 0 0 0 0 0 0 0 0 0 0 0 0 0 0 0 0 0 0 0 0 0 0 0 0 0 0 0 0 0 0 0 0 0 0 0 0 0 0 0 0 0 0 0 0 0 0 0 0 0
N-001810,001810,Normal/001810.mp4,CCD,official,train,,,,0,,,10.0,,,,0 0 0 0 0 0 0 0 0 0 0 0 0 0 0 0 0 0 0 0 0 0 0 0 0 0 0 0 0 0 0 0 0 0 0 0 0 0 0 0 0 0 0 0 0 0 0 0 0 0
N-001811,001811,Normal/001811.mp4,CCD,official,test,,,,0,,,10.0,,,,0 0 0 0 0 0 0 0 0 0 0 0 0 0 0 0 0 0 0 0 0 0 0 0 0 0 0 0 0 0 0 0 0 0 0 0 0 0 0 0 0 0 0 0 0 0 0 0 0 0
N-001812,001812,Normal/001812.mp4,CCD,official,val,,,,0,,,10.0,,,,0 0 0 0 0 0 0 0 0 0 0 0 0 0 0 0 0 0 0 0 0 0 0 0 0 0 0 0 0 0 0 0 0 0 0 0 0 0 0 0 0 0 0 0 0 0 0 0 0 0
N-001813,001813,Normal/001813.mp4,CCD,official,train,,,,0,,,10.0,,,,0 0 0 0 0 0 0 0 0 0 0 0 0 0 0 0 0 0 0 0 0 0 0 0 0 0 0 0 0 0 0 0 0 0 0 0 0 0 0 0 0 0 0 0 0 0 0 0 0 0
N-001814,001814,Normal/001814.mp4,CCD,official,train,,,,0,,,10.0,,,,0 0 0 0 0 0 0 0 0 0 0 0 0 0 0 0 0 0 0 0 0 0 0 0 0 0 0 0 0 0 0 0 0 0 0 0 0 0 0 0 0 0 0 0 0 0 0 0 0 0
N-001815,001815,Normal/001815.mp4,CCD,official,train,,,,0,,,10.0,,,,0 0 0 0 0 0 0 0 0 0 0 0 0 0 0 0 0 0 0 0 0 0 0 0 0 0 0 0 0 0 0 0 0 0 0 0 0 0 0 0 0 0 0 0 0 0 0 0 0 0
N-001816,001816,Normal/001816.mp4,CCD,official,train,,,,0,,,10.0,,,,0 0 0 0 0 0 0 0 0 0 0 0 0 0 0 0 0 0 0 0 0 0 0 0 0 0 0 0 0 0 0 0 0 0 0 0 0 0 0 0 0 0 0 0 0 0 0 0 0 0
N-001817,001817,Normal/001817.mp4,CCD,official,val,,,,0,,,10.0,,,,0 0 0 0 0 0 0 0 0 0 0 0 0 0 0 0 0 0 0 0 0 0 0 0 0 0 0 0 0 0 0 0 0 0 0 0 0 0 0 0 0 0 0 0 0 0 0 0 0 0
N-001818,001818,Normal/001818.mp4,CCD,official,val,,,,0,,,10.0,,,,0 0 0 0 0 0 0 0 0 0 0 0 0 0 0 0 0 0 0 0 0 0 0 0 0 0 0 0 0 0 0 0 0 0 0 0 0 0 0 0 0 0 0 0 0 0 0 0 0 0
N-001819,001819,Normal/001819.mp4,CCD,official,train,,,,0,,,10.0,,,,0 0 0 0 0 0 0 0 0 0 0 0 0 0 0 0 0 0 0 0 0 0 0 0 0 0 0 0 0 0 0 0 0 0 0 0 0 0 0 0 0 0 0 0 0 0 0 0 0 0
N-001820,001820,Normal/001820.mp4,CCD,official,train,,,,0,,,10.0,,,,0 0 0 0 0 0 0 0 0 0 0 0 0 0 0 0 0 0 0 0 0 0 0 0 0 0 0 0 0 0 0 0 0 0 0 0 0 0 0 0 0 0 0 0 0 0 0 0 0 0
N-001821,001821,Normal/001821.mp4,CCD,official,train,,,,0,,,10.0,,,,0 0 0 0 0 0 0 0 0 0 0 0 0 0 0 0 0 0 0 0 0 0 0 0 0 0 0 0 0 0 0 0 0 0 0 0 0 0 0 0 0 0 0 0 0 0 0 0 0 0
N-001822,001822,Normal/001822.mp4,CCD,official,train,,,,0,,,10.0,,,,0 0 0 0 0 0 0 0 0 0 0 0 0 0 0 0 0 0 0 0 0 0 0 0 0 0 0 0 0 0 0 0 0 0 0 0 0 0 0 0 0 0 0 0 0 0 0 0 0 0
N-001823,001823,Normal/001823.mp4,CCD,official,train,,,,0,,,10.0,,,,0 0 0 0 0 0 0 0 0 0 0 0 0 0 0 0 0 0 0 0 0 0 0 0 0 0 0 0 0 0 0 0 0 0 0 0 0 0 0 0 0 0 0 0 0 0 0 0 0 0
N-001824,001824,Normal/001824.mp4,CCD,official,train,,,,0,,,10.0,,,,0 0 0 0 0 0 0 0 0 0 0 0 0 0 0 0 0 0 0 0 0 0 0 0 0 0 0 0 0 0 0 0 0 0 0 0 0 0 0 0 0 0 0 0 0 0 0 0 0 0
N-001825,001825,Normal/001825.mp4,CCD,official,train,,,,0,,,10.0,,,,0 0 0 0 0 0 0 0 0 0 0 0 0 0 0 0 0 0 0 0 0 0 0 0 0 0 0 0 0 0 0 0 0 0 0 0 0 0 0 0 0 0 0 0 0 0 0 0 0 0
N-001826,001826,Normal/001826.mp4,CCD,official,train,,,,0,,,10.0,,,,0 0 0 0 0 0 0 0 0 0 0 0 0 0 0 0 0 0 0 0 0 0 0 0 0 0 0 0 0 0 0 0 0 0 0 0 0 0 0 0 0 0 0 0 0 0 0 0 0 0
N-001827,001827,Normal/001827.mp4,CCD,official,val,,,,0,,,10.0,,,,0 0 0 0 0 0 0 0 0 0 0 0 0 0 0 0 0 0 0 0 0 0 0 0 0 0 0 0 0 0 0 0 0 0 0 0 0 0 0 0 0 0 0 0 0 0 0 0 0 0
N-001828,001828,Normal/001828.mp4,CCD,official,train,,,,0,,,10.0,,,,0 0 0 0 0 0 0 0 0 0 0 0 0 0 0 0 0 0 0 0 0 0 0 0 0 0 0 0 0 0 0 0 0 0 0 0 0 0 0 0 0 0 0 0 0 0 0 0 0 0
N-001829,001829,Normal/001829.mp4,CCD,official,train,,,,0,,,10.0,,,,0 0 0 0 0 0 0 0 0 0 0 0 0 0 0 0 0 0 0 0 0 0 0 0 0 0 0 0 0 0 0 0 0 0 0 0 0 0 0 0 0 0 0 0 0 0 0 0 0 0
N-001830,001830,Normal/001830.mp4,CCD,official,train,,,,0,,,10.0,,,,0 0 0 0 0 0 0 0 0 0 0 0 0 0 0 0 0 0 0 0 0 0 0 0 0 0 0 0 0 0 0 0 0 0 0 0 0 0 0 0 0 0 0 0 0 0 0 0 0 0
N-001831,001831,Normal/001831.mp4,CCD,official,train,,,,0,,,10.0,,,,0 0 0 0 0 0 0 0 0 0 0 0 0 0 0 0 0 0 0 0 0 0 0 0 0 0 0 0 0 0 0 0 0 0 0 0 0 0 0 0 0 0 0 0 0 0 0 0 0 0
N-001832,001832,Normal/001832.mp4,CCD,official,train,,,,0,,,10.0,,,,0 0 0 0 0 0 0 0 0 0 0 0 0 0 0 0 0 0 0 0 0 0 0 0 0 0 0 0 0 0 0 0 0 0 0 0 0 0 0 0 0 0 0 0 0 0 0 0 0 0
N-001833,001833,Normal/001833.mp4,CCD,official,val,,,,0,,,10.0,,,,0 0 0 0 0 0 0 0 0 0 0 0 0 0 0 0 0 0 0 0 0 0 0 0 0 0 0 0 0 0 0 0 0 0 0 0 0 0 0 0 0 0 0 0 0 0 0 0 0 0
N-001834,001834,Normal/001834.mp4,CCD,official,train,,,,0,,,10.0,,,,0 0 0 0 0 0 0 0 0 0 0 0 0 0 0 0 0 0 0 0 0 0 0 0 0 0 0 0 0 0 0 0 0 0 0 0 0 0 0 0 0 0 0 0 0 0 0 0 0 0
N-001835,001835,Normal/001835.mp4,CCD,official,train,,,,0,,,10.0,,,,0 0 0 0 0 0 0 0 0 0 0 0 0 0 0 0 0 0 0 0 0 0 0 0 0 0 0 0 0 0 0 0 0 0 0 0 0 0 0 0 0 0 0 0 0 0 0 0 0 0
N-001836,001836,Normal/001836.mp4,CCD,official,val,,,,0,,,10.0,,,,0 0 0 0 0 0 0 0 0 0 0 0 0 0 0 0 0 0 0 0 0 0 0 0 0 0 0 0 0 0 0 0 0 0 0 0 0 0 0 0 0 0 0 0 0 0 0 0 0 0
N-001837,001837,Normal/001837.mp4,CCD,official,train,,,,0,,,10.0,,,,0 0 0 0 0 0 0 0 0 0 0 0 0 0 0 0 0 0 0 0 0 0 0 0 0 0 0 0 0 0 0 0 0 0 0 0 0 0 0 0 0 0 0 0 0 0 0 0 0 0
N-001838,001838,Normal/001838.mp4,CCD,official,train,,,,0,,,10.0,,,,0 0 0 0 0 0 0 0 0 0 0 0 0 0 0 0 0 0 0 0 0 0 0 0 0 0 0 0 0 0 0 0 0 0 0 0 0 0 0 0 0 0 0 0 0 0 0 0 0 0
N-001839,001839,Normal/001839.mp4,CCD,official,train,,,,0,,,10.0,,,,0 0 0 0 0 0 0 0 0 0 0 0 0 0 0 0 0 0 0 0 0 0 0 0 0 0 0 0 0 0 0 0 0 0 0 0 0 0 0 0 0 0 0 0 0 0 0 0 0 0
N-001840,001840,Normal/001840.mp4,CCD,official,train,,,,0,,,10.0,,,,0 0 0 0 0 0 0 0 0 0 0 0 0 0 0 0 0 0 0 0 0 0 0 0 0 0 0 0 0 0 0 0 0 0 0 0 0 0 0 0 0 0 0 0 0 0 0 0 0 0
N-001841,001841,Normal/001841.mp4,CCD,official,train,,,,0,,,10.0,,,,0 0 0 0 0 0 0 0 0 0 0 0 0 0 0 0 0 0 0 0 0 0 0 0 0 0 0 0 0 0 0 0 0 0 0 0 0 0 0 0 0 0 0 0 0 0 0 0 0 0
N-001842,001842,Normal/001842.mp4,CCD,official,val,,,,0,,,10.0,,,,0 0 0 0 0 0 0 0 0 0 0 0 0 0 0 0 0 0 0 0 0 0 0 0 0 0 0 0 0 0 0 0 0 0 0 0 0 0 0 0 0 0 0 0 0 0 0 0 0 0
N-001843,001843,Normal/001843.mp4,CCD,official,val,,,,0,,,10.0,,,,0 0 0 0 0 0 0 0 0 0 0 0 0 0 0 0 0 0 0 0 0 0 0 0 0 0 0 0 0 0 0 0 0 0 0 0 0 0 0 0 0 0 0 0 0 0 0 0 0 0
N-001844,001844,Normal/001844.mp4,CCD,official,train,,,,0,,,10.0,,,,0 0 0 0 0 0 0 0 0 0 0 0 0 0 0 0 0 0 0 0 0 0 0 0 0 0 0 0 0 0 0 0 0 0 0 0 0 0 0 0 0 0 0 0 0 0 0 0 0 0
N-001845,001845,Normal/001845.mp4,CCD,official,test,,,,0,,,10.0,,,,0 0 0 0 0 0 0 0 0 0 0 0 0 0 0 0 0 0 0 0 0 0 0 0 0 0 0 0 0 0 0 0 0 0 0 0 0 0 0 0 0 0 0 0 0 0 0 0 0 0
N-001846,001846,Normal/001846.mp4,CCD,official,train,,,,0,,,10.0,,,,0 0 0 0 0 0 0 0 0 0 0 0 0 0 0 0 0 0 0 0 0 0 0 0 0 0 0 0 0 0 0 0 0 0 0 0 0 0 0 0 0 0 0 0 0 0 0 0 0 0
N-001847,001847,Normal/001847.mp4,CCD,official,val,,,,0,,,10.0,,,,0 0 0 0 0 0 0 0 0 0 0 0 0 0 0 0 0 0 0 0 0 0 0 0 0 0 0 0 0 0 0 0 0 0 0 0 0 0 0 0 0 0 0 0 0 0 0 0 0 0
N-001848,001848,Normal/001848.mp4,CCD,official,train,,,,0,,,10.0,,,,0 0 0 0 0 0 0 0 0 0 0 0 0 0 0 0 0 0 0 0 0 0 0 0 0 0 0 0 0 0 0 0 0 0 0 0 0 0 0 0 0 0 0 0 0 0 0 0 0 0
N-001849,001849,Normal/001849.mp4,CCD,official,test,,,,0,,,10.0,,,,0 0 0 0 0 0 0 0 0 0 0 0 0 0 0 0 0 0 0 0 0 0 0 0 0 0 0 0 0 0 0 0 0 0 0 0 0 0 0 0 0 0 0 0 0 0 0 0 0 0
N-001850,001850,Normal/001850.mp4,CCD,official,test,,,,0,,,10.0,,,,0 0 0 0 0 0 0 0 0 0 0 0 0 0 0 0 0 0 0 0 0 0 0 0 0 0 0 0 0 0 0 0 0 0 0 0 0 0 0 0 0 0 0 0 0 0 0 0 0 0
N-001851,001851,Normal/001851.mp4,CCD,official,val,,,,0,,,10.0,,,,0 0 0 0 0 0 0 0 0 0 0 0 0 0 0 0 0 0 0 0 0 0 0 0 0 0 0 0 0 0 0 0 0 0 0 0 0 0 0 0 0 0 0 0 0 0 0 0 0 0
N-001852,001852,Normal/001852.mp4,CCD,official,test,,,,0,,,10.0,,,,0 0 0 0 0 0 0 0 0 0 0 0 0 0 0 0 0 0 0 0 0 0 0 0 0 0 0 0 0 0 0 0 0 0 0 0 0 0 0 0 0 0 0 0 0 0 0 0 0 0
N-001853,001853,Normal/001853.mp4,CCD,official,train,,,,0,,,10.0,,,,0 0 0 0 0 0 0 0 0 0 0 0 0 0 0 0 0 0 0 0 0 0 0 0 0 0 0 0 0 0 0 0 0 0 0 0 0 0 0 0 0 0 0 0 0 0 0 0 0 0
N-001854,001854,Normal/001854.mp4,CCD,official,test,,,,0,,,10.0,,,,0 0 0 0 0 0 0 0 0 0 0 0 0 0 0 0 0 0 0 0 0 0 0 0 0 0 0 0 0 0 0 0 0 0 0 0 0 0 0 0 0 0 0 0 0 0 0 0 0 0
N-001855,001855,Normal/001855.mp4,CCD,official,train,,,,0,,,10.0,,,,0 0 0 0 0 0 0 0 0 0 0 0 0 0 0 0 0 0 0 0 0 0 0 0 0 0 0 0 0 0 0 0 0 0 0 0 0 0 0 0 0 0 0 0 0 0 0 0 0 0
N-001856,001856,Normal/001856.mp4,CCD,official,train,,,,0,,,10.0,,,,0 0 0 0 0 0 0 0 0 0 0 0 0 0 0 0 0 0 0 0 0 0 0 0 0 0 0 0 0 0 0 0 0 0 0 0 0 0 0 0 0 0 0 0 0 0 0 0 0 0
N-001857,001857,Normal/001857.mp4,CCD,official,test,,,,0,,,10.0,,,,0 0 0 0 0 0 0 0 0 0 0 0 0 0 0 0 0 0 0 0 0 0 0 0 0 0 0 0 0 0 0 0 0 0 0 0 0 0 0 0 0 0 0 0 0 0 0 0 0 0
N-001858,001858,Normal/001858.mp4,CCD,official,test,,,,0,,,10.0,,,,0 0 0 0 0 0 0 0 0 0 0 0 0 0 0 0 0 0 0 0 0 0 0 0 0 0 0 0 0 0 0 0 0 0 0 0 0 0 0 0 0 0 0 0 0 0 0 0 0 0
N-001859,001859,Normal/001859.mp4,CCD,official,train,,,,0,,,10.0,,,,0 0 0 0 0 0 0 0 0 0 0 0 0 0 0 0 0 0 0 0 0 0 0 0 0 0 0 0 0 0 0 0 0 0 0 0 0 0 0 0 0 0 0 0 0 0 0 0 0 0
N-001860,001860,Normal/001860.mp4,CCD,official,train,,,,0,,,10.0,,,,0 0 0 0 0 0 0 0 0 0 0 0 0 0 0 0 0 0 0 0 0 0 0 0 0 0 0 0 0 0 0 0 0 0 0 0 0 0 0 0 0 0 0 0 0 0 0 0 0 0
N-001861,001861,Normal/001861.mp4,CCD,official,train,,,,0,,,10.0,,,,0 0 0 0 0 0 0 0 0 0 0 0 0 0 0 0 0 0 0 0 0 0 0 0 0 0 0 0 0 0 0 0 0 0 0 0 0 0 0 0 0 0 0 0 0 0 0 0 0 0
N-001862,001862,Normal/001862.mp4,CCD,official,train,,,,0,,,10.0,,,,0 0 0 0 0 0 0 0 0 0 0 0 0 0 0 0 0 0 0 0 0 0 0 0 0 0 0 0 0 0 0 0 0 0 0 0 0 0 0 0 0 0 0 0 0 0 0 0 0 0
N-001863,001863,Normal/001863.mp4,CCD,official,test,,,,0,,,10.0,,,,0 0 0 0 0 0 0 0 0 0 0 0 0 0 0 0 0 0 0 0 0 0 0 0 0 0 0 0 0 0 0 0 0 0 0 0 0 0 0 0 0 0 0 0 0 0 0 0 0 0
N-001864,001864,Normal/001864.mp4,CCD,official,train,,,,0,,,10.0,,,,0 0 0 0 0 0 0 0 0 0 0 0 0 0 0 0 0 0 0 0 0 0 0 0 0 0 0 0 0 0 0 0 0 0 0 0 0 0 0 0 0 0 0 0 0 0 0 0 0 0
N-001865,001865,Normal/001865.mp4,CCD,official,train,,,,0,,,10.0,,,,0 0 0 0 0 0 0 0 0 0 0 0 0 0 0 0 0 0 0 0 0 0 0 0 0 0 0 0 0 0 0 0 0 0 0 0 0 0 0 0 0 0 0 0 0 0 0 0 0 0
N-001866,001866,Normal/001866.mp4,CCD,official,val,,,,0,,,10.0,,,,0 0 0 0 0 0 0 0 0 0 0 0 0 0 0 0 0 0 0 0 0 0 0 0 0 0 0 0 0 0 0 0 0 0 0 0 0 0 0 0 0 0 0 0 0 0 0 0 0 0
N-001867,001867,Normal/001867.mp4,CCD,official,train,,,,0,,,10.0,,,,0 0 0 0 0 0 0 0 0 0 0 0 0 0 0 0 0 0 0 0 0 0 0 0 0 0 0 0 0 0 0 0 0 0 0 0 0 0 0 0 0 0 0 0 0 0 0 0 0 0
N-001868,001868,Normal/001868.mp4,CCD,official,test,,,,0,,,10.0,,,,0 0 0 0 0 0 0 0 0 0 0 0 0 0 0 0 0 0 0 0 0 0 0 0 0 0 0 0 0 0 0 0 0 0 0 0 0 0 0 0 0 0 0 0 0 0 0 0 0 0
N-001869,001869,Normal/001869.mp4,CCD,official,train,,,,0,,,10.0,,,,0 0 0 0 0 0 0 0 0 0 0 0 0 0 0 0 0 0 0 0 0 0 0 0 0 0 0 0 0 0 0 0 0 0 0 0 0 0 0 0 0 0 0 0 0 0 0 0 0 0
N-001870,001870,Normal/001870.mp4,CCD,official,test,,,,0,,,10.0,,,,0 0 0 0 0 0 0 0 0 0 0 0 0 0 0 0 0 0 0 0 0 0 0 0 0 0 0 0 0 0 0 0 0 0 0 0 0 0 0 0 0 0 0 0 0 0 0 0 0 0
N-001871,001871,Normal/001871.mp4,CCD,official,train,,,,0,,,10.0,,,,0 0 0 0 0 0 0 0 0 0 0 0 0 0 0 0 0 0 0 0 0 0 0 0 0 0 0 0 0 0 0 0 0 0 0 0 0 0 0 0 0 0 0 0 0 0 0 0 0 0
N-001872,001872,Normal/001872.mp4,CCD,official,train,,,,0,,,10.0,,,,0 0 0 0 0 0 0 0 0 0 0 0 0 0 0 0 0 0 0 0 0 0 0 0 0 0 0 0 0 0 0 0 0 0 0 0 0 0 0 0 0 0 0 0 0 0 0 0 0 0
N-001873,001873,Normal/001873.mp4,CCD,official,train,,,,0,,,10.0,,,,0 0 0 0 0 0 0 0 0 0 0 0 0 0 0 0 0 0 0 0 0 0 0 0 0 0 0 0 0 0 0 0 0 0 0 0 0 0 0 0 0 0 0 0 0 0 0 0 0 0
N-001874,001874,Normal/001874.mp4,CCD,official,train,,,,0,,,10.0,,,,0 0 0 0 0 0 0 0 0 0 0 0 0 0 0 0 0 0 0 0 0 0 0 0 0 0 0 0 0 0 0 0 0 0 0 0 0 0 0 0 0 0 0 0 0 0 0 0 0 0
N-001875,001875,Normal/001875.mp4,CCD,official,test,,,,0,,,10.0,,,,0 0 0 0 0 0 0 0 0 0 0 0 0 0 0 0 0 0 0 0 0 0 0 0 0 0 0 0 0 0 0 0 0 0 0 0 0 0 0 0 0 0 0 0 0 0 0 0 0 0
N-001876,001876,Normal/001876.mp4,CCD,official,test,,,,0,,,10.0,,,,0 0 0 0 0 0 0 0 0 0 0 0 0 0 0 0 0 0 0 0 0 0 0 0 0 0 0 0 0 0 0 0 0 0 0 0 0 0 0 0 0 0 0 0 0 0 0 0 0 0
N-001877,001877,Normal/001877.mp4,CCD,official,train,,,,0,,,10.0,,,,0 0 0 0 0 0 0 0 0 0 0 0 0 0 0 0 0 0 0 0 0 0 0 0 0 0 0 0 0 0 0 0 0 0 0 0 0 0 0 0 0 0 0 0 0 0 0 0 0 0
N-001878,001878,Normal/001878.mp4,CCD,official,train,,,,0,,,10.0,,,,0 0 0 0 0 0 0 0 0 0 0 0 0 0 0 0 0 0 0 0 0 0 0 0 0 0 0 0 0 0 0 0 0 0 0 0 0 0 0 0 0 0 0 0 0 0 0 0 0 0
N-001879,001879,Normal/001879.mp4,CCD,official,train,,,,0,,,10.0,,,,0 0 0 0 0 0 0 0 0 0 0 0 0 0 0 0 0 0 0 0 0 0 0 0 0 0 0 0 0 0 0 0 0 0 0 0 0 0 0 0 0 0 0 0 0 0 0 0 0 0
N-001880,001880,Normal/001880.mp4,CCD,official,test,,,,0,,,10.0,,,,0 0 0 0 0 0 0 0 0 0 0 0 0 0 0 0 0 0 0 0 0 0 0 0 0 0 0 0 0 0 0 0 0 0 0 0 0 0 0 0 0 0 0 0 0 0 0 0 0 0
N-001881,001881,Normal/001881.mp4,CCD,official,train,,,,0,,,10.0,,,,0 0 0 0 0 0 0 0 0 0 0 0 0 0 0 0 0 0 0 0 0 0 0 0 0 0 0 0 0 0 0 0 0 0 0 0 0 0 0 0 0 0 0 0 0 0 0 0 0 0
N-001882,001882,Normal/001882.mp4,CCD,official,val,,,,0,,,10.0,,,,0 0 0 0 0 0 0 0 0 0 0 0 0 0 0 0 0 0 0 0 0 0 0 0 0 0 0 0 0 0 0 0 0 0 0 0 0 0 0 0 0 0 0 0 0 0 0 0 0 0
N-001883,001883,Normal/001883.mp4,CCD,official,val,,,,0,,,10.0,,,,0 0 0 0 0 0 0 0 0 0 0 0 0 0 0 0 0 0 0 0 0 0 0 0 0 0 0 0 0 0 0 0 0 0 0 0 0 0 0 0 0 0 0 0 0 0 0 0 0 0
N-001884,001884,Normal/001884.mp4,CCD,official,train,,,,0,,,10.0,,,,0 0 0 0 0 0 0 0 0 0 0 0 0 0 0 0 0 0 0 0 0 0 0 0 0 0 0 0 0 0 0 0 0 0 0 0 0 0 0 0 0 0 0 0 0 0 0 0 0 0
N-001885,001885,Normal/001885.mp4,CCD,official,val,,,,0,,,10.0,,,,0 0 0 0 0 0 0 0 0 0 0 0 0 0 0 0 0 0 0 0 0 0 0 0 0 0 0 0 0 0 0 0 0 0 0 0 0 0 0 0 0 0 0 0 0 0 0 0 0 0
N-001886,001886,Normal/001886.mp4,CCD,official,train,,,,0,,,10.0,,,,0 0 0 0 0 0 0 0 0 0 0 0 0 0 0 0 0 0 0 0 0 0 0 0 0 0 0 0 0 0 0 0 0 0 0 0 0 0 0 0 0 0 0 0 0 0 0 0 0 0
N-001887,001887,Normal/001887.mp4,CCD,official,train,,,,0,,,10.0,,,,0 0 0 0 0 0 0 0 0 0 0 0 0 0 0 0 0 0 0 0 0 0 0 0 0 0 0 0 0 0 0 0 0 0 0 0 0 0 0 0 0 0 0 0 0 0 0 0 0 0
N-001888,001888,Normal/001888.mp4,CCD,official,train,,,,0,,,10.0,,,,0 0 0 0 0 0 0 0 0 0 0 0 0 0 0 0 0 0 0 0 0 0 0 0 0 0 0 0 0 0 0 0 0 0 0 0 0 0 0 0 0 0 0 0 0 0 0 0 0 0
N-001889,001889,Normal/001889.mp4,CCD,official,test,,,,0,,,10.0,,,,0 0 0 0 0 0 0 0 0 0 0 0 0 0 0 0 0 0 0 0 0 0 0 0 0 0 0 0 0 0 0 0 0 0 0 0 0 0 0 0 0 0 0 0 0 0 0 0 0 0
N-001890,001890,Normal/001890.mp4,CCD,official,train,,,,0,,,10.0,,,,0 0 0 0 0 0 0 0 0 0 0 0 0 0 0 0 0 0 0 0 0 0 0 0 0 0 0 0 0 0 0 0 0 0 0 0 0 0 0 0 0 0 0 0 0 0 0 0 0 0
N-001891,001891,Normal/001891.mp4,CCD,official,train,,,,0,,,10.0,,,,0 0 0 0 0 0 0 0 0 0 0 0 0 0 0 0 0 0 0 0 0 0 0 0 0 0 0 0 0 0 0 0 0 0 0 0 0 0 0 0 0 0 0 0 0 0 0 0 0 0
N-001892,001892,Normal/001892.mp4,CCD,official,train,,,,0,,,10.0,,,,0 0 0 0 0 0 0 0 0 0 0 0 0 0 0 0 0 0 0 0 0 0 0 0 0 0 0 0 0 0 0 0 0 0 0 0 0 0 0 0 0 0 0 0 0 0 0 0 0 0
N-001893,001893,Normal/001893.mp4,CCD,official,train,,,,0,,,10.0,,,,0 0 0 0 0 0 0 0 0 0 0 0 0 0 0 0 0 0 0 0 0 0 0 0 0 0 0 0 0 0 0 0 0 0 0 0 0 0 0 0 0 0 0 0 0 0 0 0 0 0
N-001894,001894,Normal/001894.mp4,CCD,official,train,,,,0,,,10.0,,,,0 0 0 0 0 0 0 0 0 0 0 0 0 0 0 0 0 0 0 0 0 0 0 0 0 0 0 0 0 0 0 0 0 0 0 0 0 0 0 0 0 0 0 0 0 0 0 0 0 0
N-001895,001895,Normal/001895.mp4,CCD,official,test,,,,0,,,10.0,,,,0 0 0 0 0 0 0 0 0 0 0 0 0 0 0 0 0 0 0 0 0 0 0 0 0 0 0 0 0 0 0 0 0 0 0 0 0 0 0 0 0 0 0 0 0 0 0 0 0 0
N-001896,001896,Normal/001896.mp4,CCD,official,train,,,,0,,,10.0,,,,0 0 0 0 0 0 0 0 0 0 0 0 0 0 0 0 0 0 0 0 0 0 0 0 0 0 0 0 0 0 0 0 0 0 0 0 0 0 0 0 0 0 0 0 0 0 0 0 0 0
N-001897,001897,Normal/001897.mp4,CCD,official,train,,,,0,,,10.0,,,,0 0 0 0 0 0 0 0 0 0 0 0 0 0 0 0 0 0 0 0 0 0 0 0 0 0 0 0 0 0 0 0 0 0 0 0 0 0 0 0 0 0 0 0 0 0 0 0 0 0
N-001898,001898,Normal/001898.mp4,CCD,official,train,,,,0,,,10.0,,,,0 0 0 0 0 0 0 0 0 0 0 0 0 0 0 0 0 0 0 0 0 0 0 0 0 0 0 0 0 0 0 0 0 0 0 0 0 0 0 0 0 0 0 0 0 0 0 0 0 0
N-001899,001899,Normal/001899.mp4,CCD,official,val,,,,0,,,10.0,,,,0 0 0 0 0 0 0 0 0 0 0 0 0 0 0 0 0 0 0 0 0 0 0 0 0 0 0 0 0 0 0 0 0 0 0 0 0 0 0 0 0 0 0 0 0 0 0 0 0 0
N-001900,001900,Normal/001900.mp4,CCD,official,train,,,,0,,,10.0,,,,0 0 0 0 0 0 0 0 0 0 0 0 0 0 0 0 0 0 0 0 0 0 0 0 0 0 0 0 0 0 0 0 0 0 0 0 0 0 0 0 0 0 0 0 0 0 0 0 0 0
N-001901,001901,Normal/001901.mp4,CCD,official,val,,,,0,,,10.0,,,,0 0 0 0 0 0 0 0 0 0 0 0 0 0 0 0 0 0 0 0 0 0 0 0 0 0 0 0 0 0 0 0 0 0 0 0 0 0 0 0 0 0 0 0 0 0 0 0 0 0
N-001902,001902,Normal/001902.mp4,CCD,official,test,,,,0,,,10.0,,,,0 0 0 0 0 0 0 0 0 0 0 0 0 0 0 0 0 0 0 0 0 0 0 0 0 0 0 0 0 0 0 0 0 0 0 0 0 0 0 0 0 0 0 0 0 0 0 0 0 0
N-001903,001903,Normal/001903.mp4,CCD,official,train,,,,0,,,10.0,,,,0 0 0 0 0 0 0 0 0 0 0 0 0 0 0 0 0 0 0 0 0 0 0 0 0 0 0 0 0 0 0 0 0 0 0 0 0 0 0 0 0 0 0 0 0 0 0 0 0 0
N-001904,001904,Normal/001904.mp4,CCD,official,test,,,,0,,,10.0,,,,0 0 0 0 0 0 0 0 0 0 0 0 0 0 0 0 0 0 0 0 0 0 0 0 0 0 0 0 0 0 0 0 0 0 0 0 0 0 0 0 0 0 0 0 0 0 0 0 0 0
N-001905,001905,Normal/001905.mp4,CCD,official,val,,,,0,,,10.0,,,,0 0 0 0 0 0 0 0 0 0 0 0 0 0 0 0 0 0 0 0 0 0 0 0 0 0 0 0 0 0 0 0 0 0 0 0 0 0 0 0 0 0 0 0 0 0 0 0 0 0
N-001906,001906,Normal/001906.mp4,CCD,official,train,,,,0,,,10.0,,,,0 0 0 0 0 0 0 0 0 0 0 0 0 0 0 0 0 0 0 0 0 0 0 0 0 0 0 0 0 0 0 0 0 0 0 0 0 0 0 0 0 0 0 0 0 0 0 0 0 0
N-001907,001907,Normal/001907.mp4,CCD,official,test,,,,0,,,10.0,,,,0 0 0 0 0 0 0 0 0 0 0 0 0 0 0 0 0 0 0 0 0 0 0 0 0 0 0 0 0 0 0 0 0 0 0 0 0 0 0 0 0 0 0 0 0 0 0 0 0 0
N-001908,001908,Normal/001908.mp4,CCD,official,train,,,,0,,,10.0,,,,0 0 0 0 0 0 0 0 0 0 0 0 0 0 0 0 0 0 0 0 0 0 0 0 0 0 0 0 0 0 0 0 0 0 0 0 0 0 0 0 0 0 0 0 0 0 0 0 0 0
N-001909,001909,Normal/001909.mp4,CCD,official,train,,,,0,,,10.0,,,,0 0 0 0 0 0 0 0 0 0 0 0 0 0 0 0 0 0 0 0 0 0 0 0 0 0 0 0 0 0 0 0 0 0 0 0 0 0 0 0 0 0 0 0 0 0 0 0 0 0
N-001910,001910,Normal/001910.mp4,CCD,official,test,,,,0,,,10.0,,,,0 0 0 0 0 0 0 0 0 0 0 0 0 0 0 0 0 0 0 0 0 0 0 0 0 0 0 0 0 0 0 0 0 0 0 0 0 0 0 0 0 0 0 0 0 0 0 0 0 0
N-001911,001911,Normal/001911.mp4,CCD,official,val,,,,0,,,10.0,,,,0 0 0 0 0 0 0 0 0 0 0 0 0 0 0 0 0 0 0 0 0 0 0 0 0 0 0 0 0 0 0 0 0 0 0 0 0 0 0 0 0 0 0 0 0 0 0 0 0 0
N-001912,001912,Normal/001912.mp4,CCD,official,train,,,,0,,,10.0,,,,0 0 0 0 0 0 0 0 0 0 0 0 0 0 0 0 0 0 0 0 0 0 0 0 0 0 0 0 0 0 0 0 0 0 0 0 0 0 0 0 0 0 0 0 0 0 0 0 0 0
N-001913,001913,Normal/001913.mp4,CCD,official,train,,,,0,,,10.0,,,,0 0 0 0 0 0 0 0 0 0 0 0 0 0 0 0 0 0 0 0 0 0 0 0 0 0 0 0 0 0 0 0 0 0 0 0 0 0 0 0 0 0 0 0 0 0 0 0 0 0
N-001914,001914,Normal/001914.mp4,CCD,official,test,,,,0,,,10.0,,,,0 0 0 0 0 0 0 0 0 0 0 0 0 0 0 0 0 0 0 0 0 0 0 0 0 0 0 0 0 0 0 0 0 0 0 0 0 0 0 0 0 0 0 0 0 0 0 0 0 0
N-001915,001915,Normal/001915.mp4,CCD,official,train,,,,0,,,10.0,,,,0 0 0 0 0 0 0 0 0 0 0 0 0 0 0 0 0 0 0 0 0 0 0 0 0 0 0 0 0 0 0 0 0 0 0 0 0 0 0 0 0 0 0 0 0 0 0 0 0 0
N-001916,001916,Normal/001916.mp4,CCD,official,train,,,,0,,,10.0,,,,0 0 0 0 0 0 0 0 0 0 0 0 0 0 0 0 0 0 0 0 0 0 0 0 0 0 0 0 0 0 0 0 0 0 0 0 0 0 0 0 0 0 0 0 0 0 0 0 0 0
N-001917,001917,Normal/001917.mp4,CCD,official,train,,,,0,,,10.0,,,,0 0 0 0 0 0 0 0 0 0 0 0 0 0 0 0 0 0 0 0 0 0 0 0 0 0 0 0 0 0 0 0 0 0 0 0 0 0 0 0 0 0 0 0 0 0 0 0 0 0
N-001918,001918,Normal/001918.mp4,CCD,official,test,,,,0,,,10.0,,,,0 0 0 0 0 0 0 0 0 0 0 0 0 0 0 0 0 0 0 0 0 0 0 0 0 0 0 0 0 0 0 0 0 0 0 0 0 0 0 0 0 0 0 0 0 0 0 0 0 0
N-001919,001919,Normal/001919.mp4,CCD,official,train,,,,0,,,10.0,,,,0 0 0 0 0 0 0 0 0 0 0 0 0 0 0 0 0 0 0 0 0 0 0 0 0 0 0 0 0 0 0 0 0 0 0 0 0 0 0 0 0 0 0 0 0 0 0 0 0 0
N-001920,001920,Normal/001920.mp4,CCD,official,test,,,,0,,,10.0,,,,0 0 0 0 0 0 0 0 0 0 0 0 0 0 0 0 0 0 0 0 0 0 0 0 0 0 0 0 0 0 0 0 0 0 0 0 0 0 0 0 0 0 0 0 0 0 0 0 0 0
N-001921,001921,Normal/001921.mp4,CCD,official,train,,,,0,,,10.0,,,,0 0 0 0 0 0 0 0 0 0 0 0 0 0 0 0 0 0 0 0 0 0 0 0 0 0 0 0 0 0 0 0 0 0 0 0 0 0 0 0 0 0 0 0 0 0 0 0 0 0
N-001922,001922,Normal/001922.mp4,CCD,official,test,,,,0,,,10.0,,,,0 0 0 0 0 0 0 0 0 0 0 0 0 0 0 0 0 0 0 0 0 0 0 0 0 0 0 0 0 0 0 0 0 0 0 0 0 0 0 0 0 0 0 0 0 0 0 0 0 0
N-001923,001923,Normal/001923.mp4,CCD,official,train,,,,0,,,10.0,,,,0 0 0 0 0 0 0 0 0 0 0 0 0 0 0 0 0 0 0 0 0 0 0 0 0 0 0 0 0 0 0 0 0 0 0 0 0 0 0 0 0 0 0 0 0 0 0 0 0 0
N-001924,001924,Normal/001924.mp4,CCD,official,train,,,,0,,,10.0,,,,0 0 0 0 0 0 0 0 0 0 0 0 0 0 0 0 0 0 0 0 0 0 0 0 0 0 0 0 0 0 0 0 0 0 0 0 0 0 0 0 0 0 0 0 0 0 0 0 0 0
N-001925,001925,Normal/001925.mp4,CCD,official,test,,,,0,,,10.0,,,,0 0 0 0 0 0 0 0 0 0 0 0 0 0 0 0 0 0 0 0 0 0 0 0 0 0 0 0 0 0 0 0 0 0 0 0 0 0 0 0 0 0 0 0 0 0 0 0 0 0
N-001926,001926,Normal/001926.mp4,CCD,official,train,,,,0,,,10.0,,,,0 0 0 0 0 0 0 0 0 0 0 0 0 0 0 0 0 0 0 0 0 0 0 0 0 0 0 0 0 0 0 0 0 0 0 0 0 0 0 0 0 0 0 0 0 0 0 0 0 0
N-001927,001927,Normal/001927.mp4,CCD,official,train,,,,0,,,10.0,,,,0 0 0 0 0 0 0 0 0 0 0 0 0 0 0 0 0 0 0 0 0 0 0 0 0 0 0 0 0 0 0 0 0 0 0 0 0 0 0 0 0 0 0 0 0 0 0 0 0 0
N-001928,001928,Normal/001928.mp4,CCD,official,train,,,,0,,,10.0,,,,0 0 0 0 0 0 0 0 0 0 0 0 0 0 0 0 0 0 0 0 0 0 0 0 0 0 0 0 0 0 0 0 0 0 0 0 0 0 0 0 0 0 0 0 0 0 0 0 0 0
N-001929,001929,Normal/001929.mp4,CCD,official,train,,,,0,,,10.0,,,,0 0 0 0 0 0 0 0 0 0 0 0 0 0 0 0 0 0 0 0 0 0 0 0 0 0 0 0 0 0 0 0 0 0 0 0 0 0 0 0 0 0 0 0 0 0 0 0 0 0
N-001930,001930,Normal/001930.mp4,CCD,official,test,,,,0,,,10.0,,,,0 0 0 0 0 0 0 0 0 0 0 0 0 0 0 0 0 0 0 0 0 0 0 0 0 0 0 0 0 0 0 0 0 0 0 0 0 0 0 0 0 0 0 0 0 0 0 0 0 0
N-001931,001931,Normal/001931.mp4,CCD,official,train,,,,0,,,10.0,,,,0 0 0 0 0 0 0 0 0 0 0 0 0 0 0 0 0 0 0 0 0 0 0 0 0 0 0 0 0 0 0 0 0 0 0 0 0 0 0 0 0 0 0 0 0 0 0 0 0 0
N-001932,001932,Normal/001932.mp4,CCD,official,train,,,,0,,,10.0,,,,0 0 0 0 0 0 0 0 0 0 0 0 0 0 0 0 0 0 0 0 0 0 0 0 0 0 0 0 0 0 0 0 0 0 0 0 0 0 0 0 0 0 0 0 0 0 0 0 0 0
N-001933,001933,Normal/001933.mp4,CCD,official,test,,,,0,,,10.0,,,,0 0 0 0 0 0 0 0 0 0 0 0 0 0 0 0 0 0 0 0 0 0 0 0 0 0 0 0 0 0 0 0 0 0 0 0 0 0 0 0 0 0 0 0 0 0 0 0 0 0
N-001934,001934,Normal/001934.mp4,CCD,official,val,,,,0,,,10.0,,,,0 0 0 0 0 0 0 0 0 0 0 0 0 0 0 0 0 0 0 0 0 0 0 0 0 0 0 0 0 0 0 0 0 0 0 0 0 0 0 0 0 0 0 0 0 0 0 0 0 0
N-001935,001935,Normal/001935.mp4,CCD,official,train,,,,0,,,10.0,,,,0 0 0 0 0 0 0 0 0 0 0 0 0 0 0 0 0 0 0 0 0 0 0 0 0 0 0 0 0 0 0 0 0 0 0 0 0 0 0 0 0 0 0 0 0 0 0 0 0 0
N-001936,001936,Normal/001936.mp4,CCD,official,train,,,,0,,,10.0,,,,0 0 0 0 0 0 0 0 0 0 0 0 0 0 0 0 0 0 0 0 0 0 0 0 0 0 0 0 0 0 0 0 0 0 0 0 0 0 0 0 0 0 0 0 0 0 0 0 0 0
N-001937,001937,Normal/001937.mp4,CCD,official,train,,,,0,,,10.0,,,,0 0 0 0 0 0 0 0 0 0 0 0 0 0 0 0 0 0 0 0 0 0 0 0 0 0 0 0 0 0 0 0 0 0 0 0 0 0 0 0 0 0 0 0 0 0 0 0 0 0
N-001938,001938,Normal/001938.mp4,CCD,official,train,,,,0,,,10.0,,,,0 0 0 0 0 0 0 0 0 0 0 0 0 0 0 0 0 0 0 0 0 0 0 0 0 0 0 0 0 0 0 0 0 0 0 0 0 0 0 0 0 0 0 0 0 0 0 0 0 0
N-001939,001939,Normal/001939.mp4,CCD,official,val,,,,0,,,10.0,,,,0 0 0 0 0 0 0 0 0 0 0 0 0 0 0 0 0 0 0 0 0 0 0 0 0 0 0 0 0 0 0 0 0 0 0 0 0 0 0 0 0 0 0 0 0 0 0 0 0 0
N-001940,001940,Normal/001940.mp4,CCD,official,train,,,,0,,,10.0,,,,0 0 0 0 0 0 0 0 0 0 0 0 0 0 0 0 0 0 0 0 0 0 0 0 0 0 0 0 0 0 0 0 0 0 0 0 0 0 0 0 0 0 0 0 0 0 0 0 0 0
N-001941,001941,Normal/001941.mp4,CCD,official,val,,,,0,,,10.0,,,,0 0 0 0 0 0 0 0 0 0 0 0 0 0 0 0 0 0 0 0 0 0 0 0 0 0 0 0 0 0 0 0 0 0 0 0 0 0 0 0 0 0 0 0 0 0 0 0 0 0
N-001942,001942,Normal/001942.mp4,CCD,official,train,,,,0,,,10.0,,,,0 0 0 0 0 0 0 0 0 0 0 0 0 0 0 0 0 0 0 0 0 0 0 0 0 0 0 0 0 0 0 0 0 0 0 0 0 0 0 0 0 0 0 0 0 0 0 0 0 0
N-001943,001943,Normal/001943.mp4,CCD,official,val,,,,0,,,10.0,,,,0 0 0 0 0 0 0 0 0 0 0 0 0 0 0 0 0 0 0 0 0 0 0 0 0 0 0 0 0 0 0 0 0 0 0 0 0 0 0 0 0 0 0 0 0 0 0 0 0 0
N-001944,001944,Normal/001944.mp4,CCD,official,val,,,,0,,,10.0,,,,0 0 0 0 0 0 0 0 0 0 0 0 0 0 0 0 0 0 0 0 0 0 0 0 0 0 0 0 0 0 0 0 0 0 0 0 0 0 0 0 0 0 0 0 0 0 0 0 0 0
N-001945,001945,Normal/001945.mp4,CCD,official,test,,,,0,,,10.0,,,,0 0 0 0 0 0 0 0 0 0 0 0 0 0 0 0 0 0 0 0 0 0 0 0 0 0 0 0 0 0 0 0 0 0 0 0 0 0 0 0 0 0 0 0 0 0 0 0 0 0
N-001946,001946,Normal/001946.mp4,CCD,official,val,,,,0,,,10.0,,,,0 0 0 0 0 0 0 0 0 0 0 0 0 0 0 0 0 0 0 0 0 0 0 0 0 0 0 0 0 0 0 0 0 0 0 0 0 0 0 0 0 0 0 0 0 0 0 0 0 0
N-001947,001947,Normal/001947.mp4,CCD,official,train,,,,0,,,10.0,,,,0 0 0 0 0 0 0 0 0 0 0 0 0 0 0 0 0 0 0 0 0 0 0 0 0 0 0 0 0 0 0 0 0 0 0 0 0 0 0 0 0 0 0 0 0 0 0 0 0 0
N-001948,001948,Normal/001948.mp4,CCD,official,train,,,,0,,,10.0,,,,0 0 0 0 0 0 0 0 0 0 0 0 0 0 0 0 0 0 0 0 0 0 0 0 0 0 0 0 0 0 0 0 0 0 0 0 0 0 0 0 0 0 0 0 0 0 0 0 0 0
N-001949,001949,Normal/001949.mp4,CCD,official,train,,,,0,,,10.0,,,,0 0 0 0 0 0 0 0 0 0 0 0 0 0 0 0 0 0 0 0 0 0 0 0 0 0 0 0 0 0 0 0 0 0 0 0 0 0 0 0 0 0 0 0 0 0 0 0 0 0
N-001950,001950,Normal/001950.mp4,CCD,official,val,,,,0,,,10.0,,,,0 0 0 0 0 0 0 0 0 0 0 0 0 0 0 0 0 0 0 0 0 0 0 0 0 0 0 0 0 0 0 0 0 0 0 0 0 0 0 0 0 0 0 0 0 0 0 0 0 0
N-001951,001951,Normal/001951.mp4,CCD,official,train,,,,0,,,10.0,,,,0 0 0 0 0 0 0 0 0 0 0 0 0 0 0 0 0 0 0 0 0 0 0 0 0 0 0 0 0 0 0 0 0 0 0 0 0 0 0 0 0 0 0 0 0 0 0 0 0 0
N-001952,001952,Normal/001952.mp4,CCD,official,train,,,,0,,,10.0,,,,0 0 0 0 0 0 0 0 0 0 0 0 0 0 0 0 0 0 0 0 0 0 0 0 0 0 0 0 0 0 0 0 0 0 0 0 0 0 0 0 0 0 0 0 0 0 0 0 0 0
N-001953,001953,Normal/001953.mp4,CCD,official,val,,,,0,,,10.0,,,,0 0 0 0 0 0 0 0 0 0 0 0 0 0 0 0 0 0 0 0 0 0 0 0 0 0 0 0 0 0 0 0 0 0 0 0 0 0 0 0 0 0 0 0 0 0 0 0 0 0
N-001954,001954,Normal/001954.mp4,CCD,official,train,,,,0,,,10.0,,,,0 0 0 0 0 0 0 0 0 0 0 0 0 0 0 0 0 0 0 0 0 0 0 0 0 0 0 0 0 0 0 0 0 0 0 0 0 0 0 0 0 0 0 0 0 0 0 0 0 0
N-001955,001955,Normal/001955.mp4,CCD,official,train,,,,0,,,10.0,,,,0 0 0 0 0 0 0 0 0 0 0 0 0 0 0 0 0 0 0 0 0 0 0 0 0 0 0 0 0 0 0 0 0 0 0 0 0 0 0 0 0 0 0 0 0 0 0 0 0 0
N-001956,001956,Normal/001956.mp4,CCD,official,test,,,,0,,,10.0,,,,0 0 0 0 0 0 0 0 0 0 0 0 0 0 0 0 0 0 0 0 0 0 0 0 0 0 0 0 0 0 0 0 0 0 0 0 0 0 0 0 0 0 0 0 0 0 0 0 0 0
N-001957,001957,Normal/001957.mp4,CCD,official,test,,,,0,,,10.0,,,,0 0 0 0 0 0 0 0 0 0 0 0 0 0 0 0 0 0 0 0 0 0 0 0 0 0 0 0 0 0 0 0 0 0 0 0 0 0 0 0 0 0 0 0 0 0 0 0 0 0
N-001958,001958,Normal/001958.mp4,CCD,official,train,,,,0,,,10.0,,,,0 0 0 0 0 0 0 0 0 0 0 0 0 0 0 0 0 0 0 0 0 0 0 0 0 0 0 0 0 0 0 0 0 0 0 0 0 0 0 0 0 0 0 0 0 0 0 0 0 0
N-001959,001959,Normal/001959.mp4,CCD,official,train,,,,0,,,10.0,,,,0 0 0 0 0 0 0 0 0 0 0 0 0 0 0 0 0 0 0 0 0 0 0 0 0 0 0 0 0 0 0 0 0 0 0 0 0 0 0 0 0 0 0 0 0 0 0 0 0 0
N-001960,001960,Normal/001960.mp4,CCD,official,train,,,,0,,,10.0,,,,0 0 0 0 0 0 0 0 0 0 0 0 0 0 0 0 0 0 0 0 0 0 0 0 0 0 0 0 0 0 0 0 0 0 0 0 0 0 0 0 0 0 0 0 0 0 0 0 0 0
N-001961,001961,Normal/001961.mp4,CCD,official,val,,,,0,,,10.0,,,,0 0 0 0 0 0 0 0 0 0 0 0 0 0 0 0 0 0 0 0 0 0 0 0 0 0 0 0 0 0 0 0 0 0 0 0 0 0 0 0 0 0 0 0 0 0 0 0 0 0
N-001962,001962,Normal/001962.mp4,CCD,official,val,,,,0,,,10.0,,,,0 0 0 0 0 0 0 0 0 0 0 0 0 0 0 0 0 0 0 0 0 0 0 0 0 0 0 0 0 0 0 0 0 0 0 0 0 0 0 0 0 0 0 0 0 0 0 0 0 0
N-001963,001963,Normal/001963.mp4,CCD,official,train,,,,0,,,10.0,,,,0 0 0 0 0 0 0 0 0 0 0 0 0 0 0 0 0 0 0 0 0 0 0 0 0 0 0 0 0 0 0 0 0 0 0 0 0 0 0 0 0 0 0 0 0 0 0 0 0 0
N-001964,001964,Normal/001964.mp4,CCD,official,test,,,,0,,,10.0,,,,0 0 0 0 0 0 0 0 0 0 0 0 0 0 0 0 0 0 0 0 0 0 0 0 0 0 0 0 0 0 0 0 0 0 0 0 0 0 0 0 0 0 0 0 0 0 0 0 0 0
N-001965,001965,Normal/001965.mp4,CCD,official,train,,,,0,,,10.0,,,,0 0 0 0 0 0 0 0 0 0 0 0 0 0 0 0 0 0 0 0 0 0 0 0 0 0 0 0 0 0 0 0 0 0 0 0 0 0 0 0 0 0 0 0 0 0 0 0 0 0
N-001966,001966,Normal/001966.mp4,CCD,official,test,,,,0,,,10.0,,,,0 0 0 0 0 0 0 0 0 0 0 0 0 0 0 0 0 0 0 0 0 0 0 0 0 0 0 0 0 0 0 0 0 0 0 0 0 0 0 0 0 0 0 0 0 0 0 0 0 0
N-001967,001967,Normal/001967.mp4,CCD,official,train,,,,0,,,10.0,,,,0 0 0 0 0 0 0 0 0 0 0 0 0 0 0 0 0 0 0 0 0 0 0 0 0 0 0 0 0 0 0 0 0 0 0 0 0 0 0 0 0 0 0 0 0 0 0 0 0 0
N-001968,001968,Normal/001968.mp4,CCD,official,test,,,,0,,,10.0,,,,0 0 0 0 0 0 0 0 0 0 0 0 0 0 0 0 0 0 0 0 0 0 0 0 0 0 0 0 0 0 0 0 0 0 0 0 0 0 0 0 0 0 0 0 0 0 0 0 0 0
N-001969,001969,Normal/001969.mp4,CCD,official,train,,,,0,,,10.0,,,,0 0 0 0 0 0 0 0 0 0 0 0 0 0 0 0 0 0 0 0 0 0 0 0 0 0 0 0 0 0 0 0 0 0 0 0 0 0 0 0 0 0 0 0 0 0 0 0 0 0
N-001970,001970,Normal/001970.mp4,CCD,official,train,,,,0,,,10.0,,,,0 0 0 0 0 0 0 0 0 0 0 0 0 0 0 0 0 0 0 0 0 0 0 0 0 0 0 0 0 0 0 0 0 0 0 0 0 0 0 0 0 0 0 0 0 0 0 0 0 0
N-001971,001971,Normal/001971.mp4,CCD,official,train,,,,0,,,10.0,,,,0 0 0 0 0 0 0 0 0 0 0 0 0 0 0 0 0 0 0 0 0 0 0 0 0 0 0 0 0 0 0 0 0 0 0 0 0 0 0 0 0 0 0 0 0 0 0 0 0 0
N-001972,001972,Normal/001972.mp4,CCD,official,train,,,,0,,,10.0,,,,0 0 0 0 0 0 0 0 0 0 0 0 0 0 0 0 0 0 0 0 0 0 0 0 0 0 0 0 0 0 0 0 0 0 0 0 0 0 0 0 0 0 0 0 0 0 0 0 0 0
N-001973,001973,Normal/001973.mp4,CCD,official,train,,,,0,,,10.0,,,,0 0 0 0 0 0 0 0 0 0 0 0 0 0 0 0 0 0 0 0 0 0 0 0 0 0 0 0 0 0 0 0 0 0 0 0 0 0 0 0 0 0 0 0 0 0 0 0 0 0
N-001974,001974,Normal/001974.mp4,CCD,official,train,,,,0,,,10.0,,,,0 0 0 0 0 0 0 0 0 0 0 0 0 0 0 0 0 0 0 0 0 0 0 0 0 0 0 0 0 0 0 0 0 0 0 0 0 0 0 0 0 0 0 0 0 0 0 0 0 0
N-001975,001975,Normal/001975.mp4,CCD,official,train,,,,0,,,10.0,,,,0 0 0 0 0 0 0 0 0 0 0 0 0 0 0 0 0 0 0 0 0 0 0 0 0 0 0 0 0 0 0 0 0 0 0 0 0 0 0 0 0 0 0 0 0 0 0 0 0 0
N-001976,001976,Normal/001976.mp4,CCD,official,train,,,,0,,,10.0,,,,0 0 0 0 0 0 0 0 0 0 0 0 0 0 0 0 0 0 0 0 0 0 0 0 0 0 0 0 0 0 0 0 0 0 0 0 0 0 0 0 0 0 0 0 0 0 0 0 0 0
N-001977,001977,Normal/001977.mp4,CCD,official,train,,,,0,,,10.0,,,,0 0 0 0 0 0 0 0 0 0 0 0 0 0 0 0 0 0 0 0 0 0 0 0 0 0 0 0 0 0 0 0 0 0 0 0 0 0 0 0 0 0 0 0 0 0 0 0 0 0
N-001978,001978,Normal/001978.mp4,CCD,official,test,,,,0,,,10.0,,,,0 0 0 0 0 0 0 0 0 0 0 0 0 0 0 0 0 0 0 0 0 0 0 0 0 0 0 0 0 0 0 0 0 0 0 0 0 0 0 0 0 0 0 0 0 0 0 0 0 0
N-001979,001979,Normal/001979.mp4,CCD,official,test,,,,0,,,10.0,,,,0 0 0 0 0 0 0 0 0 0 0 0 0 0 0 0 0 0 0 0 0 0 0 0 0 0 0 0 0 0 0 0 0 0 0 0 0 0 0 0 0 0 0 0 0 0 0 0 0 0
N-001980,001980,Normal/001980.mp4,CCD,official,train,,,,0,,,10.0,,,,0 0 0 0 0 0 0 0 0 0 0 0 0 0 0 0 0 0 0 0 0 0 0 0 0 0 0 0 0 0 0 0 0 0 0 0 0 0 0 0 0 0 0 0 0 0 0 0 0 0
N-001981,001981,Normal/001981.mp4,CCD,official,val,,,,0,,,10.0,,,,0 0 0 0 0 0 0 0 0 0 0 0 0 0 0 0 0 0 0 0 0 0 0 0 0 0 0 0 0 0 0 0 0 0 0 0 0 0 0 0 0 0 0 0 0 0 0 0 0 0
N-001982,001982,Normal/001982.mp4,CCD,official,train,,,,0,,,10.0,,,,0 0 0 0 0 0 0 0 0 0 0 0 0 0 0 0 0 0 0 0 0 0 0 0 0 0 0 0 0 0 0 0 0 0 0 0 0 0 0 0 0 0 0 0 0 0 0 0 0 0
N-001983,001983,Normal/001983.mp4,CCD,official,test,,,,0,,,10.0,,,,0 0 0 0 0 0 0 0 0 0 0 0 0 0 0 0 0 0 0 0 0 0 0 0 0 0 0 0 0 0 0 0 0 0 0 0 0 0 0 0 0 0 0 0 0 0 0 0 0 0
N-001984,001984,Normal/001984.mp4,CCD,official,train,,,,0,,,10.0,,,,0 0 0 0 0 0 0 0 0 0 0 0 0 0 0 0 0 0 0 0 0 0 0 0 0 0 0 0 0 0 0 0 0 0 0 0 0 0 0 0 0 0 0 0 0 0 0 0 0 0
N-001985,001985,Normal/001985.mp4,CCD,official,train,,,,0,,,10.0,,,,0 0 0 0 0 0 0 0 0 0 0 0 0 0 0 0 0 0 0 0 0 0 0 0 0 0 0 0 0 0 0 0 0 0 0 0 0 0 0 0 0 0 0 0 0 0 0 0 0 0
N-001986,001986,Normal/001986.mp4,CCD,official,val,,,,0,,,10.0,,,,0 0 0 0 0 0 0 0 0 0 0 0 0 0 0 0 0 0 0 0 0 0 0 0 0 0 0 0 0 0 0 0 0 0 0 0 0 0 0 0 0 0 0 0 0 0 0 0 0 0
N-001987,001987,Normal/001987.mp4,CCD,official,train,,,,0,,,10.0,,,,0 0 0 0 0 0 0 0 0 0 0 0 0 0 0 0 0 0 0 0 0 0 0 0 0 0 0 0 0 0 0 0 0 0 0 0 0 0 0 0 0 0 0 0 0 0 0 0 0 0
N-001988,001988,Normal/001988.mp4,CCD,official,train,,,,0,,,10.0,,,,0 0 0 0 0 0 0 0 0 0 0 0 0 0 0 0 0 0 0 0 0 0 0 0 0 0 0 0 0 0 0 0 0 0 0 0 0 0 0 0 0 0 0 0 0 0 0 0 0 0
N-001989,001989,Normal/001989.mp4,CCD,official,train,,,,0,,,10.0,,,,0 0 0 0 0 0 0 0 0 0 0 0 0 0 0 0 0 0 0 0 0 0 0 0 0 0 0 0 0 0 0 0 0 0 0 0 0 0 0 0 0 0 0 0 0 0 0 0 0 0
N-001990,001990,Normal/001990.mp4,CCD,official,train,,,,0,,,10.0,,,,0 0 0 0 0 0 0 0 0 0 0 0 0 0 0 0 0 0 0 0 0 0 0 0 0 0 0 0 0 0 0 0 0 0 0 0 0 0 0 0 0 0 0 0 0 0 0 0 0 0
N-001991,001991,Normal/001991.mp4,CCD,official,train,,,,0,,,10.0,,,,0 0 0 0 0 0 0 0 0 0 0 0 0 0 0 0 0 0 0 0 0 0 0 0 0 0 0 0 0 0 0 0 0 0 0 0 0 0 0 0 0 0 0 0 0 0 0 0 0 0
N-001992,001992,Normal/001992.mp4,CCD,official,train,,,,0,,,10.0,,,,0 0 0 0 0 0 0 0 0 0 0 0 0 0 0 0 0 0 0 0 0 0 0 0 0 0 0 0 0 0 0 0 0 0 0 0 0 0 0 0 0 0 0 0 0 0 0 0 0 0
N-001993,001993,Normal/001993.mp4,CCD,official,train,,,,0,,,10.0,,,,0 0 0 0 0 0 0 0 0 0 0 0 0 0 0 0 0 0 0 0 0 0 0 0 0 0 0 0 0 0 0 0 0 0 0 0 0 0 0 0 0 0 0 0 0 0 0 0 0 0
N-001994,001994,Normal/001994.mp4,CCD,official,train,,,,0,,,10.0,,,,0 0 0 0 0 0 0 0 0 0 0 0 0 0 0 0 0 0 0 0 0 0 0 0 0 0 0 0 0 0 0 0 0 0 0 0 0 0 0 0 0 0 0 0 0 0 0 0 0 0
N-001995,001995,Normal/001995.mp4,CCD,official,train,,,,0,,,10.0,,,,0 0 0 0 0 0 0 0 0 0 0 0 0 0 0 0 0 0 0 0 0 0 0 0 0 0 0 0 0 0 0 0 0 0 0 0 0 0 0 0 0 0 0 0 0 0 0 0 0 0
N-001996,001996,Normal/001996.mp4,CCD,official,train,,,,0,,,10.0,,,,0 0 0 0 0 0 0 0 0 0 0 0 0 0 0 0 0 0 0 0 0 0 0 0 0 0 0 0 0 0 0 0 0 0 0 0 0 0 0 0 0 0 0 0 0 0 0 0 0 0
N-001997,001997,Normal/001997.mp4,CCD,official,val,,,,0,,,10.0,,,,0 0 0 0 0 0 0 0 0 0 0 0 0 0 0 0 0 0 0 0 0 0 0 0 0 0 0 0 0 0 0 0 0 0 0 0 0 0 0 0 0 0 0 0 0 0 0 0 0 0
N-001998,001998,Normal/001998.mp4,CCD,official,train,,,,0,,,10.0,,,,0 0 0 0 0 0 0 0 0 0 0 0 0 0 0 0 0 0 0 0 0 0 0 0 0 0 0 0 0 0 0 0 0 0 0 0 0 0 0 0 0 0 0 0 0 0 0 0 0 0
N-001999,001999,Normal/001999.mp4,CCD,official,train,,,,0,,,10.0,,,,0 0 0 0 0 0 0 0 0 0 0 0 0 0 0 0 0 0 0 0 0 0 0 0 0 0 0 0 0 0 0 0 0 0 0 0 0 0 0 0 0 0 0 0 0 0 0 0 0 0
N-002000,002000,Normal/002000.mp4,CCD,official,train,,,,0,,,10.0,,,,0 0 0 0 0 0 0 0 0 0 0 0 0 0 0 0 0 0 0 0 0 0 0 0 0 0 0 0 0 0 0 0 0 0 0 0 0 0 0 0 0 0 0 0 0 0 0 0 0 0
N-002001,002001,Normal/002001.mp4,CCD,official,val,,,,0,,,10.0,,,,0 0 0 0 0 0 0 0 0 0 0 0 0 0 0 0 0 0 0 0 0 0 0 0 0 0 0 0 0 0 0 0 0 0 0 0 0 0 0 0 0 0 0 0 0 0 0 0 0 0
N-002002,002002,Normal/002002.mp4,CCD,official,train,,,,0,,,10.0,,,,0 0 0 0 0 0 0 0 0 0 0 0 0 0 0 0 0 0 0 0 0 0 0 0 0 0 0 0 0 0 0 0 0 0 0 0 0 0 0 0 0 0 0 0 0 0 0 0 0 0
N-002003,002003,Normal/002003.mp4,CCD,official,train,,,,0,,,10.0,,,,0 0 0 0 0 0 0 0 0 0 0 0 0 0 0 0 0 0 0 0 0 0 0 0 0 0 0 0 0 0 0 0 0 0 0 0 0 0 0 0 0 0 0 0 0 0 0 0 0 0
N-002004,002004,Normal/002004.mp4,CCD,official,test,,,,0,,,10.0,,,,0 0 0 0 0 0 0 0 0 0 0 0 0 0 0 0 0 0 0 0 0 0 0 0 0 0 0 0 0 0 0 0 0 0 0 0 0 0 0 0 0 0 0 0 0 0 0 0 0 0
N-002005,002005,Normal/002005.mp4,CCD,official,train,,,,0,,,10.0,,,,0 0 0 0 0 0 0 0 0 0 0 0 0 0 0 0 0 0 0 0 0 0 0 0 0 0 0 0 0 0 0 0 0 0 0 0 0 0 0 0 0 0 0 0 0 0 0 0 0 0
N-002006,002006,Normal/002006.mp4,CCD,official,train,,,,0,,,10.0,,,,0 0 0 0 0 0 0 0 0 0 0 0 0 0 0 0 0 0 0 0 0 0 0 0 0 0 0 0 0 0 0 0 0 0 0 0 0 0 0 0 0 0 0 0 0 0 0 0 0 0
N-002007,002007,Normal/002007.mp4,CCD,official,train,,,,0,,,10.0,,,,0 0 0 0 0 0 0 0 0 0 0 0 0 0 0 0 0 0 0 0 0 0 0 0 0 0 0 0 0 0 0 0 0 0 0 0 0 0 0 0 0 0 0 0 0 0 0 0 0 0
N-002008,002008,Normal/002008.mp4,CCD,official,test,,,,0,,,10.0,,,,0 0 0 0 0 0 0 0 0 0 0 0 0 0 0 0 0 0 0 0 0 0 0 0 0 0 0 0 0 0 0 0 0 0 0 0 0 0 0 0 0 0 0 0 0 0 0 0 0 0
N-002009,002009,Normal/002009.mp4,CCD,official,train,,,,0,,,10.0,,,,0 0 0 0 0 0 0 0 0 0 0 0 0 0 0 0 0 0 0 0 0 0 0 0 0 0 0 0 0 0 0 0 0 0 0 0 0 0 0 0 0 0 0 0 0 0 0 0 0 0
N-002010,002010,Normal/002010.mp4,CCD,official,train,,,,0,,,10.0,,,,0 0 0 0 0 0 0 0 0 0 0 0 0 0 0 0 0 0 0 0 0 0 0 0 0 0 0 0 0 0 0 0 0 0 0 0 0 0 0 0 0 0 0 0 0 0 0 0 0 0
N-002011,002011,Normal/002011.mp4,CCD,official,val,,,,0,,,10.0,,,,0 0 0 0 0 0 0 0 0 0 0 0 0 0 0 0 0 0 0 0 0 0 0 0 0 0 0 0 0 0 0 0 0 0 0 0 0 0 0 0 0 0 0 0 0 0 0 0 0 0
N-002012,002012,Normal/002012.mp4,CCD,official,test,,,,0,,,10.0,,,,0 0 0 0 0 0 0 0 0 0 0 0 0 0 0 0 0 0 0 0 0 0 0 0 0 0 0 0 0 0 0 0 0 0 0 0 0 0 0 0 0 0 0 0 0 0 0 0 0 0
N-002013,002013,Normal/002013.mp4,CCD,official,train,,,,0,,,10.0,,,,0 0 0 0 0 0 0 0 0 0 0 0 0 0 0 0 0 0 0 0 0 0 0 0 0 0 0 0 0 0 0 0 0 0 0 0 0 0 0 0 0 0 0 0 0 0 0 0 0 0
N-002014,002014,Normal/002014.mp4,CCD,official,train,,,,0,,,10.0,,,,0 0 0 0 0 0 0 0 0 0 0 0 0 0 0 0 0 0 0 0 0 0 0 0 0 0 0 0 0 0 0 0 0 0 0 0 0 0 0 0 0 0 0 0 0 0 0 0 0 0
N-002015,002015,Normal/002015.mp4,CCD,official,val,,,,0,,,10.0,,,,0 0 0 0 0 0 0 0 0 0 0 0 0 0 0 0 0 0 0 0 0 0 0 0 0 0 0 0 0 0 0 0 0 0 0 0 0 0 0 0 0 0 0 0 0 0 0 0 0 0
N-002016,002016,Normal/002016.mp4,CCD,official,val,,,,0,,,10.0,,,,0 0 0 0 0 0 0 0 0 0 0 0 0 0 0 0 0 0 0 0 0 0 0 0 0 0 0 0 0 0 0 0 0 0 0 0 0 0 0 0 0 0 0 0 0 0 0 0 0 0
N-002017,002017,Normal/002017.mp4,CCD,official,test,,,,0,,,10.0,,,,0 0 0 0 0 0 0 0 0 0 0 0 0 0 0 0 0 0 0 0 0 0 0 0 0 0 0 0 0 0 0 0 0 0 0 0 0 0 0 0 0 0 0 0 0 0 0 0 0 0
N-002018,002018,Normal/002018.mp4,CCD,official,test,,,,0,,,10.0,,,,0 0 0 0 0 0 0 0 0 0 0 0 0 0 0 0 0 0 0 0 0 0 0 0 0 0 0 0 0 0 0 0 0 0 0 0 0 0 0 0 0 0 0 0 0 0 0 0 0 0
N-002019,002019,Normal/002019.mp4,CCD,official,test,,,,0,,,10.0,,,,0 0 0 0 0 0 0 0 0 0 0 0 0 0 0 0 0 0 0 0 0 0 0 0 0 0 0 0 0 0 0 0 0 0 0 0 0 0 0 0 0 0 0 0 0 0 0 0 0 0
N-002020,002020,Normal/002020.mp4,CCD,official,train,,,,0,,,10.0,,,,0 0 0 0 0 0 0 0 0 0 0 0 0 0 0 0 0 0 0 0 0 0 0 0 0 0 0 0 0 0 0 0 0 0 0 0 0 0 0 0 0 0 0 0 0 0 0 0 0 0
N-002021,002021,Normal/002021.mp4,CCD,official,train,,,,0,,,10.0,,,,0 0 0 0 0 0 0 0 0 0 0 0 0 0 0 0 0 0 0 0 0 0 0 0 0 0 0 0 0 0 0 0 0 0 0 0 0 0 0 0 0 0 0 0 0 0 0 0 0 0
N-002022,002022,Normal/002022.mp4,CCD,official,test,,,,0,,,10.0,,,,0 0 0 0 0 0 0 0 0 0 0 0 0 0 0 0 0 0 0 0 0 0 0 0 0 0 0 0 0 0 0 0 0 0 0 0 0 0 0 0 0 0 0 0 0 0 0 0 0 0
N-002023,002023,Normal/002023.mp4,CCD,official,train,,,,0,,,10.0,,,,0 0 0 0 0 0 0 0 0 0 0 0 0 0 0 0 0 0 0 0 0 0 0 0 0 0 0 0 0 0 0 0 0 0 0 0 0 0 0 0 0 0 0 0 0 0 0 0 0 0
N-002024,002024,Normal/002024.mp4,CCD,official,train,,,,0,,,10.0,,,,0 0 0 0 0 0 0 0 0 0 0 0 0 0 0 0 0 0 0 0 0 0 0 0 0 0 0 0 0 0 0 0 0 0 0 0 0 0 0 0 0 0 0 0 0 0 0 0 0 0
N-002025,002025,Normal/002025.mp4,CCD,official,train,,,,0,,,10.0,,,,0 0 0 0 0 0 0 0 0 0 0 0 0 0 0 0 0 0 0 0 0 0 0 0 0 0 0 0 0 0 0 0 0 0 0 0 0 0 0 0 0 0 0 0 0 0 0 0 0 0
N-002026,002026,Normal/002026.mp4,CCD,official,test,,,,0,,,10.0,,,,0 0 0 0 0 0 0 0 0 0 0 0 0 0 0 0 0 0 0 0 0 0 0 0 0 0 0 0 0 0 0 0 0 0 0 0 0 0 0 0 0 0 0 0 0 0 0 0 0 0
N-002027,002027,Normal/002027.mp4,CCD,official,train,,,,0,,,10.0,,,,0 0 0 0 0 0 0 0 0 0 0 0 0 0 0 0 0 0 0 0 0 0 0 0 0 0 0 0 0 0 0 0 0 0 0 0 0 0 0 0 0 0 0 0 0 0 0 0 0 0
N-002028,002028,Normal/002028.mp4,CCD,official,test,,,,0,,,10.0,,,,0 0 0 0 0 0 0 0 0 0 0 0 0 0 0 0 0 0 0 0 0 0 0 0 0 0 0 0 0 0 0 0 0 0 0 0 0 0 0 0 0 0 0 0 0 0 0 0 0 0
N-002029,002029,Normal/002029.mp4,CCD,official,train,,,,0,,,10.0,,,,0 0 0 0 0 0 0 0 0 0 0 0 0 0 0 0 0 0 0 0 0 0 0 0 0 0 0 0 0 0 0 0 0 0 0 0 0 0 0 0 0 0 0 0 0 0 0 0 0 0
N-002030,002030,Normal/002030.mp4,CCD,official,train,,,,0,,,10.0,,,,0 0 0 0 0 0 0 0 0 0 0 0 0 0 0 0 0 0 0 0 0 0 0 0 0 0 0 0 0 0 0 0 0 0 0 0 0 0 0 0 0 0 0 0 0 0 0 0 0 0
N-002031,002031,Normal/002031.mp4,CCD,official,train,,,,0,,,10.0,,,,0 0 0 0 0 0 0 0 0 0 0 0 0 0 0 0 0 0 0 0 0 0 0 0 0 0 0 0 0 0 0 0 0 0 0 0 0 0 0 0 0 0 0 0 0 0 0 0 0 0
N-002032,002032,Normal/002032.mp4,CCD,official,train,,,,0,,,10.0,,,,0 0 0 0 0 0 0 0 0 0 0 0 0 0 0 0 0 0 0 0 0 0 0 0 0 0 0 0 0 0 0 0 0 0 0 0 0 0 0 0 0 0 0 0 0 0 0 0 0 0
N-002033,002033,Normal/002033.mp4,CCD,official,train,,,,0,,,10.0,,,,0 0 0 0 0 0 0 0 0 0 0 0 0 0 0 0 0 0 0 0 0 0 0 0 0 0 0 0 0 0 0 0 0 0 0 0 0 0 0 0 0 0 0 0 0 0 0 0 0 0
N-002034,002034,Normal/002034.mp4,CCD,official,train,,,,0,,,10.0,,,,0 0 0 0 0 0 0 0 0 0 0 0 0 0 0 0 0 0 0 0 0 0 0 0 0 0 0 0 0 0 0 0 0 0 0 0 0 0 0 0 0 0 0 0 0 0 0 0 0 0
N-002035,002035,Normal/002035.mp4,CCD,official,train,,,,0,,,10.0,,,,0 0 0 0 0 0 0 0 0 0 0 0 0 0 0 0 0 0 0 0 0 0 0 0 0 0 0 0 0 0 0 0 0 0 0 0 0 0 0 0 0 0 0 0 0 0 0 0 0 0
N-002036,002036,Normal/002036.mp4,CCD,official,test,,,,0,,,10.0,,,,0 0 0 0 0 0 0 0 0 0 0 0 0 0 0 0 0 0 0 0 0 0 0 0 0 0 0 0 0 0 0 0 0 0 0 0 0 0 0 0 0 0 0 0 0 0 0 0 0 0
N-002037,002037,Normal/002037.mp4,CCD,official,train,,,,0,,,10.0,,,,0 0 0 0 0 0 0 0 0 0 0 0 0 0 0 0 0 0 0 0 0 0 0 0 0 0 0 0 0 0 0 0 0 0 0 0 0 0 0 0 0 0 0 0 0 0 0 0 0 0
N-002038,002038,Normal/002038.mp4,CCD,official,val,,,,0,,,10.0,,,,0 0 0 0 0 0 0 0 0 0 0 0 0 0 0 0 0 0 0 0 0 0 0 0 0 0 0 0 0 0 0 0 0 0 0 0 0 0 0 0 0 0 0 0 0 0 0 0 0 0
N-002039,002039,Normal/002039.mp4,CCD,official,val,,,,0,,,10.0,,,,0 0 0 0 0 0 0 0 0 0 0 0 0 0 0 0 0 0 0 0 0 0 0 0 0 0 0 0 0 0 0 0 0 0 0 0 0 0 0 0 0 0 0 0 0 0 0 0 0 0
N-002040,002040,Normal/002040.mp4,CCD,official,train,,,,0,,,10.0,,,,0 0 0 0 0 0 0 0 0 0 0 0 0 0 0 0 0 0 0 0 0 0 0 0 0 0 0 0 0 0 0 0 0 0 0 0 0 0 0 0 0 0 0 0 0 0 0 0 0 0
N-002041,002041,Normal/002041.mp4,CCD,official,train,,,,0,,,10.0,,,,0 0 0 0 0 0 0 0 0 0 0 0 0 0 0 0 0 0 0 0 0 0 0 0 0 0 0 0 0 0 0 0 0 0 0 0 0 0 0 0 0 0 0 0 0 0 0 0 0 0
N-002042,002042,Normal/002042.mp4,CCD,official,train,,,,0,,,10.0,,,,0 0 0 0 0 0 0 0 0 0 0 0 0 0 0 0 0 0 0 0 0 0 0 0 0 0 0 0 0 0 0 0 0 0 0 0 0 0 0 0 0 0 0 0 0 0 0 0 0 0
N-002043,002043,Normal/002043.mp4,CCD,official,val,,,,0,,,10.0,,,,0 0 0 0 0 0 0 0 0 0 0 0 0 0 0 0 0 0 0 0 0 0 0 0 0 0 0 0 0 0 0 0 0 0 0 0 0 0 0 0 0 0 0 0 0 0 0 0 0 0
N-002044,002044,Normal/002044.mp4,CCD,official,train,,,,0,,,10.0,,,,0 0 0 0 0 0 0 0 0 0 0 0 0 0 0 0 0 0 0 0 0 0 0 0 0 0 0 0 0 0 0 0 0 0 0 0 0 0 0 0 0 0 0 0 0 0 0 0 0 0
N-002045,002045,Normal/002045.mp4,CCD,official,train,,,,0,,,10.0,,,,0 0 0 0 0 0 0 0 0 0 0 0 0 0 0 0 0 0 0 0 0 0 0 0 0 0 0 0 0 0 0 0 0 0 0 0 0 0 0 0 0 0 0 0 0 0 0 0 0 0
N-002046,002046,Normal/002046.mp4,CCD,official,train,,,,0,,,10.0,,,,0 0 0 0 0 0 0 0 0 0 0 0 0 0 0 0 0 0 0 0 0 0 0 0 0 0 0 0 0 0 0 0 0 0 0 0 0 0 0 0 0 0 0 0 0 0 0 0 0 0
N-002047,002047,Normal/002047.mp4,CCD,official,train,,,,0,,,10.0,,,,0 0 0 0 0 0 0 0 0 0 0 0 0 0 0 0 0 0 0 0 0 0 0 0 0 0 0 0 0 0 0 0 0 0 0 0 0 0 0 0 0 0 0 0 0 0 0 0 0 0
N-002048,002048,Normal/002048.mp4,CCD,official,train,,,,0,,,10.0,,,,0 0 0 0 0 0 0 0 0 0 0 0 0 0 0 0 0 0 0 0 0 0 0 0 0 0 0 0 0 0 0 0 0 0 0 0 0 0 0 0 0 0 0 0 0 0 0 0 0 0
N-002049,002049,Normal/002049.mp4,CCD,official,val,,,,0,,,10.0,,,,0 0 0 0 0 0 0 0 0 0 0 0 0 0 0 0 0 0 0 0 0 0 0 0 0 0 0 0 0 0 0 0 0 0 0 0 0 0 0 0 0 0 0 0 0 0 0 0 0 0
N-002050,002050,Normal/002050.mp4,CCD,official,val,,,,0,,,10.0,,,,0 0 0 0 0 0 0 0 0 0 0 0 0 0 0 0 0 0 0 0 0 0 0 0 0 0 0 0 0 0 0 0 0 0 0 0 0 0 0 0 0 0 0 0 0 0 0 0 0 0
N-002051,002051,Normal/002051.mp4,CCD,official,train,,,,0,,,10.0,,,,0 0 0 0 0 0 0 0 0 0 0 0 0 0 0 0 0 0 0 0 0 0 0 0 0 0 0 0 0 0 0 0 0 0 0 0 0 0 0 0 0 0 0 0 0 0 0 0 0 0
N-002052,002052,Normal/002052.mp4,CCD,official,val,,,,0,,,10.0,,,,0 0 0 0 0 0 0 0 0 0 0 0 0 0 0 0 0 0 0 0 0 0 0 0 0 0 0 0 0 0 0 0 0 0 0 0 0 0 0 0 0 0 0 0 0 0 0 0 0 0
N-002053,002053,Normal/002053.mp4,CCD,official,test,,,,0,,,10.0,,,,0 0 0 0 0 0 0 0 0 0 0 0 0 0 0 0 0 0 0 0 0 0 0 0 0 0 0 0 0 0 0 0 0 0 0 0 0 0 0 0 0 0 0 0 0 0 0 0 0 0
N-002054,002054,Normal/002054.mp4,CCD,official,train,,,,0,,,10.0,,,,0 0 0 0 0 0 0 0 0 0 0 0 0 0 0 0 0 0 0 0 0 0 0 0 0 0 0 0 0 0 0 0 0 0 0 0 0 0 0 0 0 0 0 0 0 0 0 0 0 0
N-002055,002055,Normal/002055.mp4,CCD,official,test,,,,0,,,10.0,,,,0 0 0 0 0 0 0 0 0 0 0 0 0 0 0 0 0 0 0 0 0 0 0 0 0 0 0 0 0 0 0 0 0 0 0 0 0 0 0 0 0 0 0 0 0 0 0 0 0 0
N-002056,002056,Normal/002056.mp4,CCD,official,val,,,,0,,,10.0,,,,0 0 0 0 0 0 0 0 0 0 0 0 0 0 0 0 0 0 0 0 0 0 0 0 0 0 0 0 0 0 0 0 0 0 0 0 0 0 0 0 0 0 0 0 0 0 0 0 0 0
N-002057,002057,Normal/002057.mp4,CCD,official,train,,,,0,,,10.0,,,,0 0 0 0 0 0 0 0 0 0 0 0 0 0 0 0 0 0 0 0 0 0 0 0 0 0 0 0 0 0 0 0 0 0 0 0 0 0 0 0 0 0 0 0 0 0 0 0 0 0
N-002058,002058,Normal/002058.mp4,CCD,official,val,,,,0,,,10.0,,,,0 0 0 0 0 0 0 0 0 0 0 0 0 0 0 0 0 0 0 0 0 0 0 0 0 0 0 0 0 0 0 0 0 0 0 0 0 0 0 0 0 0 0 0 0 0 0 0 0 0
N-002059,002059,Normal/002059.mp4,CCD,official,train,,,,0,,,10.0,,,,0 0 0 0 0 0 0 0 0 0 0 0 0 0 0 0 0 0 0 0 0 0 0 0 0 0 0 0 0 0 0 0 0 0 0 0 0 0 0 0 0 0 0 0 0 0 0 0 0 0
N-002060,002060,Normal/002060.mp4,CCD,official,train,,,,0,,,10.0,,,,0 0 0 0 0 0 0 0 0 0 0 0 0 0 0 0 0 0 0 0 0 0 0 0 0 0 0 0 0 0 0 0 0 0 0 0 0 0 0 0 0 0 0 0 0 0 0 0 0 0
N-002061,002061,Normal/002061.mp4,CCD,official,train,,,,0,,,10.0,,,,0 0 0 0 0 0 0 0 0 0 0 0 0 0 0 0 0 0 0 0 0 0 0 0 0 0 0 0 0 0 0 0 0 0 0 0 0 0 0 0 0 0 0 0 0 0 0 0 0 0
N-002062,002062,Normal/002062.mp4,CCD,official,train,,,,0,,,10.0,,,,0 0 0 0 0 0 0 0 0 0 0 0 0 0 0 0 0 0 0 0 0 0 0 0 0 0 0 0 0 0 0 0 0 0 0 0 0 0 0 0 0 0 0 0 0 0 0 0 0 0
N-002063,002063,Normal/002063.mp4,CCD,official,test,,,,0,,,10.0,,,,0 0 0 0 0 0 0 0 0 0 0 0 0 0 0 0 0 0 0 0 0 0 0 0 0 0 0 0 0 0 0 0 0 0 0 0 0 0 0 0 0 0 0 0 0 0 0 0 0 0
N-002064,002064,Normal/002064.mp4,CCD,official,val,,,,0,,,10.0,,,,0 0 0 0 0 0 0 0 0 0 0 0 0 0 0 0 0 0 0 0 0 0 0 0 0 0 0 0 0 0 0 0 0 0 0 0 0 0 0 0 0 0 0 0 0 0 0 0 0 0
N-002065,002065,Normal/002065.mp4,CCD,official,train,,,,0,,,10.0,,,,0 0 0 0 0 0 0 0 0 0 0 0 0 0 0 0 0 0 0 0 0 0 0 0 0 0 0 0 0 0 0 0 0 0 0 0 0 0 0 0 0 0 0 0 0 0 0 0 0 0
N-002066,002066,Normal/002066.mp4,CCD,official,test,,,,0,,,10.0,,,,0 0 0 0 0 0 0 0 0 0 0 0 0 0 0 0 0 0 0 0 0 0 0 0 0 0 0 0 0 0 0 0 0 0 0 0 0 0 0 0 0 0 0 0 0 0 0 0 0 0
N-002067,002067,Normal/002067.mp4,CCD,official,test,,,,0,,,10.0,,,,0 0 0 0 0 0 0 0 0 0 0 0 0 0 0 0 0 0 0 0 0 0 0 0 0 0 0 0 0 0 0 0 0 0 0 0 0 0 0 0 0 0 0 0 0 0 0 0 0 0
N-002068,002068,Normal/002068.mp4,CCD,official,train,,,,0,,,10.0,,,,0 0 0 0 0 0 0 0 0 0 0 0 0 0 0 0 0 0 0 0 0 0 0 0 0 0 0 0 0 0 0 0 0 0 0 0 0 0 0 0 0 0 0 0 0 0 0 0 0 0
N-002069,002069,Normal/002069.mp4,CCD,official,train,,,,0,,,10.0,,,,0 0 0 0 0 0 0 0 0 0 0 0 0 0 0 0 0 0 0 0 0 0 0 0 0 0 0 0 0 0 0 0 0 0 0 0 0 0 0 0 0 0 0 0 0 0 0 0 0 0
N-002070,002070,Normal/002070.mp4,CCD,official,val,,,,0,,,10.0,,,,0 0 0 0 0 0 0 0 0 0 0 0 0 0 0 0 0 0 0 0 0 0 0 0 0 0 0 0 0 0 0 0 0 0 0 0 0 0 0 0 0 0 0 0 0 0 0 0 0 0
N-002071,002071,Normal/002071.mp4,CCD,official,train,,,,0,,,10.0,,,,0 0 0 0 0 0 0 0 0 0 0 0 0 0 0 0 0 0 0 0 0 0 0 0 0 0 0 0 0 0 0 0 0 0 0 0 0 0 0 0 0 0 0 0 0 0 0 0 0 0
N-002072,002072,Normal/002072.mp4,CCD,official,train,,,,0,,,10.0,,,,0 0 0 0 0 0 0 0 0 0 0 0 0 0 0 0 0 0 0 0 0 0 0 0 0 0 0 0 0 0 0 0 0 0 0 0 0 0 0 0 0 0 0 0 0 0 0 0 0 0
N-002073,002073,Normal/002073.mp4,CCD,official,val,,,,0,,,10.0,,,,0 0 0 0 0 0 0 0 0 0 0 0 0 0 0 0 0 0 0 0 0 0 0 0 0 0 0 0 0 0 0 0 0 0 0 0 0 0 0 0 0 0 0 0 0 0 0 0 0 0
N-002074,002074,Normal/002074.mp4,CCD,official,val,,,,0,,,10.0,,,,0 0 0 0 0 0 0 0 0 0 0 0 0 0 0 0 0 0 0 0 0 0 0 0 0 0 0 0 0 0 0 0 0 0 0 0 0 0 0 0 0 0 0 0 0 0 0 0 0 0
N-002075,002075,Normal/002075.mp4,CCD,official,train,,,,0,,,10.0,,,,0 0 0 0 0 0 0 0 0 0 0 0 0 0 0 0 0 0 0 0 0 0 0 0 0 0 0 0 0 0 0 0 0 0 0 0 0 0 0 0 0 0 0 0 0 0 0 0 0 0
N-002076,002076,Normal/002076.mp4,CCD,official,test,,,,0,,,10.0,,,,0 0 0 0 0 0 0 0 0 0 0 0 0 0 0 0 0 0 0 0 0 0 0 0 0 0 0 0 0 0 0 0 0 0 0 0 0 0 0 0 0 0 0 0 0 0 0 0 0 0
N-002077,002077,Normal/002077.mp4,CCD,official,train,,,,0,,,10.0,,,,0 0 0 0 0 0 0 0 0 0 0 0 0 0 0 0 0 0 0 0 0 0 0 0 0 0 0 0 0 0 0 0 0 0 0 0 0 0 0 0 0 0 0 0 0 0 0 0 0 0
N-002078,002078,Normal/002078.mp4,CCD,official,test,,,,0,,,10.0,,,,0 0 0 0 0 0 0 0 0 0 0 0 0 0 0 0 0 0 0 0 0 0 0 0 0 0 0 0 0 0 0 0 0 0 0 0 0 0 0 0 0 0 0 0 0 0 0 0 0 0
N-002079,002079,Normal/002079.mp4,CCD,official,train,,,,0,,,10.0,,,,0 0 0 0 0 0 0 0 0 0 0 0 0 0 0 0 0 0 0 0 0 0 0 0 0 0 0 0 0 0 0 0 0 0 0 0 0 0 0 0 0 0 0 0 0 0 0 0 0 0
N-002080,002080,Normal/002080.mp4,CCD,official,train,,,,0,,,10.0,,,,0 0 0 0 0 0 0 0 0 0 0 0 0 0 0 0 0 0 0 0 0 0 0 0 0 0 0 0 0 0 0 0 0 0 0 0 0 0 0 0 0 0 0 0 0 0 0 0 0 0
N-002081,002081,Normal/002081.mp4,CCD,official,test,,,,0,,,10.0,,,,0 0 0 0 0 0 0 0 0 0 0 0 0 0 0 0 0 0 0 0 0 0 0 0 0 0 0 0 0 0 0 0 0 0 0 0 0 0 0 0 0 0 0 0 0 0 0 0 0 0
N-002082,002082,Normal/002082.mp4,CCD,official,train,,,,0,,,10.0,,,,0 0 0 0 0 0 0 0 0 0 0 0 0 0 0 0 0 0 0 0 0 0 0 0 0 0 0 0 0 0 0 0 0 0 0 0 0 0 0 0 0 0 0 0 0 0 0 0 0 0
N-002083,002083,Normal/002083.mp4,CCD,official,train,,,,0,,,10.0,,,,0 0 0 0 0 0 0 0 0 0 0 0 0 0 0 0 0 0 0 0 0 0 0 0 0 0 0 0 0 0 0 0 0 0 0 0 0 0 0 0 0 0 0 0 0 0 0 0 0 0
N-002084,002084,Normal/002084.mp4,CCD,official,train,,,,0,,,10.0,,,,0 0 0 0 0 0 0 0 0 0 0 0 0 0 0 0 0 0 0 0 0 0 0 0 0 0 0 0 0 0 0 0 0 0 0 0 0 0 0 0 0 0 0 0 0 0 0 0 0 0
N-002085,002085,Normal/002085.mp4,CCD,official,train,,,,0,,,10.0,,,,0 0 0 0 0 0 0 0 0 0 0 0 0 0 0 0 0 0 0 0 0 0 0 0 0 0 0 0 0 0 0 0 0 0 0 0 0 0 0 0 0 0 0 0 0 0 0 0 0 0
N-002086,002086,Normal/002086.mp4,CCD,official,val,,,,0,,,10.0,,,,0 0 0 0 0 0 0 0 0 0 0 0 0 0 0 0 0 0 0 0 0 0 0 0 0 0 0 0 0 0 0 0 0 0 0 0 0 0 0 0 0 0 0 0 0 0 0 0 0 0
N-002087,002087,Normal/002087.mp4,CCD,official,train,,,,0,,,10.0,,,,0 0 0 0 0 0 0 0 0 0 0 0 0 0 0 0 0 0 0 0 0 0 0 0 0 0 0 0 0 0 0 0 0 0 0 0 0 0 0 0 0 0 0 0 0 0 0 0 0 0
N-002088,002088,Normal/002088.mp4,CCD,official,train,,,,0,,,10.0,,,,0 0 0 0 0 0 0 0 0 0 0 0 0 0 0 0 0 0 0 0 0 0 0 0 0 0 0 0 0 0 0 0 0 0 0 0 0 0 0 0 0 0 0 0 0 0 0 0 0 0
N-002089,002089,Normal/002089.mp4,CCD,official,train,,,,0,,,10.0,,,,0 0 0 0 0 0 0 0 0 0 0 0 0 0 0 0 0 0 0 0 0 0 0 0 0 0 0 0 0 0 0 0 0 0 0 0 0 0 0 0 0 0 0 0 0 0 0 0 0 0
N-002090,002090,Normal/002090.mp4,CCD,official,train,,,,0,,,10.0,,,,0 0 0 0 0 0 0 0 0 0 0 0 0 0 0 0 0 0 0 0 0 0 0 0 0 0 0 0 0 0 0 0 0 0 0 0 0 0 0 0 0 0 0 0 0 0 0 0 0 0
N-002091,002091,Normal/002091.mp4,CCD,official,test,,,,0,,,10.0,,,,0 0 0 0 0 0 0 0 0 0 0 0 0 0 0 0 0 0 0 0 0 0 0 0 0 0 0 0 0 0 0 0 0 0 0 0 0 0 0 0 0 0 0 0 0 0 0 0 0 0
N-002092,002092,Normal/002092.mp4,CCD,official,train,,,,0,,,10.0,,,,0 0 0 0 0 0 0 0 0 0 0 0 0 0 0 0 0 0 0 0 0 0 0 0 0 0 0 0 0 0 0 0 0 0 0 0 0 0 0 0 0 0 0 0 0 0 0 0 0 0
N-002093,002093,Normal/002093.mp4,CCD,official,train,,,,0,,,10.0,,,,0 0 0 0 0 0 0 0 0 0 0 0 0 0 0 0 0 0 0 0 0 0 0 0 0 0 0 0 0 0 0 0 0 0 0 0 0 0 0 0 0 0 0 0 0 0 0 0 0 0
N-002094,002094,Normal/002094.mp4,CCD,official,train,,,,0,,,10.0,,,,0 0 0 0 0 0 0 0 0 0 0 0 0 0 0 0 0 0 0 0 0 0 0 0 0 0 0 0 0 0 0 0 0 0 0 0 0 0 0 0 0 0 0 0 0 0 0 0 0 0
N-002095,002095,Normal/002095.mp4,CCD,official,train,,,,0,,,10.0,,,,0 0 0 0 0 0 0 0 0 0 0 0 0 0 0 0 0 0 0 0 0 0 0 0 0 0 0 0 0 0 0 0 0 0 0 0 0 0 0 0 0 0 0 0 0 0 0 0 0 0
N-002096,002096,Normal/002096.mp4,CCD,official,test,,,,0,,,10.0,,,,0 0 0 0 0 0 0 0 0 0 0 0 0 0 0 0 0 0 0 0 0 0 0 0 0 0 0 0 0 0 0 0 0 0 0 0 0 0 0 0 0 0 0 0 0 0 0 0 0 0
N-002097,002097,Normal/002097.mp4,CCD,official,train,,,,0,,,10.0,,,,0 0 0 0 0 0 0 0 0 0 0 0 0 0 0 0 0 0 0 0 0 0 0 0 0 0 0 0 0 0 0 0 0 0 0 0 0 0 0 0 0 0 0 0 0 0 0 0 0 0
N-002098,002098,Normal/002098.mp4,CCD,official,train,,,,0,,,10.0,,,,0 0 0 0 0 0 0 0 0 0 0 0 0 0 0 0 0 0 0 0 0 0 0 0 0 0 0 0 0 0 0 0 0 0 0 0 0 0 0 0 0 0 0 0 0 0 0 0 0 0
N-002099,002099,Normal/002099.mp4,CCD,official,train,,,,0,,,10.0,,,,0 0 0 0 0 0 0 0 0 0 0 0 0 0 0 0 0 0 0 0 0 0 0 0 0 0 0 0 0 0 0 0 0 0 0 0 0 0 0 0 0 0 0 0 0 0 0 0 0 0
N-002100,002100,Normal/002100.mp4,CCD,official,train,,,,0,,,10.0,,,,0 0 0 0 0 0 0 0 0 0 0 0 0 0 0 0 0 0 0 0 0 0 0 0 0 0 0 0 0 0 0 0 0 0 0 0 0 0 0 0 0 0 0 0 0 0 0 0 0 0
N-002101,002101,Normal/002101.mp4,CCD,official,train,,,,0,,,10.0,,,,0 0 0 0 0 0 0 0 0 0 0 0 0 0 0 0 0 0 0 0 0 0 0 0 0 0 0 0 0 0 0 0 0 0 0 0 0 0 0 0 0 0 0 0 0 0 0 0 0 0
N-002102,002102,Normal/002102.mp4,CCD,official,train,,,,0,,,10.0,,,,0 0 0 0 0 0 0 0 0 0 0 0 0 0 0 0 0 0 0 0 0 0 0 0 0 0 0 0 0 0 0 0 0 0 0 0 0 0 0 0 0 0 0 0 0 0 0 0 0 0
N-002103,002103,Normal/002103.mp4,CCD,official,train,,,,0,,,10.0,,,,0 0 0 0 0 0 0 0 0 0 0 0 0 0 0 0 0 0 0 0 0 0 0 0 0 0 0 0 0 0 0 0 0 0 0 0 0 0 0 0 0 0 0 0 0 0 0 0 0 0
N-002104,002104,Normal/002104.mp4,CCD,official,train,,,,0,,,10.0,,,,0 0 0 0 0 0 0 0 0 0 0 0 0 0 0 0 0 0 0 0 0 0 0 0 0 0 0 0 0 0 0 0 0 0 0 0 0 0 0 0 0 0 0 0 0 0 0 0 0 0
N-002105,002105,Normal/002105.mp4,CCD,official,val,,,,0,,,10.0,,,,0 0 0 0 0 0 0 0 0 0 0 0 0 0 0 0 0 0 0 0 0 0 0 0 0 0 0 0 0 0 0 0 0 0 0 0 0 0 0 0 0 0 0 0 0 0 0 0 0 0
N-002106,002106,Normal/002106.mp4,CCD,official,train,,,,0,,,10.0,,,,0 0 0 0 0 0 0 0 0 0 0 0 0 0 0 0 0 0 0 0 0 0 0 0 0 0 0 0 0 0 0 0 0 0 0 0 0 0 0 0 0 0 0 0 0 0 0 0 0 0
N-002107,002107,Normal/002107.mp4,CCD,official,test,,,,0,,,10.0,,,,0 0 0 0 0 0 0 0 0 0 0 0 0 0 0 0 0 0 0 0 0 0 0 0 0 0 0 0 0 0 0 0 0 0 0 0 0 0 0 0 0 0 0 0 0 0 0 0 0 0
N-002108,002108,Normal/002108.mp4,CCD,official,train,,,,0,,,10.0,,,,0 0 0 0 0 0 0 0 0 0 0 0 0 0 0 0 0 0 0 0 0 0 0 0 0 0 0 0 0 0 0 0 0 0 0 0 0 0 0 0 0 0 0 0 0 0 0 0 0 0
N-002109,002109,Normal/002109.mp4,CCD,official,val,,,,0,,,10.0,,,,0 0 0 0 0 0 0 0 0 0 0 0 0 0 0 0 0 0 0 0 0 0 0 0 0 0 0 0 0 0 0 0 0 0 0 0 0 0 0 0 0 0 0 0 0 0 0 0 0 0
N-002110,002110,Normal/002110.mp4,CCD,official,train,,,,0,,,10.0,,,,0 0 0 0 0 0 0 0 0 0 0 0 0 0 0 0 0 0 0 0 0 0 0 0 0 0 0 0 0 0 0 0 0 0 0 0 0 0 0 0 0 0 0 0 0 0 0 0 0 0
N-002111,002111,Normal/002111.mp4,CCD,official,test,,,,0,,,10.0,,,,0 0 0 0 0 0 0 0 0 0 0 0 0 0 0 0 0 0 0 0 0 0 0 0 0 0 0 0 0 0 0 0 0 0 0 0 0 0 0 0 0 0 0 0 0 0 0 0 0 0
N-002112,002112,Normal/002112.mp4,CCD,official,train,,,,0,,,10.0,,,,0 0 0 0 0 0 0 0 0 0 0 0 0 0 0 0 0 0 0 0 0 0 0 0 0 0 0 0 0 0 0 0 0 0 0 0 0 0 0 0 0 0 0 0 0 0 0 0 0 0
N-002113,002113,Normal/002113.mp4,CCD,official,test,,,,0,,,10.0,,,,0 0 0 0 0 0 0 0 0 0 0 0 0 0 0 0 0 0 0 0 0 0 0 0 0 0 0 0 0 0 0 0 0 0 0 0 0 0 0 0 0 0 0 0 0 0 0 0 0 0
N-002114,002114,Normal/002114.mp4,CCD,official,val,,,,0,,,10.0,,,,0 0 0 0 0 0 0 0 0 0 0 0 0 0 0 0 0 0 0 0 0 0 0 0 0 0 0 0 0 0 0 0 0 0 0 0 0 0 0 0 0 0 0 0 0 0 0 0 0 0
N-002115,002115,Normal/002115.mp4,CCD,official,train,,,,0,,,10.0,,,,0 0 0 0 0 0 0 0 0 0 0 0 0 0 0 0 0 0 0 0 0 0 0 0 0 0 0 0 0 0 0 0 0 0 0 0 0 0 0 0 0 0 0 0 0 0 0 0 0 0
N-002116,002116,Normal/002116.mp4,CCD,official,test,,,,0,,,10.0,,,,0 0 0 0 0 0 0 0 0 0 0 0 0 0 0 0 0 0 0 0 0 0 0 0 0 0 0 0 0 0 0 0 0 0 0 0 0 0 0 0 0 0 0 0 0 0 0 0 0 0
N-002117,002117,Normal/002117.mp4,CCD,official,val,,,,0,,,10.0,,,,0 0 0 0 0 0 0 0 0 0 0 0 0 0 0 0 0 0 0 0 0 0 0 0 0 0 0 0 0 0 0 0 0 0 0 0 0 0 0 0 0 0 0 0 0 0 0 0 0 0
N-002118,002118,Normal/002118.mp4,CCD,official,train,,,,0,,,10.0,,,,0 0 0 0 0 0 0 0 0 0 0 0 0 0 0 0 0 0 0 0 0 0 0 0 0 0 0 0 0 0 0 0 0 0 0 0 0 0 0 0 0 0 0 0 0 0 0 0 0 0
N-002119,002119,Normal/002119.mp4,CCD,official,train,,,,0,,,10.0,,,,0 0 0 0 0 0 0 0 0 0 0 0 0 0 0 0 0 0 0 0 0 0 0 0 0 0 0 0 0 0 0 0 0 0 0 0 0 0 0 0 0 0 0 0 0 0 0 0 0 0
N-002120,002120,Normal/002120.mp4,CCD,official,train,,,,0,,,10.0,,,,0 0 0 0 0 0 0 0 0 0 0 0 0 0 0 0 0 0 0 0 0 0 0 0 0 0 0 0 0 0 0 0 0 0 0 0 0 0 0 0 0 0 0 0 0 0 0 0 0 0
N-002121,002121,Normal/002121.mp4,CCD,official,train,,,,0,,,10.0,,,,0 0 0 0 0 0 0 0 0 0 0 0 0 0 0 0 0 0 0 0 0 0 0 0 0 0 0 0 0 0 0 0 0 0 0 0 0 0 0 0 0 0 0 0 0 0 0 0 0 0
N-002122,002122,Normal/002122.mp4,CCD,official,train,,,,0,,,10.0,,,,0 0 0 0 0 0 0 0 0 0 0 0 0 0 0 0 0 0 0 0 0 0 0 0 0 0 0 0 0 0 0 0 0 0 0 0 0 0 0 0 0 0 0 0 0 0 0 0 0 0
N-002123,002123,Normal/002123.mp4,CCD,official,train,,,,0,,,10.0,,,,0 0 0 0 0 0 0 0 0 0 0 0 0 0 0 0 0 0 0 0 0 0 0 0 0 0 0 0 0 0 0 0 0 0 0 0 0 0 0 0 0 0 0 0 0 0 0 0 0 0
N-002124,002124,Normal/002124.mp4,CCD,official,train,,,,0,,,10.0,,,,0 0 0 0 0 0 0 0 0 0 0 0 0 0 0 0 0 0 0 0 0 0 0 0 0 0 0 0 0 0 0 0 0 0 0 0 0 0 0 0 0 0 0 0 0 0 0 0 0 0
N-002125,002125,Normal/002125.mp4,CCD,official,test,,,,0,,,10.0,,,,0 0 0 0 0 0 0 0 0 0 0 0 0 0 0 0 0 0 0 0 0 0 0 0 0 0 0 0 0 0 0 0 0 0 0 0 0 0 0 0 0 0 0 0 0 0 0 0 0 0
N-002126,002126,Normal/002126.mp4,CCD,official,train,,,,0,,,10.0,,,,0 0 0 0 0 0 0 0 0 0 0 0 0 0 0 0 0 0 0 0 0 0 0 0 0 0 0 0 0 0 0 0 0 0 0 0 0 0 0 0 0 0 0 0 0 0 0 0 0 0
N-002127,002127,Normal/002127.mp4,CCD,official,train,,,,0,,,10.0,,,,0 0 0 0 0 0 0 0 0 0 0 0 0 0 0 0 0 0 0 0 0 0 0 0 0 0 0 0 0 0 0 0 0 0 0 0 0 0 0 0 0 0 0 0 0 0 0 0 0 0
N-002128,002128,Normal/002128.mp4,CCD,official,test,,,,0,,,10.0,,,,0 0 0 0 0 0 0 0 0 0 0 0 0 0 0 0 0 0 0 0 0 0 0 0 0 0 0 0 0 0 0 0 0 0 0 0 0 0 0 0 0 0 0 0 0 0 0 0 0 0
N-002129,002129,Normal/002129.mp4,CCD,official,train,,,,0,,,10.0,,,,0 0 0 0 0 0 0 0 0 0 0 0 0 0 0 0 0 0 0 0 0 0 0 0 0 0 0 0 0 0 0 0 0 0 0 0 0 0 0 0 0 0 0 0 0 0 0 0 0 0
N-002130,002130,Normal/002130.mp4,CCD,official,test,,,,0,,,10.0,,,,0 0 0 0 0 0 0 0 0 0 0 0 0 0 0 0 0 0 0 0 0 0 0 0 0 0 0 0 0 0 0 0 0 0 0 0 0 0 0 0 0 0 0 0 0 0 0 0 0 0
N-002131,002131,Normal/002131.mp4,CCD,official,train,,,,0,,,10.0,,,,0 0 0 0 0 0 0 0 0 0 0 0 0 0 0 0 0 0 0 0 0 0 0 0 0 0 0 0 0 0 0 0 0 0 0 0 0 0 0 0 0 0 0 0 0 0 0 0 0 0
N-002132,002132,Normal/002132.mp4,CCD,official,train,,,,0,,,10.0,,,,0 0 0 0 0 0 0 0 0 0 0 0 0 0 0 0 0 0 0 0 0 0 0 0 0 0 0 0 0 0 0 0 0 0 0 0 0 0 0 0 0 0 0 0 0 0 0 0 0 0
N-002133,002133,Normal/002133.mp4,CCD,official,train,,,,0,,,10.0,,,,0 0 0 0 0 0 0 0 0 0 0 0 0 0 0 0 0 0 0 0 0 0 0 0 0 0 0 0 0 0 0 0 0 0 0 0 0 0 0 0 0 0 0 0 0 0 0 0 0 0
N-002134,002134,Normal/002134.mp4,CCD,official,train,,,,0,,,10.0,,,,0 0 0 0 0 0 0 0 0 0 0 0 0 0 0 0 0 0 0 0 0 0 0 0 0 0 0 0 0 0 0 0 0 0 0 0 0 0 0 0 0 0 0 0 0 0 0 0 0 0
N-002135,002135,Normal/002135.mp4,CCD,official,test,,,,0,,,10.0,,,,0 0 0 0 0 0 0 0 0 0 0 0 0 0 0 0 0 0 0 0 0 0 0 0 0 0 0 0 0 0 0 0 0 0 0 0 0 0 0 0 0 0 0 0 0 0 0 0 0 0
N-002136,002136,Normal/002136.mp4,CCD,official,val,,,,0,,,10.0,,,,0 0 0 0 0 0 0 0 0 0 0 0 0 0 0 0 0 0 0 0 0 0 0 0 0 0 0 0 0 0 0 0 0 0 0 0 0 0 0 0 0 0 0 0 0 0 0 0 0 0
N-002137,002137,Normal/002137.mp4,CCD,official,train,,,,0,,,10.0,,,,0 0 0 0 0 0 0 0 0 0 0 0 0 0 0 0 0 0 0 0 0 0 0 0 0 0 0 0 0 0 0 0 0 0 0 0 0 0 0 0 0 0 0 0 0 0 0 0 0 0
N-002138,002138,Normal/002138.mp4,CCD,official,train,,,,0,,,10.0,,,,0 0 0 0 0 0 0 0 0 0 0 0 0 0 0 0 0 0 0 0 0 0 0 0 0 0 0 0 0 0 0 0 0 0 0 0 0 0 0 0 0 0 0 0 0 0 0 0 0 0
N-002139,002139,Normal/002139.mp4,CCD,official,val,,,,0,,,10.0,,,,0 0 0 0 0 0 0 0 0 0 0 0 0 0 0 0 0 0 0 0 0 0 0 0 0 0 0 0 0 0 0 0 0 0 0 0 0 0 0 0 0 0 0 0 0 0 0 0 0 0
N-002140,002140,Normal/002140.mp4,CCD,official,train,,,,0,,,10.0,,,,0 0 0 0 0 0 0 0 0 0 0 0 0 0 0 0 0 0 0 0 0 0 0 0 0 0 0 0 0 0 0 0 0 0 0 0 0 0 0 0 0 0 0 0 0 0 0 0 0 0
N-002141,002141,Normal/002141.mp4,CCD,official,train,,,,0,,,10.0,,,,0 0 0 0 0 0 0 0 0 0 0 0 0 0 0 0 0 0 0 0 0 0 0 0 0 0 0 0 0 0 0 0 0 0 0 0 0 0 0 0 0 0 0 0 0 0 0 0 0 0
N-002142,002142,Normal/002142.mp4,CCD,official,test,,,,0,,,10.0,,,,0 0 0 0 0 0 0 0 0 0 0 0 0 0 0 0 0 0 0 0 0 0 0 0 0 0 0 0 0 0 0 0 0 0 0 0 0 0 0 0 0 0 0 0 0 0 0 0 0 0
N-002143,002143,Normal/002143.mp4,CCD,official,test,,,,0,,,10.0,,,,0 0 0 0 0 0 0 0 0 0 0 0 0 0 0 0 0 0 0 0 0 0 0 0 0 0 0 0 0 0 0 0 0 0 0 0 0 0 0 0 0 0 0 0 0 0 0 0 0 0
N-002144,002144,Normal/002144.mp4,CCD,official,train,,,,0,,,10.0,,,,0 0 0 0 0 0 0 0 0 0 0 0 0 0 0 0 0 0 0 0 0 0 0 0 0 0 0 0 0 0 0 0 0 0 0 0 0 0 0 0 0 0 0 0 0 0 0 0 0 0
N-002145,002145,Normal/002145.mp4,CCD,official,val,,,,0,,,10.0,,,,0 0 0 0 0 0 0 0 0 0 0 0 0 0 0 0 0 0 0 0 0 0 0 0 0 0 0 0 0 0 0 0 0 0 0 0 0 0 0 0 0 0 0 0 0 0 0 0 0 0
N-002146,002146,Normal/002146.mp4,CCD,official,train,,,,0,,,10.0,,,,0 0 0 0 0 0 0 0 0 0 0 0 0 0 0 0 0 0 0 0 0 0 0 0 0 0 0 0 0 0 0 0 0 0 0 0 0 0 0 0 0 0 0 0 0 0 0 0 0 0
N-002147,002147,Normal/002147.mp4,CCD,official,train,,,,0,,,10.0,,,,0 0 0 0 0 0 0 0 0 0 0 0 0 0 0 0 0 0 0 0 0 0 0 0 0 0 0 0 0 0 0 0 0 0 0 0 0 0 0 0 0 0 0 0 0 0 0 0 0 0
N-002148,002148,Normal/002148.mp4,CCD,official,train,,,,0,,,10.0,,,,0 0 0 0 0 0 0 0 0 0 0 0 0 0 0 0 0 0 0 0 0 0 0 0 0 0 0 0 0 0 0 0 0 0 0 0 0 0 0 0 0 0 0 0 0 0 0 0 0 0
N-002149,002149,Normal/002149.mp4,CCD,official,train,,,,0,,,10.0,,,,0 0 0 0 0 0 0 0 0 0 0 0 0 0 0 0 0 0 0 0 0 0 0 0 0 0 0 0 0 0 0 0 0 0 0 0 0 0 0 0 0 0 0 0 0 0 0 0 0 0
N-002150,002150,Normal/002150.mp4,CCD,official,train,,,,0,,,10.0,,,,0 0 0 0 0 0 0 0 0 0 0 0 0 0 0 0 0 0 0 0 0 0 0 0 0 0 0 0 0 0 0 0 0 0 0 0 0 0 0 0 0 0 0 0 0 0 0 0 0 0
N-002151,002151,Normal/002151.mp4,CCD,official,test,,,,0,,,10.0,,,,0 0 0 0 0 0 0 0 0 0 0 0 0 0 0 0 0 0 0 0 0 0 0 0 0 0 0 0 0 0 0 0 0 0 0 0 0 0 0 0 0 0 0 0 0 0 0 0 0 0
N-002152,002152,Normal/002152.mp4,CCD,official,test,,,,0,,,10.0,,,,0 0 0 0 0 0 0 0 0 0 0 0 0 0 0 0 0 0 0 0 0 0 0 0 0 0 0 0 0 0 0 0 0 0 0 0 0 0 0 0 0 0 0 0 0 0 0 0 0 0
N-002153,002153,Normal/002153.mp4,CCD,official,train,,,,0,,,10.0,,,,0 0 0 0 0 0 0 0 0 0 0 0 0 0 0 0 0 0 0 0 0 0 0 0 0 0 0 0 0 0 0 0 0 0 0 0 0 0 0 0 0 0 0 0 0 0 0 0 0 0
N-002154,002154,Normal/002154.mp4,CCD,official,train,,,,0,,,10.0,,,,0 0 0 0 0 0 0 0 0 0 0 0 0 0 0 0 0 0 0 0 0 0 0 0 0 0 0 0 0 0 0 0 0 0 0 0 0 0 0 0 0 0 0 0 0 0 0 0 0 0
N-002155,002155,Normal/002155.mp4,CCD,official,train,,,,0,,,10.0,,,,0 0 0 0 0 0 0 0 0 0 0 0 0 0 0 0 0 0 0 0 0 0 0 0 0 0 0 0 0 0 0 0 0 0 0 0 0 0 0 0 0 0 0 0 0 0 0 0 0 0
N-002156,002156,Normal/002156.mp4,CCD,official,train,,,,0,,,10.0,,,,0 0 0 0 0 0 0 0 0 0 0 0 0 0 0 0 0 0 0 0 0 0 0 0 0 0 0 0 0 0 0 0 0 0 0 0 0 0 0 0 0 0 0 0 0 0 0 0 0 0
N-002157,002157,Normal/002157.mp4,CCD,official,val,,,,0,,,10.0,,,,0 0 0 0 0 0 0 0 0 0 0 0 0 0 0 0 0 0 0 0 0 0 0 0 0 0 0 0 0 0 0 0 0 0 0 0 0 0 0 0 0 0 0 0 0 0 0 0 0 0
N-002158,002158,Normal/002158.mp4,CCD,official,test,,,,0,,,10.0,,,,0 0 0 0 0 0 0 0 0 0 0 0 0 0 0 0 0 0 0 0 0 0 0 0 0 0 0 0 0 0 0 0 0 0 0 0 0 0 0 0 0 0 0 0 0 0 0 0 0 0
N-002159,002159,Normal/002159.mp4,CCD,official,train,,,,0,,,10.0,,,,0 0 0 0 0 0 0 0 0 0 0 0 0 0 0 0 0 0 0 0 0 0 0 0 0 0 0 0 0 0 0 0 0 0 0 0 0 0 0 0 0 0 0 0 0 0 0 0 0 0
N-002160,002160,Normal/002160.mp4,CCD,official,val,,,,0,,,10.0,,,,0 0 0 0 0 0 0 0 0 0 0 0 0 0 0 0 0 0 0 0 0 0 0 0 0 0 0 0 0 0 0 0 0 0 0 0 0 0 0 0 0 0 0 0 0 0 0 0 0 0
N-002161,002161,Normal/002161.mp4,CCD,official,train,,,,0,,,10.0,,,,0 0 0 0 0 0 0 0 0 0 0 0 0 0 0 0 0 0 0 0 0 0 0 0 0 0 0 0 0 0 0 0 0 0 0 0 0 0 0 0 0 0 0 0 0 0 0 0 0 0
N-002162,002162,Normal/002162.mp4,CCD,official,val,,,,0,,,10.0,,,,0 0 0 0 0 0 0 0 0 0 0 0 0 0 0 0 0 0 0 0 0 0 0 0 0 0 0 0 0 0 0 0 0 0 0 0 0 0 0 0 0 0 0 0 0 0 0 0 0 0
N-002163,002163,Normal/002163.mp4,CCD,official,test,,,,0,,,10.0,,,,0 0 0 0 0 0 0 0 0 0 0 0 0 0 0 0 0 0 0 0 0 0 0 0 0 0 0 0 0 0 0 0 0 0 0 0 0 0 0 0 0 0 0 0 0 0 0 0 0 0
N-002164,002164,Normal/002164.mp4,CCD,official,train,,,,0,,,10.0,,,,0 0 0 0 0 0 0 0 0 0 0 0 0 0 0 0 0 0 0 0 0 0 0 0 0 0 0 0 0 0 0 0 0 0 0 0 0 0 0 0 0 0 0 0 0 0 0 0 0 0
N-002165,002165,Normal/002165.mp4,CCD,official,train,,,,0,,,10.0,,,,0 0 0 0 0 0 0 0 0 0 0 0 0 0 0 0 0 0 0 0 0 0 0 0 0 0 0 0 0 0 0 0 0 0 0 0 0 0 0 0 0 0 0 0 0 0 0 0 0 0
N-002166,002166,Normal/002166.mp4,CCD,official,train,,,,0,,,10.0,,,,0 0 0 0 0 0 0 0 0 0 0 0 0 0 0 0 0 0 0 0 0 0 0 0 0 0 0 0 0 0 0 0 0 0 0 0 0 0 0 0 0 0 0 0 0 0 0 0 0 0
N-002167,002167,Normal/002167.mp4,CCD,official,train,,,,0,,,10.0,,,,0 0 0 0 0 0 0 0 0 0 0 0 0 0 0 0 0 0 0 0 0 0 0 0 0 0 0 0 0 0 0 0 0 0 0 0 0 0 0 0 0 0 0 0 0 0 0 0 0 0
N-002168,002168,Normal/002168.mp4,CCD,official,train,,,,0,,,10.0,,,,0 0 0 0 0 0 0 0 0 0 0 0 0 0 0 0 0 0 0 0 0 0 0 0 0 0 0 0 0 0 0 0 0 0 0 0 0 0 0 0 0 0 0 0 0 0 0 0 0 0
N-002169,002169,Normal/002169.mp4,CCD,official,train,,,,0,,,10.0,,,,0 0 0 0 0 0 0 0 0 0 0 0 0 0 0 0 0 0 0 0 0 0 0 0 0 0 0 0 0 0 0 0 0 0 0 0 0 0 0 0 0 0 0 0 0 0 0 0 0 0
N-002170,002170,Normal/002170.mp4,CCD,official,train,,,,0,,,10.0,,,,0 0 0 0 0 0 0 0 0 0 0 0 0 0 0 0 0 0 0 0 0 0 0 0 0 0 0 0 0 0 0 0 0 0 0 0 0 0 0 0 0 0 0 0 0 0 0 0 0 0
N-002171,002171,Normal/002171.mp4,CCD,official,train,,,,0,,,10.0,,,,0 0 0 0 0 0 0 0 0 0 0 0 0 0 0 0 0 0 0 0 0 0 0 0 0 0 0 0 0 0 0 0 0 0 0 0 0 0 0 0 0 0 0 0 0 0 0 0 0 0
N-002172,002172,Normal/002172.mp4,CCD,official,train,,,,0,,,10.0,,,,0 0 0 0 0 0 0 0 0 0 0 0 0 0 0 0 0 0 0 0 0 0 0 0 0 0 0 0 0 0 0 0 0 0 0 0 0 0 0 0 0 0 0 0 0 0 0 0 0 0
N-002173,002173,Normal/002173.mp4,CCD,official,test,,,,0,,,10.0,,,,0 0 0 0 0 0 0 0 0 0 0 0 0 0 0 0 0 0 0 0 0 0 0 0 0 0 0 0 0 0 0 0 0 0 0 0 0 0 0 0 0 0 0 0 0 0 0 0 0 0
N-002174,002174,Normal/002174.mp4,CCD,official,train,,,,0,,,10.0,,,,0 0 0 0 0 0 0 0 0 0 0 0 0 0 0 0 0 0 0 0 0 0 0 0 0 0 0 0 0 0 0 0 0 0 0 0 0 0 0 0 0 0 0 0 0 0 0 0 0 0
N-002175,002175,Normal/002175.mp4,CCD,official,train,,,,0,,,10.0,,,,0 0 0 0 0 0 0 0 0 0 0 0 0 0 0 0 0 0 0 0 0 0 0 0 0 0 0 0 0 0 0 0 0 0 0 0 0 0 0 0 0 0 0 0 0 0 0 0 0 0
N-002176,002176,Normal/002176.mp4,CCD,official,train,,,,0,,,10.0,,,,0 0 0 0 0 0 0 0 0 0 0 0 0 0 0 0 0 0 0 0 0 0 0 0 0 0 0 0 0 0 0 0 0 0 0 0 0 0 0 0 0 0 0 0 0 0 0 0 0 0
N-002177,002177,Normal/002177.mp4,CCD,official,train,,,,0,,,10.0,,,,0 0 0 0 0 0 0 0 0 0 0 0 0 0 0 0 0 0 0 0 0 0 0 0 0 0 0 0 0 0 0 0 0 0 0 0 0 0 0 0 0 0 0 0 0 0 0 0 0 0
N-002178,002178,Normal/002178.mp4,CCD,official,test,,,,0,,,10.0,,,,0 0 0 0 0 0 0 0 0 0 0 0 0 0 0 0 0 0 0 0 0 0 0 0 0 0 0 0 0 0 0 0 0 0 0 0 0 0 0 0 0 0 0 0 0 0 0 0 0 0
N-002179,002179,Normal/002179.mp4,CCD,official,train,,,,0,,,10.0,,,,0 0 0 0 0 0 0 0 0 0 0 0 0 0 0 0 0 0 0 0 0 0 0 0 0 0 0 0 0 0 0 0 0 0 0 0 0 0 0 0 0 0 0 0 0 0 0 0 0 0
N-002180,002180,Normal/002180.mp4,CCD,official,train,,,,0,,,10.0,,,,0 0 0 0 0 0 0 0 0 0 0 0 0 0 0 0 0 0 0 0 0 0 0 0 0 0 0 0 0 0 0 0 0 0 0 0 0 0 0 0 0 0 0 0 0 0 0 0 0 0
N-002181,002181,Normal/002181.mp4,CCD,official,train,,,,0,,,10.0,,,,0 0 0 0 0 0 0 0 0 0 0 0 0 0 0 0 0 0 0 0 0 0 0 0 0 0 0 0 0 0 0 0 0 0 0 0 0 0 0 0 0 0 0 0 0 0 0 0 0 0
N-002182,002182,Normal/002182.mp4,CCD,official,train,,,,0,,,10.0,,,,0 0 0 0 0 0 0 0 0 0 0 0 0 0 0 0 0 0 0 0 0 0 0 0 0 0 0 0 0 0 0 0 0 0 0 0 0 0 0 0 0 0 0 0 0 0 0 0 0 0
N-002183,002183,Normal/002183.mp4,CCD,official,val,,,,0,,,10.0,,,,0 0 0 0 0 0 0 0 0 0 0 0 0 0 0 0 0 0 0 0 0 0 0 0 0 0 0 0 0 0 0 0 0 0 0 0 0 0 0 0 0 0 0 0 0 0 0 0 0 0
N-002184,002184,Normal/002184.mp4,CCD,official,train,,,,0,,,10.0,,,,0 0 0 0 0 0 0 0 0 0 0 0 0 0 0 0 0 0 0 0 0 0 0 0 0 0 0 0 0 0 0 0 0 0 0 0 0 0 0 0 0 0 0 0 0 0 0 0 0 0
N-002185,002185,Normal/002185.mp4,CCD,official,train,,,,0,,,10.0,,,,0 0 0 0 0 0 0 0 0 0 0 0 0 0 0 0 0 0 0 0 0 0 0 0 0 0 0 0 0 0 0 0 0 0 0 0 0 0 0 0 0 0 0 0 0 0 0 0 0 0
N-002186,002186,Normal/002186.mp4,CCD,official,train,,,,0,,,10.0,,,,0 0 0 0 0 0 0 0 0 0 0 0 0 0 0 0 0 0 0 0 0 0 0 0 0 0 0 0 0 0 0 0 0 0 0 0 0 0 0 0 0 0 0 0 0 0 0 0 0 0
N-002187,002187,Normal/002187.mp4,CCD,official,train,,,,0,,,10.0,,,,0 0 0 0 0 0 0 0 0 0 0 0 0 0 0 0 0 0 0 0 0 0 0 0 0 0 0 0 0 0 0 0 0 0 0 0 0 0 0 0 0 0 0 0 0 0 0 0 0 0
N-002188,002188,Normal/002188.mp4,CCD,official,train,,,,0,,,10.0,,,,0 0 0 0 0 0 0 0 0 0 0 0 0 0 0 0 0 0 0 0 0 0 0 0 0 0 0 0 0 0 0 0 0 0 0 0 0 0 0 0 0 0 0 0 0 0 0 0 0 0
N-002189,002189,Normal/002189.mp4,CCD,official,train,,,,0,,,10.0,,,,0 0 0 0 0 0 0 0 0 0 0 0 0 0 0 0 0 0 0 0 0 0 0 0 0 0 0 0 0 0 0 0 0 0 0 0 0 0 0 0 0 0 0 0 0 0 0 0 0 0
N-002190,002190,Normal/002190.mp4,CCD,official,train,,,,0,,,10.0,,,,0 0 0 0 0 0 0 0 0 0 0 0 0 0 0 0 0 0 0 0 0 0 0 0 0 0 0 0 0 0 0 0 0 0 0 0 0 0 0 0 0 0 0 0 0 0 0 0 0 0
N-002191,002191,Normal/002191.mp4,CCD,official,train,,,,0,,,10.0,,,,0 0 0 0 0 0 0 0 0 0 0 0 0 0 0 0 0 0 0 0 0 0 0 0 0 0 0 0 0 0 0 0 0 0 0 0 0 0 0 0 0 0 0 0 0 0 0 0 0 0
N-002192,002192,Normal/002192.mp4,CCD,official,val,,,,0,,,10.0,,,,0 0 0 0 0 0 0 0 0 0 0 0 0 0 0 0 0 0 0 0 0 0 0 0 0 0 0 0 0 0 0 0 0 0 0 0 0 0 0 0 0 0 0 0 0 0 0 0 0 0
N-002193,002193,Normal/002193.mp4,CCD,official,test,,,,0,,,10.0,,,,0 0 0 0 0 0 0 0 0 0 0 0 0 0 0 0 0 0 0 0 0 0 0 0 0 0 0 0 0 0 0 0 0 0 0 0 0 0 0 0 0 0 0 0 0 0 0 0 0 0
N-002194,002194,Normal/002194.mp4,CCD,official,train,,,,0,,,10.0,,,,0 0 0 0 0 0 0 0 0 0 0 0 0 0 0 0 0 0 0 0 0 0 0 0 0 0 0 0 0 0 0 0 0 0 0 0 0 0 0 0 0 0 0 0 0 0 0 0 0 0
N-002195,002195,Normal/002195.mp4,CCD,official,train,,,,0,,,10.0,,,,0 0 0 0 0 0 0 0 0 0 0 0 0 0 0 0 0 0 0 0 0 0 0 0 0 0 0 0 0 0 0 0 0 0 0 0 0 0 0 0 0 0 0 0 0 0 0 0 0 0
N-002196,002196,Normal/002196.mp4,CCD,official,test,,,,0,,,10.0,,,,0 0 0 0 0 0 0 0 0 0 0 0 0 0 0 0 0 0 0 0 0 0 0 0 0 0 0 0 0 0 0 0 0 0 0 0 0 0 0 0 0 0 0 0 0 0 0 0 0 0
N-002197,002197,Normal/002197.mp4,CCD,official,train,,,,0,,,10.0,,,,0 0 0 0 0 0 0 0 0 0 0 0 0 0 0 0 0 0 0 0 0 0 0 0 0 0 0 0 0 0 0 0 0 0 0 0 0 0 0 0 0 0 0 0 0 0 0 0 0 0
N-002198,002198,Normal/002198.mp4,CCD,official,test,,,,0,,,10.0,,,,0 0 0 0 0 0 0 0 0 0 0 0 0 0 0 0 0 0 0 0 0 0 0 0 0 0 0 0 0 0 0 0 0 0 0 0 0 0 0 0 0 0 0 0 0 0 0 0 0 0
N-002199,002199,Normal/002199.mp4,CCD,official,val,,,,0,,,10.0,,,,0 0 0 0 0 0 0 0 0 0 0 0 0 0 0 0 0 0 0 0 0 0 0 0 0 0 0 0 0 0 0 0 0 0 0 0 0 0 0 0 0 0 0 0 0 0 0 0 0 0
N-002200,002200,Normal/002200.mp4,CCD,official,train,,,,0,,,10.0,,,,0 0 0 0 0 0 0 0 0 0 0 0 0 0 0 0 0 0 0 0 0 0 0 0 0 0 0 0 0 0 0 0 0 0 0 0 0 0 0 0 0 0 0 0 0 0 0 0 0 0
N-002201,002201,Normal/002201.mp4,CCD,official,val,,,,0,,,10.0,,,,0 0 0 0 0 0 0 0 0 0 0 0 0 0 0 0 0 0 0 0 0 0 0 0 0 0 0 0 0 0 0 0 0 0 0 0 0 0 0 0 0 0 0 0 0 0 0 0 0 0
N-002202,002202,Normal/002202.mp4,CCD,official,val,,,,0,,,10.0,,,,0 0 0 0 0 0 0 0 0 0 0 0 0 0 0 0 0 0 0 0 0 0 0 0 0 0 0 0 0 0 0 0 0 0 0 0 0 0 0 0 0 0 0 0 0 0 0 0 0 0
N-002203,002203,Normal/002203.mp4,CCD,official,test,,,,0,,,10.0,,,,0 0 0 0 0 0 0 0 0 0 0 0 0 0 0 0 0 0 0 0 0 0 0 0 0 0 0 0 0 0 0 0 0 0 0 0 0 0 0 0 0 0 0 0 0 0 0 0 0 0
N-002204,002204,Normal/002204.mp4,CCD,official,train,,,,0,,,10.0,,,,0 0 0 0 0 0 0 0 0 0 0 0 0 0 0 0 0 0 0 0 0 0 0 0 0 0 0 0 0 0 0 0 0 0 0 0 0 0 0 0 0 0 0 0 0 0 0 0 0 0
N-002205,002205,Normal/002205.mp4,CCD,official,train,,,,0,,,10.0,,,,0 0 0 0 0 0 0 0 0 0 0 0 0 0 0 0 0 0 0 0 0 0 0 0 0 0 0 0 0 0 0 0 0 0 0 0 0 0 0 0 0 0 0 0 0 0 0 0 0 0
N-002206,002206,Normal/002206.mp4,CCD,official,test,,,,0,,,10.0,,,,0 0 0 0 0 0 0 0 0 0 0 0 0 0 0 0 0 0 0 0 0 0 0 0 0 0 0 0 0 0 0 0 0 0 0 0 0 0 0 0 0 0 0 0 0 0 0 0 0 0
N-002207,002207,Normal/002207.mp4,CCD,official,train,,,,0,,,10.0,,,,0 0 0 0 0 0 0 0 0 0 0 0 0 0 0 0 0 0 0 0 0 0 0 0 0 0 0 0 0 0 0 0 0 0 0 0 0 0 0 0 0 0 0 0 0 0 0 0 0 0
N-002208,002208,Normal/002208.mp4,CCD,official,train,,,,0,,,10.0,,,,0 0 0 0 0 0 0 0 0 0 0 0 0 0 0 0 0 0 0 0 0 0 0 0 0 0 0 0 0 0 0 0 0 0 0 0 0 0 0 0 0 0 0 0 0 0 0 0 0 0
N-002209,002209,Normal/002209.mp4,CCD,official,test,,,,0,,,10.0,,,,0 0 0 0 0 0 0 0 0 0 0 0 0 0 0 0 0 0 0 0 0 0 0 0 0 0 0 0 0 0 0 0 0 0 0 0 0 0 0 0 0 0 0 0 0 0 0 0 0 0
N-002210,002210,Normal/002210.mp4,CCD,official,train,,,,0,,,10.0,,,,0 0 0 0 0 0 0 0 0 0 0 0 0 0 0 0 0 0 0 0 0 0 0 0 0 0 0 0 0 0 0 0 0 0 0 0 0 0 0 0 0 0 0 0 0 0 0 0 0 0
N-002211,002211,Normal/002211.mp4,CCD,official,val,,,,0,,,10.0,,,,0 0 0 0 0 0 0 0 0 0 0 0 0 0 0 0 0 0 0 0 0 0 0 0 0 0 0 0 0 0 0 0 0 0 0 0 0 0 0 0 0 0 0 0 0 0 0 0 0 0
N-002212,002212,Normal/002212.mp4,CCD,official,train,,,,0,,,10.0,,,,0 0 0 0 0 0 0 0 0 0 0 0 0 0 0 0 0 0 0 0 0 0 0 0 0 0 0 0 0 0 0 0 0 0 0 0 0 0 0 0 0 0 0 0 0 0 0 0 0 0
N-002213,002213,Normal/002213.mp4,CCD,official,test,,,,0,,,10.0,,,,0 0 0 0 0 0 0 0 0 0 0 0 0 0 0 0 0 0 0 0 0 0 0 0 0 0 0 0 0 0 0 0 0 0 0 0 0 0 0 0 0 0 0 0 0 0 0 0 0 0
N-002214,002214,Normal/002214.mp4,CCD,official,test,,,,0,,,10.0,,,,0 0 0 0 0 0 0 0 0 0 0 0 0 0 0 0 0 0 0 0 0 0 0 0 0 0 0 0 0 0 0 0 0 0 0 0 0 0 0 0 0 0 0 0 0 0 0 0 0 0
N-002215,002215,Normal/002215.mp4,CCD,official,val,,,,0,,,10.0,,,,0 0 0 0 0 0 0 0 0 0 0 0 0 0 0 0 0 0 0 0 0 0 0 0 0 0 0 0 0 0 0 0 0 0 0 0 0 0 0 0 0 0 0 0 0 0 0 0 0 0
N-002216,002216,Normal/002216.mp4,CCD,official,val,,,,0,,,10.0,,,,0 0 0 0 0 0 0 0 0 0 0 0 0 0 0 0 0 0 0 0 0 0 0 0 0 0 0 0 0 0 0 0 0 0 0 0 0 0 0 0 0 0 0 0 0 0 0 0 0 0
N-002217,002217,Normal/002217.mp4,CCD,official,train,,,,0,,,10.0,,,,0 0 0 0 0 0 0 0 0 0 0 0 0 0 0 0 0 0 0 0 0 0 0 0 0 0 0 0 0 0 0 0 0 0 0 0 0 0 0 0 0 0 0 0 0 0 0 0 0 0
N-002218,002218,Normal/002218.mp4,CCD,official,train,,,,0,,,10.0,,,,0 0 0 0 0 0 0 0 0 0 0 0 0 0 0 0 0 0 0 0 0 0 0 0 0 0 0 0 0 0 0 0 0 0 0 0 0 0 0 0 0 0 0 0 0 0 0 0 0 0
N-002219,002219,Normal/002219.mp4,CCD,official,train,,,,0,,,10.0,,,,0 0 0 0 0 0 0 0 0 0 0 0 0 0 0 0 0 0 0 0 0 0 0 0 0 0 0 0 0 0 0 0 0 0 0 0 0 0 0 0 0 0 0 0 0 0 0 0 0 0
N-002220,002220,Normal/002220.mp4,CCD,official,train,,,,0,,,10.0,,,,0 0 0 0 0 0 0 0 0 0 0 0 0 0 0 0 0 0 0 0 0 0 0 0 0 0 0 0 0 0 0 0 0 0 0 0 0 0 0 0 0 0 0 0 0 0 0 0 0 0
N-002221,002221,Normal/002221.mp4,CCD,official,test,,,,0,,,10.0,,,,0 0 0 0 0 0 0 0 0 0 0 0 0 0 0 0 0 0 0 0 0 0 0 0 0 0 0 0 0 0 0 0 0 0 0 0 0 0 0 0 0 0 0 0 0 0 0 0 0 0
N-002222,002222,Normal/002222.mp4,CCD,official,train,,,,0,,,10.0,,,,0 0 0 0 0 0 0 0 0 0 0 0 0 0 0 0 0 0 0 0 0 0 0 0 0 0 0 0 0 0 0 0 0 0 0 0 0 0 0 0 0 0 0 0 0 0 0 0 0 0
N-002223,002223,Normal/002223.mp4,CCD,official,train,,,,0,,,10.0,,,,0 0 0 0 0 0 0 0 0 0 0 0 0 0 0 0 0 0 0 0 0 0 0 0 0 0 0 0 0 0 0 0 0 0 0 0 0 0 0 0 0 0 0 0 0 0 0 0 0 0
N-002224,002224,Normal/002224.mp4,CCD,official,train,,,,0,,,10.0,,,,0 0 0 0 0 0 0 0 0 0 0 0 0 0 0 0 0 0 0 0 0 0 0 0 0 0 0 0 0 0 0 0 0 0 0 0 0 0 0 0 0 0 0 0 0 0 0 0 0 0
N-002225,002225,Normal/002225.mp4,CCD,official,val,,,,0,,,10.0,,,,0 0 0 0 0 0 0 0 0 0 0 0 0 0 0 0 0 0 0 0 0 0 0 0 0 0 0 0 0 0 0 0 0 0 0 0 0 0 0 0 0 0 0 0 0 0 0 0 0 0
N-002226,002226,Normal/002226.mp4,CCD,official,train,,,,0,,,10.0,,,,0 0 0 0 0 0 0 0 0 0 0 0 0 0 0 0 0 0 0 0 0 0 0 0 0 0 0 0 0 0 0 0 0 0 0 0 0 0 0 0 0 0 0 0 0 0 0 0 0 0
N-002227,002227,Normal/002227.mp4,CCD,official,test,,,,0,,,10.0,,,,0 0 0 0 0 0 0 0 0 0 0 0 0 0 0 0 0 0 0 0 0 0 0 0 0 0 0 0 0 0 0 0 0 0 0 0 0 0 0 0 0 0 0 0 0 0 0 0 0 0
N-002228,002228,Normal/002228.mp4,CCD,official,test,,,,0,,,10.0,,,,0 0 0 0 0 0 0 0 0 0 0 0 0 0 0 0 0 0 0 0 0 0 0 0 0 0 0 0 0 0 0 0 0 0 0 0 0 0 0 0 0 0 0 0 0 0 0 0 0 0
N-002229,002229,Normal/002229.mp4,CCD,official,train,,,,0,,,10.0,,,,0 0 0 0 0 0 0 0 0 0 0 0 0 0 0 0 0 0 0 0 0 0 0 0 0 0 0 0 0 0 0 0 0 0 0 0 0 0 0 0 0 0 0 0 0 0 0 0 0 0
N-002230,002230,Normal/002230.mp4,CCD,official,train,,,,0,,,10.0,,,,0 0 0 0 0 0 0 0 0 0 0 0 0 0 0 0 0 0 0 0 0 0 0 0 0 0 0 0 0 0 0 0 0 0 0 0 0 0 0 0 0 0 0 0 0 0 0 0 0 0
N-002231,002231,Normal/002231.mp4,CCD,official,train,,,,0,,,10.0,,,,0 0 0 0 0 0 0 0 0 0 0 0 0 0 0 0 0 0 0 0 0 0 0 0 0 0 0 0 0 0 0 0 0 0 0 0 0 0 0 0 0 0 0 0 0 0 0 0 0 0
N-002232,002232,Normal/002232.mp4,CCD,official,train,,,,0,,,10.0,,,,0 0 0 0 0 0 0 0 0 0 0 0 0 0 0 0 0 0 0 0 0 0 0 0 0 0 0 0 0 0 0 0 0 0 0 0 0 0 0 0 0 0 0 0 0 0 0 0 0 0
N-002233,002233,Normal/002233.mp4,CCD,official,train,,,,0,,,10.0,,,,0 0 0 0 0 0 0 0 0 0 0 0 0 0 0 0 0 0 0 0 0 0 0 0 0 0 0 0 0 0 0 0 0 0 0 0 0 0 0 0 0 0 0 0 0 0 0 0 0 0
N-002234,002234,Normal/002234.mp4,CCD,official,test,,,,0,,,10.0,,,,0 0 0 0 0 0 0 0 0 0 0 0 0 0 0 0 0 0 0 0 0 0 0 0 0 0 0 0 0 0 0 0 0 0 0 0 0 0 0 0 0 0 0 0 0 0 0 0 0 0
N-002235,002235,Normal/002235.mp4,CCD,official,train,,,,0,,,10.0,,,,0 0 0 0 0 0 0 0 0 0 0 0 0 0 0 0 0 0 0 0 0 0 0 0 0 0 0 0 0 0 0 0 0 0 0 0 0 0 0 0 0 0 0 0 0 0 0 0 0 0
N-002236,002236,Normal/002236.mp4,CCD,official,val,,,,0,,,10.0,,,,0 0 0 0 0 0 0 0 0 0 0 0 0 0 0 0 0 0 0 0 0 0 0 0 0 0 0 0 0 0 0 0 0 0 0 0 0 0 0 0 0 0 0 0 0 0 0 0 0 0
N-002237,002237,Normal/002237.mp4,CCD,official,val,,,,0,,,10.0,,,,0 0 0 0 0 0 0 0 0 0 0 0 0 0 0 0 0 0 0 0 0 0 0 0 0 0 0 0 0 0 0 0 0 0 0 0 0 0 0 0 0 0 0 0 0 0 0 0 0 0
N-002238,002238,Normal/002238.mp4,CCD,official,train,,,,0,,,10.0,,,,0 0 0 0 0 0 0 0 0 0 0 0 0 0 0 0 0 0 0 0 0 0 0 0 0 0 0 0 0 0 0 0 0 0 0 0 0 0 0 0 0 0 0 0 0 0 0 0 0 0
N-002239,002239,Normal/002239.mp4,CCD,official,val,,,,0,,,10.0,,,,0 0 0 0 0 0 0 0 0 0 0 0 0 0 0 0 0 0 0 0 0 0 0 0 0 0 0 0 0 0 0 0 0 0 0 0 0 0 0 0 0 0 0 0 0 0 0 0 0 0
N-002240,002240,Normal/002240.mp4,CCD,official,val,,,,0,,,10.0,,,,0 0 0 0 0 0 0 0 0 0 0 0 0 0 0 0 0 0 0 0 0 0 0 0 0 0 0 0 0 0 0 0 0 0 0 0 0 0 0 0 0 0 0 0 0 0 0 0 0 0
N-002241,002241,Normal/002241.mp4,CCD,official,val,,,,0,,,10.0,,,,0 0 0 0 0 0 0 0 0 0 0 0 0 0 0 0 0 0 0 0 0 0 0 0 0 0 0 0 0 0 0 0 0 0 0 0 0 0 0 0 0 0 0 0 0 0 0 0 0 0
N-002242,002242,Normal/002242.mp4,CCD,official,train,,,,0,,,10.0,,,,0 0 0 0 0 0 0 0 0 0 0 0 0 0 0 0 0 0 0 0 0 0 0 0 0 0 0 0 0 0 0 0 0 0 0 0 0 0 0 0 0 0 0 0 0 0 0 0 0 0
N-002243,002243,Normal/002243.mp4,CCD,official,train,,,,0,,,10.0,,,,0 0 0 0 0 0 0 0 0 0 0 0 0 0 0 0 0 0 0 0 0 0 0 0 0 0 0 0 0 0 0 0 0 0 0 0 0 0 0 0 0 0 0 0 0 0 0 0 0 0
N-002244,002244,Normal/002244.mp4,CCD,official,test,,,,0,,,10.0,,,,0 0 0 0 0 0 0 0 0 0 0 0 0 0 0 0 0 0 0 0 0 0 0 0 0 0 0 0 0 0 0 0 0 0 0 0 0 0 0 0 0 0 0 0 0 0 0 0 0 0
N-002245,002245,Normal/002245.mp4,CCD,official,val,,,,0,,,10.0,,,,0 0 0 0 0 0 0 0 0 0 0 0 0 0 0 0 0 0 0 0 0 0 0 0 0 0 0 0 0 0 0 0 0 0 0 0 0 0 0 0 0 0 0 0 0 0 0 0 0 0
N-002246,002246,Normal/002246.mp4,CCD,official,train,,,,0,,,10.0,,,,0 0 0 0 0 0 0 0 0 0 0 0 0 0 0 0 0 0 0 0 0 0 0 0 0 0 0 0 0 0 0 0 0 0 0 0 0 0 0 0 0 0 0 0 0 0 0 0 0 0
N-002247,002247,Normal/002247.mp4,CCD,official,train,,,,0,,,10.0,,,,0 0 0 0 0 0 0 0 0 0 0 0 0 0 0 0 0 0 0 0 0 0 0 0 0 0 0 0 0 0 0 0 0 0 0 0 0 0 0 0 0 0 0 0 0 0 0 0 0 0
N-002248,002248,Normal/002248.mp4,CCD,official,train,,,,0,,,10.0,,,,0 0 0 0 0 0 0 0 0 0 0 0 0 0 0 0 0 0 0 0 0 0 0 0 0 0 0 0 0 0 0 0 0 0 0 0 0 0 0 0 0 0 0 0 0 0 0 0 0 0
N-002249,002249,Normal/002249.mp4,CCD,official,train,,,,0,,,10.0,,,,0 0 0 0 0 0 0 0 0 0 0 0 0 0 0 0 0 0 0 0 0 0 0 0 0 0 0 0 0 0 0 0 0 0 0 0 0 0 0 0 0 0 0 0 0 0 0 0 0 0
N-002250,002250,Normal/002250.mp4,CCD,official,train,,,,0,,,10.0,,,,0 0 0 0 0 0 0 0 0 0 0 0 0 0 0 0 0 0 0 0 0 0 0 0 0 0 0 0 0 0 0 0 0 0 0 0 0 0 0 0 0 0 0 0 0 0 0 0 0 0
N-002251,002251,Normal/002251.mp4,CCD,official,train,,,,0,,,10.0,,,,0 0 0 0 0 0 0 0 0 0 0 0 0 0 0 0 0 0 0 0 0 0 0 0 0 0 0 0 0 0 0 0 0 0 0 0 0 0 0 0 0 0 0 0 0 0 0 0 0 0
N-002252,002252,Normal/002252.mp4,CCD,official,train,,,,0,,,10.0,,,,0 0 0 0 0 0 0 0 0 0 0 0 0 0 0 0 0 0 0 0 0 0 0 0 0 0 0 0 0 0 0 0 0 0 0 0 0 0 0 0 0 0 0 0 0 0 0 0 0 0
N-002253,002253,Normal/002253.mp4,CCD,official,test,,,,0,,,10.0,,,,0 0 0 0 0 0 0 0 0 0 0 0 0 0 0 0 0 0 0 0 0 0 0 0 0 0 0 0 0 0 0 0 0 0 0 0 0 0 0 0 0 0 0 0 0 0 0 0 0 0
N-002254,002254,Normal/002254.mp4,CCD,official,test,,,,0,,,10.0,,,,0 0 0 0 0 0 0 0 0 0 0 0 0 0 0 0 0 0 0 0 0 0 0 0 0 0 0 0 0 0 0 0 0 0 0 0 0 0 0 0 0 0 0 0 0 0 0 0 0 0
N-002255,002255,Normal/002255.mp4,CCD,official,val,,,,0,,,10.0,,,,0 0 0 0 0 0 0 0 0 0 0 0 0 0 0 0 0 0 0 0 0 0 0 0 0 0 0 0 0 0 0 0 0 0 0 0 0 0 0 0 0 0 0 0 0 0 0 0 0 0
N-002256,002256,Normal/002256.mp4,CCD,official,val,,,,0,,,10.0,,,,0 0 0 0 0 0 0 0 0 0 0 0 0 0 0 0 0 0 0 0 0 0 0 0 0 0 0 0 0 0 0 0 0 0 0 0 0 0 0 0 0 0 0 0 0 0 0 0 0 0
N-002257,002257,Normal/002257.mp4,CCD,official,train,,,,0,,,10.0,,,,0 0 0 0 0 0 0 0 0 0 0 0 0 0 0 0 0 0 0 0 0 0 0 0 0 0 0 0 0 0 0 0 0 0 0 0 0 0 0 0 0 0 0 0 0 0 0 0 0 0
N-002258,002258,Normal/002258.mp4,CCD,official,train,,,,0,,,10.0,,,,0 0 0 0 0 0 0 0 0 0 0 0 0 0 0 0 0 0 0 0 0 0 0 0 0 0 0 0 0 0 0 0 0 0 0 0 0 0 0 0 0 0 0 0 0 0 0 0 0 0
N-002259,002259,Normal/002259.mp4,CCD,official,train,,,,0,,,10.0,,,,0 0 0 0 0 0 0 0 0 0 0 0 0 0 0 0 0 0 0 0 0 0 0 0 0 0 0 0 0 0 0 0 0 0 0 0 0 0 0 0 0 0 0 0 0 0 0 0 0 0
N-002260,002260,Normal/002260.mp4,CCD,official,val,,,,0,,,10.0,,,,0 0 0 0 0 0 0 0 0 0 0 0 0 0 0 0 0 0 0 0 0 0 0 0 0 0 0 0 0 0 0 0 0 0 0 0 0 0 0 0 0 0 0 0 0 0 0 0 0 0
N-002261,002261,Normal/002261.mp4,CCD,official,val,,,,0,,,10.0,,,,0 0 0 0 0 0 0 0 0 0 0 0 0 0 0 0 0 0 0 0 0 0 0 0 0 0 0 0 0 0 0 0 0 0 0 0 0 0 0 0 0 0 0 0 0 0 0 0 0 0
N-002262,002262,Normal/002262.mp4,CCD,official,val,,,,0,,,10.0,,,,0 0 0 0 0 0 0 0 0 0 0 0 0 0 0 0 0 0 0 0 0 0 0 0 0 0 0 0 0 0 0 0 0 0 0 0 0 0 0 0 0 0 0 0 0 0 0 0 0 0
N-002263,002263,Normal/002263.mp4,CCD,official,train,,,,0,,,10.0,,,,0 0 0 0 0 0 0 0 0 0 0 0 0 0 0 0 0 0 0 0 0 0 0 0 0 0 0 0 0 0 0 0 0 0 0 0 0 0 0 0 0 0 0 0 0 0 0 0 0 0
N-002264,002264,Normal/002264.mp4,CCD,official,train,,,,0,,,10.0,,,,0 0 0 0 0 0 0 0 0 0 0 0 0 0 0 0 0 0 0 0 0 0 0 0 0 0 0 0 0 0 0 0 0 0 0 0 0 0 0 0 0 0 0 0 0 0 0 0 0 0
N-002265,002265,Normal/002265.mp4,CCD,official,test,,,,0,,,10.0,,,,0 0 0 0 0 0 0 0 0 0 0 0 0 0 0 0 0 0 0 0 0 0 0 0 0 0 0 0 0 0 0 0 0 0 0 0 0 0 0 0 0 0 0 0 0 0 0 0 0 0
N-002266,002266,Normal/002266.mp4,CCD,official,train,,,,0,,,10.0,,,,0 0 0 0 0 0 0 0 0 0 0 0 0 0 0 0 0 0 0 0 0 0 0 0 0 0 0 0 0 0 0 0 0 0 0 0 0 0 0 0 0 0 0 0 0 0 0 0 0 0
N-002267,002267,Normal/002267.mp4,CCD,official,train,,,,0,,,10.0,,,,0 0 0 0 0 0 0 0 0 0 0 0 0 0 0 0 0 0 0 0 0 0 0 0 0 0 0 0 0 0 0 0 0 0 0 0 0 0 0 0 0 0 0 0 0 0 0 0 0 0
N-002268,002268,Normal/002268.mp4,CCD,official,train,,,,0,,,10.0,,,,0 0 0 0 0 0 0 0 0 0 0 0 0 0 0 0 0 0 0 0 0 0 0 0 0 0 0 0 0 0 0 0 0 0 0 0 0 0 0 0 0 0 0 0 0 0 0 0 0 0
N-002269,002269,Normal/002269.mp4,CCD,official,train,,,,0,,,10.0,,,,0 0 0 0 0 0 0 0 0 0 0 0 0 0 0 0 0 0 0 0 0 0 0 0 0 0 0 0 0 0 0 0 0 0 0 0 0 0 0 0 0 0 0 0 0 0 0 0 0 0
N-002270,002270,Normal/002270.mp4,CCD,official,train,,,,0,,,10.0,,,,0 0 0 0 0 0 0 0 0 0 0 0 0 0 0 0 0 0 0 0 0 0 0 0 0 0 0 0 0 0 0 0 0 0 0 0 0 0 0 0 0 0 0 0 0 0 0 0 0 0
N-002271,002271,Normal/002271.mp4,CCD,official,val,,,,0,,,10.0,,,,0 0 0 0 0 0 0 0 0 0 0 0 0 0 0 0 0 0 0 0 0 0 0 0 0 0 0 0 0 0 0 0 0 0 0 0 0 0 0 0 0 0 0 0 0 0 0 0 0 0
N-002272,002272,Normal/002272.mp4,CCD,official,train,,,,0,,,10.0,,,,0 0 0 0 0 0 0 0 0 0 0 0 0 0 0 0 0 0 0 0 0 0 0 0 0 0 0 0 0 0 0 0 0 0 0 0 0 0 0 0 0 0 0 0 0 0 0 0 0 0
N-002273,002273,Normal/002273.mp4,CCD,official,train,,,,0,,,10.0,,,,0 0 0 0 0 0 0 0 0 0 0 0 0 0 0 0 0 0 0 0 0 0 0 0 0 0 0 0 0 0 0 0 0 0 0 0 0 0 0 0 0 0 0 0 0 0 0 0 0 0
N-002274,002274,Normal/002274.mp4,CCD,official,test,,,,0,,,10.0,,,,0 0 0 0 0 0 0 0 0 0 0 0 0 0 0 0 0 0 0 0 0 0 0 0 0 0 0 0 0 0 0 0 0 0 0 0 0 0 0 0 0 0 0 0 0 0 0 0 0 0
N-002275,002275,Normal/002275.mp4,CCD,official,train,,,,0,,,10.0,,,,0 0 0 0 0 0 0 0 0 0 0 0 0 0 0 0 0 0 0 0 0 0 0 0 0 0 0 0 0 0 0 0 0 0 0 0 0 0 0 0 0 0 0 0 0 0 0 0 0 0
N-002276,002276,Normal/002276.mp4,CCD,official,train,,,,0,,,10.0,,,,0 0 0 0 0 0 0 0 0 0 0 0 0 0 0 0 0 0 0 0 0 0 0 0 0 0 0 0 0 0 0 0 0 0 0 0 0 0 0 0 0 0 0 0 0 0 0 0 0 0
N-002277,002277,Normal/002277.mp4,CCD,official,train,,,,0,,,10.0,,,,0 0 0 0 0 0 0 0 0 0 0 0 0 0 0 0 0 0 0 0 0 0 0 0 0 0 0 0 0 0 0 0 0 0 0 0 0 0 0 0 0 0 0 0 0 0 0 0 0 0
N-002278,002278,Normal/002278.mp4,CCD,official,train,,,,0,,,10.0,,,,0 0 0 0 0 0 0 0 0 0 0 0 0 0 0 0 0 0 0 0 0 0 0 0 0 0 0 0 0 0 0 0 0 0 0 0 0 0 0 0 0 0 0 0 0 0 0 0 0 0
N-002279,002279,Normal/002279.mp4,CCD,official,train,,,,0,,,10.0,,,,0 0 0 0 0 0 0 0 0 0 0 0 0 0 0 0 0 0 0 0 0 0 0 0 0 0 0 0 0 0 0 0 0 0 0 0 0 0 0 0 0 0 0 0 0 0 0 0 0 0
N-002280,002280,Normal/002280.mp4,CCD,official,train,,,,0,,,10.0,,,,0 0 0 0 0 0 0 0 0 0 0 0 0 0 0 0 0 0 0 0 0 0 0 0 0 0 0 0 0 0 0 0 0 0 0 0 0 0 0 0 0 0 0 0 0 0 0 0 0 0
N-002281,002281,Normal/002281.mp4,CCD,official,test,,,,0,,,10.0,,,,0 0 0 0 0 0 0 0 0 0 0 0 0 0 0 0 0 0 0 0 0 0 0 0 0 0 0 0 0 0 0 0 0 0 0 0 0 0 0 0 0 0 0 0 0 0 0 0 0 0
N-002282,002282,Normal/002282.mp4,CCD,official,test,,,,0,,,10.0,,,,0 0 0 0 0 0 0 0 0 0 0 0 0 0 0 0 0 0 0 0 0 0 0 0 0 0 0 0 0 0 0 0 0 0 0 0 0 0 0 0 0 0 0 0 0 0 0 0 0 0
N-002283,002283,Normal/002283.mp4,CCD,official,train,,,,0,,,10.0,,,,0 0 0 0 0 0 0 0 0 0 0 0 0 0 0 0 0 0 0 0 0 0 0 0 0 0 0 0 0 0 0 0 0 0 0 0 0 0 0 0 0 0 0 0 0 0 0 0 0 0
N-002284,002284,Normal/002284.mp4,CCD,official,val,,,,0,,,10.0,,,,0 0 0 0 0 0 0 0 0 0 0 0 0 0 0 0 0 0 0 0 0 0 0 0 0 0 0 0 0 0 0 0 0 0 0 0 0 0 0 0 0 0 0 0 0 0 0 0 0 0
N-002285,002285,Normal/002285.mp4,CCD,official,train,,,,0,,,10.0,,,,0 0 0 0 0 0 0 0 0 0 0 0 0 0 0 0 0 0 0 0 0 0 0 0 0 0 0 0 0 0 0 0 0 0 0 0 0 0 0 0 0 0 0 0 0 0 0 0 0 0
N-002286,002286,Normal/002286.mp4,CCD,official,train,,,,0,,,10.0,,,,0 0 0 0 0 0 0 0 0 0 0 0 0 0 0 0 0 0 0 0 0 0 0 0 0 0 0 0 0 0 0 0 0 0 0 0 0 0 0 0 0 0 0 0 0 0 0 0 0 0
N-002287,002287,Normal/002287.mp4,CCD,official,train,,,,0,,,10.0,,,,0 0 0 0 0 0 0 0 0 0 0 0 0 0 0 0 0 0 0 0 0 0 0 0 0 0 0 0 0 0 0 0 0 0 0 0 0 0 0 0 0 0 0 0 0 0 0 0 0 0
N-002288,002288,Normal/002288.mp4,CCD,official,test,,,,0,,,10.0,,,,0 0 0 0 0 0 0 0 0 0 0 0 0 0 0 0 0 0 0 0 0 0 0 0 0 0 0 0 0 0 0 0 0 0 0 0 0 0 0 0 0 0 0 0 0 0 0 0 0 0
N-002289,002289,Normal/002289.mp4,CCD,official,train,,,,0,,,10.0,,,,0 0 0 0 0 0 0 0 0 0 0 0 0 0 0 0 0 0 0 0 0 0 0 0 0 0 0 0 0 0 0 0 0 0 0 0 0 0 0 0 0 0 0 0 0 0 0 0 0 0
N-002290,002290,Normal/002290.mp4,CCD,official,train,,,,0,,,10.0,,,,0 0 0 0 0 0 0 0 0 0 0 0 0 0 0 0 0 0 0 0 0 0 0 0 0 0 0 0 0 0 0 0 0 0 0 0 0 0 0 0 0 0 0 0 0 0 0 0 0 0
N-002291,002291,Normal/002291.mp4,CCD,official,train,,,,0,,,10.0,,,,0 0 0 0 0 0 0 0 0 0 0 0 0 0 0 0 0 0 0 0 0 0 0 0 0 0 0 0 0 0 0 0 0 0 0 0 0 0 0 0 0 0 0 0 0 0 0 0 0 0
N-002292,002292,Normal/002292.mp4,CCD,official,train,,,,0,,,10.0,,,,0 0 0 0 0 0 0 0 0 0 0 0 0 0 0 0 0 0 0 0 0 0 0 0 0 0 0 0 0 0 0 0 0 0 0 0 0 0 0 0 0 0 0 0 0 0 0 0 0 0
N-002293,002293,Normal/002293.mp4,CCD,official,val,,,,0,,,10.0,,,,0 0 0 0 0 0 0 0 0 0 0 0 0 0 0 0 0 0 0 0 0 0 0 0 0 0 0 0 0 0 0 0 0 0 0 0 0 0 0 0 0 0 0 0 0 0 0 0 0 0
N-002294,002294,Normal/002294.mp4,CCD,official,train,,,,0,,,10.0,,,,0 0 0 0 0 0 0 0 0 0 0 0 0 0 0 0 0 0 0 0 0 0 0 0 0 0 0 0 0 0 0 0 0 0 0 0 0 0 0 0 0 0 0 0 0 0 0 0 0 0
N-002295,002295,Normal/002295.mp4,CCD,official,val,,,,0,,,10.0,,,,0 0 0 0 0 0 0 0 0 0 0 0 0 0 0 0 0 0 0 0 0 0 0 0 0 0 0 0 0 0 0 0 0 0 0 0 0 0 0 0 0 0 0 0 0 0 0 0 0 0
N-002296,002296,Normal/002296.mp4,CCD,official,val,,,,0,,,10.0,,,,0 0 0 0 0 0 0 0 0 0 0 0 0 0 0 0 0 0 0 0 0 0 0 0 0 0 0 0 0 0 0 0 0 0 0 0 0 0 0 0 0 0 0 0 0 0 0 0 0 0
N-002297,002297,Normal/002297.mp4,CCD,official,train,,,,0,,,10.0,,,,0 0 0 0 0 0 0 0 0 0 0 0 0 0 0 0 0 0 0 0 0 0 0 0 0 0 0 0 0 0 0 0 0 0 0 0 0 0 0 0 0 0 0 0 0 0 0 0 0 0
N-002298,002298,Normal/002298.mp4,CCD,official,test,,,,0,,,10.0,,,,0 0 0 0 0 0 0 0 0 0 0 0 0 0 0 0 0 0 0 0 0 0 0 0 0 0 0 0 0 0 0 0 0 0 0 0 0 0 0 0 0 0 0 0 0 0 0 0 0 0
N-002299,002299,Normal/002299.mp4,CCD,official,test,,,,0,,,10.0,,,,0 0 0 0 0 0 0 0 0 0 0 0 0 0 0 0 0 0 0 0 0 0 0 0 0 0 0 0 0 0 0 0 0 0 0 0 0 0 0 0 0 0 0 0 0 0 0 0 0 0
N-002300,002300,Normal/002300.mp4,CCD,official,test,,,,0,,,10.0,,,,0 0 0 0 0 0 0 0 0 0 0 0 0 0 0 0 0 0 0 0 0 0 0 0 0 0 0 0 0 0 0 0 0 0 0 0 0 0 0 0 0 0 0 0 0 0 0 0 0 0
N-002301,002301,Normal/002301.mp4,CCD,official,train,,,,0,,,10.0,,,,0 0 0 0 0 0 0 0 0 0 0 0 0 0 0 0 0 0 0 0 0 0 0 0 0 0 0 0 0 0 0 0 0 0 0 0 0 0 0 0 0 0 0 0 0 0 0 0 0 0
N-002302,002302,Normal/002302.mp4,CCD,official,train,,,,0,,,10.0,,,,0 0 0 0 0 0 0 0 0 0 0 0 0 0 0 0 0 0 0 0 0 0 0 0 0 0 0 0 0 0 0 0 0 0 0 0 0 0 0 0 0 0 0 0 0 0 0 0 0 0
N-002303,002303,Normal/002303.mp4,CCD,official,train,,,,0,,,10.0,,,,0 0 0 0 0 0 0 0 0 0 0 0 0 0 0 0 0 0 0 0 0 0 0 0 0 0 0 0 0 0 0 0 0 0 0 0 0 0 0 0 0 0 0 0 0 0 0 0 0 0
N-002304,002304,Normal/002304.mp4,CCD,official,train,,,,0,,,10.0,,,,0 0 0 0 0 0 0 0 0 0 0 0 0 0 0 0 0 0 0 0 0 0 0 0 0 0 0 0 0 0 0 0 0 0 0 0 0 0 0 0 0 0 0 0 0 0 0 0 0 0
N-002305,002305,Normal/002305.mp4,CCD,official,train,,,,0,,,10.0,,,,0 0 0 0 0 0 0 0 0 0 0 0 0 0 0 0 0 0 0 0 0 0 0 0 0 0 0 0 0 0 0 0 0 0 0 0 0 0 0 0 0 0 0 0 0 0 0 0 0 0
N-002306,002306,Normal/002306.mp4,CCD,official,train,,,,0,,,10.0,,,,0 0 0 0 0 0 0 0 0 0 0 0 0 0 0 0 0 0 0 0 0 0 0 0 0 0 0 0 0 0 0 0 0 0 0 0 0 0 0 0 0 0 0 0 0 0 0 0 0 0
N-002307,002307,Normal/002307.mp4,CCD,official,train,,,,0,,,10.0,,,,0 0 0 0 0 0 0 0 0 0 0 0 0 0 0 0 0 0 0 0 0 0 0 0 0 0 0 0 0 0 0 0 0 0 0 0 0 0 0 0 0 0 0 0 0 0 0 0 0 0
N-002308,002308,Normal/002308.mp4,CCD,official,train,,,,0,,,10.0,,,,0 0 0 0 0 0 0 0 0 0 0 0 0 0 0 0 0 0 0 0 0 0 0 0 0 0 0 0 0 0 0 0 0 0 0 0 0 0 0 0 0 0 0 0 0 0 0 0 0 0
N-002309,002309,Normal/002309.mp4,CCD,official,train,,,,0,,,10.0,,,,0 0 0 0 0 0 0 0 0 0 0 0 0 0 0 0 0 0 0 0 0 0 0 0 0 0 0 0 0 0 0 0 0 0 0 0 0 0 0 0 0 0 0 0 0 0 0 0 0 0
N-002310,002310,Normal/002310.mp4,CCD,official,train,,,,0,,,10.0,,,,0 0 0 0 0 0 0 0 0 0 0 0 0 0 0 0 0 0 0 0 0 0 0 0 0 0 0 0 0 0 0 0 0 0 0 0 0 0 0 0 0 0 0 0 0 0 0 0 0 0
N-002311,002311,Normal/002311.mp4,CCD,official,val,,,,0,,,10.0,,,,0 0 0 0 0 0 0 0 0 0 0 0 0 0 0 0 0 0 0 0 0 0 0 0 0 0 0 0 0 0 0 0 0 0 0 0 0 0 0 0 0 0 0 0 0 0 0 0 0 0
N-002312,002312,Normal/002312.mp4,CCD,official,train,,,,0,,,10.0,,,,0 0 0 0 0 0 0 0 0 0 0 0 0 0 0 0 0 0 0 0 0 0 0 0 0 0 0 0 0 0 0 0 0 0 0 0 0 0 0 0 0 0 0 0 0 0 0 0 0 0
N-002313,002313,Normal/002313.mp4,CCD,official,val,,,,0,,,10.0,,,,0 0 0 0 0 0 0 0 0 0 0 0 0 0 0 0 0 0 0 0 0 0 0 0 0 0 0 0 0 0 0 0 0 0 0 0 0 0 0 0 0 0 0 0 0 0 0 0 0 0
N-002314,002314,Normal/002314.mp4,CCD,official,train,,,,0,,,10.0,,,,0 0 0 0 0 0 0 0 0 0 0 0 0 0 0 0 0 0 0 0 0 0 0 0 0 0 0 0 0 0 0 0 0 0 0 0 0 0 0 0 0 0 0 0 0 0 0 0 0 0
N-002315,002315,Normal/002315.mp4,CCD,official,train,,,,0,,,10.0,,,,0 0 0 0 0 0 0 0 0 0 0 0 0 0 0 0 0 0 0 0 0 0 0 0 0 0 0 0 0 0 0 0 0 0 0 0 0 0 0 0 0 0 0 0 0 0 0 0 0 0
N-002316,002316,Normal/002316.mp4,CCD,official,val,,,,0,,,10.0,,,,0 0 0 0 0 0 0 0 0 0 0 0 0 0 0 0 0 0 0 0 0 0 0 0 0 0 0 0 0 0 0 0 0 0 0 0 0 0 0 0 0 0 0 0 0 0 0 0 0 0
N-002317,002317,Normal/002317.mp4,CCD,official,train,,,,0,,,10.0,,,,0 0 0 0 0 0 0 0 0 0 0 0 0 0 0 0 0 0 0 0 0 0 0 0 0 0 0 0 0 0 0 0 0 0 0 0 0 0 0 0 0 0 0 0 0 0 0 0 0 0
N-002318,002318,Normal/002318.mp4,CCD,official,test,,,,0,,,10.0,,,,0 0 0 0 0 0 0 0 0 0 0 0 0 0 0 0 0 0 0 0 0 0 0 0 0 0 0 0 0 0 0 0 0 0 0 0 0 0 0 0 0 0 0 0 0 0 0 0 0 0
N-002319,002319,Normal/002319.mp4,CCD,official,train,,,,0,,,10.0,,,,0 0 0 0 0 0 0 0 0 0 0 0 0 0 0 0 0 0 0 0 0 0 0 0 0 0 0 0 0 0 0 0 0 0 0 0 0 0 0 0 0 0 0 0 0 0 0 0 0 0
N-002320,002320,Normal/002320.mp4,CCD,official,train,,,,0,,,10.0,,,,0 0 0 0 0 0 0 0 0 0 0 0 0 0 0 0 0 0 0 0 0 0 0 0 0 0 0 0 0 0 0 0 0 0 0 0 0 0 0 0 0 0 0 0 0 0 0 0 0 0
N-002321,002321,Normal/002321.mp4,CCD,official,train,,,,0,,,10.0,,,,0 0 0 0 0 0 0 0 0 0 0 0 0 0 0 0 0 0 0 0 0 0 0 0 0 0 0 0 0 0 0 0 0 0 0 0 0 0 0 0 0 0 0 0 0 0 0 0 0 0
N-002322,002322,Normal/002322.mp4,CCD,official,train,,,,0,,,10.0,,,,0 0 0 0 0 0 0 0 0 0 0 0 0 0 0 0 0 0 0 0 0 0 0 0 0 0 0 0 0 0 0 0 0 0 0 0 0 0 0 0 0 0 0 0 0 0 0 0 0 0
N-002323,002323,Normal/002323.mp4,CCD,official,train,,,,0,,,10.0,,,,0 0 0 0 0 0 0 0 0 0 0 0 0 0 0 0 0 0 0 0 0 0 0 0 0 0 0 0 0 0 0 0 0 0 0 0 0 0 0 0 0 0 0 0 0 0 0 0 0 0
N-002324,002324,Normal/002324.mp4,CCD,official,train,,,,0,,,10.0,,,,0 0 0 0 0 0 0 0 0 0 0 0 0 0 0 0 0 0 0 0 0 0 0 0 0 0 0 0 0 0 0 0 0 0 0 0 0 0 0 0 0 0 0 0 0 0 0 0 0 0
N-002325,002325,Normal/002325.mp4,CCD,official,train,,,,0,,,10.0,,,,0 0 0 0 0 0 0 0 0 0 0 0 0 0 0 0 0 0 0 0 0 0 0 0 0 0 0 0 0 0 0 0 0 0 0 0 0 0 0 0 0 0 0 0 0 0 0 0 0 0
N-002326,002326,Normal/002326.mp4,CCD,official,train,,,,0,,,10.0,,,,0 0 0 0 0 0 0 0 0 0 0 0 0 0 0 0 0 0 0 0 0 0 0 0 0 0 0 0 0 0 0 0 0 0 0 0 0 0 0 0 0 0 0 0 0 0 0 0 0 0
N-002327,002327,Normal/002327.mp4,CCD,official,test,,,,0,,,10.0,,,,0 0 0 0 0 0 0 0 0 0 0 0 0 0 0 0 0 0 0 0 0 0 0 0 0 0 0 0 0 0 0 0 0 0 0 0 0 0 0 0 0 0 0 0 0 0 0 0 0 0
N-002328,002328,Normal/002328.mp4,CCD,official,train,,,,0,,,10.0,,,,0 0 0 0 0 0 0 0 0 0 0 0 0 0 0 0 0 0 0 0 0 0 0 0 0 0 0 0 0 0 0 0 0 0 0 0 0 0 0 0 0 0 0 0 0 0 0 0 0 0
N-002329,002329,Normal/002329.mp4,CCD,official,train,,,,0,,,10.0,,,,0 0 0 0 0 0 0 0 0 0 0 0 0 0 0 0 0 0 0 0 0 0 0 0 0 0 0 0 0 0 0 0 0 0 0 0 0 0 0 0 0 0 0 0 0 0 0 0 0 0
N-002330,002330,Normal/002330.mp4,CCD,official,train,,,,0,,,10.0,,,,0 0 0 0 0 0 0 0 0 0 0 0 0 0 0 0 0 0 0 0 0 0 0 0 0 0 0 0 0 0 0 0 0 0 0 0 0 0 0 0 0 0 0 0 0 0 0 0 0 0
N-002331,002331,Normal/002331.mp4,CCD,official,val,,,,0,,,10.0,,,,0 0 0 0 0 0 0 0 0 0 0 0 0 0 0 0 0 0 0 0 0 0 0 0 0 0 0 0 0 0 0 0 0 0 0 0 0 0 0 0 0 0 0 0 0 0 0 0 0 0
N-002332,002332,Normal/002332.mp4,CCD,official,train,,,,0,,,10.0,,,,0 0 0 0 0 0 0 0 0 0 0 0 0 0 0 0 0 0 0 0 0 0 0 0 0 0 0 0 0 0 0 0 0 0 0 0 0 0 0 0 0 0 0 0 0 0 0 0 0 0
N-002333,002333,Normal/002333.mp4,CCD,official,val,,,,0,,,10.0,,,,0 0 0 0 0 0 0 0 0 0 0 0 0 0 0 0 0 0 0 0 0 0 0 0 0 0 0 0 0 0 0 0 0 0 0 0 0 0 0 0 0 0 0 0 0 0 0 0 0 0
N-002334,002334,Normal/002334.mp4,CCD,official,test,,,,0,,,10.0,,,,0 0 0 0 0 0 0 0 0 0 0 0 0 0 0 0 0 0 0 0 0 0 0 0 0 0 0 0 0 0 0 0 0 0 0 0 0 0 0 0 0 0 0 0 0 0 0 0 0 0
N-002335,002335,Normal/002335.mp4,CCD,official,train,,,,0,,,10.0,,,,0 0 0 0 0 0 0 0 0 0 0 0 0 0 0 0 0 0 0 0 0 0 0 0 0 0 0 0 0 0 0 0 0 0 0 0 0 0 0 0 0 0 0 0 0 0 0 0 0 0
N-002336,002336,Normal/002336.mp4,CCD,official,train,,,,0,,,10.0,,,,0 0 0 0 0 0 0 0 0 0 0 0 0 0 0 0 0 0 0 0 0 0 0 0 0 0 0 0 0 0 0 0 0 0 0 0 0 0 0 0 0 0 0 0 0 0 0 0 0 0
N-002337,002337,Normal/002337.mp4,CCD,official,val,,,,0,,,10.0,,,,0 0 0 0 0 0 0 0 0 0 0 0 0 0 0 0 0 0 0 0 0 0 0 0 0 0 0 0 0 0 0 0 0 0 0 0 0 0 0 0 0 0 0 0 0 0 0 0 0 0
N-002338,002338,Normal/002338.mp4,CCD,official,train,,,,0,,,10.0,,,,0 0 0 0 0 0 0 0 0 0 0 0 0 0 0 0 0 0 0 0 0 0 0 0 0 0 0 0 0 0 0 0 0 0 0 0 0 0 0 0 0 0 0 0 0 0 0 0 0 0
N-002339,002339,Normal/002339.mp4,CCD,official,test,,,,0,,,10.0,,,,0 0 0 0 0 0 0 0 0 0 0 0 0 0 0 0 0 0 0 0 0 0 0 0 0 0 0 0 0 0 0 0 0 0 0 0 0 0 0 0 0 0 0 0 0 0 0 0 0 0
N-002340,002340,Normal/002340.mp4,CCD,official,train,,,,0,,,10.0,,,,0 0 0 0 0 0 0 0 0 0 0 0 0 0 0 0 0 0 0 0 0 0 0 0 0 0 0 0 0 0 0 0 0 0 0 0 0 0 0 0 0 0 0 0 0 0 0 0 0 0
N-002341,002341,Normal/002341.mp4,CCD,official,test,,,,0,,,10.0,,,,0 0 0 0 0 0 0 0 0 0 0 0 0 0 0 0 0 0 0 0 0 0 0 0 0 0 0 0 0 0 0 0 0 0 0 0 0 0 0 0 0 0 0 0 0 0 0 0 0 0
N-002342,002342,Normal/002342.mp4,CCD,official,train,,,,0,,,10.0,,,,0 0 0 0 0 0 0 0 0 0 0 0 0 0 0 0 0 0 0 0 0 0 0 0 0 0 0 0 0 0 0 0 0 0 0 0 0 0 0 0 0 0 0 0 0 0 0 0 0 0
N-002343,002343,Normal/002343.mp4,CCD,official,test,,,,0,,,10.0,,,,0 0 0 0 0 0 0 0 0 0 0 0 0 0 0 0 0 0 0 0 0 0 0 0 0 0 0 0 0 0 0 0 0 0 0 0 0 0 0 0 0 0 0 0 0 0 0 0 0 0
N-002344,002344,Normal/002344.mp4,CCD,official,train,,,,0,,,10.0,,,,0 0 0 0 0 0 0 0 0 0 0 0 0 0 0 0 0 0 0 0 0 0 0 0 0 0 0 0 0 0 0 0 0 0 0 0 0 0 0 0 0 0 0 0 0 0 0 0 0 0
N-002345,002345,Normal/002345.mp4,CCD,official,train,,,,0,,,10.0,,,,0 0 0 0 0 0 0 0 0 0 0 0 0 0 0 0 0 0 0 0 0 0 0 0 0 0 0 0 0 0 0 0 0 0 0 0 0 0 0 0 0 0 0 0 0 0 0 0 0 0
N-002346,002346,Normal/002346.mp4,CCD,official,train,,,,0,,,10.0,,,,0 0 0 0 0 0 0 0 0 0 0 0 0 0 0 0 0 0 0 0 0 0 0 0 0 0 0 0 0 0 0 0 0 0 0 0 0 0 0 0 0 0 0 0 0 0 0 0 0 0
N-002347,002347,Normal/002347.mp4,CCD,official,train,,,,0,,,10.0,,,,0 0 0 0 0 0 0 0 0 0 0 0 0 0 0 0 0 0 0 0 0 0 0 0 0 0 0 0 0 0 0 0 0 0 0 0 0 0 0 0 0 0 0 0 0 0 0 0 0 0
N-002348,002348,Normal/002348.mp4,CCD,official,train,,,,0,,,10.0,,,,0 0 0 0 0 0 0 0 0 0 0 0 0 0 0 0 0 0 0 0 0 0 0 0 0 0 0 0 0 0 0 0 0 0 0 0 0 0 0 0 0 0 0 0 0 0 0 0 0 0
N-002349,002349,Normal/002349.mp4,CCD,official,train,,,,0,,,10.0,,,,0 0 0 0 0 0 0 0 0 0 0 0 0 0 0 0 0 0 0 0 0 0 0 0 0 0 0 0 0 0 0 0 0 0 0 0 0 0 0 0 0 0 0 0 0 0 0 0 0 0
N-002350,002350,Normal/002350.mp4,CCD,official,train,,,,0,,,10.0,,,,0 0 0 0 0 0 0 0 0 0 0 0 0 0 0 0 0 0 0 0 0 0 0 0 0 0 0 0 0 0 0 0 0 0 0 0 0 0 0 0 0 0 0 0 0 0 0 0 0 0
N-002351,002351,Normal/002351.mp4,CCD,official,val,,,,0,,,10.0,,,,0 0 0 0 0 0 0 0 0 0 0 0 0 0 0 0 0 0 0 0 0 0 0 0 0 0 0 0 0 0 0 0 0 0 0 0 0 0 0 0 0 0 0 0 0 0 0 0 0 0
N-002352,002352,Normal/002352.mp4,CCD,official,val,,,,0,,,10.0,,,,0 0 0 0 0 0 0 0 0 0 0 0 0 0 0 0 0 0 0 0 0 0 0 0 0 0 0 0 0 0 0 0 0 0 0 0 0 0 0 0 0 0 0 0 0 0 0 0 0 0
N-002353,002353,Normal/002353.mp4,CCD,official,train,,,,0,,,10.0,,,,0 0 0 0 0 0 0 0 0 0 0 0 0 0 0 0 0 0 0 0 0 0 0 0 0 0 0 0 0 0 0 0 0 0 0 0 0 0 0 0 0 0 0 0 0 0 0 0 0 0
N-002354,002354,Normal/002354.mp4,CCD,official,train,,,,0,,,10.0,,,,0 0 0 0 0 0 0 0 0 0 0 0 0 0 0 0 0 0 0 0 0 0 0 0 0 0 0 0 0 0 0 0 0 0 0 0 0 0 0 0 0 0 0 0 0 0 0 0 0 0
N-002355,002355,Normal/002355.mp4,CCD,official,test,,,,0,,,10.0,,,,0 0 0 0 0 0 0 0 0 0 0 0 0 0 0 0 0 0 0 0 0 0 0 0 0 0 0 0 0 0 0 0 0 0 0 0 0 0 0 0 0 0 0 0 0 0 0 0 0 0
N-002356,002356,Normal/002356.mp4,CCD,official,test,,,,0,,,10.0,,,,0 0 0 0 0 0 0 0 0 0 0 0 0 0 0 0 0 0 0 0 0 0 0 0 0 0 0 0 0 0 0 0 0 0 0 0 0 0 0 0 0 0 0 0 0 0 0 0 0 0
N-002357,002357,Normal/002357.mp4,CCD,official,train,,,,0,,,10.0,,,,0 0 0 0 0 0 0 0 0 0 0 0 0 0 0 0 0 0 0 0 0 0 0 0 0 0 0 0 0 0 0 0 0 0 0 0 0 0 0 0 0 0 0 0 0 0 0 0 0 0
N-002358,002358,Normal/002358.mp4,CCD,official,train,,,,0,,,10.0,,,,0 0 0 0 0 0 0 0 0 0 0 0 0 0 0 0 0 0 0 0 0 0 0 0 0 0 0 0 0 0 0 0 0 0 0 0 0 0 0 0 0 0 0 0 0 0 0 0 0 0
N-002359,002359,Normal/002359.mp4,CCD,official,train,,,,0,,,10.0,,,,0 0 0 0 0 0 0 0 0 0 0 0 0 0 0 0 0 0 0 0 0 0 0 0 0 0 0 0 0 0 0 0 0 0 0 0 0 0 0 0 0 0 0 0 0 0 0 0 0 0
N-002360,002360,Normal/002360.mp4,CCD,official,train,,,,0,,,10.0,,,,0 0 0 0 0 0 0 0 0 0 0 0 0 0 0 0 0 0 0 0 0 0 0 0 0 0 0 0 0 0 0 0 0 0 0 0 0 0 0 0 0 0 0 0 0 0 0 0 0 0
N-002361,002361,Normal/002361.mp4,CCD,official,val,,,,0,,,10.0,,,,0 0 0 0 0 0 0 0 0 0 0 0 0 0 0 0 0 0 0 0 0 0 0 0 0 0 0 0 0 0 0 0 0 0 0 0 0 0 0 0 0 0 0 0 0 0 0 0 0 0
N-002362,002362,Normal/002362.mp4,CCD,official,train,,,,0,,,10.0,,,,0 0 0 0 0 0 0 0 0 0 0 0 0 0 0 0 0 0 0 0 0 0 0 0 0 0 0 0 0 0 0 0 0 0 0 0 0 0 0 0 0 0 0 0 0 0 0 0 0 0
N-002363,002363,Normal/002363.mp4,CCD,official,train,,,,0,,,10.0,,,,0 0 0 0 0 0 0 0 0 0 0 0 0 0 0 0 0 0 0 0 0 0 0 0 0 0 0 0 0 0 0 0 0 0 0 0 0 0 0 0 0 0 0 0 0 0 0 0 0 0
N-002364,002364,Normal/002364.mp4,CCD,official,train,,,,0,,,10.0,,,,0 0 0 0 0 0 0 0 0 0 0 0 0 0 0 0 0 0 0 0 0 0 0 0 0 0 0 0 0 0 0 0 0 0 0 0 0 0 0 0 0 0 0 0 0 0 0 0 0 0
N-002365,002365,Normal/002365.mp4,CCD,official,train,,,,0,,,10.0,,,,0 0 0 0 0 0 0 0 0 0 0 0 0 0 0 0 0 0 0 0 0 0 0 0 0 0 0 0 0 0 0 0 0 0 0 0 0 0 0 0 0 0 0 0 0 0 0 0 0 0
N-002366,002366,Normal/002366.mp4,CCD,official,val,,,,0,,,10.0,,,,0 0 0 0 0 0 0 0 0 0 0 0 0 0 0 0 0 0 0 0 0 0 0 0 0 0 0 0 0 0 0 0 0 0 0 0 0 0 0 0 0 0 0 0 0 0 0 0 0 0
N-002367,002367,Normal/002367.mp4,CCD,official,train,,,,0,,,10.0,,,,0 0 0 0 0 0 0 0 0 0 0 0 0 0 0 0 0 0 0 0 0 0 0 0 0 0 0 0 0 0 0 0 0 0 0 0 0 0 0 0 0 0 0 0 0 0 0 0 0 0
N-002368,002368,Normal/002368.mp4,CCD,official,train,,,,0,,,10.0,,,,0 0 0 0 0 0 0 0 0 0 0 0 0 0 0 0 0 0 0 0 0 0 0 0 0 0 0 0 0 0 0 0 0 0 0 0 0 0 0 0 0 0 0 0 0 0 0 0 0 0
N-002369,002369,Normal/002369.mp4,CCD,official,train,,,,0,,,10.0,,,,0 0 0 0 0 0 0 0 0 0 0 0 0 0 0 0 0 0 0 0 0 0 0 0 0 0 0 0 0 0 0 0 0 0 0 0 0 0 0 0 0 0 0 0 0 0 0 0 0 0
N-002370,002370,Normal/002370.mp4,CCD,official,train,,,,0,,,10.0,,,,0 0 0 0 0 0 0 0 0 0 0 0 0 0 0 0 0 0 0 0 0 0 0 0 0 0 0 0 0 0 0 0 0 0 0 0 0 0 0 0 0 0 0 0 0 0 0 0 0 0
N-002371,002371,Normal/002371.mp4,CCD,official,val,,,,0,,,10.0,,,,0 0 0 0 0 0 0 0 0 0 0 0 0 0 0 0 0 0 0 0 0 0 0 0 0 0 0 0 0 0 0 0 0 0 0 0 0 0 0 0 0 0 0 0 0 0 0 0 0 0
N-002372,002372,Normal/002372.mp4,CCD,official,val,,,,0,,,10.0,,,,0 0 0 0 0 0 0 0 0 0 0 0 0 0 0 0 0 0 0 0 0 0 0 0 0 0 0 0 0 0 0 0 0 0 0 0 0 0 0 0 0 0 0 0 0 0 0 0 0 0
N-002373,002373,Normal/002373.mp4,CCD,official,test,,,,0,,,10.0,,,,0 0 0 0 0 0 0 0 0 0 0 0 0 0 0 0 0 0 0 0 0 0 0 0 0 0 0 0 0 0 0 0 0 0 0 0 0 0 0 0 0 0 0 0 0 0 0 0 0 0
N-002374,002374,Normal/002374.mp4,CCD,official,train,,,,0,,,10.0,,,,0 0 0 0 0 0 0 0 0 0 0 0 0 0 0 0 0 0 0 0 0 0 0 0 0 0 0 0 0 0 0 0 0 0 0 0 0 0 0 0 0 0 0 0 0 0 0 0 0 0
N-002375,002375,Normal/002375.mp4,CCD,official,train,,,,0,,,10.0,,,,0 0 0 0 0 0 0 0 0 0 0 0 0 0 0 0 0 0 0 0 0 0 0 0 0 0 0 0 0 0 0 0 0 0 0 0 0 0 0 0 0 0 0 0 0 0 0 0 0 0
N-002376,002376,Normal/002376.mp4,CCD,official,test,,,,0,,,10.0,,,,0 0 0 0 0 0 0 0 0 0 0 0 0 0 0 0 0 0 0 0 0 0 0 0 0 0 0 0 0 0 0 0 0 0 0 0 0 0 0 0 0 0 0 0 0 0 0 0 0 0
N-002377,002377,Normal/002377.mp4,CCD,official,train,,,,0,,,10.0,,,,0 0 0 0 0 0 0 0 0 0 0 0 0 0 0 0 0 0 0 0 0 0 0 0 0 0 0 0 0 0 0 0 0 0 0 0 0 0 0 0 0 0 0 0 0 0 0 0 0 0
N-002378,002378,Normal/002378.mp4,CCD,official,train,,,,0,,,10.0,,,,0 0 0 0 0 0 0 0 0 0 0 0 0 0 0 0 0 0 0 0 0 0 0 0 0 0 0 0 0 0 0 0 0 0 0 0 0 0 0 0 0 0 0 0 0 0 0 0 0 0
N-002379,002379,Normal/002379.mp4,CCD,official,train,,,,0,,,10.0,,,,0 0 0 0 0 0 0 0 0 0 0 0 0 0 0 0 0 0 0 0 0 0 0 0 0 0 0 0 0 0 0 0 0 0 0 0 0 0 0 0 0 0 0 0 0 0 0 0 0 0
N-002380,002380,Normal/002380.mp4,CCD,official,train,,,,0,,,10.0,,,,0 0 0 0 0 0 0 0 0 0 0 0 0 0 0 0 0 0 0 0 0 0 0 0 0 0 0 0 0 0 0 0 0 0 0 0 0 0 0 0 0 0 0 0 0 0 0 0 0 0
N-002381,002381,Normal/002381.mp4,CCD,official,train,,,,0,,,10.0,,,,0 0 0 0 0 0 0 0 0 0 0 0 0 0 0 0 0 0 0 0 0 0 0 0 0 0 0 0 0 0 0 0 0 0 0 0 0 0 0 0 0 0 0 0 0 0 0 0 0 0
N-002382,002382,Normal/002382.mp4,CCD,official,train,,,,0,,,10.0,,,,0 0 0 0 0 0 0 0 0 0 0 0 0 0 0 0 0 0 0 0 0 0 0 0 0 0 0 0 0 0 0 0 0 0 0 0 0 0 0 0 0 0 0 0 0 0 0 0 0 0
N-002383,002383,Normal/002383.mp4,CCD,official,train,,,,0,,,10.0,,,,0 0 0 0 0 0 0 0 0 0 0 0 0 0 0 0 0 0 0 0 0 0 0 0 0 0 0 0 0 0 0 0 0 0 0 0 0 0 0 0 0 0 0 0 0 0 0 0 0 0
N-002384,002384,Normal/002384.mp4,CCD,official,train,,,,0,,,10.0,,,,0 0 0 0 0 0 0 0 0 0 0 0 0 0 0 0 0 0 0 0 0 0 0 0 0 0 0 0 0 0 0 0 0 0 0 0 0 0 0 0 0 0 0 0 0 0 0 0 0 0
N-002385,002385,Normal/002385.mp4,CCD,official,train,,,,0,,,10.0,,,,0 0 0 0 0 0 0 0 0 0 0 0 0 0 0 0 0 0 0 0 0 0 0 0 0 0 0 0 0 0 0 0 0 0 0 0 0 0 0 0 0 0 0 0 0 0 0 0 0 0
N-002386,002386,Normal/002386.mp4,CCD,official,train,,,,0,,,10.0,,,,0 0 0 0 0 0 0 0 0 0 0 0 0 0 0 0 0 0 0 0 0 0 0 0 0 0 0 0 0 0 0 0 0 0 0 0 0 0 0 0 0 0 0 0 0 0 0 0 0 0
N-002387,002387,Normal/002387.mp4,CCD,official,val,,,,0,,,10.0,,,,0 0 0 0 0 0 0 0 0 0 0 0 0 0 0 0 0 0 0 0 0 0 0 0 0 0 0 0 0 0 0 0 0 0 0 0 0 0 0 0 0 0 0 0 0 0 0 0 0 0
N-002388,002388,Normal/002388.mp4,CCD,official,train,,,,0,,,10.0,,,,0 0 0 0 0 0 0 0 0 0 0 0 0 0 0 0 0 0 0 0 0 0 0 0 0 0 0 0 0 0 0 0 0 0 0 0 0 0 0 0 0 0 0 0 0 0 0 0 0 0
N-002389,002389,Normal/002389.mp4,CCD,official,test,,,,0,,,10.0,,,,0 0 0 0 0 0 0 0 0 0 0 0 0 0 0 0 0 0 0 0 0 0 0 0 0 0 0 0 0 0 0 0 0 0 0 0 0 0 0 0 0 0 0 0 0 0 0 0 0 0
N-002390,002390,Normal/002390.mp4,CCD,official,train,,,,0,,,10.0,,,,0 0 0 0 0 0 0 0 0 0 0 0 0 0 0 0 0 0 0 0 0 0 0 0 0 0 0 0 0 0 0 0 0 0 0 0 0 0 0 0 0 0 0 0 0 0 0 0 0 0
N-002391,002391,Normal/002391.mp4,CCD,official,test,,,,0,,,10.0,,,,0 0 0 0 0 0 0 0 0 0 0 0 0 0 0 0 0 0 0 0 0 0 0 0 0 0 0 0 0 0 0 0 0 0 0 0 0 0 0 0 0 0 0 0 0 0 0 0 0 0
N-002392,002392,Normal/002392.mp4,CCD,official,test,,,,0,,,10.0,,,,0 0 0 0 0 0 0 0 0 0 0 0 0 0 0 0 0 0 0 0 0 0 0 0 0 0 0 0 0 0 0 0 0 0 0 0 0 0 0 0 0 0 0 0 0 0 0 0 0 0
N-002393,002393,Normal/002393.mp4,CCD,official,train,,,,0,,,10.0,,,,0 0 0 0 0 0 0 0 0 0 0 0 0 0 0 0 0 0 0 0 0 0 0 0 0 0 0 0 0 0 0 0 0 0 0 0 0 0 0 0 0 0 0 0 0 0 0 0 0 0
N-002394,002394,Normal/002394.mp4,CCD,official,train,,,,0,,,10.0,,,,0 0 0 0 0 0 0 0 0 0 0 0 0 0 0 0 0 0 0 0 0 0 0 0 0 0 0 0 0 0 0 0 0 0 0 0 0 0 0 0 0 0 0 0 0 0 0 0 0 0
N-002395,002395,Normal/002395.mp4,CCD,official,train,,,,0,,,10.0,,,,0 0 0 0 0 0 0 0 0 0 0 0 0 0 0 0 0 0 0 0 0 0 0 0 0 0 0 0 0 0 0 0 0 0 0 0 0 0 0 0 0 0 0 0 0 0 0 0 0 0
N-002396,002396,Normal/002396.mp4,CCD,official,train,,,,0,,,10.0,,,,0 0 0 0 0 0 0 0 0 0 0 0 0 0 0 0 0 0 0 0 0 0 0 0 0 0 0 0 0 0 0 0 0 0 0 0 0 0 0 0 0 0 0 0 0 0 0 0 0 0
N-002397,002397,Normal/002397.mp4,CCD,official,val,,,,0,,,10.0,,,,0 0 0 0 0 0 0 0 0 0 0 0 0 0 0 0 0 0 0 0 0 0 0 0 0 0 0 0 0 0 0 0 0 0 0 0 0 0 0 0 0 0 0 0 0 0 0 0 0 0
N-002398,002398,Normal/002398.mp4,CCD,official,val,,,,0,,,10.0,,,,0 0 0 0 0 0 0 0 0 0 0 0 0 0 0 0 0 0 0 0 0 0 0 0 0 0 0 0 0 0 0 0 0 0 0 0 0 0 0 0 0 0 0 0 0 0 0 0 0 0
N-002399,002399,Normal/002399.mp4,CCD,official,train,,,,0,,,10.0,,,,0 0 0 0 0 0 0 0 0 0 0 0 0 0 0 0 0 0 0 0 0 0 0 0 0 0 0 0 0 0 0 0 0 0 0 0 0 0 0 0 0 0 0 0 0 0 0 0 0 0
N-002400,002400,Normal/002400.mp4,CCD,official,train,,,,0,,,10.0,,,,0 0 0 0 0 0 0 0 0 0 0 0 0 0 0 0 0 0 0 0 0 0 0 0 0 0 0 0 0 0 0 0 0 0 0 0 0 0 0 0 0 0 0 0 0 0 0 0 0 0
N-002401,002401,Normal/002401.mp4,CCD,official,train,,,,0,,,10.0,,,,0 0 0 0 0 0 0 0 0 0 0 0 0 0 0 0 0 0 0 0 0 0 0 0 0 0 0 0 0 0 0 0 0 0 0 0 0 0 0 0 0 0 0 0 0 0 0 0 0 0
N-002402,002402,Normal/002402.mp4,CCD,official,test,,,,0,,,10.0,,,,0 0 0 0 0 0 0 0 0 0 0 0 0 0 0 0 0 0 0 0 0 0 0 0 0 0 0 0 0 0 0 0 0 0 0 0 0 0 0 0 0 0 0 0 0 0 0 0 0 0
N-002403,002403,Normal/002403.mp4,CCD,official,val,,,,0,,,10.0,,,,0 0 0 0 0 0 0 0 0 0 0 0 0 0 0 0 0 0 0 0 0 0 0 0 0 0 0 0 0 0 0 0 0 0 0 0 0 0 0 0 0 0 0 0 0 0 0 0 0 0
N-002404,002404,Normal/002404.mp4,CCD,official,test,,,,0,,,10.0,,,,0 0 0 0 0 0 0 0 0 0 0 0 0 0 0 0 0 0 0 0 0 0 0 0 0 0 0 0 0 0 0 0 0 0 0 0 0 0 0 0 0 0 0 0 0 0 0 0 0 0
N-002405,002405,Normal/002405.mp4,CCD,official,test,,,,0,,,10.0,,,,0 0 0 0 0 0 0 0 0 0 0 0 0 0 0 0 0 0 0 0 0 0 0 0 0 0 0 0 0 0 0 0 0 0 0 0 0 0 0 0 0 0 0 0 0 0 0 0 0 0
N-002406,002406,Normal/002406.mp4,CCD,official,train,,,,0,,,10.0,,,,0 0 0 0 0 0 0 0 0 0 0 0 0 0 0 0 0 0 0 0 0 0 0 0 0 0 0 0 0 0 0 0 0 0 0 0 0 0 0 0 0 0 0 0 0 0 0 0 0 0
N-002407,002407,Normal/002407.mp4,CCD,official,train,,,,0,,,10.0,,,,0 0 0 0 0 0 0 0 0 0 0 0 0 0 0 0 0 0 0 0 0 0 0 0 0 0 0 0 0 0 0 0 0 0 0 0 0 0 0 0 0 0 0 0 0 0 0 0 0 0
N-002408,002408,Normal/002408.mp4,CCD,official,train,,,,0,,,10.0,,,,0 0 0 0 0 0 0 0 0 0 0 0 0 0 0 0 0 0 0 0 0 0 0 0 0 0 0 0 0 0 0 0 0 0 0 0 0 0 0 0 0 0 0 0 0 0 0 0 0 0
N-002409,002409,Normal/002409.mp4,CCD,official,train,,,,0,,,10.0,,,,0 0 0 0 0 0 0 0 0 0 0 0 0 0 0 0 0 0 0 0 0 0 0 0 0 0 0 0 0 0 0 0 0 0 0 0 0 0 0 0 0 0 0 0 0 0 0 0 0 0
N-002410,002410,Normal/002410.mp4,CCD,official,val,,,,0,,,10.0,,,,0 0 0 0 0 0 0 0 0 0 0 0 0 0 0 0 0 0 0 0 0 0 0 0 0 0 0 0 0 0 0 0 0 0 0 0 0 0 0 0 0 0 0 0 0 0 0 0 0 0
N-002411,002411,Normal/002411.mp4,CCD,official,train,,,,0,,,10.0,,,,0 0 0 0 0 0 0 0 0 0 0 0 0 0 0 0 0 0 0 0 0 0 0 0 0 0 0 0 0 0 0 0 0 0 0 0 0 0 0 0 0 0 0 0 0 0 0 0 0 0
N-002412,002412,Normal/002412.mp4,CCD,official,test,,,,0,,,10.0,,,,0 0 0 0 0 0 0 0 0 0 0 0 0 0 0 0 0 0 0 0 0 0 0 0 0 0 0 0 0 0 0 0 0 0 0 0 0 0 0 0 0 0 0 0 0 0 0 0 0 0
N-002413,002413,Normal/002413.mp4,CCD,official,train,,,,0,,,10.0,,,,0 0 0 0 0 0 0 0 0 0 0 0 0 0 0 0 0 0 0 0 0 0 0 0 0 0 0 0 0 0 0 0 0 0 0 0 0 0 0 0 0 0 0 0 0 0 0 0 0 0
N-002414,002414,Normal/002414.mp4,CCD,official,train,,,,0,,,10.0,,,,0 0 0 0 0 0 0 0 0 0 0 0 0 0 0 0 0 0 0 0 0 0 0 0 0 0 0 0 0 0 0 0 0 0 0 0 0 0 0 0 0 0 0 0 0 0 0 0 0 0
N-002415,002415,Normal/002415.mp4,CCD,official,train,,,,0,,,10.0,,,,0 0 0 0 0 0 0 0 0 0 0 0 0 0 0 0 0 0 0 0 0 0 0 0 0 0 0 0 0 0 0 0 0 0 0 0 0 0 0 0 0 0 0 0 0 0 0 0 0 0
N-002416,002416,Normal/002416.mp4,CCD,official,val,,,,0,,,10.0,,,,0 0 0 0 0 0 0 0 0 0 0 0 0 0 0 0 0 0 0 0 0 0 0 0 0 0 0 0 0 0 0 0 0 0 0 0 0 0 0 0 0 0 0 0 0 0 0 0 0 0
N-002417,002417,Normal/002417.mp4,CCD,official,train,,,,0,,,10.0,,,,0 0 0 0 0 0 0 0 0 0 0 0 0 0 0 0 0 0 0 0 0 0 0 0 0 0 0 0 0 0 0 0 0 0 0 0 0 0 0 0 0 0 0 0 0 0 0 0 0 0
N-002418,002418,Normal/002418.mp4,CCD,official,train,,,,0,,,10.0,,,,0 0 0 0 0 0 0 0 0 0 0 0 0 0 0 0 0 0 0 0 0 0 0 0 0 0 0 0 0 0 0 0 0 0 0 0 0 0 0 0 0 0 0 0 0 0 0 0 0 0
N-002419,002419,Normal/002419.mp4,CCD,official,test,,,,0,,,10.0,,,,0 0 0 0 0 0 0 0 0 0 0 0 0 0 0 0 0 0 0 0 0 0 0 0 0 0 0 0 0 0 0 0 0 0 0 0 0 0 0 0 0 0 0 0 0 0 0 0 0 0
N-002420,002420,Normal/002420.mp4,CCD,official,train,,,,0,,,10.0,,,,0 0 0 0 0 0 0 0 0 0 0 0 0 0 0 0 0 0 0 0 0 0 0 0 0 0 0 0 0 0 0 0 0 0 0 0 0 0 0 0 0 0 0 0 0 0 0 0 0 0
N-002421,002421,Normal/002421.mp4,CCD,official,train,,,,0,,,10.0,,,,0 0 0 0 0 0 0 0 0 0 0 0 0 0 0 0 0 0 0 0 0 0 0 0 0 0 0 0 0 0 0 0 0 0 0 0 0 0 0 0 0 0 0 0 0 0 0 0 0 0
N-002422,002422,Normal/002422.mp4,CCD,official,test,,,,0,,,10.0,,,,0 0 0 0 0 0 0 0 0 0 0 0 0 0 0 0 0 0 0 0 0 0 0 0 0 0 0 0 0 0 0 0 0 0 0 0 0 0 0 0 0 0 0 0 0 0 0 0 0 0
N-002423,002423,Normal/002423.mp4,CCD,official,test,,,,0,,,10.0,,,,0 0 0 0 0 0 0 0 0 0 0 0 0 0 0 0 0 0 0 0 0 0 0 0 0 0 0 0 0 0 0 0 0 0 0 0 0 0 0 0 0 0 0 0 0 0 0 0 0 0
N-002424,002424,Normal/002424.mp4,CCD,official,train,,,,0,,,10.0,,,,0 0 0 0 0 0 0 0 0 0 0 0 0 0 0 0 0 0 0 0 0 0 0 0 0 0 0 0 0 0 0 0 0 0 0 0 0 0 0 0 0 0 0 0 0 0 0 0 0 0
N-002425,002425,Normal/002425.mp4,CCD,official,train,,,,0,,,10.0,,,,0 0 0 0 0 0 0 0 0 0 0 0 0 0 0 0 0 0 0 0 0 0 0 0 0 0 0 0 0 0 0 0 0 0 0 0 0 0 0 0 0 0 0 0 0 0 0 0 0 0
N-002426,002426,Normal/002426.mp4,CCD,official,train,,,,0,,,10.0,,,,0 0 0 0 0 0 0 0 0 0 0 0 0 0 0 0 0 0 0 0 0 0 0 0 0 0 0 0 0 0 0 0 0 0 0 0 0 0 0 0 0 0 0 0 0 0 0 0 0 0
N-002427,002427,Normal/002427.mp4,CCD,official,train,,,,0,,,10.0,,,,0 0 0 0 0 0 0 0 0 0 0 0 0 0 0 0 0 0 0 0 0 0 0 0 0 0 0 0 0 0 0 0 0 0 0 0 0 0 0 0 0 0 0 0 0 0 0 0 0 0
N-002428,002428,Normal/002428.mp4,CCD,official,train,,,,0,,,10.0,,,,0 0 0 0 0 0 0 0 0 0 0 0 0 0 0 0 0 0 0 0 0 0 0 0 0 0 0 0 0 0 0 0 0 0 0 0 0 0 0 0 0 0 0 0 0 0 0 0 0 0
N-002429,002429,Normal/002429.mp4,CCD,official,val,,,,0,,,10.0,,,,0 0 0 0 0 0 0 0 0 0 0 0 0 0 0 0 0 0 0 0 0 0 0 0 0 0 0 0 0 0 0 0 0 0 0 0 0 0 0 0 0 0 0 0 0 0 0 0 0 0
N-002430,002430,Normal/002430.mp4,CCD,official,train,,,,0,,,10.0,,,,0 0 0 0 0 0 0 0 0 0 0 0 0 0 0 0 0 0 0 0 0 0 0 0 0 0 0 0 0 0 0 0 0 0 0 0 0 0 0 0 0 0 0 0 0 0 0 0 0 0
N-002431,002431,Normal/002431.mp4,CCD,official,train,,,,0,,,10.0,,,,0 0 0 0 0 0 0 0 0 0 0 0 0 0 0 0 0 0 0 0 0 0 0 0 0 0 0 0 0 0 0 0 0 0 0 0 0 0 0 0 0 0 0 0 0 0 0 0 0 0
N-002432,002432,Normal/002432.mp4,CCD,official,train,,,,0,,,10.0,,,,0 0 0 0 0 0 0 0 0 0 0 0 0 0 0 0 0 0 0 0 0 0 0 0 0 0 0 0 0 0 0 0 0 0 0 0 0 0 0 0 0 0 0 0 0 0 0 0 0 0
N-002433,002433,Normal/002433.mp4,CCD,official,train,,,,0,,,10.0,,,,0 0 0 0 0 0 0 0 0 0 0 0 0 0 0 0 0 0 0 0 0 0 0 0 0 0 0 0 0 0 0 0 0 0 0 0 0 0 0 0 0 0 0 0 0 0 0 0 0 0
N-002434,002434,Normal/002434.mp4,CCD,official,val,,,,0,,,10.0,,,,0 0 0 0 0 0 0 0 0 0 0 0 0 0 0 0 0 0 0 0 0 0 0 0 0 0 0 0 0 0 0 0 0 0 0 0 0 0 0 0 0 0 0 0 0 0 0 0 0 0
N-002435,002435,Normal/002435.mp4,CCD,official,test,,,,0,,,10.0,,,,0 0 0 0 0 0 0 0 0 0 0 0 0 0 0 0 0 0 0 0 0 0 0 0 0 0 0 0 0 0 0 0 0 0 0 0 0 0 0 0 0 0 0 0 0 0 0 0 0 0
N-002436,002436,Normal/002436.mp4,CCD,official,train,,,,0,,,10.0,,,,0 0 0 0 0 0 0 0 0 0 0 0 0 0 0 0 0 0 0 0 0 0 0 0 0 0 0 0 0 0 0 0 0 0 0 0 0 0 0 0 0 0 0 0 0 0 0 0 0 0
N-002437,002437,Normal/002437.mp4,CCD,official,train,,,,0,,,10.0,,,,0 0 0 0 0 0 0 0 0 0 0 0 0 0 0 0 0 0 0 0 0 0 0 0 0 0 0 0 0 0 0 0 0 0 0 0 0 0 0 0 0 0 0 0 0 0 0 0 0 0
N-002438,002438,Normal/002438.mp4,CCD,official,train,,,,0,,,10.0,,,,0 0 0 0 0 0 0 0 0 0 0 0 0 0 0 0 0 0 0 0 0 0 0 0 0 0 0 0 0 0 0 0 0 0 0 0 0 0 0 0 0 0 0 0 0 0 0 0 0 0
N-002439,002439,Normal/002439.mp4,CCD,official,train,,,,0,,,10.0,,,,0 0 0 0 0 0 0 0 0 0 0 0 0 0 0 0 0 0 0 0 0 0 0 0 0 0 0 0 0 0 0 0 0 0 0 0 0 0 0 0 0 0 0 0 0 0 0 0 0 0
N-002440,002440,Normal/002440.mp4,CCD,official,test,,,,0,,,10.0,,,,0 0 0 0 0 0 0 0 0 0 0 0 0 0 0 0 0 0 0 0 0 0 0 0 0 0 0 0 0 0 0 0 0 0 0 0 0 0 0 0 0 0 0 0 0 0 0 0 0 0
N-002441,002441,Normal/002441.mp4,CCD,official,train,,,,0,,,10.0,,,,0 0 0 0 0 0 0 0 0 0 0 0 0 0 0 0 0 0 0 0 0 0 0 0 0 0 0 0 0 0 0 0 0 0 0 0 0 0 0 0 0 0 0 0 0 0 0 0 0 0
N-002442,002442,Normal/002442.mp4,CCD,official,train,,,,0,,,10.0,,,,0 0 0 0 0 0 0 0 0 0 0 0 0 0 0 0 0 0 0 0 0 0 0 0 0 0 0 0 0 0 0 0 0 0 0 0 0 0 0 0 0 0 0 0 0 0 0 0 0 0
N-002443,002443,Normal/002443.mp4,CCD,official,test,,,,0,,,10.0,,,,0 0 0 0 0 0 0 0 0 0 0 0 0 0 0 0 0 0 0 0 0 0 0 0 0 0 0 0 0 0 0 0 0 0 0 0 0 0 0 0 0 0 0 0 0 0 0 0 0 0
N-002444,002444,Normal/002444.mp4,CCD,official,val,,,,0,,,10.0,,,,0 0 0 0 0 0 0 0 0 0 0 0 0 0 0 0 0 0 0 0 0 0 0 0 0 0 0 0 0 0 0 0 0 0 0 0 0 0 0 0 0 0 0 0 0 0 0 0 0 0
N-002445,002445,Normal/002445.mp4,CCD,official,test,,,,0,,,10.0,,,,0 0 0 0 0 0 0 0 0 0 0 0 0 0 0 0 0 0 0 0 0 0 0 0 0 0 0 0 0 0 0 0 0 0 0 0 0 0 0 0 0 0 0 0 0 0 0 0 0 0
N-002446,002446,Normal/002446.mp4,CCD,official,train,,,,0,,,10.0,,,,0 0 0 0 0 0 0 0 0 0 0 0 0 0 0 0 0 0 0 0 0 0 0 0 0 0 0 0 0 0 0 0 0 0 0 0 0 0 0 0 0 0 0 0 0 0 0 0 0 0
N-002447,002447,Normal/002447.mp4,CCD,official,train,,,,0,,,10.0,,,,0 0 0 0 0 0 0 0 0 0 0 0 0 0 0 0 0 0 0 0 0 0 0 0 0 0 0 0 0 0 0 0 0 0 0 0 0 0 0 0 0 0 0 0 0 0 0 0 0 0
N-002448,002448,Normal/002448.mp4,CCD,official,train,,,,0,,,10.0,,,,0 0 0 0 0 0 0 0 0 0 0 0 0 0 0 0 0 0 0 0 0 0 0 0 0 0 0 0 0 0 0 0 0 0 0 0 0 0 0 0 0 0 0 0 0 0 0 0 0 0
N-002449,002449,Normal/002449.mp4,CCD,official,train,,,,0,,,10.0,,,,0 0 0 0 0 0 0 0 0 0 0 0 0 0 0 0 0 0 0 0 0 0 0 0 0 0 0 0 0 0 0 0 0 0 0 0 0 0 0 0 0 0 0 0 0 0 0 0 0 0
N-002450,002450,Normal/002450.mp4,CCD,official,train,,,,0,,,10.0,,,,0 0 0 0 0 0 0 0 0 0 0 0 0 0 0 0 0 0 0 0 0 0 0 0 0 0 0 0 0 0 0 0 0 0 0 0 0 0 0 0 0 0 0 0 0 0 0 0 0 0
N-002451,002451,Normal/002451.mp4,CCD,official,test,,,,0,,,10.0,,,,0 0 0 0 0 0 0 0 0 0 0 0 0 0 0 0 0 0 0 0 0 0 0 0 0 0 0 0 0 0 0 0 0 0 0 0 0 0 0 0 0 0 0 0 0 0 0 0 0 0
N-002452,002452,Normal/002452.mp4,CCD,official,train,,,,0,,,10.0,,,,0 0 0 0 0 0 0 0 0 0 0 0 0 0 0 0 0 0 0 0 0 0 0 0 0 0 0 0 0 0 0 0 0 0 0 0 0 0 0 0 0 0 0 0 0 0 0 0 0 0
N-002453,002453,Normal/002453.mp4,CCD,official,val,,,,0,,,10.0,,,,0 0 0 0 0 0 0 0 0 0 0 0 0 0 0 0 0 0 0 0 0 0 0 0 0 0 0 0 0 0 0 0 0 0 0 0 0 0 0 0 0 0 0 0 0 0 0 0 0 0
N-002454,002454,Normal/002454.mp4,CCD,official,train,,,,0,,,10.0,,,,0 0 0 0 0 0 0 0 0 0 0 0 0 0 0 0 0 0 0 0 0 0 0 0 0 0 0 0 0 0 0 0 0 0 0 0 0 0 0 0 0 0 0 0 0 0 0 0 0 0
N-002455,002455,Normal/002455.mp4,CCD,official,train,,,,0,,,10.0,,,,0 0 0 0 0 0 0 0 0 0 0 0 0 0 0 0 0 0 0 0 0 0 0 0 0 0 0 0 0 0 0 0 0 0 0 0 0 0 0 0 0 0 0 0 0 0 0 0 0 0
N-002456,002456,Normal/002456.mp4,CCD,official,test,,,,0,,,10.0,,,,0 0 0 0 0 0 0 0 0 0 0 0 0 0 0 0 0 0 0 0 0 0 0 0 0 0 0 0 0 0 0 0 0 0 0 0 0 0 0 0 0 0 0 0 0 0 0 0 0 0
N-002457,002457,Normal/002457.mp4,CCD,official,test,,,,0,,,10.0,,,,0 0 0 0 0 0 0 0 0 0 0 0 0 0 0 0 0 0 0 0 0 0 0 0 0 0 0 0 0 0 0 0 0 0 0 0 0 0 0 0 0 0 0 0 0 0 0 0 0 0
N-002458,002458,Normal/002458.mp4,CCD,official,train,,,,0,,,10.0,,,,0 0 0 0 0 0 0 0 0 0 0 0 0 0 0 0 0 0 0 0 0 0 0 0 0 0 0 0 0 0 0 0 0 0 0 0 0 0 0 0 0 0 0 0 0 0 0 0 0 0
N-002459,002459,Normal/002459.mp4,CCD,official,train,,,,0,,,10.0,,,,0 0 0 0 0 0 0 0 0 0 0 0 0 0 0 0 0 0 0 0 0 0 0 0 0 0 0 0 0 0 0 0 0 0 0 0 0 0 0 0 0 0 0 0 0 0 0 0 0 0
N-002460,002460,Normal/002460.mp4,CCD,official,train,,,,0,,,10.0,,,,0 0 0 0 0 0 0 0 0 0 0 0 0 0 0 0 0 0 0 0 0 0 0 0 0 0 0 0 0 0 0 0 0 0 0 0 0 0 0 0 0 0 0 0 0 0 0 0 0 0
N-002461,002461,Normal/002461.mp4,CCD,official,train,,,,0,,,10.0,,,,0 0 0 0 0 0 0 0 0 0 0 0 0 0 0 0 0 0 0 0 0 0 0 0 0 0 0 0 0 0 0 0 0 0 0 0 0 0 0 0 0 0 0 0 0 0 0 0 0 0
N-002462,002462,Normal/002462.mp4,CCD,official,train,,,,0,,,10.0,,,,0 0 0 0 0 0 0 0 0 0 0 0 0 0 0 0 0 0 0 0 0 0 0 0 0 0 0 0 0 0 0 0 0 0 0 0 0 0 0 0 0 0 0 0 0 0 0 0 0 0
N-002463,002463,Normal/002463.mp4,CCD,official,train,,,,0,,,10.0,,,,0 0 0 0 0 0 0 0 0 0 0 0 0 0 0 0 0 0 0 0 0 0 0 0 0 0 0 0 0 0 0 0 0 0 0 0 0 0 0 0 0 0 0 0 0 0 0 0 0 0
N-002464,002464,Normal/002464.mp4,CCD,official,train,,,,0,,,10.0,,,,0 0 0 0 0 0 0 0 0 0 0 0 0 0 0 0 0 0 0 0 0 0 0 0 0 0 0 0 0 0 0 0 0 0 0 0 0 0 0 0 0 0 0 0 0 0 0 0 0 0
N-002465,002465,Normal/002465.mp4,CCD,official,train,,,,0,,,10.0,,,,0 0 0 0 0 0 0 0 0 0 0 0 0 0 0 0 0 0 0 0 0 0 0 0 0 0 0 0 0 0 0 0 0 0 0 0 0 0 0 0 0 0 0 0 0 0 0 0 0 0
N-002466,002466,Normal/002466.mp4,CCD,official,test,,,,0,,,10.0,,,,0 0 0 0 0 0 0 0 0 0 0 0 0 0 0 0 0 0 0 0 0 0 0 0 0 0 0 0 0 0 0 0 0 0 0 0 0 0 0 0 0 0 0 0 0 0 0 0 0 0
N-002467,002467,Normal/002467.mp4,CCD,official,train,,,,0,,,10.0,,,,0 0 0 0 0 0 0 0 0 0 0 0 0 0 0 0 0 0 0 0 0 0 0 0 0 0 0 0 0 0 0 0 0 0 0 0 0 0 0 0 0 0 0 0 0 0 0 0 0 0
N-002468,002468,Normal/002468.mp4,CCD,official,train,,,,0,,,10.0,,,,0 0 0 0 0 0 0 0 0 0 0 0 0 0 0 0 0 0 0 0 0 0 0 0 0 0 0 0 0 0 0 0 0 0 0 0 0 0 0 0 0 0 0 0 0 0 0 0 0 0
N-002469,002469,Normal/002469.mp4,CCD,official,train,,,,0,,,10.0,,,,0 0 0 0 0 0 0 0 0 0 0 0 0 0 0 0 0 0 0 0 0 0 0 0 0 0 0 0 0 0 0 0 0 0 0 0 0 0 0 0 0 0 0 0 0 0 0 0 0 0
N-002470,002470,Normal/002470.mp4,CCD,official,train,,,,0,,,10.0,,,,0 0 0 0 0 0 0 0 0 0 0 0 0 0 0 0 0 0 0 0 0 0 0 0 0 0 0 0 0 0 0 0 0 0 0 0 0 0 0 0 0 0 0 0 0 0 0 0 0 0
N-002471,002471,Normal/002471.mp4,CCD,official,train,,,,0,,,10.0,,,,0 0 0 0 0 0 0 0 0 0 0 0 0 0 0 0 0 0 0 0 0 0 0 0 0 0 0 0 0 0 0 0 0 0 0 0 0 0 0 0 0 0 0 0 0 0 0 0 0 0
N-002472,002472,Normal/002472.mp4,CCD,official,train,,,,0,,,10.0,,,,0 0 0 0 0 0 0 0 0 0 0 0 0 0 0 0 0 0 0 0 0 0 0 0 0 0 0 0 0 0 0 0 0 0 0 0 0 0 0 0 0 0 0 0 0 0 0 0 0 0
N-002473,002473,Normal/002473.mp4,CCD,official,test,,,,0,,,10.0,,,,0 0 0 0 0 0 0 0 0 0 0 0 0 0 0 0 0 0 0 0 0 0 0 0 0 0 0 0 0 0 0 0 0 0 0 0 0 0 0 0 0 0 0 0 0 0 0 0 0 0
N-002474,002474,Normal/002474.mp4,CCD,official,test,,,,0,,,10.0,,,,0 0 0 0 0 0 0 0 0 0 0 0 0 0 0 0 0 0 0 0 0 0 0 0 0 0 0 0 0 0 0 0 0 0 0 0 0 0 0 0 0 0 0 0 0 0 0 0 0 0
N-002475,002475,Normal/002475.mp4,CCD,official,train,,,,0,,,10.0,,,,0 0 0 0 0 0 0 0 0 0 0 0 0 0 0 0 0 0 0 0 0 0 0 0 0 0 0 0 0 0 0 0 0 0 0 0 0 0 0 0 0 0 0 0 0 0 0 0 0 0
N-002476,002476,Normal/002476.mp4,CCD,official,test,,,,0,,,10.0,,,,0 0 0 0 0 0 0 0 0 0 0 0 0 0 0 0 0 0 0 0 0 0 0 0 0 0 0 0 0 0 0 0 0 0 0 0 0 0 0 0 0 0 0 0 0 0 0 0 0 0
N-002477,002477,Normal/002477.mp4,CCD,official,train,,,,0,,,10.0,,,,0 0 0 0 0 0 0 0 0 0 0 0 0 0 0 0 0 0 0 0 0 0 0 0 0 0 0 0 0 0 0 0 0 0 0 0 0 0 0 0 0 0 0 0 0 0 0 0 0 0
N-002478,002478,Normal/002478.mp4,CCD,official,test,,,,0,,,10.0,,,,0 0 0 0 0 0 0 0 0 0 0 0 0 0 0 0 0 0 0 0 0 0 0 0 0 0 0 0 0 0 0 0 0 0 0 0 0 0 0 0 0 0 0 0 0 0 0 0 0 0
N-002479,002479,Normal/002479.mp4,CCD,official,train,,,,0,,,10.0,,,,0 0 0 0 0 0 0 0 0 0 0 0 0 0 0 0 0 0 0 0 0 0 0 0 0 0 0 0 0 0 0 0 0 0 0 0 0 0 0 0 0 0 0 0 0 0 0 0 0 0
N-002480,002480,Normal/002480.mp4,CCD,official,val,,,,0,,,10.0,,,,0 0 0 0 0 0 0 0 0 0 0 0 0 0 0 0 0 0 0 0 0 0 0 0 0 0 0 0 0 0 0 0 0 0 0 0 0 0 0 0 0 0 0 0 0 0 0 0 0 0
N-002481,002481,Normal/002481.mp4,CCD,official,test,,,,0,,,10.0,,,,0 0 0 0 0 0 0 0 0 0 0 0 0 0 0 0 0 0 0 0 0 0 0 0 0 0 0 0 0 0 0 0 0 0 0 0 0 0 0 0 0 0 0 0 0 0 0 0 0 0
N-002482,002482,Normal/002482.mp4,CCD,official,train,,,,0,,,10.0,,,,0 0 0 0 0 0 0 0 0 0 0 0 0 0 0 0 0 0 0 0 0 0 0 0 0 0 0 0 0 0 0 0 0 0 0 0 0 0 0 0 0 0 0 0 0 0 0 0 0 0
N-002483,002483,Normal/002483.mp4,CCD,official,val,,,,0,,,10.0,,,,0 0 0 0 0 0 0 0 0 0 0 0 0 0 0 0 0 0 0 0 0 0 0 0 0 0 0 0 0 0 0 0 0 0 0 0 0 0 0 0 0 0 0 0 0 0 0 0 0 0
N-002484,002484,Normal/002484.mp4,CCD,official,val,,,,0,,,10.0,,,,0 0 0 0 0 0 0 0 0 0 0 0 0 0 0 0 0 0 0 0 0 0 0 0 0 0 0 0 0 0 0 0 0 0 0 0 0 0 0 0 0 0 0 0 0 0 0 0 0 0
N-002485,002485,Normal/002485.mp4,CCD,official,train,,,,0,,,10.0,,,,0 0 0 0 0 0 0 0 0 0 0 0 0 0 0 0 0 0 0 0 0 0 0 0 0 0 0 0 0 0 0 0 0 0 0 0 0 0 0 0 0 0 0 0 0 0 0 0 0 0
N-002486,002486,Normal/002486.mp4,CCD,official,train,,,,0,,,10.0,,,,0 0 0 0 0 0 0 0 0 0 0 0 0 0 0 0 0 0 0 0 0 0 0 0 0 0 0 0 0 0 0 0 0 0 0 0 0 0 0 0 0 0 0 0 0 0 0 0 0 0
N-002487,002487,Normal/002487.mp4,CCD,official,train,,,,0,,,10.0,,,,0 0 0 0 0 0 0 0 0 0 0 0 0 0 0 0 0 0 0 0 0 0 0 0 0 0 0 0 0 0 0 0 0 0 0 0 0 0 0 0 0 0 0 0 0 0 0 0 0 0
N-002488,002488,Normal/002488.mp4,CCD,official,train,,,,0,,,10.0,,,,0 0 0 0 0 0 0 0 0 0 0 0 0 0 0 0 0 0 0 0 0 0 0 0 0 0 0 0 0 0 0 0 0 0 0 0 0 0 0 0 0 0 0 0 0 0 0 0 0 0
N-002489,002489,Normal/002489.mp4,CCD,official,train,,,,0,,,10.0,,,,0 0 0 0 0 0 0 0 0 0 0 0 0 0 0 0 0 0 0 0 0 0 0 0 0 0 0 0 0 0 0 0 0 0 0 0 0 0 0 0 0 0 0 0 0 0 0 0 0 0
N-002490,002490,Normal/002490.mp4,CCD,official,train,,,,0,,,10.0,,,,0 0 0 0 0 0 0 0 0 0 0 0 0 0 0 0 0 0 0 0 0 0 0 0 0 0 0 0 0 0 0 0 0 0 0 0 0 0 0 0 0 0 0 0 0 0 0 0 0 0
N-002491,002491,Normal/002491.mp4,CCD,official,test,,,,0,,,10.0,,,,0 0 0 0 0 0 0 0 0 0 0 0 0 0 0 0 0 0 0 0 0 0 0 0 0 0 0 0 0 0 0 0 0 0 0 0 0 0 0 0 0 0 0 0 0 0 0 0 0 0
N-002492,002492,Normal/002492.mp4,CCD,official,train,,,,0,,,10.0,,,,0 0 0 0 0 0 0 0 0 0 0 0 0 0 0 0 0 0 0 0 0 0 0 0 0 0 0 0 0 0 0 0 0 0 0 0 0 0 0 0 0 0 0 0 0 0 0 0 0 0
N-002493,002493,Normal/002493.mp4,CCD,official,test,,,,0,,,10.0,,,,0 0 0 0 0 0 0 0 0 0 0 0 0 0 0 0 0 0 0 0 0 0 0 0 0 0 0 0 0 0 0 0 0 0 0 0 0 0 0 0 0 0 0 0 0 0 0 0 0 0
N-002494,002494,Normal/002494.mp4,CCD,official,train,,,,0,,,10.0,,,,0 0 0 0 0 0 0 0 0 0 0 0 0 0 0 0 0 0 0 0 0 0 0 0 0 0 0 0 0 0 0 0 0 0 0 0 0 0 0 0 0 0 0 0 0 0 0 0 0 0
N-002495,002495,Normal/002495.mp4,CCD,official,test,,,,0,,,10.0,,,,0 0 0 0 0 0 0 0 0 0 0 0 0 0 0 0 0 0 0 0 0 0 0 0 0 0 0 0 0 0 0 0 0 0 0 0 0 0 0 0 0 0 0 0 0 0 0 0 0 0
N-002496,002496,Normal/002496.mp4,CCD,official,train,,,,0,,,10.0,,,,0 0 0 0 0 0 0 0 0 0 0 0 0 0 0 0 0 0 0 0 0 0 0 0 0 0 0 0 0 0 0 0 0 0 0 0 0 0 0 0 0 0 0 0 0 0 0 0 0 0
N-002497,002497,Normal/002497.mp4,CCD,official,train,,,,0,,,10.0,,,,0 0 0 0 0 0 0 0 0 0 0 0 0 0 0 0 0 0 0 0 0 0 0 0 0 0 0 0 0 0 0 0 0 0 0 0 0 0 0 0 0 0 0 0 0 0 0 0 0 0
N-002498,002498,Normal/002498.mp4,CCD,official,train,,,,0,,,10.0,,,,0 0 0 0 0 0 0 0 0 0 0 0 0 0 0 0 0 0 0 0 0 0 0 0 0 0 0 0 0 0 0 0 0 0 0 0 0 0 0 0 0 0 0 0 0 0 0 0 0 0
N-002499,002499,Normal/002499.mp4,CCD,official,val,,,,0,,,10.0,,,,0 0 0 0 0 0 0 0 0 0 0 0 0 0 0 0 0 0 0 0 0 0 0 0 0 0 0 0 0 0 0 0 0 0 0 0 0 0 0 0 0 0 0 0 0 0 0 0 0 0
N-002500,002500,Normal/002500.mp4,CCD,official,train,,,,0,,,10.0,,,,0 0 0 0 0 0 0 0 0 0 0 0 0 0 0 0 0 0 0 0 0 0 0 0 0 0 0 0 0 0 0 0 0 0 0 0 0 0 0 0 0 0 0 0 0 0 0 0 0 0
N-002501,002501,Normal/002501.mp4,CCD,official,train,,,,0,,,10.0,,,,0 0 0 0 0 0 0 0 0 0 0 0 0 0 0 0 0 0 0 0 0 0 0 0 0 0 0 0 0 0 0 0 0 0 0 0 0 0 0 0 0 0 0 0 0 0 0 0 0 0
N-002502,002502,Normal/002502.mp4,CCD,official,test,,,,0,,,10.0,,,,0 0 0 0 0 0 0 0 0 0 0 0 0 0 0 0 0 0 0 0 0 0 0 0 0 0 0 0 0 0 0 0 0 0 0 0 0 0 0 0 0 0 0 0 0 0 0 0 0 0
N-002503,002503,Normal/002503.mp4,CCD,official,val,,,,0,,,10.0,,,,0 0 0 0 0 0 0 0 0 0 0 0 0 0 0 0 0 0 0 0 0 0 0 0 0 0 0 0 0 0 0 0 0 0 0 0 0 0 0 0 0 0 0 0 0 0 0 0 0 0
N-002504,002504,Normal/002504.mp4,CCD,official,train,,,,0,,,10.0,,,,0 0 0 0 0 0 0 0 0 0 0 0 0 0 0 0 0 0 0 0 0 0 0 0 0 0 0 0 0 0 0 0 0 0 0 0 0 0 0 0 0 0 0 0 0 0 0 0 0 0
N-002505,002505,Normal/002505.mp4,CCD,official,train,,,,0,,,10.0,,,,0 0 0 0 0 0 0 0 0 0 0 0 0 0 0 0 0 0 0 0 0 0 0 0 0 0 0 0 0 0 0 0 0 0 0 0 0 0 0 0 0 0 0 0 0 0 0 0 0 0
N-002506,002506,Normal/002506.mp4,CCD,official,val,,,,0,,,10.0,,,,0 0 0 0 0 0 0 0 0 0 0 0 0 0 0 0 0 0 0 0 0 0 0 0 0 0 0 0 0 0 0 0 0 0 0 0 0 0 0 0 0 0 0 0 0 0 0 0 0 0
N-002507,002507,Normal/002507.mp4,CCD,official,train,,,,0,,,10.0,,,,0 0 0 0 0 0 0 0 0 0 0 0 0 0 0 0 0 0 0 0 0 0 0 0 0 0 0 0 0 0 0 0 0 0 0 0 0 0 0 0 0 0 0 0 0 0 0 0 0 0
N-002508,002508,Normal/002508.mp4,CCD,official,train,,,,0,,,10.0,,,,0 0 0 0 0 0 0 0 0 0 0 0 0 0 0 0 0 0 0 0 0 0 0 0 0 0 0 0 0 0 0 0 0 0 0 0 0 0 0 0 0 0 0 0 0 0 0 0 0 0
N-002509,002509,Normal/002509.mp4,CCD,official,train,,,,0,,,10.0,,,,0 0 0 0 0 0 0 0 0 0 0 0 0 0 0 0 0 0 0 0 0 0 0 0 0 0 0 0 0 0 0 0 0 0 0 0 0 0 0 0 0 0 0 0 0 0 0 0 0 0
N-002510,002510,Normal/002510.mp4,CCD,official,train,,,,0,,,10.0,,,,0 0 0 0 0 0 0 0 0 0 0 0 0 0 0 0 0 0 0 0 0 0 0 0 0 0 0 0 0 0 0 0 0 0 0 0 0 0 0 0 0 0 0 0 0 0 0 0 0 0
N-002511,002511,Normal/002511.mp4,CCD,official,train,,,,0,,,10.0,,,,0 0 0 0 0 0 0 0 0 0 0 0 0 0 0 0 0 0 0 0 0 0 0 0 0 0 0 0 0 0 0 0 0 0 0 0 0 0 0 0 0 0 0 0 0 0 0 0 0 0
N-002512,002512,Normal/002512.mp4,CCD,official,test,,,,0,,,10.0,,,,0 0 0 0 0 0 0 0 0 0 0 0 0 0 0 0 0 0 0 0 0 0 0 0 0 0 0 0 0 0 0 0 0 0 0 0 0 0 0 0 0 0 0 0 0 0 0 0 0 0
N-002513,002513,Normal/002513.mp4,CCD,official,val,,,,0,,,10.0,,,,0 0 0 0 0 0 0 0 0 0 0 0 0 0 0 0 0 0 0 0 0 0 0 0 0 0 0 0 0 0 0 0 0 0 0 0 0 0 0 0 0 0 0 0 0 0 0 0 0 0
N-002514,002514,Normal/002514.mp4,CCD,official,val,,,,0,,,10.0,,,,0 0 0 0 0 0 0 0 0 0 0 0 0 0 0 0 0 0 0 0 0 0 0 0 0 0 0 0 0 0 0 0 0 0 0 0 0 0 0 0 0 0 0 0 0 0 0 0 0 0
N-002515,002515,Normal/002515.mp4,CCD,official,train,,,,0,,,10.0,,,,0 0 0 0 0 0 0 0 0 0 0 0 0 0 0 0 0 0 0 0 0 0 0 0 0 0 0 0 0 0 0 0 0 0 0 0 0 0 0 0 0 0 0 0 0 0 0 0 0 0
N-002516,002516,Normal/002516.mp4,CCD,official,val,,,,0,,,10.0,,,,0 0 0 0 0 0 0 0 0 0 0 0 0 0 0 0 0 0 0 0 0 0 0 0 0 0 0 0 0 0 0 0 0 0 0 0 0 0 0 0 0 0 0 0 0 0 0 0 0 0
N-002517,002517,Normal/002517.mp4,CCD,official,train,,,,0,,,10.0,,,,0 0 0 0 0 0 0 0 0 0 0 0 0 0 0 0 0 0 0 0 0 0 0 0 0 0 0 0 0 0 0 0 0 0 0 0 0 0 0 0 0 0 0 0 0 0 0 0 0 0
N-002518,002518,Normal/002518.mp4,CCD,official,train,,,,0,,,10.0,,,,0 0 0 0 0 0 0 0 0 0 0 0 0 0 0 0 0 0 0 0 0 0 0 0 0 0 0 0 0 0 0 0 0 0 0 0 0 0 0 0 0 0 0 0 0 0 0 0 0 0
N-002519,002519,Normal/002519.mp4,CCD,official,train,,,,0,,,10.0,,,,0 0 0 0 0 0 0 0 0 0 0 0 0 0 0 0 0 0 0 0 0 0 0 0 0 0 0 0 0 0 0 0 0 0 0 0 0 0 0 0 0 0 0 0 0 0 0 0 0 0
N-002520,002520,Normal/002520.mp4,CCD,official,val,,,,0,,,10.0,,,,0 0 0 0 0 0 0 0 0 0 0 0 0 0 0 0 0 0 0 0 0 0 0 0 0 0 0 0 0 0 0 0 0 0 0 0 0 0 0 0 0 0 0 0 0 0 0 0 0 0
N-002521,002521,Normal/002521.mp4,CCD,official,train,,,,0,,,10.0,,,,0 0 0 0 0 0 0 0 0 0 0 0 0 0 0 0 0 0 0 0 0 0 0 0 0 0 0 0 0 0 0 0 0 0 0 0 0 0 0 0 0 0 0 0 0 0 0 0 0 0
N-002522,002522,Normal/002522.mp4,CCD,official,train,,,,0,,,10.0,,,,0 0 0 0 0 0 0 0 0 0 0 0 0 0 0 0 0 0 0 0 0 0 0 0 0 0 0 0 0 0 0 0 0 0 0 0 0 0 0 0 0 0 0 0 0 0 0 0 0 0
N-002523,002523,Normal/002523.mp4,CCD,official,train,,,,0,,,10.0,,,,0 0 0 0 0 0 0 0 0 0 0 0 0 0 0 0 0 0 0 0 0 0 0 0 0 0 0 0 0 0 0 0 0 0 0 0 0 0 0 0 0 0 0 0 0 0 0 0 0 0
N-002524,002524,Normal/002524.mp4,CCD,official,train,,,,0,,,10.0,,,,0 0 0 0 0 0 0 0 0 0 0 0 0 0 0 0 0 0 0 0 0 0 0 0 0 0 0 0 0 0 0 0 0 0 0 0 0 0 0 0 0 0 0 0 0 0 0 0 0 0
N-002525,002525,Normal/002525.mp4,CCD,official,train,,,,0,,,10.0,,,,0 0 0 0 0 0 0 0 0 0 0 0 0 0 0 0 0 0 0 0 0 0 0 0 0 0 0 0 0 0 0 0 0 0 0 0 0 0 0 0 0 0 0 0 0 0 0 0 0 0
N-002526,002526,Normal/002526.mp4,CCD,official,train,,,,0,,,10.0,,,,0 0 0 0 0 0 0 0 0 0 0 0 0 0 0 0 0 0 0 0 0 0 0 0 0 0 0 0 0 0 0 0 0 0 0 0 0 0 0 0 0 0 0 0 0 0 0 0 0 0
N-002527,002527,Normal/002527.mp4,CCD,official,train,,,,0,,,10.0,,,,0 0 0 0 0 0 0 0 0 0 0 0 0 0 0 0 0 0 0 0 0 0 0 0 0 0 0 0 0 0 0 0 0 0 0 0 0 0 0 0 0 0 0 0 0 0 0 0 0 0
N-002528,002528,Normal/002528.mp4,CCD,official,train,,,,0,,,10.0,,,,0 0 0 0 0 0 0 0 0 0 0 0 0 0 0 0 0 0 0 0 0 0 0 0 0 0 0 0 0 0 0 0 0 0 0 0 0 0 0 0 0 0 0 0 0 0 0 0 0 0
N-002529,002529,Normal/002529.mp4,CCD,official,train,,,,0,,,10.0,,,,0 0 0 0 0 0 0 0 0 0 0 0 0 0 0 0 0 0 0 0 0 0 0 0 0 0 0 0 0 0 0 0 0 0 0 0 0 0 0 0 0 0 0 0 0 0 0 0 0 0
N-002530,002530,Normal/002530.mp4,CCD,official,test,,,,0,,,10.0,,,,0 0 0 0 0 0 0 0 0 0 0 0 0 0 0 0 0 0 0 0 0 0 0 0 0 0 0 0 0 0 0 0 0 0 0 0 0 0 0 0 0 0 0 0 0 0 0 0 0 0
N-002531,002531,Normal/002531.mp4,CCD,official,train,,,,0,,,10.0,,,,0 0 0 0 0 0 0 0 0 0 0 0 0 0 0 0 0 0 0 0 0 0 0 0 0 0 0 0 0 0 0 0 0 0 0 0 0 0 0 0 0 0 0 0 0 0 0 0 0 0
N-002532,002532,Normal/002532.mp4,CCD,official,test,,,,0,,,10.0,,,,0 0 0 0 0 0 0 0 0 0 0 0 0 0 0 0 0 0 0 0 0 0 0 0 0 0 0 0 0 0 0 0 0 0 0 0 0 0 0 0 0 0 0 0 0 0 0 0 0 0
N-002533,002533,Normal/002533.mp4,CCD,official,train,,,,0,,,10.0,,,,0 0 0 0 0 0 0 0 0 0 0 0 0 0 0 0 0 0 0 0 0 0 0 0 0 0 0 0 0 0 0 0 0 0 0 0 0 0 0 0 0 0 0 0 0 0 0 0 0 0
N-002534,002534,Normal/002534.mp4,CCD,official,train,,,,0,,,10.0,,,,0 0 0 0 0 0 0 0 0 0 0 0 0 0 0 0 0 0 0 0 0 0 0 0 0 0 0 0 0 0 0 0 0 0 0 0 0 0 0 0 0 0 0 0 0 0 0 0 0 0
N-002535,002535,Normal/002535.mp4,CCD,official,test,,,,0,,,10.0,,,,0 0 0 0 0 0 0 0 0 0 0 0 0 0 0 0 0 0 0 0 0 0 0 0 0 0 0 0 0 0 0 0 0 0 0 0 0 0 0 0 0 0 0 0 0 0 0 0 0 0
N-002536,002536,Normal/002536.mp4,CCD,official,train,,,,0,,,10.0,,,,0 0 0 0 0 0 0 0 0 0 0 0 0 0 0 0 0 0 0 0 0 0 0 0 0 0 0 0 0 0 0 0 0 0 0 0 0 0 0 0 0 0 0 0 0 0 0 0 0 0
N-002537,002537,Normal/002537.mp4,CCD,official,train,,,,0,,,10.0,,,,0 0 0 0 0 0 0 0 0 0 0 0 0 0 0 0 0 0 0 0 0 0 0 0 0 0 0 0 0 0 0 0 0 0 0 0 0 0 0 0 0 0 0 0 0 0 0 0 0 0
N-002538,002538,Normal/002538.mp4,CCD,official,val,,,,0,,,10.0,,,,0 0 0 0 0 0 0 0 0 0 0 0 0 0 0 0 0 0 0 0 0 0 0 0 0 0 0 0 0 0 0 0 0 0 0 0 0 0 0 0 0 0 0 0 0 0 0 0 0 0
N-002539,002539,Normal/002539.mp4,CCD,official,train,,,,0,,,10.0,,,,0 0 0 0 0 0 0 0 0 0 0 0 0 0 0 0 0 0 0 0 0 0 0 0 0 0 0 0 0 0 0 0 0 0 0 0 0 0 0 0 0 0 0 0 0 0 0 0 0 0
N-002540,002540,Normal/002540.mp4,CCD,official,train,,,,0,,,10.0,,,,0 0 0 0 0 0 0 0 0 0 0 0 0 0 0 0 0 0 0 0 0 0 0 0 0 0 0 0 0 0 0 0 0 0 0 0 0 0 0 0 0 0 0 0 0 0 0 0 0 0
N-002541,002541,Normal/002541.mp4,CCD,official,train,,,,0,,,10.0,,,,0 0 0 0 0 0 0 0 0 0 0 0 0 0 0 0 0 0 0 0 0 0 0 0 0 0 0 0 0 0 0 0 0 0 0 0 0 0 0 0 0 0 0 0 0 0 0 0 0 0
N-002542,002542,Normal/002542.mp4,CCD,official,train,,,,0,,,10.0,,,,0 0 0 0 0 0 0 0 0 0 0 0 0 0 0 0 0 0 0 0 0 0 0 0 0 0 0 0 0 0 0 0 0 0 0 0 0 0 0 0 0 0 0 0 0 0 0 0 0 0
N-002543,002543,Normal/002543.mp4,CCD,official,train,,,,0,,,10.0,,,,0 0 0 0 0 0 0 0 0 0 0 0 0 0 0 0 0 0 0 0 0 0 0 0 0 0 0 0 0 0 0 0 0 0 0 0 0 0 0 0 0 0 0 0 0 0 0 0 0 0
N-002544,002544,Normal/002544.mp4,CCD,official,train,,,,0,,,10.0,,,,0 0 0 0 0 0 0 0 0 0 0 0 0 0 0 0 0 0 0 0 0 0 0 0 0 0 0 0 0 0 0 0 0 0 0 0 0 0 0 0 0 0 0 0 0 0 0 0 0 0
N-002545,002545,Normal/002545.mp4,CCD,official,test,,,,0,,,10.0,,,,0 0 0 0 0 0 0 0 0 0 0 0 0 0 0 0 0 0 0 0 0 0 0 0 0 0 0 0 0 0 0 0 0 0 0 0 0 0 0 0 0 0 0 0 0 0 0 0 0 0
N-002546,002546,Normal/002546.mp4,CCD,official,test,,,,0,,,10.0,,,,0 0 0 0 0 0 0 0 0 0 0 0 0 0 0 0 0 0 0 0 0 0 0 0 0 0 0 0 0 0 0 0 0 0 0 0 0 0 0 0 0 0 0 0 0 0 0 0 0 0
N-002547,002547,Normal/002547.mp4,CCD,official,train,,,,0,,,10.0,,,,0 0 0 0 0 0 0 0 0 0 0 0 0 0 0 0 0 0 0 0 0 0 0 0 0 0 0 0 0 0 0 0 0 0 0 0 0 0 0 0 0 0 0 0 0 0 0 0 0 0
N-002548,002548,Normal/002548.mp4,CCD,official,train,,,,0,,,10.0,,,,0 0 0 0 0 0 0 0 0 0 0 0 0 0 0 0 0 0 0 0 0 0 0 0 0 0 0 0 0 0 0 0 0 0 0 0 0 0 0 0 0 0 0 0 0 0 0 0 0 0
N-002549,002549,Normal/002549.mp4,CCD,official,train,,,,0,,,10.0,,,,0 0 0 0 0 0 0 0 0 0 0 0 0 0 0 0 0 0 0 0 0 0 0 0 0 0 0 0 0 0 0 0 0 0 0 0 0 0 0 0 0 0 0 0 0 0 0 0 0 0
N-002550,002550,Normal/002550.mp4,CCD,official,test,,,,0,,,10.0,,,,0 0 0 0 0 0 0 0 0 0 0 0 0 0 0 0 0 0 0 0 0 0 0 0 0 0 0 0 0 0 0 0 0 0 0 0 0 0 0 0 0 0 0 0 0 0 0 0 0 0
N-002551,002551,Normal/002551.mp4,CCD,official,val,,,,0,,,10.0,,,,0 0 0 0 0 0 0 0 0 0 0 0 0 0 0 0 0 0 0 0 0 0 0 0 0 0 0 0 0 0 0 0 0 0 0 0 0 0 0 0 0 0 0 0 0 0 0 0 0 0
N-002552,002552,Normal/002552.mp4,CCD,official,train,,,,0,,,10.0,,,,0 0 0 0 0 0 0 0 0 0 0 0 0 0 0 0 0 0 0 0 0 0 0 0 0 0 0 0 0 0 0 0 0 0 0 0 0 0 0 0 0 0 0 0 0 0 0 0 0 0
N-002553,002553,Normal/002553.mp4,CCD,official,train,,,,0,,,10.0,,,,0 0 0 0 0 0 0 0 0 0 0 0 0 0 0 0 0 0 0 0 0 0 0 0 0 0 0 0 0 0 0 0 0 0 0 0 0 0 0 0 0 0 0 0 0 0 0 0 0 0
N-002554,002554,Normal/002554.mp4,CCD,official,test,,,,0,,,10.0,,,,0 0 0 0 0 0 0 0 0 0 0 0 0 0 0 0 0 0 0 0 0 0 0 0 0 0 0 0 0 0 0 0 0 0 0 0 0 0 0 0 0 0 0 0 0 0 0 0 0 0
N-002555,002555,Normal/002555.mp4,CCD,official,train,,,,0,,,10.0,,,,0 0 0 0 0 0 0 0 0 0 0 0 0 0 0 0 0 0 0 0 0 0 0 0 0 0 0 0 0 0 0 0 0 0 0 0 0 0 0 0 0 0 0 0 0 0 0 0 0 0
N-002556,002556,Normal/002556.mp4,CCD,official,train,,,,0,,,10.0,,,,0 0 0 0 0 0 0 0 0 0 0 0 0 0 0 0 0 0 0 0 0 0 0 0 0 0 0 0 0 0 0 0 0 0 0 0 0 0 0 0 0 0 0 0 0 0 0 0 0 0
N-002557,002557,Normal/002557.mp4,CCD,official,test,,,,0,,,10.0,,,,0 0 0 0 0 0 0 0 0 0 0 0 0 0 0 0 0 0 0 0 0 0 0 0 0 0 0 0 0 0 0 0 0 0 0 0 0 0 0 0 0 0 0 0 0 0 0 0 0 0
N-002558,002558,Normal/002558.mp4,CCD,official,val,,,,0,,,10.0,,,,0 0 0 0 0 0 0 0 0 0 0 0 0 0 0 0 0 0 0 0 0 0 0 0 0 0 0 0 0 0 0 0 0 0 0 0 0 0 0 0 0 0 0 0 0 0 0 0 0 0
N-002559,002559,Normal/002559.mp4,CCD,official,train,,,,0,,,10.0,,,,0 0 0 0 0 0 0 0 0 0 0 0 0 0 0 0 0 0 0 0 0 0 0 0 0 0 0 0 0 0 0 0 0 0 0 0 0 0 0 0 0 0 0 0 0 0 0 0 0 0
N-002560,002560,Normal/002560.mp4,CCD,official,test,,,,0,,,10.0,,,,0 0 0 0 0 0 0 0 0 0 0 0 0 0 0 0 0 0 0 0 0 0 0 0 0 0 0 0 0 0 0 0 0 0 0 0 0 0 0 0 0 0 0 0 0 0 0 0 0 0
N-002561,002561,Normal/002561.mp4,CCD,official,train,,,,0,,,10.0,,,,0 0 0 0 0 0 0 0 0 0 0 0 0 0 0 0 0 0 0 0 0 0 0 0 0 0 0 0 0 0 0 0 0 0 0 0 0 0 0 0 0 0 0 0 0 0 0 0 0 0
N-002562,002562,Normal/002562.mp4,CCD,official,train,,,,0,,,10.0,,,,0 0 0 0 0 0 0 0 0 0 0 0 0 0 0 0 0 0 0 0 0 0 0 0 0 0 0 0 0 0 0 0 0 0 0 0 0 0 0 0 0 0 0 0 0 0 0 0 0 0
N-002563,002563,Normal/002563.mp4,CCD,official,test,,,,0,,,10.0,,,,0 0 0 0 0 0 0 0 0 0 0 0 0 0 0 0 0 0 0 0 0 0 0 0 0 0 0 0 0 0 0 0 0 0 0 0 0 0 0 0 0 0 0 0 0 0 0 0 0 0
N-002564,002564,Normal/002564.mp4,CCD,official,test,,,,0,,,10.0,,,,0 0 0 0 0 0 0 0 0 0 0 0 0 0 0 0 0 0 0 0 0 0 0 0 0 0 0 0 0 0 0 0 0 0 0 0 0 0 0 0 0 0 0 0 0 0 0 0 0 0
N-002565,002565,Normal/002565.mp4,CCD,official,train,,,,0,,,10.0,,,,0 0 0 0 0 0 0 0 0 0 0 0 0 0 0 0 0 0 0 0 0 0 0 0 0 0 0 0 0 0 0 0 0 0 0 0 0 0 0 0 0 0 0 0 0 0 0 0 0 0
N-002566,002566,Normal/002566.mp4,CCD,official,train,,,,0,,,10.0,,,,0 0 0 0 0 0 0 0 0 0 0 0 0 0 0 0 0 0 0 0 0 0 0 0 0 0 0 0 0 0 0 0 0 0 0 0 0 0 0 0 0 0 0 0 0 0 0 0 0 0
N-002567,002567,Normal/002567.mp4,CCD,official,train,,,,0,,,10.0,,,,0 0 0 0 0 0 0 0 0 0 0 0 0 0 0 0 0 0 0 0 0 0 0 0 0 0 0 0 0 0 0 0 0 0 0 0 0 0 0 0 0 0 0 0 0 0 0 0 0 0
N-002568,002568,Normal/002568.mp4,CCD,official,train,,,,0,,,10.0,,,,0 0 0 0 0 0 0 0 0 0 0 0 0 0 0 0 0 0 0 0 0 0 0 0 0 0 0 0 0 0 0 0 0 0 0 0 0 0 0 0 0 0 0 0 0 0 0 0 0 0
N-002569,002569,Normal/002569.mp4,CCD,official,train,,,,0,,,10.0,,,,0 0 0 0 0 0 0 0 0 0 0 0 0 0 0 0 0 0 0 0 0 0 0 0 0 0 0 0 0 0 0 0 0 0 0 0 0 0 0 0 0 0 0 0 0 0 0 0 0 0
N-002570,002570,Normal/002570.mp4,CCD,official,test,,,,0,,,10.0,,,,0 0 0 0 0 0 0 0 0 0 0 0 0 0 0 0 0 0 0 0 0 0 0 0 0 0 0 0 0 0 0 0 0 0 0 0 0 0 0 0 0 0 0 0 0 0 0 0 0 0
N-002571,002571,Normal/002571.mp4,CCD,official,train,,,,0,,,10.0,,,,0 0 0 0 0 0 0 0 0 0 0 0 0 0 0 0 0 0 0 0 0 0 0 0 0 0 0 0 0 0 0 0 0 0 0 0 0 0 0 0 0 0 0 0 0 0 0 0 0 0
N-002572,002572,Normal/002572.mp4,CCD,official,test,,,,0,,,10.0,,,,0 0 0 0 0 0 0 0 0 0 0 0 0 0 0 0 0 0 0 0 0 0 0 0 0 0 0 0 0 0 0 0 0 0 0 0 0 0 0 0 0 0 0 0 0 0 0 0 0 0
N-002573,002573,Normal/002573.mp4,CCD,official,train,,,,0,,,10.0,,,,0 0 0 0 0 0 0 0 0 0 0 0 0 0 0 0 0 0 0 0 0 0 0 0 0 0 0 0 0 0 0 0 0 0 0 0 0 0 0 0 0 0 0 0 0 0 0 0 0 0
N-002574,002574,Normal/002574.mp4,CCD,official,test,,,,0,,,10.0,,,,0 0 0 0 0 0 0 0 0 0 0 0 0 0 0 0 0 0 0 0 0 0 0 0 0 0 0 0 0 0 0 0 0 0 0 0 0 0 0 0 0 0 0 0 0 0 0 0 0 0
N-002575,002575,Normal/002575.mp4,CCD,official,train,,,,0,,,10.0,,,,0 0 0 0 0 0 0 0 0 0 0 0 0 0 0 0 0 0 0 0 0 0 0 0 0 0 0 0 0 0 0 0 0 0 0 0 0 0 0 0 0 0 0 0 0 0 0 0 0 0
N-002576,002576,Normal/002576.mp4,CCD,official,train,,,,0,,,10.0,,,,0 0 0 0 0 0 0 0 0 0 0 0 0 0 0 0 0 0 0 0 0 0 0 0 0 0 0 0 0 0 0 0 0 0 0 0 0 0 0 0 0 0 0 0 0 0 0 0 0 0
N-002577,002577,Normal/002577.mp4,CCD,official,train,,,,0,,,10.0,,,,0 0 0 0 0 0 0 0 0 0 0 0 0 0 0 0 0 0 0 0 0 0 0 0 0 0 0 0 0 0 0 0 0 0 0 0 0 0 0 0 0 0 0 0 0 0 0 0 0 0
N-002578,002578,Normal/002578.mp4,CCD,official,test,,,,0,,,10.0,,,,0 0 0 0 0 0 0 0 0 0 0 0 0 0 0 0 0 0 0 0 0 0 0 0 0 0 0 0 0 0 0 0 0 0 0 0 0 0 0 0 0 0 0 0 0 0 0 0 0 0
N-002579,002579,Normal/002579.mp4,CCD,official,val,,,,0,,,10.0,,,,0 0 0 0 0 0 0 0 0 0 0 0 0 0 0 0 0 0 0 0 0 0 0 0 0 0 0 0 0 0 0 0 0 0 0 0 0 0 0 0 0 0 0 0 0 0 0 0 0 0
N-002580,002580,Normal/002580.mp4,CCD,official,train,,,,0,,,10.0,,,,0 0 0 0 0 0 0 0 0 0 0 0 0 0 0 0 0 0 0 0 0 0 0 0 0 0 0 0 0 0 0 0 0 0 0 0 0 0 0 0 0 0 0 0 0 0 0 0 0 0
N-002581,002581,Normal/002581.mp4,CCD,official,train,,,,0,,,10.0,,,,0 0 0 0 0 0 0 0 0 0 0 0 0 0 0 0 0 0 0 0 0 0 0 0 0 0 0 0 0 0 0 0 0 0 0 0 0 0 0 0 0 0 0 0 0 0 0 0 0 0
N-002582,002582,Normal/002582.mp4,CCD,official,train,,,,0,,,10.0,,,,0 0 0 0 0 0 0 0 0 0 0 0 0 0 0 0 0 0 0 0 0 0 0 0 0 0 0 0 0 0 0 0 0 0 0 0 0 0 0 0 0 0 0 0 0 0 0 0 0 0
N-002583,002583,Normal/002583.mp4,CCD,official,test,,,,0,,,10.0,,,,0 0 0 0 0 0 0 0 0 0 0 0 0 0 0 0 0 0 0 0 0 0 0 0 0 0 0 0 0 0 0 0 0 0 0 0 0 0 0 0 0 0 0 0 0 0 0 0 0 0
N-002584,002584,Normal/002584.mp4,CCD,official,train,,,,0,,,10.0,,,,0 0 0 0 0 0 0 0 0 0 0 0 0 0 0 0 0 0 0 0 0 0 0 0 0 0 0 0 0 0 0 0 0 0 0 0 0 0 0 0 0 0 0 0 0 0 0 0 0 0
N-002585,002585,Normal/002585.mp4,CCD,official,test,,,,0,,,10.0,,,,0 0 0 0 0 0 0 0 0 0 0 0 0 0 0 0 0 0 0 0 0 0 0 0 0 0 0 0 0 0 0 0 0 0 0 0 0 0 0 0 0 0 0 0 0 0 0 0 0 0
N-002586,002586,Normal/002586.mp4,CCD,official,val,,,,0,,,10.0,,,,0 0 0 0 0 0 0 0 0 0 0 0 0 0 0 0 0 0 0 0 0 0 0 0 0 0 0 0 0 0 0 0 0 0 0 0 0 0 0 0 0 0 0 0 0 0 0 0 0 0
N-002587,002587,Normal/002587.mp4,CCD,official,test,,,,0,,,10.0,,,,0 0 0 0 0 0 0 0 0 0 0 0 0 0 0 0 0 0 0 0 0 0 0 0 0 0 0 0 0 0 0 0 0 0 0 0 0 0 0 0 0 0 0 0 0 0 0 0 0 0
N-002588,002588,Normal/002588.mp4,CCD,official,train,,,,0,,,10.0,,,,0 0 0 0 0 0 0 0 0 0 0 0 0 0 0 0 0 0 0 0 0 0 0 0 0 0 0 0 0 0 0 0 0 0 0 0 0 0 0 0 0 0 0 0 0 0 0 0 0 0
N-002589,002589,Normal/002589.mp4,CCD,official,test,,,,0,,,10.0,,,,0 0 0 0 0 0 0 0 0 0 0 0 0 0 0 0 0 0 0 0 0 0 0 0 0 0 0 0 0 0 0 0 0 0 0 0 0 0 0 0 0 0 0 0 0 0 0 0 0 0
N-002590,002590,Normal/002590.mp4,CCD,official,val,,,,0,,,10.0,,,,0 0 0 0 0 0 0 0 0 0 0 0 0 0 0 0 0 0 0 0 0 0 0 0 0 0 0 0 0 0 0 0 0 0 0 0 0 0 0 0 0 0 0 0 0 0 0 0 0 0
N-002591,002591,Normal/002591.mp4,CCD,official,train,,,,0,,,10.0,,,,0 0 0 0 0 0 0 0 0 0 0 0 0 0 0 0 0 0 0 0 0 0 0 0 0 0 0 0 0 0 0 0 0 0 0 0 0 0 0 0 0 0 0 0 0 0 0 0 0 0
N-002592,002592,Normal/002592.mp4,CCD,official,test,,,,0,,,10.0,,,,0 0 0 0 0 0 0 0 0 0 0 0 0 0 0 0 0 0 0 0 0 0 0 0 0 0 0 0 0 0 0 0 0 0 0 0 0 0 0 0 0 0 0 0 0 0 0 0 0 0
N-002593,002593,Normal/002593.mp4,CCD,official,train,,,,0,,,10.0,,,,0 0 0 0 0 0 0 0 0 0 0 0 0 0 0 0 0 0 0 0 0 0 0 0 0 0 0 0 0 0 0 0 0 0 0 0 0 0 0 0 0 0 0 0 0 0 0 0 0 0
N-002594,002594,Normal/002594.mp4,CCD,official,val,,,,0,,,10.0,,,,0 0 0 0 0 0 0 0 0 0 0 0 0 0 0 0 0 0 0 0 0 0 0 0 0 0 0 0 0 0 0 0 0 0 0 0 0 0 0 0 0 0 0 0 0 0 0 0 0 0
N-002595,002595,Normal/002595.mp4,CCD,official,train,,,,0,,,10.0,,,,0 0 0 0 0 0 0 0 0 0 0 0 0 0 0 0 0 0 0 0 0 0 0 0 0 0 0 0 0 0 0 0 0 0 0 0 0 0 0 0 0 0 0 0 0 0 0 0 0 0
N-002596,002596,Normal/002596.mp4,CCD,official,train,,,,0,,,10.0,,,,0 0 0 0 0 0 0 0 0 0 0 0 0 0 0 0 0 0 0 0 0 0 0 0 0 0 0 0 0 0 0 0 0 0 0 0 0 0 0 0 0 0 0 0 0 0 0 0 0 0
N-002597,002597,Normal/002597.mp4,CCD,official,train,,,,0,,,10.0,,,,0 0 0 0 0 0 0 0 0 0 0 0 0 0 0 0 0 0 0 0 0 0 0 0 0 0 0 0 0 0 0 0 0 0 0 0 0 0 0 0 0 0 0 0 0 0 0 0 0 0
N-002598,002598,Normal/002598.mp4,CCD,official,test,,,,0,,,10.0,,,,0 0 0 0 0 0 0 0 0 0 0 0 0 0 0 0 0 0 0 0 0 0 0 0 0 0 0 0 0 0 0 0 0 0 0 0 0 0 0 0 0 0 0 0 0 0 0 0 0 0
N-002599,002599,Normal/002599.mp4,CCD,official,train,,,,0,,,10.0,,,,0 0 0 0 0 0 0 0 0 0 0 0 0 0 0 0 0 0 0 0 0 0 0 0 0 0 0 0 0 0 0 0 0 0 0 0 0 0 0 0 0 0 0 0 0 0 0 0 0 0
N-002600,002600,Normal/002600.mp4,CCD,official,val,,,,0,,,10.0,,,,0 0 0 0 0 0 0 0 0 0 0 0 0 0 0 0 0 0 0 0 0 0 0 0 0 0 0 0 0 0 0 0 0 0 0 0 0 0 0 0 0 0 0 0 0 0 0 0 0 0
N-002601,002601,Normal/002601.mp4,CCD,official,train,,,,0,,,10.0,,,,0 0 0 0 0 0 0 0 0 0 0 0 0 0 0 0 0 0 0 0 0 0 0 0 0 0 0 0 0 0 0 0 0 0 0 0 0 0 0 0 0 0 0 0 0 0 0 0 0 0
N-002602,002602,Normal/002602.mp4,CCD,official,val,,,,0,,,10.0,,,,0 0 0 0 0 0 0 0 0 0 0 0 0 0 0 0 0 0 0 0 0 0 0 0 0 0 0 0 0 0 0 0 0 0 0 0 0 0 0 0 0 0 0 0 0 0 0 0 0 0
N-002603,002603,Normal/002603.mp4,CCD,official,test,,,,0,,,10.0,,,,0 0 0 0 0 0 0 0 0 0 0 0 0 0 0 0 0 0 0 0 0 0 0 0 0 0 0 0 0 0 0 0 0 0 0 0 0 0 0 0 0 0 0 0 0 0 0 0 0 0
N-002604,002604,Normal/002604.mp4,CCD,official,test,,,,0,,,10.0,,,,0 0 0 0 0 0 0 0 0 0 0 0 0 0 0 0 0 0 0 0 0 0 0 0 0 0 0 0 0 0 0 0 0 0 0 0 0 0 0 0 0 0 0 0 0 0 0 0 0 0
N-002605,002605,Normal/002605.mp4,CCD,official,train,,,,0,,,10.0,,,,0 0 0 0 0 0 0 0 0 0 0 0 0 0 0 0 0 0 0 0 0 0 0 0 0 0 0 0 0 0 0 0 0 0 0 0 0 0 0 0 0 0 0 0 0 0 0 0 0 0
N-002606,002606,Normal/002606.mp4,CCD,official,train,,,,0,,,10.0,,,,0 0 0 0 0 0 0 0 0 0 0 0 0 0 0 0 0 0 0 0 0 0 0 0 0 0 0 0 0 0 0 0 0 0 0 0 0 0 0 0 0 0 0 0 0 0 0 0 0 0
N-002607,002607,Normal/002607.mp4,CCD,official,train,,,,0,,,10.0,,,,0 0 0 0 0 0 0 0 0 0 0 0 0 0 0 0 0 0 0 0 0 0 0 0 0 0 0 0 0 0 0 0 0 0 0 0 0 0 0 0 0 0 0 0 0 0 0 0 0 0
N-002608,002608,Normal/002608.mp4,CCD,official,train,,,,0,,,10.0,,,,0 0 0 0 0 0 0 0 0 0 0 0 0 0 0 0 0 0 0 0 0 0 0 0 0 0 0 0 0 0 0 0 0 0 0 0 0 0 0 0 0 0 0 0 0 0 0 0 0 0
N-002609,002609,Normal/002609.mp4,CCD,official,train,,,,0,,,10.0,,,,0 0 0 0 0 0 0 0 0 0 0 0 0 0 0 0 0 0 0 0 0 0 0 0 0 0 0 0 0 0 0 0 0 0 0 0 0 0 0 0 0 0 0 0 0 0 0 0 0 0
N-002610,002610,Normal/002610.mp4,CCD,official,test,,,,0,,,10.0,,,,0 0 0 0 0 0 0 0 0 0 0 0 0 0 0 0 0 0 0 0 0 0 0 0 0 0 0 0 0 0 0 0 0 0 0 0 0 0 0 0 0 0 0 0 0 0 0 0 0 0
N-002611,002611,Normal/002611.mp4,CCD,official,train,,,,0,,,10.0,,,,0 0 0 0 0 0 0 0 0 0 0 0 0 0 0 0 0 0 0 0 0 0 0 0 0 0 0 0 0 0 0 0 0 0 0 0 0 0 0 0 0 0 0 0 0 0 0 0 0 0
N-002612,002612,Normal/002612.mp4,CCD,official,train,,,,0,,,10.0,,,,0 0 0 0 0 0 0 0 0 0 0 0 0 0 0 0 0 0 0 0 0 0 0 0 0 0 0 0 0 0 0 0 0 0 0 0 0 0 0 0 0 0 0 0 0 0 0 0 0 0
N-002613,002613,Normal/002613.mp4,CCD,official,train,,,,0,,,10.0,,,,0 0 0 0 0 0 0 0 0 0 0 0 0 0 0 0 0 0 0 0 0 0 0 0 0 0 0 0 0 0 0 0 0 0 0 0 0 0 0 0 0 0 0 0 0 0 0 0 0 0
N-002614,002614,Normal/002614.mp4,CCD,official,val,,,,0,,,10.0,,,,0 0 0 0 0 0 0 0 0 0 0 0 0 0 0 0 0 0 0 0 0 0 0 0 0 0 0 0 0 0 0 0 0 0 0 0 0 0 0 0 0 0 0 0 0 0 0 0 0 0
N-002615,002615,Normal/002615.mp4,CCD,official,train,,,,0,,,10.0,,,,0 0 0 0 0 0 0 0 0 0 0 0 0 0 0 0 0 0 0 0 0 0 0 0 0 0 0 0 0 0 0 0 0 0 0 0 0 0 0 0 0 0 0 0 0 0 0 0 0 0
N-002616,002616,Normal/002616.mp4,CCD,official,test,,,,0,,,10.0,,,,0 0 0 0 0 0 0 0 0 0 0 0 0 0 0 0 0 0 0 0 0 0 0 0 0 0 0 0 0 0 0 0 0 0 0 0 0 0 0 0 0 0 0 0 0 0 0 0 0 0
N-002617,002617,Normal/002617.mp4,CCD,official,val,,,,0,,,10.0,,,,0 0 0 0 0 0 0 0 0 0 0 0 0 0 0 0 0 0 0 0 0 0 0 0 0 0 0 0 0 0 0 0 0 0 0 0 0 0 0 0 0 0 0 0 0 0 0 0 0 0
N-002618,002618,Normal/002618.mp4,CCD,official,train,,,,0,,,10.0,,,,0 0 0 0 0 0 0 0 0 0 0 0 0 0 0 0 0 0 0 0 0 0 0 0 0 0 0 0 0 0 0 0 0 0 0 0 0 0 0 0 0 0 0 0 0 0 0 0 0 0
N-002619,002619,Normal/002619.mp4,CCD,official,train,,,,0,,,10.0,,,,0 0 0 0 0 0 0 0 0 0 0 0 0 0 0 0 0 0 0 0 0 0 0 0 0 0 0 0 0 0 0 0 0 0 0 0 0 0 0 0 0 0 0 0 0 0 0 0 0 0
N-002620,002620,Normal/002620.mp4,CCD,official,train,,,,0,,,10.0,,,,0 0 0 0 0 0 0 0 0 0 0 0 0 0 0 0 0 0 0 0 0 0 0 0 0 0 0 0 0 0 0 0 0 0 0 0 0 0 0 0 0 0 0 0 0 0 0 0 0 0
N-002621,002621,Normal/002621.mp4,CCD,official,val,,,,0,,,10.0,,,,0 0 0 0 0 0 0 0 0 0 0 0 0 0 0 0 0 0 0 0 0 0 0 0 0 0 0 0 0 0 0 0 0 0 0 0 0 0 0 0 0 0 0 0 0 0 0 0 0 0
N-002622,002622,Normal/002622.mp4,CCD,official,train,,,,0,,,10.0,,,,0 0 0 0 0 0 0 0 0 0 0 0 0 0 0 0 0 0 0 0 0 0 0 0 0 0 0 0 0 0 0 0 0 0 0 0 0 0 0 0 0 0 0 0 0 0 0 0 0 0
N-002623,002623,Normal/002623.mp4,CCD,official,train,,,,0,,,10.0,,,,0 0 0 0 0 0 0 0 0 0 0 0 0 0 0 0 0 0 0 0 0 0 0 0 0 0 0 0 0 0 0 0 0 0 0 0 0 0 0 0 0 0 0 0 0 0 0 0 0 0
N-002624,002624,Normal/002624.mp4,CCD,official,train,,,,0,,,10.0,,,,0 0 0 0 0 0 0 0 0 0 0 0 0 0 0 0 0 0 0 0 0 0 0 0 0 0 0 0 0 0 0 0 0 0 0 0 0 0 0 0 0 0 0 0 0 0 0 0 0 0
N-002625,002625,Normal/002625.mp4,CCD,official,val,,,,0,,,10.0,,,,0 0 0 0 0 0 0 0 0 0 0 0 0 0 0 0 0 0 0 0 0 0 0 0 0 0 0 0 0 0 0 0 0 0 0 0 0 0 0 0 0 0 0 0 0 0 0 0 0 0
N-002626,002626,Normal/002626.mp4,CCD,official,test,,,,0,,,10.0,,,,0 0 0 0 0 0 0 0 0 0 0 0 0 0 0 0 0 0 0 0 0 0 0 0 0 0 0 0 0 0 0 0 0 0 0 0 0 0 0 0 0 0 0 0 0 0 0 0 0 0
N-002627,002627,Normal/002627.mp4,CCD,official,test,,,,0,,,10.0,,,,0 0 0 0 0 0 0 0 0 0 0 0 0 0 0 0 0 0 0 0 0 0 0 0 0 0 0 0 0 0 0 0 0 0 0 0 0 0 0 0 0 0 0 0 0 0 0 0 0 0
N-002628,002628,Normal/002628.mp4,CCD,official,test,,,,0,,,10.0,,,,0 0 0 0 0 0 0 0 0 0 0 0 0 0 0 0 0 0 0 0 0 0 0 0 0 0 0 0 0 0 0 0 0 0 0 0 0 0 0 0 0 0 0 0 0 0 0 0 0 0
N-002629,002629,Normal/002629.mp4,CCD,official,train,,,,0,,,10.0,,,,0 0 0 0 0 0 0 0 0 0 0 0 0 0 0 0 0 0 0 0 0 0 0 0 0 0 0 0 0 0 0 0 0 0 0 0 0 0 0 0 0 0 0 0 0 0 0 0 0 0
N-002630,002630,Normal/002630.mp4,CCD,official,train,,,,0,,,10.0,,,,0 0 0 0 0 0 0 0 0 0 0 0 0 0 0 0 0 0 0 0 0 0 0 0 0 0 0 0 0 0 0 0 0 0 0 0 0 0 0 0 0 0 0 0 0 0 0 0 0 0
N-002631,002631,Normal/002631.mp4,CCD,official,train,,,,0,,,10.0,,,,0 0 0 0 0 0 0 0 0 0 0 0 0 0 0 0 0 0 0 0 0 0 0 0 0 0 0 0 0 0 0 0 0 0 0 0 0 0 0 0 0 0 0 0 0 0 0 0 0 0
N-002632,002632,Normal/002632.mp4,CCD,official,test,,,,0,,,10.0,,,,0 0 0 0 0 0 0 0 0 0 0 0 0 0 0 0 0 0 0 0 0 0 0 0 0 0 0 0 0 0 0 0 0 0 0 0 0 0 0 0 0 0 0 0 0 0 0 0 0 0
N-002633,002633,Normal/002633.mp4,CCD,official,train,,,,0,,,10.0,,,,0 0 0 0 0 0 0 0 0 0 0 0 0 0 0 0 0 0 0 0 0 0 0 0 0 0 0 0 0 0 0 0 0 0 0 0 0 0 0 0 0 0 0 0 0 0 0 0 0 0
N-002634,002634,Normal/002634.mp4,CCD,official,train,,,,0,,,10.0,,,,0 0 0 0 0 0 0 0 0 0 0 0 0 0 0 0 0 0 0 0 0 0 0 0 0 0 0 0 0 0 0 0 0 0 0 0 0 0 0 0 0 0 0 0 0 0 0 0 0 0
N-002635,002635,Normal/002635.mp4,CCD,official,train,,,,0,,,10.0,,,,0 0 0 0 0 0 0 0 0 0 0 0 0 0 0 0 0 0 0 0 0 0 0 0 0 0 0 0 0 0 0 0 0 0 0 0 0 0 0 0 0 0 0 0 0 0 0 0 0 0
N-002636,002636,Normal/002636.mp4,CCD,official,train,,,,0,,,10.0,,,,0 0 0 0 0 0 0 0 0 0 0 0 0 0 0 0 0 0 0 0 0 0 0 0 0 0 0 0 0 0 0 0 0 0 0 0 0 0 0 0 0 0 0 0 0 0 0 0 0 0
N-002637,002637,Normal/002637.mp4,CCD,official,test,,,,0,,,10.0,,,,0 0 0 0 0 0 0 0 0 0 0 0 0 0 0 0 0 0 0 0 0 0 0 0 0 0 0 0 0 0 0 0 0 0 0 0 0 0 0 0 0 0 0 0 0 0 0 0 0 0
N-002638,002638,Normal/002638.mp4,CCD,official,val,,,,0,,,10.0,,,,0 0 0 0 0 0 0 0 0 0 0 0 0 0 0 0 0 0 0 0 0 0 0 0 0 0 0 0 0 0 0 0 0 0 0 0 0 0 0 0 0 0 0 0 0 0 0 0 0 0
N-002639,002639,Normal/002639.mp4,CCD,official,train,,,,0,,,10.0,,,,0 0 0 0 0 0 0 0 0 0 0 0 0 0 0 0 0 0 0 0 0 0 0 0 0 0 0 0 0 0 0 0 0 0 0 0 0 0 0 0 0 0 0 0 0 0 0 0 0 0
N-002640,002640,Normal/002640.mp4,CCD,official,train,,,,0,,,10.0,,,,0 0 0 0 0 0 0 0 0 0 0 0 0 0 0 0 0 0 0 0 0 0 0 0 0 0 0 0 0 0 0 0 0 0 0 0 0 0 0 0 0 0 0 0 0 0 0 0 0 0
N-002641,002641,Normal/002641.mp4,CCD,official,train,,,,0,,,10.0,,,,0 0 0 0 0 0 0 0 0 0 0 0 0 0 0 0 0 0 0 0 0 0 0 0 0 0 0 0 0 0 0 0 0 0 0 0 0 0 0 0 0 0 0 0 0 0 0 0 0 0
N-002642,002642,Normal/002642.mp4,CCD,official,train,,,,0,,,10.0,,,,0 0 0 0 0 0 0 0 0 0 0 0 0 0 0 0 0 0 0 0 0 0 0 0 0 0 0 0 0 0 0 0 0 0 0 0 0 0 0 0 0 0 0 0 0 0 0 0 0 0
N-002643,002643,Normal/002643.mp4,CCD,official,test,,,,0,,,10.0,,,,0 0 0 0 0 0 0 0 0 0 0 0 0 0 0 0 0 0 0 0 0 0 0 0 0 0 0 0 0 0 0 0 0 0 0 0 0 0 0 0 0 0 0 0 0 0 0 0 0 0
N-002644,002644,Normal/002644.mp4,CCD,official,train,,,,0,,,10.0,,,,0 0 0 0 0 0 0 0 0 0 0 0 0 0 0 0 0 0 0 0 0 0 0 0 0 0 0 0 0 0 0 0 0 0 0 0 0 0 0 0 0 0 0 0 0 0 0 0 0 0
N-002645,002645,Normal/002645.mp4,CCD,official,train,,,,0,,,10.0,,,,0 0 0 0 0 0 0 0 0 0 0 0 0 0 0 0 0 0 0 0 0 0 0 0 0 0 0 0 0 0 0 0 0 0 0 0 0 0 0 0 0 0 0 0 0 0 0 0 0 0
N-002646,002646,Normal/002646.mp4,CCD,official,val,,,,0,,,10.0,,,,0 0 0 0 0 0 0 0 0 0 0 0 0 0 0 0 0 0 0 0 0 0 0 0 0 0 0 0 0 0 0 0 0 0 0 0 0 0 0 0 0 0 0 0 0 0 0 0 0 0
N-002647,002647,Normal/002647.mp4,CCD,official,test,,,,0,,,10.0,,,,0 0 0 0 0 0 0 0 0 0 0 0 0 0 0 0 0 0 0 0 0 0 0 0 0 0 0 0 0 0 0 0 0 0 0 0 0 0 0 0 0 0 0 0 0 0 0 0 0 0
N-002648,002648,Normal/002648.mp4,CCD,official,test,,,,0,,,10.0,,,,0 0 0 0 0 0 0 0 0 0 0 0 0 0 0 0 0 0 0 0 0 0 0 0 0 0 0 0 0 0 0 0 0 0 0 0 0 0 0 0 0 0 0 0 0 0 0 0 0 0
N-002649,002649,Normal/002649.mp4,CCD,official,train,,,,0,,,10.0,,,,0 0 0 0 0 0 0 0 0 0 0 0 0 0 0 0 0 0 0 0 0 0 0 0 0 0 0 0 0 0 0 0 0 0 0 0 0 0 0 0 0 0 0 0 0 0 0 0 0 0
N-002650,002650,Normal/002650.mp4,CCD,official,train,,,,0,,,10.0,,,,0 0 0 0 0 0 0 0 0 0 0 0 0 0 0 0 0 0 0 0 0 0 0 0 0 0 0 0 0 0 0 0 0 0 0 0 0 0 0 0 0 0 0 0 0 0 0 0 0 0
N-002651,002651,Normal/002651.mp4,CCD,official,test,,,,0,,,10.0,,,,0 0 0 0 0 0 0 0 0 0 0 0 0 0 0 0 0 0 0 0 0 0 0 0 0 0 0 0 0 0 0 0 0 0 0 0 0 0 0 0 0 0 0 0 0 0 0 0 0 0
N-002652,002652,Normal/002652.mp4,CCD,official,val,,,,0,,,10.0,,,,0 0 0 0 0 0 0 0 0 0 0 0 0 0 0 0 0 0 0 0 0 0 0 0 0 0 0 0 0 0 0 0 0 0 0 0 0 0 0 0 0 0 0 0 0 0 0 0 0 0
N-002653,002653,Normal/002653.mp4,CCD,official,train,,,,0,,,10.0,,,,0 0 0 0 0 0 0 0 0 0 0 0 0 0 0 0 0 0 0 0 0 0 0 0 0 0 0 0 0 0 0 0 0 0 0 0 0 0 0 0 0 0 0 0 0 0 0 0 0 0
N-002654,002654,Normal/002654.mp4,CCD,official,test,,,,0,,,10.0,,,,0 0 0 0 0 0 0 0 0 0 0 0 0 0 0 0 0 0 0 0 0 0 0 0 0 0 0 0 0 0 0 0 0 0 0 0 0 0 0 0 0 0 0 0 0 0 0 0 0 0
N-002655,002655,Normal/002655.mp4,CCD,official,train,,,,0,,,10.0,,,,0 0 0 0 0 0 0 0 0 0 0 0 0 0 0 0 0 0 0 0 0 0 0 0 0 0 0 0 0 0 0 0 0 0 0 0 0 0 0 0 0 0 0 0 0 0 0 0 0 0
N-002656,002656,Normal/002656.mp4,CCD,official,train,,,,0,,,10.0,,,,0 0 0 0 0 0 0 0 0 0 0 0 0 0 0 0 0 0 0 0 0 0 0 0 0 0 0 0 0 0 0 0 0 0 0 0 0 0 0 0 0 0 0 0 0 0 0 0 0 0
N-002657,002657,Normal/002657.mp4,CCD,official,train,,,,0,,,10.0,,,,0 0 0 0 0 0 0 0 0 0 0 0 0 0 0 0 0 0 0 0 0 0 0 0 0 0 0 0 0 0 0 0 0 0 0 0 0 0 0 0 0 0 0 0 0 0 0 0 0 0
N-002658,002658,Normal/002658.mp4,CCD,official,test,,,,0,,,10.0,,,,0 0 0 0 0 0 0 0 0 0 0 0 0 0 0 0 0 0 0 0 0 0 0 0 0 0 0 0 0 0 0 0 0 0 0 0 0 0 0 0 0 0 0 0 0 0 0 0 0 0
N-002659,002659,Normal/002659.mp4,CCD,official,train,,,,0,,,10.0,,,,0 0 0 0 0 0 0 0 0 0 0 0 0 0 0 0 0 0 0 0 0 0 0 0 0 0 0 0 0 0 0 0 0 0 0 0 0 0 0 0 0 0 0 0 0 0 0 0 0 0
N-002660,002660,Normal/002660.mp4,CCD,official,test,,,,0,,,10.0,,,,0 0 0 0 0 0 0 0 0 0 0 0 0 0 0 0 0 0 0 0 0 0 0 0 0 0 0 0 0 0 0 0 0 0 0 0 0 0 0 0 0 0 0 0 0 0 0 0 0 0
N-002661,002661,Normal/002661.mp4,CCD,official,train,,,,0,,,10.0,,,,0 0 0 0 0 0 0 0 0 0 0 0 0 0 0 0 0 0 0 0 0 0 0 0 0 0 0 0 0 0 0 0 0 0 0 0 0 0 0 0 0 0 0 0 0 0 0 0 0 0
N-002662,002662,Normal/002662.mp4,CCD,official,test,,,,0,,,10.0,,,,0 0 0 0 0 0 0 0 0 0 0 0 0 0 0 0 0 0 0 0 0 0 0 0 0 0 0 0 0 0 0 0 0 0 0 0 0 0 0 0 0 0 0 0 0 0 0 0 0 0
N-002663,002663,Normal/002663.mp4,CCD,official,test,,,,0,,,10.0,,,,0 0 0 0 0 0 0 0 0 0 0 0 0 0 0 0 0 0 0 0 0 0 0 0 0 0 0 0 0 0 0 0 0 0 0 0 0 0 0 0 0 0 0 0 0 0 0 0 0 0
N-002664,002664,Normal/002664.mp4,CCD,official,train,,,,0,,,10.0,,,,0 0 0 0 0 0 0 0 0 0 0 0 0 0 0 0 0 0 0 0 0 0 0 0 0 0 0 0 0 0 0 0 0 0 0 0 0 0 0 0 0 0 0 0 0 0 0 0 0 0
N-002665,002665,Normal/002665.mp4,CCD,official,train,,,,0,,,10.0,,,,0 0 0 0 0 0 0 0 0 0 0 0 0 0 0 0 0 0 0 0 0 0 0 0 0 0 0 0 0 0 0 0 0 0 0 0 0 0 0 0 0 0 0 0 0 0 0 0 0 0
N-002666,002666,Normal/002666.mp4,CCD,official,test,,,,0,,,10.0,,,,0 0 0 0 0 0 0 0 0 0 0 0 0 0 0 0 0 0 0 0 0 0 0 0 0 0 0 0 0 0 0 0 0 0 0 0 0 0 0 0 0 0 0 0 0 0 0 0 0 0
N-002667,002667,Normal/002667.mp4,CCD,official,train,,,,0,,,10.0,,,,0 0 0 0 0 0 0 0 0 0 0 0 0 0 0 0 0 0 0 0 0 0 0 0 0 0 0 0 0 0 0 0 0 0 0 0 0 0 0 0 0 0 0 0 0 0 0 0 0 0
N-002668,002668,Normal/002668.mp4,CCD,official,train,,,,0,,,10.0,,,,0 0 0 0 0 0 0 0 0 0 0 0 0 0 0 0 0 0 0 0 0 0 0 0 0 0 0 0 0 0 0 0 0 0 0 0 0 0 0 0 0 0 0 0 0 0 0 0 0 0
N-002669,002669,Normal/002669.mp4,CCD,official,train,,,,0,,,10.0,,,,0 0 0 0 0 0 0 0 0 0 0 0 0 0 0 0 0 0 0 0 0 0 0 0 0 0 0 0 0 0 0 0 0 0 0 0 0 0 0 0 0 0 0 0 0 0 0 0 0 0
N-002670,002670,Normal/002670.mp4,CCD,official,test,,,,0,,,10.0,,,,0 0 0 0 0 0 0 0 0 0 0 0 0 0 0 0 0 0 0 0 0 0 0 0 0 0 0 0 0 0 0 0 0 0 0 0 0 0 0 0 0 0 0 0 0 0 0 0 0 0
N-002671,002671,Normal/002671.mp4,CCD,official,train,,,,0,,,10.0,,,,0 0 0 0 0 0 0 0 0 0 0 0 0 0 0 0 0 0 0 0 0 0 0 0 0 0 0 0 0 0 0 0 0 0 0 0 0 0 0 0 0 0 0 0 0 0 0 0 0 0
N-002672,002672,Normal/002672.mp4,CCD,official,val,,,,0,,,10.0,,,,0 0 0 0 0 0 0 0 0 0 0 0 0 0 0 0 0 0 0 0 0 0 0 0 0 0 0 0 0 0 0 0 0 0 0 0 0 0 0 0 0 0 0 0 0 0 0 0 0 0
N-002673,002673,Normal/002673.mp4,CCD,official,test,,,,0,,,10.0,,,,0 0 0 0 0 0 0 0 0 0 0 0 0 0 0 0 0 0 0 0 0 0 0 0 0 0 0 0 0 0 0 0 0 0 0 0 0 0 0 0 0 0 0 0 0 0 0 0 0 0
N-002674,002674,Normal/002674.mp4,CCD,official,test,,,,0,,,10.0,,,,0 0 0 0 0 0 0 0 0 0 0 0 0 0 0 0 0 0 0 0 0 0 0 0 0 0 0 0 0 0 0 0 0 0 0 0 0 0 0 0 0 0 0 0 0 0 0 0 0 0
N-002675,002675,Normal/002675.mp4,CCD,official,val,,,,0,,,10.0,,,,0 0 0 0 0 0 0 0 0 0 0 0 0 0 0 0 0 0 0 0 0 0 0 0 0 0 0 0 0 0 0 0 0 0 0 0 0 0 0 0 0 0 0 0 0 0 0 0 0 0
N-002676,002676,Normal/002676.mp4,CCD,official,train,,,,0,,,10.0,,,,0 0 0 0 0 0 0 0 0 0 0 0 0 0 0 0 0 0 0 0 0 0 0 0 0 0 0 0 0 0 0 0 0 0 0 0 0 0 0 0 0 0 0 0 0 0 0 0 0 0
N-002677,002677,Normal/002677.mp4,CCD,official,train,,,,0,,,10.0,,,,0 0 0 0 0 0 0 0 0 0 0 0 0 0 0 0 0 0 0 0 0 0 0 0 0 0 0 0 0 0 0 0 0 0 0 0 0 0 0 0 0 0 0 0 0 0 0 0 0 0
N-002678,002678,Normal/002678.mp4,CCD,official,test,,,,0,,,10.0,,,,0 0 0 0 0 0 0 0 0 0 0 0 0 0 0 0 0 0 0 0 0 0 0 0 0 0 0 0 0 0 0 0 0 0 0 0 0 0 0 0 0 0 0 0 0 0 0 0 0 0
N-002679,002679,Normal/002679.mp4,CCD,official,train,,,,0,,,10.0,,,,0 0 0 0 0 0 0 0 0 0 0 0 0 0 0 0 0 0 0 0 0 0 0 0 0 0 0 0 0 0 0 0 0 0 0 0 0 0 0 0 0 0 0 0 0 0 0 0 0 0
N-002680,002680,Normal/002680.mp4,CCD,official,test,,,,0,,,10.0,,,,0 0 0 0 0 0 0 0 0 0 0 0 0 0 0 0 0 0 0 0 0 0 0 0 0 0 0 0 0 0 0 0 0 0 0 0 0 0 0 0 0 0 0 0 0 0 0 0 0 0
N-002681,002681,Normal/002681.mp4,CCD,official,train,,,,0,,,10.0,,,,0 0 0 0 0 0 0 0 0 0 0 0 0 0 0 0 0 0 0 0 0 0 0 0 0 0 0 0 0 0 0 0 0 0 0 0 0 0 0 0 0 0 0 0 0 0 0 0 0 0
N-002682,002682,Normal/002682.mp4,CCD,official,val,,,,0,,,10.0,,,,0 0 0 0 0 0 0 0 0 0 0 0 0 0 0 0 0 0 0 0 0 0 0 0 0 0 0 0 0 0 0 0 0 0 0 0 0 0 0 0 0 0 0 0 0 0 0 0 0 0
N-002683,002683,Normal/002683.mp4,CCD,official,train,,,,0,,,10.0,,,,0 0 0 0 0 0 0 0 0 0 0 0 0 0 0 0 0 0 0 0 0 0 0 0 0 0 0 0 0 0 0 0 0 0 0 0 0 0 0 0 0 0 0 0 0 0 0 0 0 0
N-002684,002684,Normal/002684.mp4,CCD,official,train,,,,0,,,10.0,,,,0 0 0 0 0 0 0 0 0 0 0 0 0 0 0 0 0 0 0 0 0 0 0 0 0 0 0 0 0 0 0 0 0 0 0 0 0 0 0 0 0 0 0 0 0 0 0 0 0 0
N-002685,002685,Normal/002685.mp4,CCD,official,train,,,,0,,,10.0,,,,0 0 0 0 0 0 0 0 0 0 0 0 0 0 0 0 0 0 0 0 0 0 0 0 0 0 0 0 0 0 0 0 0 0 0 0 0 0 0 0 0 0 0 0 0 0 0 0 0 0
N-002686,002686,Normal/002686.mp4,CCD,official,train,,,,0,,,10.0,,,,0 0 0 0 0 0 0 0 0 0 0 0 0 0 0 0 0 0 0 0 0 0 0 0 0 0 0 0 0 0 0 0 0 0 0 0 0 0 0 0 0 0 0 0 0 0 0 0 0 0
N-002687,002687,Normal/002687.mp4,CCD,official,train,,,,0,,,10.0,,,,0 0 0 0 0 0 0 0 0 0 0 0 0 0 0 0 0 0 0 0 0 0 0 0 0 0 0 0 0 0 0 0 0 0 0 0 0 0 0 0 0 0 0 0 0 0 0 0 0 0
N-002688,002688,Normal/002688.mp4,CCD,official,test,,,,0,,,10.0,,,,0 0 0 0 0 0 0 0 0 0 0 0 0 0 0 0 0 0 0 0 0 0 0 0 0 0 0 0 0 0 0 0 0 0 0 0 0 0 0 0 0 0 0 0 0 0 0 0 0 0
N-002689,002689,Normal/002689.mp4,CCD,official,test,,,,0,,,10.0,,,,0 0 0 0 0 0 0 0 0 0 0 0 0 0 0 0 0 0 0 0 0 0 0 0 0 0 0 0 0 0 0 0 0 0 0 0 0 0 0 0 0 0 0 0 0 0 0 0 0 0
N-002690,002690,Normal/002690.mp4,CCD,official,test,,,,0,,,10.0,,,,0 0 0 0 0 0 0 0 0 0 0 0 0 0 0 0 0 0 0 0 0 0 0 0 0 0 0 0 0 0 0 0 0 0 0 0 0 0 0 0 0 0 0 0 0 0 0 0 0 0
N-002691,002691,Normal/002691.mp4,CCD,official,train,,,,0,,,10.0,,,,0 0 0 0 0 0 0 0 0 0 0 0 0 0 0 0 0 0 0 0 0 0 0 0 0 0 0 0 0 0 0 0 0 0 0 0 0 0 0 0 0 0 0 0 0 0 0 0 0 0
N-002692,002692,Normal/002692.mp4,CCD,official,train,,,,0,,,10.0,,,,0 0 0 0 0 0 0 0 0 0 0 0 0 0 0 0 0 0 0 0 0 0 0 0 0 0 0 0 0 0 0 0 0 0 0 0 0 0 0 0 0 0 0 0 0 0 0 0 0 0
N-002693,002693,Normal/002693.mp4,CCD,official,train,,,,0,,,10.0,,,,0 0 0 0 0 0 0 0 0 0 0 0 0 0 0 0 0 0 0 0 0 0 0 0 0 0 0 0 0 0 0 0 0 0 0 0 0 0 0 0 0 0 0 0 0 0 0 0 0 0
N-002694,002694,Normal/002694.mp4,CCD,official,train,,,,0,,,10.0,,,,0 0 0 0 0 0 0 0 0 0 0 0 0 0 0 0 0 0 0 0 0 0 0 0 0 0 0 0 0 0 0 0 0 0 0 0 0 0 0 0 0 0 0 0 0 0 0 0 0 0
N-002695,002695,Normal/002695.mp4,CCD,official,train,,,,0,,,10.0,,,,0 0 0 0 0 0 0 0 0 0 0 0 0 0 0 0 0 0 0 0 0 0 0 0 0 0 0 0 0 0 0 0 0 0 0 0 0 0 0 0 0 0 0 0 0 0 0 0 0 0
N-002696,002696,Normal/002696.mp4,CCD,official,train,,,,0,,,10.0,,,,0 0 0 0 0 0 0 0 0 0 0 0 0 0 0 0 0 0 0 0 0 0 0 0 0 0 0 0 0 0 0 0 0 0 0 0 0 0 0 0 0 0 0 0 0 0 0 0 0 0
N-002697,002697,Normal/002697.mp4,CCD,official,train,,,,0,,,10.0,,,,0 0 0 0 0 0 0 0 0 0 0 0 0 0 0 0 0 0 0 0 0 0 0 0 0 0 0 0 0 0 0 0 0 0 0 0 0 0 0 0 0 0 0 0 0 0 0 0 0 0
N-002698,002698,Normal/002698.mp4,CCD,official,test,,,,0,,,10.0,,,,0 0 0 0 0 0 0 0 0 0 0 0 0 0 0 0 0 0 0 0 0 0 0 0 0 0 0 0 0 0 0 0 0 0 0 0 0 0 0 0 0 0 0 0 0 0 0 0 0 0
N-002699,002699,Normal/002699.mp4,CCD,official,test,,,,0,,,10.0,,,,0 0 0 0 0 0 0 0 0 0 0 0 0 0 0 0 0 0 0 0 0 0 0 0 0 0 0 0 0 0 0 0 0 0 0 0 0 0 0 0 0 0 0 0 0 0 0 0 0 0
N-002700,002700,Normal/002700.mp4,CCD,official,test,,,,0,,,10.0,,,,0 0 0 0 0 0 0 0 0 0 0 0 0 0 0 0 0 0 0 0 0 0 0 0 0 0 0 0 0 0 0 0 0 0 0 0 0 0 0 0 0 0 0 0 0 0 0 0 0 0
N-002701,002701,Normal/002701.mp4,CCD,official,train,,,,0,,,10.0,,,,0 0 0 0 0 0 0 0 0 0 0 0 0 0 0 0 0 0 0 0 0 0 0 0 0 0 0 0 0 0 0 0 0 0 0 0 0 0 0 0 0 0 0 0 0 0 0 0 0 0
N-002702,002702,Normal/002702.mp4,CCD,official,train,,,,0,,,10.0,,,,0 0 0 0 0 0 0 0 0 0 0 0 0 0 0 0 0 0 0 0 0 0 0 0 0 0 0 0 0 0 0 0 0 0 0 0 0 0 0 0 0 0 0 0 0 0 0 0 0 0
N-002703,002703,Normal/002703.mp4,CCD,official,train,,,,0,,,10.0,,,,0 0 0 0 0 0 0 0 0 0 0 0 0 0 0 0 0 0 0 0 0 0 0 0 0 0 0 0 0 0 0 0 0 0 0 0 0 0 0 0 0 0 0 0 0 0 0 0 0 0
N-002704,002704,Normal/002704.mp4,CCD,official,train,,,,0,,,10.0,,,,0 0 0 0 0 0 0 0 0 0 0 0 0 0 0 0 0 0 0 0 0 0 0 0 0 0 0 0 0 0 0 0 0 0 0 0 0 0 0 0 0 0 0 0 0 0 0 0 0 0
N-002705,002705,Normal/002705.mp4,CCD,official,train,,,,0,,,10.0,,,,0 0 0 0 0 0 0 0 0 0 0 0 0 0 0 0 0 0 0 0 0 0 0 0 0 0 0 0 0 0 0 0 0 0 0 0 0 0 0 0 0 0 0 0 0 0 0 0 0 0
N-002706,002706,Normal/002706.mp4,CCD,official,train,,,,0,,,10.0,,,,0 0 0 0 0 0 0 0 0 0 0 0 0 0 0 0 0 0 0 0 0 0 0 0 0 0 0 0 0 0 0 0 0 0 0 0 0 0 0 0 0 0 0 0 0 0 0 0 0 0
N-002707,002707,Normal/002707.mp4,CCD,official,train,,,,0,,,10.0,,,,0 0 0 0 0 0 0 0 0 0 0 0 0 0 0 0 0 0 0 0 0 0 0 0 0 0 0 0 0 0 0 0 0 0 0 0 0 0 0 0 0 0 0 0 0 0 0 0 0 0
N-002708,002708,Normal/002708.mp4,CCD,official,train,,,,0,,,10.0,,,,0 0 0 0 0 0 0 0 0 0 0 0 0 0 0 0 0 0 0 0 0 0 0 0 0 0 0 0 0 0 0 0 0 0 0 0 0 0 0 0 0 0 0 0 0 0 0 0 0 0
N-002709,002709,Normal/002709.mp4,CCD,official,train,,,,0,,,10.0,,,,0 0 0 0 0 0 0 0 0 0 0 0 0 0 0 0 0 0 0 0 0 0 0 0 0 0 0 0 0 0 0 0 0 0 0 0 0 0 0 0 0 0 0 0 0 0 0 0 0 0
N-002710,002710,Normal/002710.mp4,CCD,official,train,,,,0,,,10.0,,,,0 0 0 0 0 0 0 0 0 0 0 0 0 0 0 0 0 0 0 0 0 0 0 0 0 0 0 0 0 0 0 0 0 0 0 0 0 0 0 0 0 0 0 0 0 0 0 0 0 0
N-002711,002711,Normal/002711.mp4,CCD,official,train,,,,0,,,10.0,,,,0 0 0 0 0 0 0 0 0 0 0 0 0 0 0 0 0 0 0 0 0 0 0 0 0 0 0 0 0 0 0 0 0 0 0 0 0 0 0 0 0 0 0 0 0 0 0 0 0 0
N-002712,002712,Normal/002712.mp4,CCD,official,train,,,,0,,,10.0,,,,0 0 0 0 0 0 0 0 0 0 0 0 0 0 0 0 0 0 0 0 0 0 0 0 0 0 0 0 0 0 0 0 0 0 0 0 0 0 0 0 0 0 0 0 0 0 0 0 0 0
N-002713,002713,Normal/002713.mp4,CCD,official,train,,,,0,,,10.0,,,,0 0 0 0 0 0 0 0 0 0 0 0 0 0 0 0 0 0 0 0 0 0 0 0 0 0 0 0 0 0 0 0 0 0 0 0 0 0 0 0 0 0 0 0 0 0 0 0 0 0
N-002714,002714,Normal/002714.mp4,CCD,official,val,,,,0,,,10.0,,,,0 0 0 0 0 0 0 0 0 0 0 0 0 0 0 0 0 0 0 0 0 0 0 0 0 0 0 0 0 0 0 0 0 0 0 0 0 0 0 0 0 0 0 0 0 0 0 0 0 0
N-002715,002715,Normal/002715.mp4,CCD,official,train,,,,0,,,10.0,,,,0 0 0 0 0 0 0 0 0 0 0 0 0 0 0 0 0 0 0 0 0 0 0 0 0 0 0 0 0 0 0 0 0 0 0 0 0 0 0 0 0 0 0 0 0 0 0 0 0 0
N-002716,002716,Normal/002716.mp4,CCD,official,val,,,,0,,,10.0,,,,0 0 0 0 0 0 0 0 0 0 0 0 0 0 0 0 0 0 0 0 0 0 0 0 0 0 0 0 0 0 0 0 0 0 0 0 0 0 0 0 0 0 0 0 0 0 0 0 0 0
N-002717,002717,Normal/002717.mp4,CCD,official,train,,,,0,,,10.0,,,,0 0 0 0 0 0 0 0 0 0 0 0 0 0 0 0 0 0 0 0 0 0 0 0 0 0 0 0 0 0 0 0 0 0 0 0 0 0 0 0 0 0 0 0 0 0 0 0 0 0
N-002718,002718,Normal/002718.mp4,CCD,official,train,,,,0,,,10.0,,,,0 0 0 0 0 0 0 0 0 0 0 0 0 0 0 0 0 0 0 0 0 0 0 0 0 0 0 0 0 0 0 0 0 0 0 0 0 0 0 0 0 0 0 0 0 0 0 0 0 0
N-002719,002719,Normal/002719.mp4,CCD,official,train,,,,0,,,10.0,,,,0 0 0 0 0 0 0 0 0 0 0 0 0 0 0 0 0 0 0 0 0 0 0 0 0 0 0 0 0 0 0 0 0 0 0 0 0 0 0 0 0 0 0 0 0 0 0 0 0 0
N-002720,002720,Normal/002720.mp4,CCD,official,train,,,,0,,,10.0,,,,0 0 0 0 0 0 0 0 0 0 0 0 0 0 0 0 0 0 0 0 0 0 0 0 0 0 0 0 0 0 0 0 0 0 0 0 0 0 0 0 0 0 0 0 0 0 0 0 0 0
N-002721,002721,Normal/002721.mp4,CCD,official,train,,,,0,,,10.0,,,,0 0 0 0 0 0 0 0 0 0 0 0 0 0 0 0 0 0 0 0 0 0 0 0 0 0 0 0 0 0 0 0 0 0 0 0 0 0 0 0 0 0 0 0 0 0 0 0 0 0
N-002722,002722,Normal/002722.mp4,CCD,official,train,,,,0,,,10.0,,,,0 0 0 0 0 0 0 0 0 0 0 0 0 0 0 0 0 0 0 0 0 0 0 0 0 0 0 0 0 0 0 0 0 0 0 0 0 0 0 0 0 0 0 0 0 0 0 0 0 0
N-002723,002723,Normal/002723.mp4,CCD,official,train,,,,0,,,10.0,,,,0 0 0 0 0 0 0 0 0 0 0 0 0 0 0 0 0 0 0 0 0 0 0 0 0 0 0 0 0 0 0 0 0 0 0 0 0 0 0 0 0 0 0 0 0 0 0 0 0 0
N-002724,002724,Normal/002724.mp4,CCD,official,test,,,,0,,,10.0,,,,0 0 0 0 0 0 0 0 0 0 0 0 0 0 0 0 0 0 0 0 0 0 0 0 0 0 0 0 0 0 0 0 0 0 0 0 0 0 0 0 0 0 0 0 0 0 0 0 0 0
N-002725,002725,Normal/002725.mp4,CCD,official,train,,,,0,,,10.0,,,,0 0 0 0 0 0 0 0 0 0 0 0 0 0 0 0 0 0 0 0 0 0 0 0 0 0 0 0 0 0 0 0 0 0 0 0 0 0 0 0 0 0 0 0 0 0 0 0 0 0
N-002726,002726,Normal/002726.mp4,CCD,official,test,,,,0,,,10.0,,,,0 0 0 0 0 0 0 0 0 0 0 0 0 0 0 0 0 0 0 0 0 0 0 0 0 0 0 0 0 0 0 0 0 0 0 0 0 0 0 0 0 0 0 0 0 0 0 0 0 0
N-002727,002727,Normal/002727.mp4,CCD,official,train,,,,0,,,10.0,,,,0 0 0 0 0 0 0 0 0 0 0 0 0 0 0 0 0 0 0 0 0 0 0 0 0 0 0 0 0 0 0 0 0 0 0 0 0 0 0 0 0 0 0 0 0 0 0 0 0 0
N-002728,002728,Normal/002728.mp4,CCD,official,train,,,,0,,,10.0,,,,0 0 0 0 0 0 0 0 0 0 0 0 0 0 0 0 0 0 0 0 0 0 0 0 0 0 0 0 0 0 0 0 0 0 0 0 0 0 0 0 0 0 0 0 0 0 0 0 0 0
N-002729,002729,Normal/002729.mp4,CCD,official,train,,,,0,,,10.0,,,,0 0 0 0 0 0 0 0 0 0 0 0 0 0 0 0 0 0 0 0 0 0 0 0 0 0 0 0 0 0 0 0 0 0 0 0 0 0 0 0 0 0 0 0 0 0 0 0 0 0
N-002730,002730,Normal/002730.mp4,CCD,official,test,,,,0,,,10.0,,,,0 0 0 0 0 0 0 0 0 0 0 0 0 0 0 0 0 0 0 0 0 0 0 0 0 0 0 0 0 0 0 0 0 0 0 0 0 0 0 0 0 0 0 0 0 0 0 0 0 0
N-002731,002731,Normal/002731.mp4,CCD,official,test,,,,0,,,10.0,,,,0 0 0 0 0 0 0 0 0 0 0 0 0 0 0 0 0 0 0 0 0 0 0 0 0 0 0 0 0 0 0 0 0 0 0 0 0 0 0 0 0 0 0 0 0 0 0 0 0 0
N-002732,002732,Normal/002732.mp4,CCD,official,test,,,,0,,,10.0,,,,0 0 0 0 0 0 0 0 0 0 0 0 0 0 0 0 0 0 0 0 0 0 0 0 0 0 0 0 0 0 0 0 0 0 0 0 0 0 0 0 0 0 0 0 0 0 0 0 0 0
N-002733,002733,Normal/002733.mp4,CCD,official,train,,,,0,,,10.0,,,,0 0 0 0 0 0 0 0 0 0 0 0 0 0 0 0 0 0 0 0 0 0 0 0 0 0 0 0 0 0 0 0 0 0 0 0 0 0 0 0 0 0 0 0 0 0 0 0 0 0
N-002734,002734,Normal/002734.mp4,CCD,official,test,,,,0,,,10.0,,,,0 0 0 0 0 0 0 0 0 0 0 0 0 0 0 0 0 0 0 0 0 0 0 0 0 0 0 0 0 0 0 0 0 0 0 0 0 0 0 0 0 0 0 0 0 0 0 0 0 0
N-002735,002735,Normal/002735.mp4,CCD,official,train,,,,0,,,10.0,,,,0 0 0 0 0 0 0 0 0 0 0 0 0 0 0 0 0 0 0 0 0 0 0 0 0 0 0 0 0 0 0 0 0 0 0 0 0 0 0 0 0 0 0 0 0 0 0 0 0 0
N-002736,002736,Normal/002736.mp4,CCD,official,val,,,,0,,,10.0,,,,0 0 0 0 0 0 0 0 0 0 0 0 0 0 0 0 0 0 0 0 0 0 0 0 0 0 0 0 0 0 0 0 0 0 0 0 0 0 0 0 0 0 0 0 0 0 0 0 0 0
N-002737,002737,Normal/002737.mp4,CCD,official,test,,,,0,,,10.0,,,,0 0 0 0 0 0 0 0 0 0 0 0 0 0 0 0 0 0 0 0 0 0 0 0 0 0 0 0 0 0 0 0 0 0 0 0 0 0 0 0 0 0 0 0 0 0 0 0 0 0
N-002738,002738,Normal/002738.mp4,CCD,official,train,,,,0,,,10.0,,,,0 0 0 0 0 0 0 0 0 0 0 0 0 0 0 0 0 0 0 0 0 0 0 0 0 0 0 0 0 0 0 0 0 0 0 0 0 0 0 0 0 0 0 0 0 0 0 0 0 0
N-002739,002739,Normal/002739.mp4,CCD,official,train,,,,0,,,10.0,,,,0 0 0 0 0 0 0 0 0 0 0 0 0 0 0 0 0 0 0 0 0 0 0 0 0 0 0 0 0 0 0 0 0 0 0 0 0 0 0 0 0 0 0 0 0 0 0 0 0 0
N-002740,002740,Normal/002740.mp4,CCD,official,val,,,,0,,,10.0,,,,0 0 0 0 0 0 0 0 0 0 0 0 0 0 0 0 0 0 0 0 0 0 0 0 0 0 0 0 0 0 0 0 0 0 0 0 0 0 0 0 0 0 0 0 0 0 0 0 0 0
N-002741,002741,Normal/002741.mp4,CCD,official,val,,,,0,,,10.0,,,,0 0 0 0 0 0 0 0 0 0 0 0 0 0 0 0 0 0 0 0 0 0 0 0 0 0 0 0 0 0 0 0 0 0 0 0 0 0 0 0 0 0 0 0 0 0 0 0 0 0
N-002742,002742,Normal/002742.mp4,CCD,official,train,,,,0,,,10.0,,,,0 0 0 0 0 0 0 0 0 0 0 0 0 0 0 0 0 0 0 0 0 0 0 0 0 0 0 0 0 0 0 0 0 0 0 0 0 0 0 0 0 0 0 0 0 0 0 0 0 0
N-002743,002743,Normal/002743.mp4,CCD,official,train,,,,0,,,10.0,,,,0 0 0 0 0 0 0 0 0 0 0 0 0 0 0 0 0 0 0 0 0 0 0 0 0 0 0 0 0 0 0 0 0 0 0 0 0 0 0 0 0 0 0 0 0 0 0 0 0 0
N-002744,002744,Normal/002744.mp4,CCD,official,test,,,,0,,,10.0,,,,0 0 0 0 0 0 0 0 0 0 0 0 0 0 0 0 0 0 0 0 0 0 0 0 0 0 0 0 0 0 0 0 0 0 0 0 0 0 0 0 0 0 0 0 0 0 0 0 0 0
N-002745,002745,Normal/002745.mp4,CCD,official,test,,,,0,,,10.0,,,,0 0 0 0 0 0 0 0 0 0 0 0 0 0 0 0 0 0 0 0 0 0 0 0 0 0 0 0 0 0 0 0 0 0 0 0 0 0 0 0 0 0 0 0 0 0 0 0 0 0
N-002746,002746,Normal/002746.mp4,CCD,official,train,,,,0,,,10.0,,,,0 0 0 0 0 0 0 0 0 0 0 0 0 0 0 0 0 0 0 0 0 0 0 0 0 0 0 0 0 0 0 0 0 0 0 0 0 0 0 0 0 0 0 0 0 0 0 0 0 0
N-002747,002747,Normal/002747.mp4,CCD,official,train,,,,0,,,10.0,,,,0 0 0 0 0 0 0 0 0 0 0 0 0 0 0 0 0 0 0 0 0 0 0 0 0 0 0 0 0 0 0 0 0 0 0 0 0 0 0 0 0 0 0 0 0 0 0 0 0 0
N-002748,002748,Normal/002748.mp4,CCD,official,train,,,,0,,,10.0,,,,0 0 0 0 0 0 0 0 0 0 0 0 0 0 0 0 0 0 0 0 0 0 0 0 0 0 0 0 0 0 0 0 0 0 0 0 0 0 0 0 0 0 0 0 0 0 0 0 0 0
N-002749,002749,Normal/002749.mp4,CCD,official,train,,,,0,,,10.0,,,,0 0 0 0 0 0 0 0 0 0 0 0 0 0 0 0 0 0 0 0 0 0 0 0 0 0 0 0 0 0 0 0 0 0 0 0 0 0 0 0 0 0 0 0 0 0 0 0 0 0
N-002750,002750,Normal/002750.mp4,CCD,official,test,,,,0,,,10.0,,,,0 0 0 0 0 0 0 0 0 0 0 0 0 0 0 0 0 0 0 0 0 0 0 0 0 0 0 0 0 0 0 0 0 0 0 0 0 0 0 0 0 0 0 0 0 0 0 0 0 0
N-002751,002751,Normal/002751.mp4,CCD,official,test,,,,0,,,10.0,,,,0 0 0 0 0 0 0 0 0 0 0 0 0 0 0 0 0 0 0 0 0 0 0 0 0 0 0 0 0 0 0 0 0 0 0 0 0 0 0 0 0 0 0 0 0 0 0 0 0 0
N-002752,002752,Normal/002752.mp4,CCD,official,test,,,,0,,,10.0,,,,0 0 0 0 0 0 0 0 0 0 0 0 0 0 0 0 0 0 0 0 0 0 0 0 0 0 0 0 0 0 0 0 0 0 0 0 0 0 0 0 0 0 0 0 0 0 0 0 0 0
N-002753,002753,Normal/002753.mp4,CCD,official,train,,,,0,,,10.0,,,,0 0 0 0 0 0 0 0 0 0 0 0 0 0 0 0 0 0 0 0 0 0 0 0 0 0 0 0 0 0 0 0 0 0 0 0 0 0 0 0 0 0 0 0 0 0 0 0 0 0
N-002754,002754,Normal/002754.mp4,CCD,official,val,,,,0,,,10.0,,,,0 0 0 0 0 0 0 0 0 0 0 0 0 0 0 0 0 0 0 0 0 0 0 0 0 0 0 0 0 0 0 0 0 0 0 0 0 0 0 0 0 0 0 0 0 0 0 0 0 0
N-002755,002755,Normal/002755.mp4,CCD,official,val,,,,0,,,10.0,,,,0 0 0 0 0 0 0 0 0 0 0 0 0 0 0 0 0 0 0 0 0 0 0 0 0 0 0 0 0 0 0 0 0 0 0 0 0 0 0 0 0 0 0 0 0 0 0 0 0 0
N-002756,002756,Normal/002756.mp4,CCD,official,train,,,,0,,,10.0,,,,0 0 0 0 0 0 0 0 0 0 0 0 0 0 0 0 0 0 0 0 0 0 0 0 0 0 0 0 0 0 0 0 0 0 0 0 0 0 0 0 0 0 0 0 0 0 0 0 0 0
N-002757,002757,Normal/002757.mp4,CCD,official,train,,,,0,,,10.0,,,,0 0 0 0 0 0 0 0 0 0 0 0 0 0 0 0 0 0 0 0 0 0 0 0 0 0 0 0 0 0 0 0 0 0 0 0 0 0 0 0 0 0 0 0 0 0 0 0 0 0
N-002758,002758,Normal/002758.mp4,CCD,official,train,,,,0,,,10.0,,,,0 0 0 0 0 0 0 0 0 0 0 0 0 0 0 0 0 0 0 0 0 0 0 0 0 0 0 0 0 0 0 0 0 0 0 0 0 0 0 0 0 0 0 0 0 0 0 0 0 0
N-002759,002759,Normal/002759.mp4,CCD,official,train,,,,0,,,10.0,,,,0 0 0 0 0 0 0 0 0 0 0 0 0 0 0 0 0 0 0 0 0 0 0 0 0 0 0 0 0 0 0 0 0 0 0 0 0 0 0 0 0 0 0 0 0 0 0 0 0 0
N-002760,002760,Normal/002760.mp4,CCD,official,val,,,,0,,,10.0,,,,0 0 0 0 0 0 0 0 0 0 0 0 0 0 0 0 0 0 0 0 0 0 0 0 0 0 0 0 0 0 0 0 0 0 0 0 0 0 0 0 0 0 0 0 0 0 0 0 0 0
N-002761,002761,Normal/002761.mp4,CCD,official,train,,,,0,,,10.0,,,,0 0 0 0 0 0 0 0 0 0 0 0 0 0 0 0 0 0 0 0 0 0 0 0 0 0 0 0 0 0 0 0 0 0 0 0 0 0 0 0 0 0 0 0 0 0 0 0 0 0
N-002762,002762,Normal/002762.mp4,CCD,official,test,,,,0,,,10.0,,,,0 0 0 0 0 0 0 0 0 0 0 0 0 0 0 0 0 0 0 0 0 0 0 0 0 0 0 0 0 0 0 0 0 0 0 0 0 0 0 0 0 0 0 0 0 0 0 0 0 0
N-002763,002763,Normal/002763.mp4,CCD,official,test,,,,0,,,10.0,,,,0 0 0 0 0 0 0 0 0 0 0 0 0 0 0 0 0 0 0 0 0 0 0 0 0 0 0 0 0 0 0 0 0 0 0 0 0 0 0 0 0 0 0 0 0 0 0 0 0 0
N-002764,002764,Normal/002764.mp4,CCD,official,train,,,,0,,,10.0,,,,0 0 0 0 0 0 0 0 0 0 0 0 0 0 0 0 0 0 0 0 0 0 0 0 0 0 0 0 0 0 0 0 0 0 0 0 0 0 0 0 0 0 0 0 0 0 0 0 0 0
N-002765,002765,Normal/002765.mp4,CCD,official,train,,,,0,,,10.0,,,,0 0 0 0 0 0 0 0 0 0 0 0 0 0 0 0 0 0 0 0 0 0 0 0 0 0 0 0 0 0 0 0 0 0 0 0 0 0 0 0 0 0 0 0 0 0 0 0 0 0
N-002766,002766,Normal/002766.mp4,CCD,official,test,,,,0,,,10.0,,,,0 0 0 0 0 0 0 0 0 0 0 0 0 0 0 0 0 0 0 0 0 0 0 0 0 0 0 0 0 0 0 0 0 0 0 0 0 0 0 0 0 0 0 0 0 0 0 0 0 0
N-002767,002767,Normal/002767.mp4,CCD,official,test,,,,0,,,10.0,,,,0 0 0 0 0 0 0 0 0 0 0 0 0 0 0 0 0 0 0 0 0 0 0 0 0 0 0 0 0 0 0 0 0 0 0 0 0 0 0 0 0 0 0 0 0 0 0 0 0 0
N-002768,002768,Normal/002768.mp4,CCD,official,train,,,,0,,,10.0,,,,0 0 0 0 0 0 0 0 0 0 0 0 0 0 0 0 0 0 0 0 0 0 0 0 0 0 0 0 0 0 0 0 0 0 0 0 0 0 0 0 0 0 0 0 0 0 0 0 0 0
N-002769,002769,Normal/002769.mp4,CCD,official,val,,,,0,,,10.0,,,,0 0 0 0 0 0 0 0 0 0 0 0 0 0 0 0 0 0 0 0 0 0 0 0 0 0 0 0 0 0 0 0 0 0 0 0 0 0 0 0 0 0 0 0 0 0 0 0 0 0
N-002770,002770,Normal/002770.mp4,CCD,official,train,,,,0,,,10.0,,,,0 0 0 0 0 0 0 0 0 0 0 0 0 0 0 0 0 0 0 0 0 0 0 0 0 0 0 0 0 0 0 0 0 0 0 0 0 0 0 0 0 0 0 0 0 0 0 0 0 0
N-002771,002771,Normal/002771.mp4,CCD,official,train,,,,0,,,10.0,,,,0 0 0 0 0 0 0 0 0 0 0 0 0 0 0 0 0 0 0 0 0 0 0 0 0 0 0 0 0 0 0 0 0 0 0 0 0 0 0 0 0 0 0 0 0 0 0 0 0 0
N-002772,002772,Normal/002772.mp4,CCD,official,train,,,,0,,,10.0,,,,0 0 0 0 0 0 0 0 0 0 0 0 0 0 0 0 0 0 0 0 0 0 0 0 0 0 0 0 0 0 0 0 0 0 0 0 0 0 0 0 0 0 0 0 0 0 0 0 0 0
N-002773,002773,Normal/002773.mp4,CCD,official,train,,,,0,,,10.0,,,,0 0 0 0 0 0 0 0 0 0 0 0 0 0 0 0 0 0 0 0 0 0 0 0 0 0 0 0 0 0 0 0 0 0 0 0 0 0 0 0 0 0 0 0 0 0 0 0 0 0
N-002774,002774,Normal/002774.mp4,CCD,official,train,,,,0,,,10.0,,,,0 0 0 0 0 0 0 0 0 0 0 0 0 0 0 0 0 0 0 0 0 0 0 0 0 0 0 0 0 0 0 0 0 0 0 0 0 0 0 0 0 0 0 0 0 0 0 0 0 0
N-002775,002775,Normal/002775.mp4,CCD,official,test,,,,0,,,10.0,,,,0 0 0 0 0 0 0 0 0 0 0 0 0 0 0 0 0 0 0 0 0 0 0 0 0 0 0 0 0 0 0 0 0 0 0 0 0 0 0 0 0 0 0 0 0 0 0 0 0 0
N-002776,002776,Normal/002776.mp4,CCD,official,train,,,,0,,,10.0,,,,0 0 0 0 0 0 0 0 0 0 0 0 0 0 0 0 0 0 0 0 0 0 0 0 0 0 0 0 0 0 0 0 0 0 0 0 0 0 0 0 0 0 0 0 0 0 0 0 0 0
N-002777,002777,Normal/002777.mp4,CCD,official,train,,,,0,,,10.0,,,,0 0 0 0 0 0 0 0 0 0 0 0 0 0 0 0 0 0 0 0 0 0 0 0 0 0 0 0 0 0 0 0 0 0 0 0 0 0 0 0 0 0 0 0 0 0 0 0 0 0
N-002778,002778,Normal/002778.mp4,CCD,official,train,,,,0,,,10.0,,,,0 0 0 0 0 0 0 0 0 0 0 0 0 0 0 0 0 0 0 0 0 0 0 0 0 0 0 0 0 0 0 0 0 0 0 0 0 0 0 0 0 0 0 0 0 0 0 0 0 0
N-002779,002779,Normal/002779.mp4,CCD,official,train,,,,0,,,10.0,,,,0 0 0 0 0 0 0 0 0 0 0 0 0 0 0 0 0 0 0 0 0 0 0 0 0 0 0 0 0 0 0 0 0 0 0 0 0 0 0 0 0 0 0 0 0 0 0 0 0 0
N-002780,002780,Normal/002780.mp4,CCD,official,train,,,,0,,,10.0,,,,0 0 0 0 0 0 0 0 0 0 0 0 0 0 0 0 0 0 0 0 0 0 0 0 0 0 0 0 0 0 0 0 0 0 0 0 0 0 0 0 0 0 0 0 0 0 0 0 0 0
N-002781,002781,Normal/002781.mp4,CCD,official,val,,,,0,,,10.0,,,,0 0 0 0 0 0 0 0 0 0 0 0 0 0 0 0 0 0 0 0 0 0 0 0 0 0 0 0 0 0 0 0 0 0 0 0 0 0 0 0 0 0 0 0 0 0 0 0 0 0
N-002782,002782,Normal/002782.mp4,CCD,official,val,,,,0,,,10.0,,,,0 0 0 0 0 0 0 0 0 0 0 0 0 0 0 0 0 0 0 0 0 0 0 0 0 0 0 0 0 0 0 0 0 0 0 0 0 0 0 0 0 0 0 0 0 0 0 0 0 0
N-002783,002783,Normal/002783.mp4,CCD,official,train,,,,0,,,10.0,,,,0 0 0 0 0 0 0 0 0 0 0 0 0 0 0 0 0 0 0 0 0 0 0 0 0 0 0 0 0 0 0 0 0 0 0 0 0 0 0 0 0 0 0 0 0 0 0 0 0 0
N-002784,002784,Normal/002784.mp4,CCD,official,test,,,,0,,,10.0,,,,0 0 0 0 0 0 0 0 0 0 0 0 0 0 0 0 0 0 0 0 0 0 0 0 0 0 0 0 0 0 0 0 0 0 0 0 0 0 0 0 0 0 0 0 0 0 0 0 0 0
N-002785,002785,Normal/002785.mp4,CCD,official,train,,,,0,,,10.0,,,,0 0 0 0 0 0 0 0 0 0 0 0 0 0 0 0 0 0 0 0 0 0 0 0 0 0 0 0 0 0 0 0 0 0 0 0 0 0 0 0 0 0 0 0 0 0 0 0 0 0
N-002786,002786,Normal/002786.mp4,CCD,official,test,,,,0,,,10.0,,,,0 0 0 0 0 0 0 0 0 0 0 0 0 0 0 0 0 0 0 0 0 0 0 0 0 0 0 0 0 0 0 0 0 0 0 0 0 0 0 0 0 0 0 0 0 0 0 0 0 0
N-002787,002787,Normal/002787.mp4,CCD,official,val,,,,0,,,10.0,,,,0 0 0 0 0 0 0 0 0 0 0 0 0 0 0 0 0 0 0 0 0 0 0 0 0 0 0 0 0 0 0 0 0 0 0 0 0 0 0 0 0 0 0 0 0 0 0 0 0 0
N-002788,002788,Normal/002788.mp4,CCD,official,train,,,,0,,,10.0,,,,0 0 0 0 0 0 0 0 0 0 0 0 0 0 0 0 0 0 0 0 0 0 0 0 0 0 0 0 0 0 0 0 0 0 0 0 0 0 0 0 0 0 0 0 0 0 0 0 0 0
N-002789,002789,Normal/002789.mp4,CCD,official,test,,,,0,,,10.0,,,,0 0 0 0 0 0 0 0 0 0 0 0 0 0 0 0 0 0 0 0 0 0 0 0 0 0 0 0 0 0 0 0 0 0 0 0 0 0 0 0 0 0 0 0 0 0 0 0 0 0
N-002790,002790,Normal/002790.mp4,CCD,official,train,,,,0,,,10.0,,,,0 0 0 0 0 0 0 0 0 0 0 0 0 0 0 0 0 0 0 0 0 0 0 0 0 0 0 0 0 0 0 0 0 0 0 0 0 0 0 0 0 0 0 0 0 0 0 0 0 0
N-002791,002791,Normal/002791.mp4,CCD,official,train,,,,0,,,10.0,,,,0 0 0 0 0 0 0 0 0 0 0 0 0 0 0 0 0 0 0 0 0 0 0 0 0 0 0 0 0 0 0 0 0 0 0 0 0 0 0 0 0 0 0 0 0 0 0 0 0 0
N-002792,002792,Normal/002792.mp4,CCD,official,train,,,,0,,,10.0,,,,0 0 0 0 0 0 0 0 0 0 0 0 0 0 0 0 0 0 0 0 0 0 0 0 0 0 0 0 0 0 0 0 0 0 0 0 0 0 0 0 0 0 0 0 0 0 0 0 0 0
N-002793,002793,Normal/002793.mp4,CCD,official,train,,,,0,,,10.0,,,,0 0 0 0 0 0 0 0 0 0 0 0 0 0 0 0 0 0 0 0 0 0 0 0 0 0 0 0 0 0 0 0 0 0 0 0 0 0 0 0 0 0 0 0 0 0 0 0 0 0
N-002794,002794,Normal/002794.mp4,CCD,official,train,,,,0,,,10.0,,,,0 0 0 0 0 0 0 0 0 0 0 0 0 0 0 0 0 0 0 0 0 0 0 0 0 0 0 0 0 0 0 0 0 0 0 0 0 0 0 0 0 0 0 0 0 0 0 0 0 0
N-002795,002795,Normal/002795.mp4,CCD,official,train,,,,0,,,10.0,,,,0 0 0 0 0 0 0 0 0 0 0 0 0 0 0 0 0 0 0 0 0 0 0 0 0 0 0 0 0 0 0 0 0 0 0 0 0 0 0 0 0 0 0 0 0 0 0 0 0 0
N-002796,002796,Normal/002796.mp4,CCD,official,train,,,,0,,,10.0,,,,0 0 0 0 0 0 0 0 0 0 0 0 0 0 0 0 0 0 0 0 0 0 0 0 0 0 0 0 0 0 0 0 0 0 0 0 0 0 0 0 0 0 0 0 0 0 0 0 0 0
N-002797,002797,Normal/002797.mp4,CCD,official,train,,,,0,,,10.0,,,,0 0 0 0 0 0 0 0 0 0 0 0 0 0 0 0 0 0 0 0 0 0 0 0 0 0 0 0 0 0 0 0 0 0 0 0 0 0 0 0 0 0 0 0 0 0 0 0 0 0
N-002798,002798,Normal/002798.mp4,CCD,official,train,,,,0,,,10.0,,,,0 0 0 0 0 0 0 0 0 0 0 0 0 0 0 0 0 0 0 0 0 0 0 0 0 0 0 0 0 0 0 0 0 0 0 0 0 0 0 0 0 0 0 0 0 0 0 0 0 0
N-002799,002799,Normal/002799.mp4,CCD,official,train,,,,0,,,10.0,,,,0 0 0 0 0 0 0 0 0 0 0 0 0 0 0 0 0 0 0 0 0 0 0 0 0 0 0 0 0 0 0 0 0 0 0 0 0 0 0 0 0 0 0 0 0 0 0 0 0 0
N-002800,002800,Normal/002800.mp4,CCD,official,train,,,,0,,,10.0,,,,0 0 0 0 0 0 0 0 0 0 0 0 0 0 0 0 0 0 0 0 0 0 0 0 0 0 0 0 0 0 0 0 0 0 0 0 0 0 0 0 0 0 0 0 0 0 0 0 0 0
N-002801,002801,Normal/002801.mp4,CCD,official,train,,,,0,,,10.0,,,,0 0 0 0 0 0 0 0 0 0 0 0 0 0 0 0 0 0 0 0 0 0 0 0 0 0 0 0 0 0 0 0 0 0 0 0 0 0 0 0 0 0 0 0 0 0 0 0 0 0
N-002802,002802,Normal/002802.mp4,CCD,official,val,,,,0,,,10.0,,,,0 0 0 0 0 0 0 0 0 0 0 0 0 0 0 0 0 0 0 0 0 0 0 0 0 0 0 0 0 0 0 0 0 0 0 0 0 0 0 0 0 0 0 0 0 0 0 0 0 0
N-002803,002803,Normal/002803.mp4,CCD,official,val,,,,0,,,10.0,,,,0 0 0 0 0 0 0 0 0 0 0 0 0 0 0 0 0 0 0 0 0 0 0 0 0 0 0 0 0 0 0 0 0 0 0 0 0 0 0 0 0 0 0 0 0 0 0 0 0 0
N-002804,002804,Normal/002804.mp4,CCD,official,test,,,,0,,,10.0,,,,0 0 0 0 0 0 0 0 0 0 0 0 0 0 0 0 0 0 0 0 0 0 0 0 0 0 0 0 0 0 0 0 0 0 0 0 0 0 0 0 0 0 0 0 0 0 0 0 0 0
N-002805,002805,Normal/002805.mp4,CCD,official,train,,,,0,,,10.0,,,,0 0 0 0 0 0 0 0 0 0 0 0 0 0 0 0 0 0 0 0 0 0 0 0 0 0 0 0 0 0 0 0 0 0 0 0 0 0 0 0 0 0 0 0 0 0 0 0 0 0
N-002806,002806,Normal/002806.mp4,CCD,official,test,,,,0,,,10.0,,,,0 0 0 0 0 0 0 0 0 0 0 0 0 0 0 0 0 0 0 0 0 0 0 0 0 0 0 0 0 0 0 0 0 0 0 0 0 0 0 0 0 0 0 0 0 0 0 0 0 0
N-002807,002807,Normal/002807.mp4,CCD,official,train,,,,0,,,10.0,,,,0 0 0 0 0 0 0 0 0 0 0 0 0 0 0 0 0 0 0 0 0 0 0 0 0 0 0 0 0 0 0 0 0 0 0 0 0 0 0 0 0 0 0 0 0 0 0 0 0 0
N-002808,002808,Normal/002808.mp4,CCD,official,train,,,,0,,,10.0,,,,0 0 0 0 0 0 0 0 0 0 0 0 0 0 0 0 0 0 0 0 0 0 0 0 0 0 0 0 0 0 0 0 0 0 0 0 0 0 0 0 0 0 0 0 0 0 0 0 0 0
N-002809,002809,Normal/002809.mp4,CCD,official,train,,,,0,,,10.0,,,,0 0 0 0 0 0 0 0 0 0 0 0 0 0 0 0 0 0 0 0 0 0 0 0 0 0 0 0 0 0 0 0 0 0 0 0 0 0 0 0 0 0 0 0 0 0 0 0 0 0
N-002810,002810,Normal/002810.mp4,CCD,official,train,,,,0,,,10.0,,,,0 0 0 0 0 0 0 0 0 0 0 0 0 0 0 0 0 0 0 0 0 0 0 0 0 0 0 0 0 0 0 0 0 0 0 0 0 0 0 0 0 0 0 0 0 0 0 0 0 0
N-002811,002811,Normal/002811.mp4,CCD,official,test,,,,0,,,10.0,,,,0 0 0 0 0 0 0 0 0 0 0 0 0 0 0 0 0 0 0 0 0 0 0 0 0 0 0 0 0 0 0 0 0 0 0 0 0 0 0 0 0 0 0 0 0 0 0 0 0 0
N-002812,002812,Normal/002812.mp4,CCD,official,test,,,,0,,,10.0,,,,0 0 0 0 0 0 0 0 0 0 0 0 0 0 0 0 0 0 0 0 0 0 0 0 0 0 0 0 0 0 0 0 0 0 0 0 0 0 0 0 0 0 0 0 0 0 0 0 0 0
N-002813,002813,Normal/002813.mp4,CCD,official,test,,,,0,,,10.0,,,,0 0 0 0 0 0 0 0 0 0 0 0 0 0 0 0 0 0 0 0 0 0 0 0 0 0 0 0 0 0 0 0 0 0 0 0 0 0 0 0 0 0 0 0 0 0 0 0 0 0
N-002814,002814,Normal/002814.mp4,CCD,official,train,,,,0,,,10.0,,,,0 0 0 0 0 0 0 0 0 0 0 0 0 0 0 0 0 0 0 0 0 0 0 0 0 0 0 0 0 0 0 0 0 0 0 0 0 0 0 0 0 0 0 0 0 0 0 0 0 0
N-002815,002815,Normal/002815.mp4,CCD,official,train,,,,0,,,10.0,,,,0 0 0 0 0 0 0 0 0 0 0 0 0 0 0 0 0 0 0 0 0 0 0 0 0 0 0 0 0 0 0 0 0 0 0 0 0 0 0 0 0 0 0 0 0 0 0 0 0 0
N-002816,002816,Normal/002816.mp4,CCD,official,train,,,,0,,,10.0,,,,0 0 0 0 0 0 0 0 0 0 0 0 0 0 0 0 0 0 0 0 0 0 0 0 0 0 0 0 0 0 0 0 0 0 0 0 0 0 0 0 0 0 0 0 0 0 0 0 0 0
N-002817,002817,Normal/002817.mp4,CCD,official,train,,,,0,,,10.0,,,,0 0 0 0 0 0 0 0 0 0 0 0 0 0 0 0 0 0 0 0 0 0 0 0 0 0 0 0 0 0 0 0 0 0 0 0 0 0 0 0 0 0 0 0 0 0 0 0 0 0
N-002818,002818,Normal/002818.mp4,CCD,official,train,,,,0,,,10.0,,,,0 0 0 0 0 0 0 0 0 0 0 0 0 0 0 0 0 0 0 0 0 0 0 0 0 0 0 0 0 0 0 0 0 0 0 0 0 0 0 0 0 0 0 0 0 0 0 0 0 0
N-002819,002819,Normal/002819.mp4,CCD,official,train,,,,0,,,10.0,,,,0 0 0 0 0 0 0 0 0 0 0 0 0 0 0 0 0 0 0 0 0 0 0 0 0 0 0 0 0 0 0 0 0 0 0 0 0 0 0 0 0 0 0 0 0 0 0 0 0 0
N-002820,002820,Normal/002820.mp4,CCD,official,train,,,,0,,,10.0,,,,0 0 0 0 0 0 0 0 0 0 0 0 0 0 0 0 0 0 0 0 0 0 0 0 0 0 0 0 0 0 0 0 0 0 0 0 0 0 0 0 0 0 0 0 0 0 0 0 0 0
N-002821,002821,Normal/002821.mp4,CCD,official,test,,,,0,,,10.0,,,,0 0 0 0 0 0 0 0 0 0 0 0 0 0 0 0 0 0 0 0 0 0 0 0 0 0 0 0 0 0 0 0 0 0 0 0 0 0 0 0 0 0 0 0 0 0 0 0 0 0
N-002822,002822,Normal/002822.mp4,CCD,official,train,,,,0,,,10.0,,,,0 0 0 0 0 0 0 0 0 0 0 0 0 0 0 0 0 0 0 0 0 0 0 0 0 0 0 0 0 0 0 0 0 0 0 0 0 0 0 0 0 0 0 0 0 0 0 0 0 0
N-002823,002823,Normal/002823.mp4,CCD,official,train,,,,0,,,10.0,,,,0 0 0 0 0 0 0 0 0 0 0 0 0 0 0 0 0 0 0 0 0 0 0 0 0 0 0 0 0 0 0 0 0 0 0 0 0 0 0 0 0 0 0 0 0 0 0 0 0 0
N-002824,002824,Normal/002824.mp4,CCD,official,test,,,,0,,,10.0,,,,0 0 0 0 0 0 0 0 0 0 0 0 0 0 0 0 0 0 0 0 0 0 0 0 0 0 0 0 0 0 0 0 0 0 0 0 0 0 0 0 0 0 0 0 0 0 0 0 0 0
N-002825,002825,Normal/002825.mp4,CCD,official,val,,,,0,,,10.0,,,,0 0 0 0 0 0 0 0 0 0 0 0 0 0 0 0 0 0 0 0 0 0 0 0 0 0 0 0 0 0 0 0 0 0 0 0 0 0 0 0 0 0 0 0 0 0 0 0 0 0
N-002826,002826,Normal/002826.mp4,CCD,official,train,,,,0,,,10.0,,,,0 0 0 0 0 0 0 0 0 0 0 0 0 0 0 0 0 0 0 0 0 0 0 0 0 0 0 0 0 0 0 0 0 0 0 0 0 0 0 0 0 0 0 0 0 0 0 0 0 0
N-002827,002827,Normal/002827.mp4,CCD,official,train,,,,0,,,10.0,,,,0 0 0 0 0 0 0 0 0 0 0 0 0 0 0 0 0 0 0 0 0 0 0 0 0 0 0 0 0 0 0 0 0 0 0 0 0 0 0 0 0 0 0 0 0 0 0 0 0 0
N-002828,002828,Normal/002828.mp4,CCD,official,val,,,,0,,,10.0,,,,0 0 0 0 0 0 0 0 0 0 0 0 0 0 0 0 0 0 0 0 0 0 0 0 0 0 0 0 0 0 0 0 0 0 0 0 0 0 0 0 0 0 0 0 0 0 0 0 0 0
N-002829,002829,Normal/002829.mp4,CCD,official,val,,,,0,,,10.0,,,,0 0 0 0 0 0 0 0 0 0 0 0 0 0 0 0 0 0 0 0 0 0 0 0 0 0 0 0 0 0 0 0 0 0 0 0 0 0 0 0 0 0 0 0 0 0 0 0 0 0
N-002830,002830,Normal/002830.mp4,CCD,official,train,,,,0,,,10.0,,,,0 0 0 0 0 0 0 0 0 0 0 0 0 0 0 0 0 0 0 0 0 0 0 0 0 0 0 0 0 0 0 0 0 0 0 0 0 0 0 0 0 0 0 0 0 0 0 0 0 0
N-002831,002831,Normal/002831.mp4,CCD,official,val,,,,0,,,10.0,,,,0 0 0 0 0 0 0 0 0 0 0 0 0 0 0 0 0 0 0 0 0 0 0 0 0 0 0 0 0 0 0 0 0 0 0 0 0 0 0 0 0 0 0 0 0 0 0 0 0 0
N-002832,002832,Normal/002832.mp4,CCD,official,train,,,,0,,,10.0,,,,0 0 0 0 0 0 0 0 0 0 0 0 0 0 0 0 0 0 0 0 0 0 0 0 0 0 0 0 0 0 0 0 0 0 0 0 0 0 0 0 0 0 0 0 0 0 0 0 0 0
N-002833,002833,Normal/002833.mp4,CCD,official,val,,,,0,,,10.0,,,,0 0 0 0 0 0 0 0 0 0 0 0 0 0 0 0 0 0 0 0 0 0 0 0 0 0 0 0 0 0 0 0 0 0 0 0 0 0 0 0 0 0 0 0 0 0 0 0 0 0
N-002834,002834,Normal/002834.mp4,CCD,official,train,,,,0,,,10.0,,,,0 0 0 0 0 0 0 0 0 0 0 0 0 0 0 0 0 0 0 0 0 0 0 0 0 0 0 0 0 0 0 0 0 0 0 0 0 0 0 0 0 0 0 0 0 0 0 0 0 0
N-002835,002835,Normal/002835.mp4,CCD,official,test,,,,0,,,10.0,,,,0 0 0 0 0 0 0 0 0 0 0 0 0 0 0 0 0 0 0 0 0 0 0 0 0 0 0 0 0 0 0 0 0 0 0 0 0 0 0 0 0 0 0 0 0 0 0 0 0 0
N-002836,002836,Normal/002836.mp4,CCD,official,train,,,,0,,,10.0,,,,0 0 0 0 0 0 0 0 0 0 0 0 0 0 0 0 0 0 0 0 0 0 0 0 0 0 0 0 0 0 0 0 0 0 0 0 0 0 0 0 0 0 0 0 0 0 0 0 0 0
N-002837,002837,Normal/002837.mp4,CCD,official,train,,,,0,,,10.0,,,,0 0 0 0 0 0 0 0 0 0 0 0 0 0 0 0 0 0 0 0 0 0 0 0 0 0 0 0 0 0 0 0 0 0 0 0 0 0 0 0 0 0 0 0 0 0 0 0 0 0
N-002838,002838,Normal/002838.mp4,CCD,official,train,,,,0,,,10.0,,,,0 0 0 0 0 0 0 0 0 0 0 0 0 0 0 0 0 0 0 0 0 0 0 0 0 0 0 0 0 0 0 0 0 0 0 0 0 0 0 0 0 0 0 0 0 0 0 0 0 0
N-002839,002839,Normal/002839.mp4,CCD,official,test,,,,0,,,10.0,,,,0 0 0 0 0 0 0 0 0 0 0 0 0 0 0 0 0 0 0 0 0 0 0 0 0 0 0 0 0 0 0 0 0 0 0 0 0 0 0 0 0 0 0 0 0 0 0 0 0 0
N-002840,002840,Normal/002840.mp4,CCD,official,test,,,,0,,,10.0,,,,0 0 0 0 0 0 0 0 0 0 0 0 0 0 0 0 0 0 0 0 0 0 0 0 0 0 0 0 0 0 0 0 0 0 0 0 0 0 0 0 0 0 0 0 0 0 0 0 0 0
N-002841,002841,Normal/002841.mp4,CCD,official,train,,,,0,,,10.0,,,,0 0 0 0 0 0 0 0 0 0 0 0 0 0 0 0 0 0 0 0 0 0 0 0 0 0 0 0 0 0 0 0 0 0 0 0 0 0 0 0 0 0 0 0 0 0 0 0 0 0
N-002842,002842,Normal/002842.mp4,CCD,official,train,,,,0,,,10.0,,,,0 0 0 0 0 0 0 0 0 0 0 0 0 0 0 0 0 0 0 0 0 0 0 0 0 0 0 0 0 0 0 0 0 0 0 0 0 0 0 0 0 0 0 0 0 0 0 0 0 0
N-002843,002843,Normal/002843.mp4,CCD,official,train,,,,0,,,10.0,,,,0 0 0 0 0 0 0 0 0 0 0 0 0 0 0 0 0 0 0 0 0 0 0 0 0 0 0 0 0 0 0 0 0 0 0 0 0 0 0 0 0 0 0 0 0 0 0 0 0 0
N-002844,002844,Normal/002844.mp4,CCD,official,train,,,,0,,,10.0,,,,0 0 0 0 0 0 0 0 0 0 0 0 0 0 0 0 0 0 0 0 0 0 0 0 0 0 0 0 0 0 0 0 0 0 0 0 0 0 0 0 0 0 0 0 0 0 0 0 0 0
N-002845,002845,Normal/002845.mp4,CCD,official,val,,,,0,,,10.0,,,,0 0 0 0 0 0 0 0 0 0 0 0 0 0 0 0 0 0 0 0 0 0 0 0 0 0 0 0 0 0 0 0 0 0 0 0 0 0 0 0 0 0 0 0 0 0 0 0 0 0
N-002846,002846,Normal/002846.mp4,CCD,official,val,,,,0,,,10.0,,,,0 0 0 0 0 0 0 0 0 0 0 0 0 0 0 0 0 0 0 0 0 0 0 0 0 0 0 0 0 0 0 0 0 0 0 0 0 0 0 0 0 0 0 0 0 0 0 0 0 0
N-002847,002847,Normal/002847.mp4,CCD,official,test,,,,0,,,10.0,,,,0 0 0 0 0 0 0 0 0 0 0 0 0 0 0 0 0 0 0 0 0 0 0 0 0 0 0 0 0 0 0 0 0 0 0 0 0 0 0 0 0 0 0 0 0 0 0 0 0 0
N-002848,002848,Normal/002848.mp4,CCD,official,val,,,,0,,,10.0,,,,0 0 0 0 0 0 0 0 0 0 0 0 0 0 0 0 0 0 0 0 0 0 0 0 0 0 0 0 0 0 0 0 0 0 0 0 0 0 0 0 0 0 0 0 0 0 0 0 0 0
N-002849,002849,Normal/002849.mp4,CCD,official,train,,,,0,,,10.0,,,,0 0 0 0 0 0 0 0 0 0 0 0 0 0 0 0 0 0 0 0 0 0 0 0 0 0 0 0 0 0 0 0 0 0 0 0 0 0 0 0 0 0 0 0 0 0 0 0 0 0
N-002850,002850,Normal/002850.mp4,CCD,official,train,,,,0,,,10.0,,,,0 0 0 0 0 0 0 0 0 0 0 0 0 0 0 0 0 0 0 0 0 0 0 0 0 0 0 0 0 0 0 0 0 0 0 0 0 0 0 0 0 0 0 0 0 0 0 0 0 0
N-002851,002851,Normal/002851.mp4,CCD,official,train,,,,0,,,10.0,,,,0 0 0 0 0 0 0 0 0 0 0 0 0 0 0 0 0 0 0 0 0 0 0 0 0 0 0 0 0 0 0 0 0 0 0 0 0 0 0 0 0 0 0 0 0 0 0 0 0 0
N-002852,002852,Normal/002852.mp4,CCD,official,val,,,,0,,,10.0,,,,0 0 0 0 0 0 0 0 0 0 0 0 0 0 0 0 0 0 0 0 0 0 0 0 0 0 0 0 0 0 0 0 0 0 0 0 0 0 0 0 0 0 0 0 0 0 0 0 0 0
N-002853,002853,Normal/002853.mp4,CCD,official,train,,,,0,,,10.0,,,,0 0 0 0 0 0 0 0 0 0 0 0 0 0 0 0 0 0 0 0 0 0 0 0 0 0 0 0 0 0 0 0 0 0 0 0 0 0 0 0 0 0 0 0 0 0 0 0 0 0
N-002854,002854,Normal/002854.mp4,CCD,official,train,,,,0,,,10.0,,,,0 0 0 0 0 0 0 0 0 0 0 0 0 0 0 0 0 0 0 0 0 0 0 0 0 0 0 0 0 0 0 0 0 0 0 0 0 0 0 0 0 0 0 0 0 0 0 0 0 0
N-002855,002855,Normal/002855.mp4,CCD,official,train,,,,0,,,10.0,,,,0 0 0 0 0 0 0 0 0 0 0 0 0 0 0 0 0 0 0 0 0 0 0 0 0 0 0 0 0 0 0 0 0 0 0 0 0 0 0 0 0 0 0 0 0 0 0 0 0 0
N-002856,002856,Normal/002856.mp4,CCD,official,test,,,,0,,,10.0,,,,0 0 0 0 0 0 0 0 0 0 0 0 0 0 0 0 0 0 0 0 0 0 0 0 0 0 0 0 0 0 0 0 0 0 0 0 0 0 0 0 0 0 0 0 0 0 0 0 0 0
N-002857,002857,Normal/002857.mp4,CCD,official,train,,,,0,,,10.0,,,,0 0 0 0 0 0 0 0 0 0 0 0 0 0 0 0 0 0 0 0 0 0 0 0 0 0 0 0 0 0 0 0 0 0 0 0 0 0 0 0 0 0 0 0 0 0 0 0 0 0
N-002858,002858,Normal/002858.mp4,CCD,official,train,,,,0,,,10.0,,,,0 0 0 0 0 0 0 0 0 0 0 0 0 0 0 0 0 0 0 0 0 0 0 0 0 0 0 0 0 0 0 0 0 0 0 0 0 0 0 0 0 0 0 0 0 0 0 0 0 0
N-002859,002859,Normal/002859.mp4,CCD,official,train,,,,0,,,10.0,,,,0 0 0 0 0 0 0 0 0 0 0 0 0 0 0 0 0 0 0 0 0 0 0 0 0 0 0 0 0 0 0 0 0 0 0 0 0 0 0 0 0 0 0 0 0 0 0 0 0 0
N-002860,002860,Normal/002860.mp4,CCD,official,val,,,,0,,,10.0,,,,0 0 0 0 0 0 0 0 0 0 0 0 0 0 0 0 0 0 0 0 0 0 0 0 0 0 0 0 0 0 0 0 0 0 0 0 0 0 0 0 0 0 0 0 0 0 0 0 0 0
N-002861,002861,Normal/002861.mp4,CCD,official,val,,,,0,,,10.0,,,,0 0 0 0 0 0 0 0 0 0 0 0 0 0 0 0 0 0 0 0 0 0 0 0 0 0 0 0 0 0 0 0 0 0 0 0 0 0 0 0 0 0 0 0 0 0 0 0 0 0
N-002862,002862,Normal/002862.mp4,CCD,official,train,,,,0,,,10.0,,,,0 0 0 0 0 0 0 0 0 0 0 0 0 0 0 0 0 0 0 0 0 0 0 0 0 0 0 0 0 0 0 0 0 0 0 0 0 0 0 0 0 0 0 0 0 0 0 0 0 0
N-002863,002863,Normal/002863.mp4,CCD,official,train,,,,0,,,10.0,,,,0 0 0 0 0 0 0 0 0 0 0 0 0 0 0 0 0 0 0 0 0 0 0 0 0 0 0 0 0 0 0 0 0 0 0 0 0 0 0 0 0 0 0 0 0 0 0 0 0 0
N-002864,002864,Normal/002864.mp4,CCD,official,train,,,,0,,,10.0,,,,0 0 0 0 0 0 0 0 0 0 0 0 0 0 0 0 0 0 0 0 0 0 0 0 0 0 0 0 0 0 0 0 0 0 0 0 0 0 0 0 0 0 0 0 0 0 0 0 0 0
N-002865,002865,Normal/002865.mp4,CCD,official,test,,,,0,,,10.0,,,,0 0 0 0 0 0 0 0 0 0 0 0 0 0 0 0 0 0 0 0 0 0 0 0 0 0 0 0 0 0 0 0 0 0 0 0 0 0 0 0 0 0 0 0 0 0 0 0 0 0
N-002866,002866,Normal/002866.mp4,CCD,official,test,,,,0,,,10.0,,,,0 0 0 0 0 0 0 0 0 0 0 0 0 0 0 0 0 0 0 0 0 0 0 0 0 0 0 0 0 0 0 0 0 0 0 0 0 0 0 0 0 0 0 0 0 0 0 0 0 0
N-002867,002867,Normal/002867.mp4,CCD,official,test,,,,0,,,10.0,,,,0 0 0 0 0 0 0 0 0 0 0 0 0 0 0 0 0 0 0 0 0 0 0 0 0 0 0 0 0 0 0 0 0 0 0 0 0 0 0 0 0 0 0 0 0 0 0 0 0 0
N-002868,002868,Normal/002868.mp4,CCD,official,train,,,,0,,,10.0,,,,0 0 0 0 0 0 0 0 0 0 0 0 0 0 0 0 0 0 0 0 0 0 0 0 0 0 0 0 0 0 0 0 0 0 0 0 0 0 0 0 0 0 0 0 0 0 0 0 0 0
N-002869,002869,Normal/002869.mp4,CCD,official,val,,,,0,,,10.0,,,,0 0 0 0 0 0 0 0 0 0 0 0 0 0 0 0 0 0 0 0 0 0 0 0 0 0 0 0 0 0 0 0 0 0 0 0 0 0 0 0 0 0 0 0 0 0 0 0 0 0
N-002870,002870,Normal/002870.mp4,CCD,official,train,,,,0,,,10.0,,,,0 0 0 0 0 0 0 0 0 0 0 0 0 0 0 0 0 0 0 0 0 0 0 0 0 0 0 0 0 0 0 0 0 0 0 0 0 0 0 0 0 0 0 0 0 0 0 0 0 0
N-002871,002871,Normal/002871.mp4,CCD,official,train,,,,0,,,10.0,,,,0 0 0 0 0 0 0 0 0 0 0 0 0 0 0 0 0 0 0 0 0 0 0 0 0 0 0 0 0 0 0 0 0 0 0 0 0 0 0 0 0 0 0 0 0 0 0 0 0 0
N-002872,002872,Normal/002872.mp4,CCD,official,val,,,,0,,,10.0,,,,0 0 0 0 0 0 0 0 0 0 0 0 0 0 0 0 0 0 0 0 0 0 0 0 0 0 0 0 0 0 0 0 0 0 0 0 0 0 0 0 0 0 0 0 0 0 0 0 0 0
N-002873,002873,Normal/002873.mp4,CCD,official,test,,,,0,,,10.0,,,,0 0 0 0 0 0 0 0 0 0 0 0 0 0 0 0 0 0 0 0 0 0 0 0 0 0 0 0 0 0 0 0 0 0 0 0 0 0 0 0 0 0 0 0 0 0 0 0 0 0
N-002874,002874,Normal/002874.mp4,CCD,official,train,,,,0,,,10.0,,,,0 0 0 0 0 0 0 0 0 0 0 0 0 0 0 0 0 0 0 0 0 0 0 0 0 0 0 0 0 0 0 0 0 0 0 0 0 0 0 0 0 0 0 0 0 0 0 0 0 0
N-002875,002875,Normal/002875.mp4,CCD,official,train,,,,0,,,10.0,,,,0 0 0 0 0 0 0 0 0 0 0 0 0 0 0 0 0 0 0 0 0 0 0 0 0 0 0 0 0 0 0 0 0 0 0 0 0 0 0 0 0 0 0 0 0 0 0 0 0 0
N-002876,002876,Normal/002876.mp4,CCD,official,train,,,,0,,,10.0,,,,0 0 0 0 0 0 0 0 0 0 0 0 0 0 0 0 0 0 0 0 0 0 0 0 0 0 0 0 0 0 0 0 0 0 0 0 0 0 0 0 0 0 0 0 0 0 0 0 0 0
N-002877,002877,Normal/002877.mp4,CCD,official,train,,,,0,,,10.0,,,,0 0 0 0 0 0 0 0 0 0 0 0 0 0 0 0 0 0 0 0 0 0 0 0 0 0 0 0 0 0 0 0 0 0 0 0 0 0 0 0 0 0 0 0 0 0 0 0 0 0
N-002878,002878,Normal/002878.mp4,CCD,official,train,,,,0,,,10.0,,,,0 0 0 0 0 0 0 0 0 0 0 0 0 0 0 0 0 0 0 0 0 0 0 0 0 0 0 0 0 0 0 0 0 0 0 0 0 0 0 0 0 0 0 0 0 0 0 0 0 0
N-002879,002879,Normal/002879.mp4,CCD,official,val,,,,0,,,10.0,,,,0 0 0 0 0 0 0 0 0 0 0 0 0 0 0 0 0 0 0 0 0 0 0 0 0 0 0 0 0 0 0 0 0 0 0 0 0 0 0 0 0 0 0 0 0 0 0 0 0 0
N-002880,002880,Normal/002880.mp4,CCD,official,train,,,,0,,,10.0,,,,0 0 0 0 0 0 0 0 0 0 0 0 0 0 0 0 0 0 0 0 0 0 0 0 0 0 0 0 0 0 0 0 0 0 0 0 0 0 0 0 0 0 0 0 0 0 0 0 0 0
N-002881,002881,Normal/002881.mp4,CCD,official,test,,,,0,,,10.0,,,,0 0 0 0 0 0 0 0 0 0 0 0 0 0 0 0 0 0 0 0 0 0 0 0 0 0 0 0 0 0 0 0 0 0 0 0 0 0 0 0 0 0 0 0 0 0 0 0 0 0
N-002882,002882,Normal/002882.mp4,CCD,official,train,,,,0,,,10.0,,,,0 0 0 0 0 0 0 0 0 0 0 0 0 0 0 0 0 0 0 0 0 0 0 0 0 0 0 0 0 0 0 0 0 0 0 0 0 0 0 0 0 0 0 0 0 0 0 0 0 0
N-002883,002883,Normal/002883.mp4,CCD,official,train,,,,0,,,10.0,,,,0 0 0 0 0 0 0 0 0 0 0 0 0 0 0 0 0 0 0 0 0 0 0 0 0 0 0 0 0 0 0 0 0 0 0 0 0 0 0 0 0 0 0 0 0 0 0 0 0 0
N-002884,002884,Normal/002884.mp4,CCD,official,train,,,,0,,,10.0,,,,0 0 0 0 0 0 0 0 0 0 0 0 0 0 0 0 0 0 0 0 0 0 0 0 0 0 0 0 0 0 0 0 0 0 0 0 0 0 0 0 0 0 0 0 0 0 0 0 0 0
N-002885,002885,Normal/002885.mp4,CCD,official,train,,,,0,,,10.0,,,,0 0 0 0 0 0 0 0 0 0 0 0 0 0 0 0 0 0 0 0 0 0 0 0 0 0 0 0 0 0 0 0 0 0 0 0 0 0 0 0 0 0 0 0 0 0 0 0 0 0
N-002886,002886,Normal/002886.mp4,CCD,official,train,,,,0,,,10.0,,,,0 0 0 0 0 0 0 0 0 0 0 0 0 0 0 0 0 0 0 0 0 0 0 0 0 0 0 0 0 0 0 0 0 0 0 0 0 0 0 0 0 0 0 0 0 0 0 0 0 0
N-002887,002887,Normal/002887.mp4,CCD,official,val,,,,0,,,10.0,,,,0 0 0 0 0 0 0 0 0 0 0 0 0 0 0 0 0 0 0 0 0 0 0 0 0 0 0 0 0 0 0 0 0 0 0 0 0 0 0 0 0 0 0 0 0 0 0 0 0 0
N-002888,002888,Normal/002888.mp4,CCD,official,test,,,,0,,,10.0,,,,0 0 0 0 0 0 0 0 0 0 0 0 0 0 0 0 0 0 0 0 0 0 0 0 0 0 0 0 0 0 0 0 0 0 0 0 0 0 0 0 0 0 0 0 0 0 0 0 0 0
N-002889,002889,Normal/002889.mp4,CCD,official,train,,,,0,,,10.0,,,,0 0 0 0 0 0 0 0 0 0 0 0 0 0 0 0 0 0 0 0 0 0 0 0 0 0 0 0 0 0 0 0 0 0 0 0 0 0 0 0 0 0 0 0 0 0 0 0 0 0
N-002890,002890,Normal/002890.mp4,CCD,official,train,,,,0,,,10.0,,,,0 0 0 0 0 0 0 0 0 0 0 0 0 0 0 0 0 0 0 0 0 0 0 0 0 0 0 0 0 0 0 0 0 0 0 0 0 0 0 0 0 0 0 0 0 0 0 0 0 0
N-002891,002891,Normal/002891.mp4,CCD,official,train,,,,0,,,10.0,,,,0 0 0 0 0 0 0 0 0 0 0 0 0 0 0 0 0 0 0 0 0 0 0 0 0 0 0 0 0 0 0 0 0 0 0 0 0 0 0 0 0 0 0 0 0 0 0 0 0 0
N-002892,002892,Normal/002892.mp4,CCD,official,train,,,,0,,,10.0,,,,0 0 0 0 0 0 0 0 0 0 0 0 0 0 0 0 0 0 0 0 0 0 0 0 0 0 0 0 0 0 0 0 0 0 0 0 0 0 0 0 0 0 0 0 0 0 0 0 0 0
N-002893,002893,Normal/002893.mp4,CCD,official,train,,,,0,,,10.0,,,,0 0 0 0 0 0 0 0 0 0 0 0 0 0 0 0 0 0 0 0 0 0 0 0 0 0 0 0 0 0 0 0 0 0 0 0 0 0 0 0 0 0 0 0 0 0 0 0 0 0
N-002894,002894,Normal/002894.mp4,CCD,official,train,,,,0,,,10.0,,,,0 0 0 0 0 0 0 0 0 0 0 0 0 0 0 0 0 0 0 0 0 0 0 0 0 0 0 0 0 0 0 0 0 0 0 0 0 0 0 0 0 0 0 0 0 0 0 0 0 0
N-002895,002895,Normal/002895.mp4,CCD,official,test,,,,0,,,10.0,,,,0 0 0 0 0 0 0 0 0 0 0 0 0 0 0 0 0 0 0 0 0 0 0 0 0 0 0 0 0 0 0 0 0 0 0 0 0 0 0 0 0 0 0 0 0 0 0 0 0 0
N-002896,002896,Normal/002896.mp4,CCD,official,train,,,,0,,,10.0,,,,0 0 0 0 0 0 0 0 0 0 0 0 0 0 0 0 0 0 0 0 0 0 0 0 0 0 0 0 0 0 0 0 0 0 0 0 0 0 0 0 0 0 0 0 0 0 0 0 0 0
N-002897,002897,Normal/002897.mp4,CCD,official,train,,,,0,,,10.0,,,,0 0 0 0 0 0 0 0 0 0 0 0 0 0 0 0 0 0 0 0 0 0 0 0 0 0 0 0 0 0 0 0 0 0 0 0 0 0 0 0 0 0 0 0 0 0 0 0 0 0
N-002898,002898,Normal/002898.mp4,CCD,official,train,,,,0,,,10.0,,,,0 0 0 0 0 0 0 0 0 0 0 0 0 0 0 0 0 0 0 0 0 0 0 0 0 0 0 0 0 0 0 0 0 0 0 0 0 0 0 0 0 0 0 0 0 0 0 0 0 0
N-002899,002899,Normal/002899.mp4,CCD,official,train,,,,0,,,10.0,,,,0 0 0 0 0 0 0 0 0 0 0 0 0 0 0 0 0 0 0 0 0 0 0 0 0 0 0 0 0 0 0 0 0 0 0 0 0 0 0 0 0 0 0 0 0 0 0 0 0 0
N-002900,002900,Normal/002900.mp4,CCD,official,train,,,,0,,,10.0,,,,0 0 0 0 0 0 0 0 0 0 0 0 0 0 0 0 0 0 0 0 0 0 0 0 0 0 0 0 0 0 0 0 0 0 0 0 0 0 0 0 0 0 0 0 0 0 0 0 0 0
N-002901,002901,Normal/002901.mp4,CCD,official,train,,,,0,,,10.0,,,,0 0 0 0 0 0 0 0 0 0 0 0 0 0 0 0 0 0 0 0 0 0 0 0 0 0 0 0 0 0 0 0 0 0 0 0 0 0 0 0 0 0 0 0 0 0 0 0 0 0
N-002902,002902,Normal/002902.mp4,CCD,official,train,,,,0,,,10.0,,,,0 0 0 0 0 0 0 0 0 0 0 0 0 0 0 0 0 0 0 0 0 0 0 0 0 0 0 0 0 0 0 0 0 0 0 0 0 0 0 0 0 0 0 0 0 0 0 0 0 0
N-002903,002903,Normal/002903.mp4,CCD,official,train,,,,0,,,10.0,,,,0 0 0 0 0 0 0 0 0 0 0 0 0 0 0 0 0 0 0 0 0 0 0 0 0 0 0 0 0 0 0 0 0 0 0 0 0 0 0 0 0 0 0 0 0 0 0 0 0 0
N-002904,002904,Normal/002904.mp4,CCD,official,train,,,,0,,,10.0,,,,0 0 0 0 0 0 0 0 0 0 0 0 0 0 0 0 0 0 0 0 0 0 0 0 0 0 0 0 0 0 0 0 0 0 0 0 0 0 0 0 0 0 0 0 0 0 0 0 0 0
N-002905,002905,Normal/002905.mp4,CCD,official,train,,,,0,,,10.0,,,,0 0 0 0 0 0 0 0 0 0 0 0 0 0 0 0 0 0 0 0 0 0 0 0 0 0 0 0 0 0 0 0 0 0 0 0 0 0 0 0 0 0 0 0 0 0 0 0 0 0
N-002906,002906,Normal/002906.mp4,CCD,official,train,,,,0,,,10.0,,,,0 0 0 0 0 0 0 0 0 0 0 0 0 0 0 0 0 0 0 0 0 0 0 0 0 0 0 0 0 0 0 0 0 0 0 0 0 0 0 0 0 0 0 0 0 0 0 0 0 0
N-002907,002907,Normal/002907.mp4,CCD,official,val,,,,0,,,10.0,,,,0 0 0 0 0 0 0 0 0 0 0 0 0 0 0 0 0 0 0 0 0 0 0 0 0 0 0 0 0 0 0 0 0 0 0 0 0 0 0 0 0 0 0 0 0 0 0 0 0 0
N-002908,002908,Normal/002908.mp4,CCD,official,train,,,,0,,,10.0,,,,0 0 0 0 0 0 0 0 0 0 0 0 0 0 0 0 0 0 0 0 0 0 0 0 0 0 0 0 0 0 0 0 0 0 0 0 0 0 0 0 0 0 0 0 0 0 0 0 0 0
N-002909,002909,Normal/002909.mp4,CCD,official,train,,,,0,,,10.0,,,,0 0 0 0 0 0 0 0 0 0 0 0 0 0 0 0 0 0 0 0 0 0 0 0 0 0 0 0 0 0 0 0 0 0 0 0 0 0 0 0 0 0 0 0 0 0 0 0 0 0
N-002910,002910,Normal/002910.mp4,CCD,official,val,,,,0,,,10.0,,,,0 0 0 0 0 0 0 0 0 0 0 0 0 0 0 0 0 0 0 0 0 0 0 0 0 0 0 0 0 0 0 0 0 0 0 0 0 0 0 0 0 0 0 0 0 0 0 0 0 0
N-002911,002911,Normal/002911.mp4,CCD,official,train,,,,0,,,10.0,,,,0 0 0 0 0 0 0 0 0 0 0 0 0 0 0 0 0 0 0 0 0 0 0 0 0 0 0 0 0 0 0 0 0 0 0 0 0 0 0 0 0 0 0 0 0 0 0 0 0 0
N-002912,002912,Normal/002912.mp4,CCD,official,train,,,,0,,,10.0,,,,0 0 0 0 0 0 0 0 0 0 0 0 0 0 0 0 0 0 0 0 0 0 0 0 0 0 0 0 0 0 0 0 0 0 0 0 0 0 0 0 0 0 0 0 0 0 0 0 0 0
N-002913,002913,Normal/002913.mp4,CCD,official,train,,,,0,,,10.0,,,,0 0 0 0 0 0 0 0 0 0 0 0 0 0 0 0 0 0 0 0 0 0 0 0 0 0 0 0 0 0 0 0 0 0 0 0 0 0 0 0 0 0 0 0 0 0 0 0 0 0
N-002914,002914,Normal/002914.mp4,CCD,official,test,,,,0,,,10.0,,,,0 0 0 0 0 0 0 0 0 0 0 0 0 0 0 0 0 0 0 0 0 0 0 0 0 0 0 0 0 0 0 0 0 0 0 0 0 0 0 0 0 0 0 0 0 0 0 0 0 0
N-002915,002915,Normal/002915.mp4,CCD,official,test,,,,0,,,10.0,,,,0 0 0 0 0 0 0 0 0 0 0 0 0 0 0 0 0 0 0 0 0 0 0 0 0 0 0 0 0 0 0 0 0 0 0 0 0 0 0 0 0 0 0 0 0 0 0 0 0 0
N-002916,002916,Normal/002916.mp4,CCD,official,train,,,,0,,,10.0,,,,0 0 0 0 0 0 0 0 0 0 0 0 0 0 0 0 0 0 0 0 0 0 0 0 0 0 0 0 0 0 0 0 0 0 0 0 0 0 0 0 0 0 0 0 0 0 0 0 0 0
N-002917,002917,Normal/002917.mp4,CCD,official,train,,,,0,,,10.0,,,,0 0 0 0 0 0 0 0 0 0 0 0 0 0 0 0 0 0 0 0 0 0 0 0 0 0 0 0 0 0 0 0 0 0 0 0 0 0 0 0 0 0 0 0 0 0 0 0 0 0
N-002918,002918,Normal/002918.mp4,CCD,official,val,,,,0,,,10.0,,,,0 0 0 0 0 0 0 0 0 0 0 0 0 0 0 0 0 0 0 0 0 0 0 0 0 0 0 0 0 0 0 0 0 0 0 0 0 0 0 0 0 0 0 0 0 0 0 0 0 0
N-002919,002919,Normal/002919.mp4,CCD,official,val,,,,0,,,10.0,,,,0 0 0 0 0 0 0 0 0 0 0 0 0 0 0 0 0 0 0 0 0 0 0 0 0 0 0 0 0 0 0 0 0 0 0 0 0 0 0 0 0 0 0 0 0 0 0 0 0 0
N-002920,002920,Normal/002920.mp4,CCD,official,val,,,,0,,,10.0,,,,0 0 0 0 0 0 0 0 0 0 0 0 0 0 0 0 0 0 0 0 0 0 0 0 0 0 0 0 0 0 0 0 0 0 0 0 0 0 0 0 0 0 0 0 0 0 0 0 0 0
N-002921,002921,Normal/002921.mp4,CCD,official,train,,,,0,,,10.0,,,,0 0 0 0 0 0 0 0 0 0 0 0 0 0 0 0 0 0 0 0 0 0 0 0 0 0 0 0 0 0 0 0 0 0 0 0 0 0 0 0 0 0 0 0 0 0 0 0 0 0
N-002922,002922,Normal/002922.mp4,CCD,official,train,,,,0,,,10.0,,,,0 0 0 0 0 0 0 0 0 0 0 0 0 0 0 0 0 0 0 0 0 0 0 0 0 0 0 0 0 0 0 0 0 0 0 0 0 0 0 0 0 0 0 0 0 0 0 0 0 0
N-002923,002923,Normal/002923.mp4,CCD,official,train,,,,0,,,10.0,,,,0 0 0 0 0 0 0 0 0 0 0 0 0 0 0 0 0 0 0 0 0 0 0 0 0 0 0 0 0 0 0 0 0 0 0 0 0 0 0 0 0 0 0 0 0 0 0 0 0 0
N-002924,002924,Normal/002924.mp4,CCD,official,val,,,,0,,,10.0,,,,0 0 0 0 0 0 0 0 0 0 0 0 0 0 0 0 0 0 0 0 0 0 0 0 0 0 0 0 0 0 0 0 0 0 0 0 0 0 0 0 0 0 0 0 0 0 0 0 0 0
N-002925,002925,Normal/002925.mp4,CCD,official,train,,,,0,,,10.0,,,,0 0 0 0 0 0 0 0 0 0 0 0 0 0 0 0 0 0 0 0 0 0 0 0 0 0 0 0 0 0 0 0 0 0 0 0 0 0 0 0 0 0 0 0 0 0 0 0 0 0
N-002926,002926,Normal/002926.mp4,CCD,official,train,,,,0,,,10.0,,,,0 0 0 0 0 0 0 0 0 0 0 0 0 0 0 0 0 0 0 0 0 0 0 0 0 0 0 0 0 0 0 0 0 0 0 0 0 0 0 0 0 0 0 0 0 0 0 0 0 0
N-002927,002927,Normal/002927.mp4,CCD,official,test,,,,0,,,10.0,,,,0 0 0 0 0 0 0 0 0 0 0 0 0 0 0 0 0 0 0 0 0 0 0 0 0 0 0 0 0 0 0 0 0 0 0 0 0 0 0 0 0 0 0 0 0 0 0 0 0 0
N-002928,002928,Normal/002928.mp4,CCD,official,train,,,,0,,,10.0,,,,0 0 0 0 0 0 0 0 0 0 0 0 0 0 0 0 0 0 0 0 0 0 0 0 0 0 0 0 0 0 0 0 0 0 0 0 0 0 0 0 0 0 0 0 0 0 0 0 0 0
N-002929,002929,Normal/002929.mp4,CCD,official,train,,,,0,,,10.0,,,,0 0 0 0 0 0 0 0 0 0 0 0 0 0 0 0 0 0 0 0 0 0 0 0 0 0 0 0 0 0 0 0 0 0 0 0 0 0 0 0 0 0 0 0 0 0 0 0 0 0
N-002930,002930,Normal/002930.mp4,CCD,official,val,,,,0,,,10.0,,,,0 0 0 0 0 0 0 0 0 0 0 0 0 0 0 0 0 0 0 0 0 0 0 0 0 0 0 0 0 0 0 0 0 0 0 0 0 0 0 0 0 0 0 0 0 0 0 0 0 0
N-002931,002931,Normal/002931.mp4,CCD,official,train,,,,0,,,10.0,,,,0 0 0 0 0 0 0 0 0 0 0 0 0 0 0 0 0 0 0 0 0 0 0 0 0 0 0 0 0 0 0 0 0 0 0 0 0 0 0 0 0 0 0 0 0 0 0 0 0 0
N-002932,002932,Normal/002932.mp4,CCD,official,train,,,,0,,,10.0,,,,0 0 0 0 0 0 0 0 0 0 0 0 0 0 0 0 0 0 0 0 0 0 0 0 0 0 0 0 0 0 0 0 0 0 0 0 0 0 0 0 0 0 0 0 0 0 0 0 0 0
N-002933,002933,Normal/002933.mp4,CCD,official,train,,,,0,,,10.0,,,,0 0 0 0 0 0 0 0 0 0 0 0 0 0 0 0 0 0 0 0 0 0 0 0 0 0 0 0 0 0 0 0 0 0 0 0 0 0 0 0 0 0 0 0 0 0 0 0 0 0
N-002934,002934,Normal/002934.mp4,CCD,official,train,,,,0,,,10.0,,,,0 0 0 0 0 0 0 0 0 0 0 0 0 0 0 0 0 0 0 0 0 0 0 0 0 0 0 0 0 0 0 0 0 0 0 0 0 0 0 0 0 0 0 0 0 0 0 0 0 0
N-002935,002935,Normal/002935.mp4,CCD,official,train,,,,0,,,10.0,,,,0 0 0 0 0 0 0 0 0 0 0 0 0 0 0 0 0 0 0 0 0 0 0 0 0 0 0 0 0 0 0 0 0 0 0 0 0 0 0 0 0 0 0 0 0 0 0 0 0 0
N-002936,002936,Normal/002936.mp4,CCD,official,val,,,,0,,,10.0,,,,0 0 0 0 0 0 0 0 0 0 0 0 0 0 0 0 0 0 0 0 0 0 0 0 0 0 0 0 0 0 0 0 0 0 0 0 0 0 0 0 0 0 0 0 0 0 0 0 0 0
N-002937,002937,Normal/002937.mp4,CCD,official,train,,,,0,,,10.0,,,,0 0 0 0 0 0 0 0 0 0 0 0 0 0 0 0 0 0 0 0 0 0 0 0 0 0 0 0 0 0 0 0 0 0 0 0 0 0 0 0 0 0 0 0 0 0 0 0 0 0
N-002938,002938,Normal/002938.mp4,CCD,official,train,,,,0,,,10.0,,,,0 0 0 0 0 0 0 0 0 0 0 0 0 0 0 0 0 0 0 0 0 0 0 0 0 0 0 0 0 0 0 0 0 0 0 0 0 0 0 0 0 0 0 0 0 0 0 0 0 0
N-002939,002939,Normal/002939.mp4,CCD,official,train,,,,0,,,10.0,,,,0 0 0 0 0 0 0 0 0 0 0 0 0 0 0 0 0 0 0 0 0 0 0 0 0 0 0 0 0 0 0 0 0 0 0 0 0 0 0 0 0 0 0 0 0 0 0 0 0 0
N-002940,002940,Normal/002940.mp4,CCD,official,val,,,,0,,,10.0,,,,0 0 0 0 0 0 0 0 0 0 0 0 0 0 0 0 0 0 0 0 0 0 0 0 0 0 0 0 0 0 0 0 0 0 0 0 0 0 0 0 0 0 0 0 0 0 0 0 0 0
N-002941,002941,Normal/002941.mp4,CCD,official,train,,,,0,,,10.0,,,,0 0 0 0 0 0 0 0 0 0 0 0 0 0 0 0 0 0 0 0 0 0 0 0 0 0 0 0 0 0 0 0 0 0 0 0 0 0 0 0 0 0 0 0 0 0 0 0 0 0
N-002942,002942,Normal/002942.mp4,CCD,official,train,,,,0,,,10.0,,,,0 0 0 0 0 0 0 0 0 0 0 0 0 0 0 0 0 0 0 0 0 0 0 0 0 0 0 0 0 0 0 0 0 0 0 0 0 0 0 0 0 0 0 0 0 0 0 0 0 0
N-002943,002943,Normal/002943.mp4,CCD,official,test,,,,0,,,10.0,,,,0 0 0 0 0 0 0 0 0 0 0 0 0 0 0 0 0 0 0 0 0 0 0 0 0 0 0 0 0 0 0 0 0 0 0 0 0 0 0 0 0 0 0 0 0 0 0 0 0 0
N-002944,002944,Normal/002944.mp4,CCD,official,train,,,,0,,,10.0,,,,0 0 0 0 0 0 0 0 0 0 0 0 0 0 0 0 0 0 0 0 0 0 0 0 0 0 0 0 0 0 0 0 0 0 0 0 0 0 0 0 0 0 0 0 0 0 0 0 0 0
N-002945,002945,Normal/002945.mp4,CCD,official,train,,,,0,,,10.0,,,,0 0 0 0 0 0 0 0 0 0 0 0 0 0 0 0 0 0 0 0 0 0 0 0 0 0 0 0 0 0 0 0 0 0 0 0 0 0 0 0 0 0 0 0 0 0 0 0 0 0
N-002946,002946,Normal/002946.mp4,CCD,official,train,,,,0,,,10.0,,,,0 0 0 0 0 0 0 0 0 0 0 0 0 0 0 0 0 0 0 0 0 0 0 0 0 0 0 0 0 0 0 0 0 0 0 0 0 0 0 0 0 0 0 0 0 0 0 0 0 0
N-002947,002947,Normal/002947.mp4,CCD,official,train,,,,0,,,10.0,,,,0 0 0 0 0 0 0 0 0 0 0 0 0 0 0 0 0 0 0 0 0 0 0 0 0 0 0 0 0 0 0 0 0 0 0 0 0 0 0 0 0 0 0 0 0 0 0 0 0 0
N-002948,002948,Normal/002948.mp4,CCD,official,val,,,,0,,,10.0,,,,0 0 0 0 0 0 0 0 0 0 0 0 0 0 0 0 0 0 0 0 0 0 0 0 0 0 0 0 0 0 0 0 0 0 0 0 0 0 0 0 0 0 0 0 0 0 0 0 0 0
N-002949,002949,Normal/002949.mp4,CCD,official,test,,,,0,,,10.0,,,,0 0 0 0 0 0 0 0 0 0 0 0 0 0 0 0 0 0 0 0 0 0 0 0 0 0 0 0 0 0 0 0 0 0 0 0 0 0 0 0 0 0 0 0 0 0 0 0 0 0
N-002950,002950,Normal/002950.mp4,CCD,official,train,,,,0,,,10.0,,,,0 0 0 0 0 0 0 0 0 0 0 0 0 0 0 0 0 0 0 0 0 0 0 0 0 0 0 0 0 0 0 0 0 0 0 0 0 0 0 0 0 0 0 0 0 0 0 0 0 0
N-002951,002951,Normal/002951.mp4,CCD,official,train,,,,0,,,10.0,,,,0 0 0 0 0 0 0 0 0 0 0 0 0 0 0 0 0 0 0 0 0 0 0 0 0 0 0 0 0 0 0 0 0 0 0 0 0 0 0 0 0 0 0 0 0 0 0 0 0 0
N-002952,002952,Normal/002952.mp4,CCD,official,train,,,,0,,,10.0,,,,0 0 0 0 0 0 0 0 0 0 0 0 0 0 0 0 0 0 0 0 0 0 0 0 0 0 0 0 0 0 0 0 0 0 0 0 0 0 0 0 0 0 0 0 0 0 0 0 0 0
N-002953,002953,Normal/002953.mp4,CCD,official,train,,,,0,,,10.0,,,,0 0 0 0 0 0 0 0 0 0 0 0 0 0 0 0 0 0 0 0 0 0 0 0 0 0 0 0 0 0 0 0 0 0 0 0 0 0 0 0 0 0 0 0 0 0 0 0 0 0
N-002954,002954,Normal/002954.mp4,CCD,official,train,,,,0,,,10.0,,,,0 0 0 0 0 0 0 0 0 0 0 0 0 0 0 0 0 0 0 0 0 0 0 0 0 0 0 0 0 0 0 0 0 0 0 0 0 0 0 0 0 0 0 0 0 0 0 0 0 0
N-002955,002955,Normal/002955.mp4,CCD,official,train,,,,0,,,10.0,,,,0 0 0 0 0 0 0 0 0 0 0 0 0 0 0 0 0 0 0 0 0 0 0 0 0 0 0 0 0 0 0 0 0 0 0 0 0 0 0 0 0 0 0 0 0 0 0 0 0 0
N-002956,002956,Normal/002956.mp4,CCD,official,test,,,,0,,,10.0,,,,0 0 0 0 0 0 0 0 0 0 0 0 0 0 0 0 0 0 0 0 0 0 0 0 0 0 0 0 0 0 0 0 0 0 0 0 0 0 0 0 0 0 0 0 0 0 0 0 0 0
N-002957,002957,Normal/002957.mp4,CCD,official,train,,,,0,,,10.0,,,,0 0 0 0 0 0 0 0 0 0 0 0 0 0 0 0 0 0 0 0 0 0 0 0 0 0 0 0 0 0 0 0 0 0 0 0 0 0 0 0 0 0 0 0 0 0 0 0 0 0
N-002958,002958,Normal/002958.mp4,CCD,official,test,,,,0,,,10.0,,,,0 0 0 0 0 0 0 0 0 0 0 0 0 0 0 0 0 0 0 0 0 0 0 0 0 0 0 0 0 0 0 0 0 0 0 0 0 0 0 0 0 0 0 0 0 0 0 0 0 0
N-002959,002959,Normal/002959.mp4,CCD,official,train,,,,0,,,10.0,,,,0 0 0 0 0 0 0 0 0 0 0 0 0 0 0 0 0 0 0 0 0 0 0 0 0 0 0 0 0 0 0 0 0 0 0 0 0 0 0 0 0 0 0 0 0 0 0 0 0 0
N-002960,002960,Normal/002960.mp4,CCD,official,train,,,,0,,,10.0,,,,0 0 0 0 0 0 0 0 0 0 0 0 0 0 0 0 0 0 0 0 0 0 0 0 0 0 0 0 0 0 0 0 0 0 0 0 0 0 0 0 0 0 0 0 0 0 0 0 0 0
N-002961,002961,Normal/002961.mp4,CCD,official,train,,,,0,,,10.0,,,,0 0 0 0 0 0 0 0 0 0 0 0 0 0 0 0 0 0 0 0 0 0 0 0 0 0 0 0 0 0 0 0 0 0 0 0 0 0 0 0 0 0 0 0 0 0 0 0 0 0
N-002962,002962,Normal/002962.mp4,CCD,official,train,,,,0,,,10.0,,,,0 0 0 0 0 0 0 0 0 0 0 0 0 0 0 0 0 0 0 0 0 0 0 0 0 0 0 0 0 0 0 0 0 0 0 0 0 0 0 0 0 0 0 0 0 0 0 0 0 0
N-002963,002963,Normal/002963.mp4,CCD,official,train,,,,0,,,10.0,,,,0 0 0 0 0 0 0 0 0 0 0 0 0 0 0 0 0 0 0 0 0 0 0 0 0 0 0 0 0 0 0 0 0 0 0 0 0 0 0 0 0 0 0 0 0 0 0 0 0 0
N-002964,002964,Normal/002964.mp4,CCD,official,val,,,,0,,,10.0,,,,0 0 0 0 0 0 0 0 0 0 0 0 0 0 0 0 0 0 0 0 0 0 0 0 0 0 0 0 0 0 0 0 0 0 0 0 0 0 0 0 0 0 0 0 0 0 0 0 0 0
N-002965,002965,Normal/002965.mp4,CCD,official,test,,,,0,,,10.0,,,,0 0 0 0 0 0 0 0 0 0 0 0 0 0 0 0 0 0 0 0 0 0 0 0 0 0 0 0 0 0 0 0 0 0 0 0 0 0 0 0 0 0 0 0 0 0 0 0 0 0
N-002966,002966,Normal/002966.mp4,CCD,official,val,,,,0,,,10.0,,,,0 0 0 0 0 0 0 0 0 0 0 0 0 0 0 0 0 0 0 0 0 0 0 0 0 0 0 0 0 0 0 0 0 0 0 0 0 0 0 0 0 0 0 0 0 0 0 0 0 0
N-002967,002967,Normal/002967.mp4,CCD,official,train,,,,0,,,10.0,,,,0 0 0 0 0 0 0 0 0 0 0 0 0 0 0 0 0 0 0 0 0 0 0 0 0 0 0 0 0 0 0 0 0 0 0 0 0 0 0 0 0 0 0 0 0 0 0 0 0 0
N-002968,002968,Normal/002968.mp4,CCD,official,train,,,,0,,,10.0,,,,0 0 0 0 0 0 0 0 0 0 0 0 0 0 0 0 0 0 0 0 0 0 0 0 0 0 0 0 0 0 0 0 0 0 0 0 0 0 0 0 0 0 0 0 0 0 0 0 0 0
N-002969,002969,Normal/002969.mp4,CCD,official,train,,,,0,,,10.0,,,,0 0 0 0 0 0 0 0 0 0 0 0 0 0 0 0 0 0 0 0 0 0 0 0 0 0 0 0 0 0 0 0 0 0 0 0 0 0 0 0 0 0 0 0 0 0 0 0 0 0
N-002970,002970,Normal/002970.mp4,CCD,official,train,,,,0,,,10.0,,,,0 0 0 0 0 0 0 0 0 0 0 0 0 0 0 0 0 0 0 0 0 0 0 0 0 0 0 0 0 0 0 0 0 0 0 0 0 0 0 0 0 0 0 0 0 0 0 0 0 0
N-002971,002971,Normal/002971.mp4,CCD,official,val,,,,0,,,10.0,,,,0 0 0 0 0 0 0 0 0 0 0 0 0 0 0 0 0 0 0 0 0 0 0 0 0 0 0 0 0 0 0 0 0 0 0 0 0 0 0 0 0 0 0 0 0 0 0 0 0 0
N-002972,002972,Normal/002972.mp4,CCD,official,train,,,,0,,,10.0,,,,0 0 0 0 0 0 0 0 0 0 0 0 0 0 0 0 0 0 0 0 0 0 0 0 0 0 0 0 0 0 0 0 0 0 0 0 0 0 0 0 0 0 0 0 0 0 0 0 0 0
N-002973,002973,Normal/002973.mp4,CCD,official,train,,,,0,,,10.0,,,,0 0 0 0 0 0 0 0 0 0 0 0 0 0 0 0 0 0 0 0 0 0 0 0 0 0 0 0 0 0 0 0 0 0 0 0 0 0 0 0 0 0 0 0 0 0 0 0 0 0
N-002974,002974,Normal/002974.mp4,CCD,official,val,,,,0,,,10.0,,,,0 0 0 0 0 0 0 0 0 0 0 0 0 0 0 0 0 0 0 0 0 0 0 0 0 0 0 0 0 0 0 0 0 0 0 0 0 0 0 0 0 0 0 0 0 0 0 0 0 0
N-002975,002975,Normal/002975.mp4,CCD,official,test,,,,0,,,10.0,,,,0 0 0 0 0 0 0 0 0 0 0 0 0 0 0 0 0 0 0 0 0 0 0 0 0 0 0 0 0 0 0 0 0 0 0 0 0 0 0 0 0 0 0 0 0 0 0 0 0 0
N-002976,002976,Normal/002976.mp4,CCD,official,train,,,,0,,,10.0,,,,0 0 0 0 0 0 0 0 0 0 0 0 0 0 0 0 0 0 0 0 0 0 0 0 0 0 0 0 0 0 0 0 0 0 0 0 0 0 0 0 0 0 0 0 0 0 0 0 0 0
N-002977,002977,Normal/002977.mp4,CCD,official,train,,,,0,,,10.0,,,,0 0 0 0 0 0 0 0 0 0 0 0 0 0 0 0 0 0 0 0 0 0 0 0 0 0 0 0 0 0 0 0 0 0 0 0 0 0 0 0 0 0 0 0 0 0 0 0 0 0
N-002978,002978,Normal/002978.mp4,CCD,official,val,,,,0,,,10.0,,,,0 0 0 0 0 0 0 0 0 0 0 0 0 0 0 0 0 0 0 0 0 0 0 0 0 0 0 0 0 0 0 0 0 0 0 0 0 0 0 0 0 0 0 0 0 0 0 0 0 0
N-002979,002979,Normal/002979.mp4,CCD,official,train,,,,0,,,10.0,,,,0 0 0 0 0 0 0 0 0 0 0 0 0 0 0 0 0 0 0 0 0 0 0 0 0 0 0 0 0 0 0 0 0 0 0 0 0 0 0 0 0 0 0 0 0 0 0 0 0 0
N-002980,002980,Normal/002980.mp4,CCD,official,train,,,,0,,,10.0,,,,0 0 0 0 0 0 0 0 0 0 0 0 0 0 0 0 0 0 0 0 0 0 0 0 0 0 0 0 0 0 0 0 0 0 0 0 0 0 0 0 0 0 0 0 0 0 0 0 0 0
N-002981,002981,Normal/002981.mp4,CCD,official,test,,,,0,,,10.0,,,,0 0 0 0 0 0 0 0 0 0 0 0 0 0 0 0 0 0 0 0 0 0 0 0 0 0 0 0 0 0 0 0 0 0 0 0 0 0 0 0 0 0 0 0 0 0 0 0 0 0
N-002982,002982,Normal/002982.mp4,CCD,official,test,,,,0,,,10.0,,,,0 0 0 0 0 0 0 0 0 0 0 0 0 0 0 0 0 0 0 0 0 0 0 0 0 0 0 0 0 0 0 0 0 0 0 0 0 0 0 0 0 0 0 0 0 0 0 0 0 0
N-002983,002983,Normal/002983.mp4,CCD,official,train,,,,0,,,10.0,,,,0 0 0 0 0 0 0 0 0 0 0 0 0 0 0 0 0 0 0 0 0 0 0 0 0 0 0 0 0 0 0 0 0 0 0 0 0 0 0 0 0 0 0 0 0 0 0 0 0 0
N-002984,002984,Normal/002984.mp4,CCD,official,train,,,,0,,,10.0,,,,0 0 0 0 0 0 0 0 0 0 0 0 0 0 0 0 0 0 0 0 0 0 0 0 0 0 0 0 0 0 0 0 0 0 0 0 0 0 0 0 0 0 0 0 0 0 0 0 0 0
N-002985,002985,Normal/002985.mp4,CCD,official,test,,,,0,,,10.0,,,,0 0 0 0 0 0 0 0 0 0 0 0 0 0 0 0 0 0 0 0 0 0 0 0 0 0 0 0 0 0 0 0 0 0 0 0 0 0 0 0 0 0 0 0 0 0 0 0 0 0
N-002986,002986,Normal/002986.mp4,CCD,official,val,,,,0,,,10.0,,,,0 0 0 0 0 0 0 0 0 0 0 0 0 0 0 0 0 0 0 0 0 0 0 0 0 0 0 0 0 0 0 0 0 0 0 0 0 0 0 0 0 0 0 0 0 0 0 0 0 0
N-002987,002987,Normal/002987.mp4,CCD,official,train,,,,0,,,10.0,,,,0 0 0 0 0 0 0 0 0 0 0 0 0 0 0 0 0 0 0 0 0 0 0 0 0 0 0 0 0 0 0 0 0 0 0 0 0 0 0 0 0 0 0 0 0 0 0 0 0 0
N-002988,002988,Normal/002988.mp4,CCD,official,test,,,,0,,,10.0,,,,0 0 0 0 0 0 0 0 0 0 0 0 0 0 0 0 0 0 0 0 0 0 0 0 0 0 0 0 0 0 0 0 0 0 0 0 0 0 0 0 0 0 0 0 0 0 0 0 0 0
N-002989,002989,Normal/002989.mp4,CCD,official,train,,,,0,,,10.0,,,,0 0 0 0 0 0 0 0 0 0 0 0 0 0 0 0 0 0 0 0 0 0 0 0 0 0 0 0 0 0 0 0 0 0 0 0 0 0 0 0 0 0 0 0 0 0 0 0 0 0
N-002990,002990,Normal/002990.mp4,CCD,official,train,,,,0,,,10.0,,,,0 0 0 0 0 0 0 0 0 0 0 0 0 0 0 0 0 0 0 0 0 0 0 0 0 0 0 0 0 0 0 0 0 0 0 0 0 0 0 0 0 0 0 0 0 0 0 0 0 0
N-002991,002991,Normal/002991.mp4,CCD,official,train,,,,0,,,10.0,,,,0 0 0 0 0 0 0 0 0 0 0 0 0 0 0 0 0 0 0 0 0 0 0 0 0 0 0 0 0 0 0 0 0 0 0 0 0 0 0 0 0 0 0 0 0 0 0 0 0 0
N-002992,002992,Normal/002992.mp4,CCD,official,train,,,,0,,,10.0,,,,0 0 0 0 0 0 0 0 0 0 0 0 0 0 0 0 0 0 0 0 0 0 0 0 0 0 0 0 0 0 0 0 0 0 0 0 0 0 0 0 0 0 0 0 0 0 0 0 0 0
N-002993,002993,Normal/002993.mp4,CCD,official,train,,,,0,,,10.0,,,,0 0 0 0 0 0 0 0 0 0 0 0 0 0 0 0 0 0 0 0 0 0 0 0 0 0 0 0 0 0 0 0 0 0 0 0 0 0 0 0 0 0 0 0 0 0 0 0 0 0
N-002994,002994,Normal/002994.mp4,CCD,official,train,,,,0,,,10.0,,,,0 0 0 0 0 0 0 0 0 0 0 0 0 0 0 0 0 0 0 0 0 0 0 0 0 0 0 0 0 0 0 0 0 0 0 0 0 0 0 0 0 0 0 0 0 0 0 0 0 0
N-002995,002995,Normal/002995.mp4,CCD,official,test,,,,0,,,10.0,,,,0 0 0 0 0 0 0 0 0 0 0 0 0 0 0 0 0 0 0 0 0 0 0 0 0 0 0 0 0 0 0 0 0 0 0 0 0 0 0 0 0 0 0 0 0 0 0 0 0 0
N-002996,002996,Normal/002996.mp4,CCD,official,train,,,,0,,,10.0,,,,0 0 0 0 0 0 0 0 0 0 0 0 0 0 0 0 0 0 0 0 0 0 0 0 0 0 0 0 0 0 0 0 0 0 0 0 0 0 0 0 0 0 0 0 0 0 0 0 0 0
N-002997,002997,Normal/002997.mp4,CCD,official,val,,,,0,,,10.0,,,,0 0 0 0 0 0 0 0 0 0 0 0 0 0 0 0 0 0 0 0 0 0 0 0 0 0 0 0 0 0 0 0 0 0 0 0 0 0 0 0 0 0 0 0 0 0 0 0 0 0
N-002998,002998,Normal/002998.mp4,CCD,official,test,,,,0,,,10.0,,,,0 0 0 0 0 0 0 0 0 0 0 0 0 0 0 0 0 0 0 0 0 0 0 0 0 0 0 0 0 0 0 0 0 0 0 0 0 0 0 0 0 0 0 0 0 0 0 0 0 0
N-002999,002999,Normal/002999.mp4,CCD,official,test,,,,0,,,10.0,,,,0 0 0 0 0 0 0 0 0 0 0 0 0 0 0 0 0 0 0 0 0 0 0 0 0 0 0 0 0 0 0 0 0 0 0 0 0 0 0 0 0 0 0 0 0 0 0 0 0 0
N-003000,003000,Normal/003000.mp4,CCD,official,train,,,,0,,,10.0,,,,0 0 0 0 0 0 0 0 0 0 0 0 0 0 0 0 0 0 0 0 0 0 0 0 0 0 0 0 0 0 0 0 0 0 0 0 0 0 0 0 0 0 0 0 0 0 0 0 0 0
