id,target,time_of_event,time_of_alert
dZG1VKsgs60_001192,1,5.300,
dZG1VKsgs60_001192__pre,0,,
88LcRU7uEFE_003314,1,4.800,
88LcRU7uEFE_003314__pre,0,,
lmykriTbncM_002565,1,4.500,
lmykriTbncM_002565__pre,0,,
QeuzUfHIWYU_002638,1,4.000,
QeuzUfHIWYU_002638__pre,0,,
6E2N9ld0eHg_004399,1,1.600,
P5MjgFmqouA_002297,1,4.900,
P5MjgFmqouA_002297__pre,0,,
gZbGLa253Ak_004421,1,3.800,
gZbGLa253Ak_004421__pre,0,,
fWJbp43k644_002113,1,6.100,
fWJbp43k644_002113__pre,0,,
DSBGS6aRzgc_003585,1,3.700,
DSBGS6aRzgc_003585__pre,0,,
Hx8FMhmdOQU_003882,1,3.900,
Hx8FMhmdOQU_003882__pre,0,,
lKMwX4nA64k_003483,1,5.400,
lKMwX4nA64k_003483__pre,0,,
f482qwPz7ns_005169,1,7.600,
f482qwPz7ns_005169__pre,0,,
a_VxrUq9PmA_005011,1,4.700,
a_VxrUq9PmA_005011__pre,0,,
lKMwX4nA64k_005934,1,2.300,
lKMwX4nA64k_005934__pre,0,,
Eq7_uD2yN5Y_005653,1,5.200,
Eq7_uD2yN5Y_005653__pre,0,,
GdyJqgxlSxs_002184,1,4.900,
GdyJqgxlSxs_002184__pre,0,,
ZIts2XH28SA_002006,1,4.700,
ZIts2XH28SA_002006__pre,0,,
kld-iYpdjyo_001217,1,4.400,
kld-iYpdjyo_001217__pre,0,,
dZG1VKsgs60_000936,1,4.600,
dZG1VKsgs60_000936__pre,0,,
TlBhM9Xbr2o_001092,1,4.600,
TlBhM9Xbr2o_001092__pre,0,,
uO2zGO5ydBc_001091,1,4.800,
uO2zGO5ydBc_001091__pre,0,,
GdyJqgxlSxs_004590,1,1.900,
J-j5eIHg8I0_002327,1,6.400,
J-j5eIHg8I0_002327__pre,0,,
PYL3JcSsS6o_002738,1,3.500,
PYL3JcSsS6o_002738__pre,0,,
GdyJqgxlSxs_000643,1,2.400,
GdyJqgxlSxs_000643__pre,0,,
fdvMUP8qvzw_000713,1,4.600,
fdvMUP8qvzw_000713__pre,0,,
kVhgFPPG-wo_002598,1,2.900,
kVhgFPPG-wo_002598__pre,0,,
L334aqEJxys_002930,1,3.800,
L334aqEJxys_002930__pre,0,,
Z9K13eBUwJM_000061,1,1.200,
fb5i7JlmJdg_002818,1,3.800,
fb5i7JlmJdg_002818__pre,0,,
OWtbKblBOKI_005314,1,3.800,
OWtbKblBOKI_005314__pre,0,,
ujVRDgGVzlQ_004489,1,3.800,
ujVRDgGVzlQ_004489__pre,0,,
fHUJcUaW2mE_001521,1,11.600,
fHUJcUaW2mE_001521__pre,0,,
bFGmOp9H3MA_004096,1,1.300,
TlBhM9Xbr2o_002305,1,4.900,
TlBhM9Xbr2o_002305__pre,0,,
cfrLchAShxQ_003805,1,3.400,
cfrLchAShxQ_003805__pre,0,,
EY8x-fyQkbk_001548,1,4.100,
EY8x-fyQkbk_001548__pre,0,,
DyzL2sahobA_004994,1,6.500,
DyzL2sahobA_004994__pre,0,,
RASKiMoxhOE_003591,1,3.900,
RASKiMoxhOE_003591__pre,0,,
eN6y6-4C1Rc_004088,1,3.100,
eN6y6-4C1Rc_004088__pre,0,,
UbDCiQVuzPY_002731,1,7.100,
UbDCiQVuzPY_002731__pre,0,,
Hx8FMhmdOQU_004730,1,5.400,
Hx8FMhmdOQU_004730__pre,0,,
JkYzYrJpSoQ_004518,1,3.200,
JkYzYrJpSoQ_004518__pre,0,,
ahKX0rtdMJc_001132,1,6.400,
ahKX0rtdMJc_001132__pre,0,,
hdOtS-BpUPY_004383,1,6.000,
hdOtS-BpUPY_004383__pre,0,,
LfKfK4I5RPE_005264,1,4.500,
LfKfK4I5RPE_005264__pre,0,,
0qfbmt4G8Rw_003336,1,3.900,
0qfbmt4G8Rw_003336__pre,0,,
D_pyFV4nKd4_003894,1,5.000,
D_pyFV4nKd4_003894__pre,0,,
DpQBo4gb6Lw_003134,1,5.800,
DpQBo4gb6Lw_003134__pre,0,,
ha-IeID24As_000447,1,5.300,
ha-IeID24As_000447__pre,0,,
3tEZvtQZ18Q_000371,1,0.000,
t4Cvbdtebk0_004664,1,3.700,
t4Cvbdtebk0_004664__pre,0,,
Z9K13eBUwJM_000629,1,3.300,
Z9K13eBUwJM_000629__pre,0,,
P5MjgFmqouA_004477,1,2.800,
P5MjgFmqouA_004477__pre,0,,
jFFhYwgepmY_001108,1,4.300,
jFFhYwgepmY_001108__pre,0,,
3u_CIo9IaWo_003276,1,4.500,
3u_CIo9IaWo_003276__pre,0,,
sUbP4j8rAic_001693,1,3.900,
sUbP4j8rAic_001693__pre,0,,
gDjeTHGWX9c_005001,1,6.500,
gDjeTHGWX9c_005001__pre,0,,
xVfPBzDnI2Q_004984,1,3.800,
xVfPBzDnI2Q_004984__pre,0,,
W6YrlYyWguc_000325,1,7.200,
W6YrlYyWguc_000325__pre,0,,
0RJPQ_97dcs_000199,1,4.000,
0RJPQ_97dcs_000199__pre,0,,
nHvTqyRntbY_005330,1,3.800,
nHvTqyRntbY_005330__pre,0,,
IOoVklIZLMw_004588,1,7.600,
IOoVklIZLMw_004588__pre,0,,
qzMjfBx1KI0_001259,1,3.700,
qzMjfBx1KI0_001259__pre,0,,
qzMjfBx1KI0_002692,1,1.400,
p-fBcE77G4c_005117,1,4.700,
p-fBcE77G4c_005117__pre,0,,
DpQBo4gb6Lw_000907,1,7.200,
DpQBo4gb6Lw_000907__pre,0,,
EY8x-fyQkbk_000286,1,3.700,
EY8x-fyQkbk_000286__pre,0,,
yhtzAKqRyXw_005208,1,3.800,
yhtzAKqRyXw_005208__pre,0,,
Q7VBPeGwJWw_001111,1,2.900,
Q7VBPeGwJWw_001111__pre,0,,
PqbpIHZvjMA_001683,1,3.900,
PqbpIHZvjMA_001683__pre,0,,
fHUJcUaW2mE_001103,1,4.000,
fHUJcUaW2mE_001103__pre,0,,
f482qwPz7ns_001256,1,9.600,
f482qwPz7ns_001256__pre,0,,
RASKiMoxhOE_003357,1,3.700,
RASKiMoxhOE_003357__pre,0,,
1u69z-wsDIc_002579,1,4.100,
1u69z-wsDIc_002579__pre,0,,
90gyBengKDs_004600,1,1.600,
yB6fjM1UUC0_000341,1,7.200,
yB6fjM1UUC0_000341__pre,0,,
UKBuDqU8qTM_002520,1,4.500,
UKBuDqU8qTM_002520__pre,0,,
uO2zGO5ydBc_001658,1,5.700,
uO2zGO5ydBc_001658__pre,0,,
88LcRU7uEFE_000370,1,3.400,
88LcRU7uEFE_000370__pre,0,,
K1r3m5OrmB4_000236,1,3.000,
K1r3m5OrmB4_000236__pre,0,,
3u_CIo9IaWo_000332,1,4.400,
3u_CIo9IaWo_000332__pre,0,,
fsqORUrKLYg_001105,1,5.000,
fsqORUrKLYg_001105__pre,0,,
ujVRDgGVzlQ_002470,1,3.800,
ujVRDgGVzlQ_002470__pre,0,,
Zpo0kwg1XEQ_001399,1,3.400,
Zpo0kwg1XEQ_001399__pre,0,,
fb5i7JlmJdg_000073,1,4.000,
fb5i7JlmJdg_000073__pre,0,,
UjkeNSr2dXQ_005463,1,1.300,
8dI7OolIEXY_003076,1,3.600,
8dI7OolIEXY_003076__pre,0,,
UOjQsfDXjO0_001718,1,8.400,
UOjQsfDXjO0_001718__pre,0,,
h55PiQMnlJY_003675,1,5.300,
h55PiQMnlJY_003675__pre,0,,
YBEYOS3A3Ic_000532,1,6.200,
YBEYOS3A3Ic_000532__pre,0,,
fsqORUrKLYg_001563,1,6.400,
fsqORUrKLYg_001563__pre,0,,
DSBGS6aRzgc_000771,1,4.500,
DSBGS6aRzgc_000771__pre,0,,
kVhgFPPG-wo_004282,1,1.300,
L334aqEJxys_004719,1,5.000,
L334aqEJxys_004719__pre,0,,
TNZv-NBcV5U_004020,1,3.500,
TNZv-NBcV5U_004020__pre,0,,
RASKiMoxhOE_003270,1,2.600,
RASKiMoxhOE_003270__pre,0,,
Izf9l3VWQuo_000331,1,4.000,
Izf9l3VWQuo_000331__pre,0,,
4K_6s1n6BpU_005467,1,2.300,
4K_6s1n6BpU_005467__pre,0,,
pQdl0apLT70_004880,1,2.800,
pQdl0apLT70_004880__pre,0,,
bcpfYpmDcp0_000888,1,2.800,
bcpfYpmDcp0_000888__pre,0,,
fHUJcUaW2mE_000347,1,6.300,
fHUJcUaW2mE_000347__pre,0,,
fsqORUrKLYg_000211,1,6.600,
fsqORUrKLYg_000211__pre,0,,
Sihe6aeyLHg_002452,1,3.200,
Sihe6aeyLHg_002452__pre,0,,
gZbGLa253Ak_004574,1,2.800,
gZbGLa253Ak_004574__pre,0,,
HzVbo46kkBA_001028,1,2.700,
HzVbo46kkBA_001028__pre,0,,
OWtbKblBOKI_002215,1,3.500,
OWtbKblBOKI_002215__pre,0,,
4wKjxDXnmYs_005526,1,2.400,
4wKjxDXnmYs_005526__pre,0,,
lKMwX4nA64k_005856,1,2.500,
lKMwX4nA64k_005856__pre,0,,
ahKX0rtdMJc_001723,1,4.800,
ahKX0rtdMJc_001723__pre,0,,
PYL3JcSsS6o_005610,1,7.600,
PYL3JcSsS6o_005610__pre,0,,
fdvMUP8qvzw_004172,1,3.800,
fdvMUP8qvzw_004172__pre,0,,
JV0D-YkWHD8_003124,1,2.300,
JV0D-YkWHD8_003124__pre,0,,
ieP36TLihGM_004234,1,5.200,
ieP36TLihGM_004234__pre,0,,
dZG1VKsgs60_001563,1,2.800,
dZG1VKsgs60_001563__pre,0,,
fWJbp43k644_002373,1,5.200,
fWJbp43k644_002373__pre,0,,
IQwS7BEjUxM_004386,1,3.100,
IQwS7BEjUxM_004386__pre,0,,
nHvTqyRntbY_002024,1,2.500,
nHvTqyRntbY_002024__pre,0,,
YBEYOS3A3Ic_001727,1,3.400,
YBEYOS3A3Ic_001727__pre,0,,
Sihe6aeyLHg_006383,1,1.800,
y4Evv5By6sg_001058,1,4.000,
y4Evv5By6sg_001058__pre,0,,
eW9vWga9F5M_000811,1,3.400,
eW9vWga9F5M_000811__pre,0,,
4wKjxDXnmYs_004902,1,1.400,
TNZv-NBcV5U_002572,1,1.900,
vdLn-qswnRo_000403,1,3.600,
vdLn-qswnRo_000403__pre,0,,
IOoVklIZLMw_001334,1,4.300,
IOoVklIZLMw_001334__pre,0,,
HzVbo46kkBA_003484,1,5.800,
HzVbo46kkBA_003484__pre,0,,
Vtpe3HAIEm4_003523,1,4.300,
Vtpe3HAIEm4_003523__pre,0,,
xpOyD-qrQUw_003942,1,4.100,
xpOyD-qrQUw_003942__pre,0,,
xVfPBzDnI2Q_002001,1,3.500,
xVfPBzDnI2Q_002001__pre,0,,
ZIts2XH28SA_002310,1,4.200,
ZIts2XH28SA_002310__pre,0,,
sdqIDbZJfy0_005110,1,2.900,
sdqIDbZJfy0_005110__pre,0,,
fdvMUP8qvzw_000361,1,5.600,
fdvMUP8qvzw_000361__pre,0,,
ruiSuGHJf6Q_001641,1,9.900,
ruiSuGHJf6Q_001641__pre,0,,
GYWPqbrY8Z4_001682,1,1.800,
bI9JzQSrEGo_003112,1,3.100,
bI9JzQSrEGo_003112__pre,0,,
Hx8FMhmdOQU_002552,1,6.400,
Hx8FMhmdOQU_002552__pre,0,,
fHUJcUaW2mE_000548,1,4.600,
fHUJcUaW2mE_000548__pre,0,,
Rrcjy5t8b20_002997,1,4.000,
Rrcjy5t8b20_002997__pre,0,,
QERvirE3S5s_002400,1,4.100,
QERvirE3S5s_002400__pre,0,,
QeuzUfHIWYU_000836,1,2.100,
QeuzUfHIWYU_000836__pre,0,,
UKBuDqU8qTM_005119,1,4.100,
UKBuDqU8qTM_005119__pre,0,,
ujVRDgGVzlQ_005062,1,4.600,
ujVRDgGVzlQ_005062__pre,0,,
2SAby_5t94M_002722,1,1.700,
qzMjfBx1KI0_000716,1,2.100,
qzMjfBx1KI0_000716__pre,0,,
pQdl0apLT70_004534,1,2.200,
pQdl0apLT70_004534__pre,0,,
nvVk7L3GrJQ_005959,1,3.500,
nvVk7L3GrJQ_005959__pre,0,,
6E2N9ld0eHg_001573,1,4.900,
6E2N9ld0eHg_001573__pre,0,,
xpOyD-qrQUw_003003,1,3.500,
xpOyD-qrQUw_003003__pre,0,,
Hkui6PJboFg_005547,1,2.400,
Hkui6PJboFg_005547__pre,0,,
ezY7QrSWeWw_001853,1,3.100,
ezY7QrSWeWw_001853__pre,0,,
bhA2ckvE-TQ_004628,1,5.900,
bhA2ckvE-TQ_004628__pre,0,,
3Sqeb-l1RPA_005677,1,2.300,
3Sqeb-l1RPA_005677__pre,0,,
gXezhrOijmQ_004508,1,3.600,
gXezhrOijmQ_004508__pre,0,,
ha-IeID24As_004112,1,5.100,
ha-IeID24As_004112__pre,0,,
bcpfYpmDcp0_001580,1,5.200,
bcpfYpmDcp0_001580__pre,0,,
jFFhYwgepmY_000251,1,3.900,
jFFhYwgepmY_000251__pre,0,,
LbKd5Ho0wDM_001235,1,0.600,
hdOtS-BpUPY_005441,1,3.300,
hdOtS-BpUPY_005441__pre,0,,
kVhgFPPG-wo_006087,1,2.200,
kVhgFPPG-wo_006087__pre,0,,
JV0D-YkWHD8_004334,1,1.900,
fb5i7JlmJdg_004802,1,4.800,
fb5i7JlmJdg_004802__pre,0,,
JV0D-YkWHD8_000061,1,3.700,
JV0D-YkWHD8_000061__pre,0,,
pWZSG2cUdEo_003028,1,3.300,
pWZSG2cUdEo_003028__pre,0,,
fHUJcUaW2mE_003721,1,7.000,
fHUJcUaW2mE_003721__pre,0,,
yhtzAKqRyXw_002489,1,2.700,
yhtzAKqRyXw_002489__pre,0,,
4K_6s1n6BpU_003459,1,3.400,
4K_6s1n6BpU_003459__pre,0,,
ruiSuGHJf6Q_004299,1,3.000,
ruiSuGHJf6Q_004299__pre,0,,
Hd2IzHAfkCI_001562,1,3.700,
Hd2IzHAfkCI_001562__pre,0,,
pQdl0apLT70_003191,1,5.500,
pQdl0apLT70_003191__pre,0,,
hfwb3mZZ0fs_004258,1,1.400,
oZaUkhs_H-s_005033,1,5.500,
oZaUkhs_H-s_005033__pre,0,,
pQdl0apLT70_004810,1,1.800,
bcpfYpmDcp0_003106,1,1.900,
CyeT8rEQOpQ_001316,1,3.000,
CyeT8rEQOpQ_001316__pre,0,,
PEwiwzyTjX0_003618,1,3.200,
PEwiwzyTjX0_003618__pre,0,,
dZG1VKsgs60_002668,1,3.800,
dZG1VKsgs60_002668__pre,0,,
4OGV0AbV91U_001820,1,3.400,
4OGV0AbV91U_001820__pre,0,,
2TmFM9p1KF8_005238,1,3.600,
2TmFM9p1KF8_005238__pre,0,,
IQwS7BEjUxM_002666,1,5.700,
IQwS7BEjUxM_002666__pre,0,,
qzMjfBx1KI0_002409,1,2.100,
qzMjfBx1KI0_002409__pre,0,,
TNZv-NBcV5U_000156,1,5.000,
TNZv-NBcV5U_000156__pre,0,,
TNZv-NBcV5U_003566,1,2.700,
TNZv-NBcV5U_003566__pre,0,,
kVhgFPPG-wo_001150,1,2.500,
kVhgFPPG-wo_001150__pre,0,,
JV0D-YkWHD8_002833,1,2.400,
JV0D-YkWHD8_002833__pre,0,,
nvVk7L3GrJQ_002650,1,4.300,
nvVk7L3GrJQ_002650__pre,0,,
JV0D-YkWHD8_000956,1,3.700,
JV0D-YkWHD8_000956__pre,0,,
kVhgFPPG-wo_004450,1,2.200,
kVhgFPPG-wo_004450__pre,0,,
Rrcjy5t8b20_001098,1,3.000,
Rrcjy5t8b20_001098__pre,0,,
l1XbmdmGr0Q_001744,1,4.900,
l1XbmdmGr0Q_001744__pre,0,,
TlBhM9Xbr2o_001970,1,3.300,
TlBhM9Xbr2o_001970__pre,0,,
Hx8FMhmdOQU_000363,1,6.100,
Hx8FMhmdOQU_000363__pre,0,,
xVfPBzDnI2Q_003219,1,2.500,
xVfPBzDnI2Q_003219__pre,0,,
J-j5eIHg8I0_005010,1,13.000,
J-j5eIHg8I0_005010__pre,0,,
X8VgGb1fJDU_000652,1,3.800,
X8VgGb1fJDU_000652__pre,0,,
2TmFM9p1KF8_005814,1,2.600,
2TmFM9p1KF8_005814__pre,0,,
xVfPBzDnI2Q_005239,1,3.800,
xVfPBzDnI2Q_005239__pre,0,,
HzVbo46kkBA_005827,1,4.500,
HzVbo46kkBA_005827__pre,0,,
YBEYOS3A3Ic_002478,1,6.000,
YBEYOS3A3Ic_002478__pre,0,,
kVhgFPPG-wo_006012,1,1.500,
fb5i7JlmJdg_000281,1,5.700,
fb5i7JlmJdg_000281__pre,0,,
90gyBengKDs_003275,1,3.400,
90gyBengKDs_003275__pre,0,,
oZaUkhs_H-s_004913,1,3.000,
oZaUkhs_H-s_004913__pre,0,,
0RJPQ_97dcs_005140,1,2.500,
0RJPQ_97dcs_005140__pre,0,,
HzVbo46kkBA_000073,1,3.200,
HzVbo46kkBA_000073__pre,0,,
vdLn-qswnRo_003885,1,2.900,
vdLn-qswnRo_003885__pre,0,,
Hfs4AlBmg70_004372,1,3.000,
Hfs4AlBmg70_004372__pre,0,,
oZaUkhs_H-s_001527,1,5.400,
oZaUkhs_H-s_001527__pre,0,,
fWJbp43k644_004869,1,5.100,
fWJbp43k644_004869__pre,0,,
5vKPYV5w6pw_003253,1,2.300,
5vKPYV5w6pw_003253__pre,0,,
r6_ZhT7rmhM_003383,1,3.200,
r6_ZhT7rmhM_003383__pre,0,,
JV0D-YkWHD8_001966,1,0.600,
L334aqEJxys_002732,1,2.900,
L334aqEJxys_002732__pre,0,,
GdyJqgxlSxs_004307,1,1.000,
xpOyD-qrQUw_005050,1,2.000,
xpOyD-qrQUw_005050__pre,0,,
Tsl84N96WM8_000961,1,3.500,
Tsl84N96WM8_000961__pre,0,,
cfrLchAShxQ_001886,1,4.300,
cfrLchAShxQ_001886__pre,0,,
UjkeNSr2dXQ_005770,1,1.900,
ieP36TLihGM_001404,1,5.700,
ieP36TLihGM_001404__pre,0,,
bcpfYpmDcp0_001395,1,2.800,
bcpfYpmDcp0_001395__pre,0,,
y1vGuUK0db4_001028,1,3.200,
y1vGuUK0db4_001028__pre,0,,
xVfPBzDnI2Q_002991,1,6.300,
xVfPBzDnI2Q_002991__pre,0,,
3tEZvtQZ18Q_004370,1,4.700,
3tEZvtQZ18Q_004370__pre,0,,
Eq7_uD2yN5Y_004419,1,4.900,
Eq7_uD2yN5Y_004419__pre,0,,
ieP36TLihGM_001519,1,3.100,
ieP36TLihGM_001519__pre,0,,
K1r3m5OrmB4_000061,1,1.600,
ujVRDgGVzlQ_005856,1,3.800,
ujVRDgGVzlQ_005856__pre,0,,
Z9K13eBUwJM_002500,1,0.700,
0z7J7rOpTic_001286,1,3.600,
0z7J7rOpTic_001286__pre,0,,
yhtzAKqRyXw_002311,1,2.700,
yhtzAKqRyXw_002311__pre,0,,
7uTMZ5-aWKA_003538,1,5.700,
7uTMZ5-aWKA_003538__pre,0,,
IQwS7BEjUxM_003927,1,4.500,
IQwS7BEjUxM_003927__pre,0,,
lmykriTbncM_001360,1,1.700,
FqJ4IfRLKmA_000731,1,3.900,
FqJ4IfRLKmA_000731__pre,0,,
t4Cvbdtebk0_000605,1,3.900,
t4Cvbdtebk0_000605__pre,0,,
UKBuDqU8qTM_005230,1,4.900,
UKBuDqU8qTM_005230__pre,0,,
OPj7lUQOre8_001531,1,5.300,
OPj7lUQOre8_001531__pre,0,,
fWJbp43k644_004275,1,3.100,
fWJbp43k644_004275__pre,0,,
vdLn-qswnRo_002696,1,3.200,
vdLn-qswnRo_002696__pre,0,,
bFGmOp9H3MA_005403,1,2.200,
bFGmOp9H3MA_005403__pre,0,,
4OGV0AbV91U_000521,1,2.300,
4OGV0AbV91U_000521__pre,0,,
nvVk7L3GrJQ_005753,1,3.400,
nvVk7L3GrJQ_005753__pre,0,,
uO2zGO5ydBc_004454,1,2.400,
uO2zGO5ydBc_004454__pre,0,,
8dI7OolIEXY_002376,1,3.500,
8dI7OolIEXY_002376__pre,0,,
kjVywUi1WK4_000061,1,5.100,
kjVywUi1WK4_000061__pre,0,,
uFwnmh0GpBo_000962,1,8.400,
uFwnmh0GpBo_000962__pre,0,,
K1r3m5OrmB4_002566,1,3.900,
K1r3m5OrmB4_002566__pre,0,,
D_pyFV4nKd4_000073,1,7.900,
D_pyFV4nKd4_000073__pre,0,,
LfKfK4I5RPE_002396,1,3.600,
LfKfK4I5RPE_002396__pre,0,,
OWtbKblBOKI_003922,1,3.800,
OWtbKblBOKI_003922__pre,0,,
EY8x-fyQkbk_003548,1,3.900,
EY8x-fyQkbk_003548__pre,0,,
88LcRU7uEFE_000832,1,2.300,
88LcRU7uEFE_000832__pre,0,,
4OGV0AbV91U_002491,1,3.100,
4OGV0AbV91U_002491__pre,0,,
yhtzAKqRyXw_004280,1,2.900,
yhtzAKqRyXw_004280__pre,0,,
IOoVklIZLMw_002881,1,7.700,
IOoVklIZLMw_002881__pre,0,,
pWZSG2cUdEo_002467,1,2.800,
pWZSG2cUdEo_002467__pre,0,,
8dI7OolIEXY_005841,1,3.200,
8dI7OolIEXY_005841__pre,0,,
0qfbmt4G8Rw_002566,1,4.600,
0qfbmt4G8Rw_002566__pre,0,,
W6YrlYyWguc_003736,1,3.600,
W6YrlYyWguc_003736__pre,0,,
X8VgGb1fJDU_001897,1,3.600,
X8VgGb1fJDU_001897__pre,0,,
VxWJchENocA_004282,1,2.000,
VxWJchENocA_004282__pre,0,,
L334aqEJxys_000590,1,2.500,
L334aqEJxys_000590__pre,0,,
CyeT8rEQOpQ_001523,1,1.700,
JV0D-YkWHD8_004564,1,3.400,
JV0D-YkWHD8_004564__pre,0,,
DkjTJcCXipY_000476,1,2.600,
DkjTJcCXipY_000476__pre,0,,
4K_6s1n6BpU_004936,1,2.700,
4K_6s1n6BpU_004936__pre,0,,
fdvMUP8qvzw_001297,1,4.600,
fdvMUP8qvzw_001297__pre,0,,
kjVywUi1WK4_002256,1,4.600,
kjVywUi1WK4_002256__pre,0,,
4OGV0AbV91U_001584,1,3.800,
4OGV0AbV91U_001584__pre,0,,
PfJ2CudpCgE_005355,1,3.700,
PfJ2CudpCgE_005355__pre,0,,
hfwb3mZZ0fs_004074,1,4.700,
hfwb3mZZ0fs_004074__pre,0,,
hdOtS-BpUPY_002971,1,3.000,
hdOtS-BpUPY_002971__pre,0,,
u33fdjUY_Iw_000951,1,5.000,
u33fdjUY_Iw_000951__pre,0,,
DyzL2sahobA_004809,1,1.500,
lKMwX4nA64k_003855,1,2.100,
lKMwX4nA64k_003855__pre,0,,
fdvMUP8qvzw_002235,1,4.200,
fdvMUP8qvzw_002235__pre,0,,
bI9JzQSrEGo_005170,1,2.500,
bI9JzQSrEGo_005170__pre,0,,
mrIFkGZbNjc_000345,1,5.800,
mrIFkGZbNjc_000345__pre,0,,
OWtbKblBOKI_000061,1,5.500,
OWtbKblBOKI_000061__pre,0,,
xjbbH74SwTg_001279,1,2.800,
xjbbH74SwTg_001279__pre,0,,
UKBuDqU8qTM_000801,1,3.500,
UKBuDqU8qTM_000801__pre,0,,
RPNiqsdt6-w_003337,1,4.600,
RPNiqsdt6-w_003337__pre,0,,
Izf9l3VWQuo_002883,1,3.500,
Izf9l3VWQuo_002883__pre,0,,
OWtbKblBOKI_004132,1,2.700,
OWtbKblBOKI_004132__pre,0,,
5vKPYV5w6pw_000405,1,6.400,
5vKPYV5w6pw_000405__pre,0,,
xpOyD-qrQUw_004004,1,2.100,
xpOyD-qrQUw_004004__pre,0,,
4OGV0AbV91U_003797,1,3.000,
4OGV0AbV91U_003797__pre,0,,
PEwiwzyTjX0_002832,1,2.400,
PEwiwzyTjX0_002832__pre,0,,
7uTMZ5-aWKA_003180,1,4.600,
7uTMZ5-aWKA_003180__pre,0,,
HeK6zbf8I9Y_003736,1,4.300,
HeK6zbf8I9Y_003736__pre,0,,
Z9K13eBUwJM_004618,1,3.700,
Z9K13eBUwJM_004618__pre,0,,
fHUJcUaW2mE_003659,1,1.800,
4K_6s1n6BpU_001442,1,2.200,
4K_6s1n6BpU_001442__pre,0,,
JkYzYrJpSoQ_000565,1,5.700,
JkYzYrJpSoQ_000565__pre,0,,
CyeT8rEQOpQ_005280,1,4.400,
CyeT8rEQOpQ_005280__pre,0,,
Rrcjy5t8b20_002649,1,4.800,
Rrcjy5t8b20_002649__pre,0,,
bcpfYpmDcp0_002784,1,2.100,
bcpfYpmDcp0_002784__pre,0,,
Nc9SDBksPPA_003835,1,4.100,
Nc9SDBksPPA_003835__pre,0,,
W6YrlYyWguc_003636,1,5.000,
W6YrlYyWguc_003636__pre,0,,
PfJ2CudpCgE_005656,1,2.000,
PfJ2CudpCgE_005656__pre,0,,
gDjeTHGWX9c_001388,1,1.500,
K1r3m5OrmB4_005568,1,5.600,
K1r3m5OrmB4_005568__pre,0,,
EY8x-fyQkbk_006563,1,1.300,
kVhgFPPG-wo_003481,1,5.300,
kVhgFPPG-wo_003481__pre,0,,
bI9JzQSrEGo_000978,1,2.600,
bI9JzQSrEGo_000978__pre,0,,
kld-iYpdjyo_006581,1,2.400,
kld-iYpdjyo_006581__pre,0,,
Zpo0kwg1XEQ_002704,1,4.100,
Zpo0kwg1XEQ_002704__pre,0,,
nvVk7L3GrJQ_002221,1,3.300,
nvVk7L3GrJQ_002221__pre,0,,
xjbbH74SwTg_000211,1,4.600,
xjbbH74SwTg_000211__pre,0,,
gDjeTHGWX9c_003820,1,2.600,
gDjeTHGWX9c_003820__pre,0,,
kjVywUi1WK4_000381,1,4.600,
kjVywUi1WK4_000381__pre,0,,
WWyeuvpHmfc_002541,1,2.000,
WWyeuvpHmfc_002541__pre,0,,
e3hXj7S3QyA_000781,1,2.500,
e3hXj7S3QyA_000781__pre,0,,
4wKjxDXnmYs_001196,1,3.400,
4wKjxDXnmYs_001196__pre,0,,
eW9vWga9F5M_000894,1,5.900,
eW9vWga9F5M_000894__pre,0,,
pQdl0apLT70_003673,1,3.800,
pQdl0apLT70_003673__pre,0,,
uFwnmh0GpBo_004259,1,4.900,
uFwnmh0GpBo_004259__pre,0,,
r6_ZhT7rmhM_004423,1,4.200,
r6_ZhT7rmhM_004423__pre,0,,
bI9JzQSrEGo_004534,1,2.300,
bI9JzQSrEGo_004534__pre,0,,
GDejMONyY4U_003812,1,3.200,
GDejMONyY4U_003812__pre,0,,
gXezhrOijmQ_000502,1,4.600,
gXezhrOijmQ_000502__pre,0,,
2SAby_5t94M_002971,1,3.500,
2SAby_5t94M_002971__pre,0,,
RPNiqsdt6-w_000291,1,4.700,
RPNiqsdt6-w_000291__pre,0,,
fb5i7JlmJdg_004722,1,3.900,
fb5i7JlmJdg_004722__pre,0,,
Vtpe3HAIEm4_005374,1,3.100,
Vtpe3HAIEm4_005374__pre,0,,
K1r3m5OrmB4_005116,1,1.700,
1u69z-wsDIc_000181,1,5.800,
1u69z-wsDIc_000181__pre,0,,
2SAby_5t94M_002238,1,4.000,
2SAby_5t94M_002238__pre,0,,
K1r3m5OrmB4_002078,1,3.200,
K1r3m5OrmB4_002078__pre,0,,
3u_CIo9IaWo_002692,1,4.100,
3u_CIo9IaWo_002692__pre,0,,
DyzL2sahobA_000451,1,3.200,
DyzL2sahobA_000451__pre,0,,
mrIFkGZbNjc_000073,1,4.200,
mrIFkGZbNjc_000073__pre,0,,
2TmFM9p1KF8_005562,1,2.400,
2TmFM9p1KF8_005562__pre,0,,
GDejMONyY4U_001493,1,0.600,
DyzL2sahobA_004529,1,5.300,
DyzL2sahobA_004529__pre,0,,
cfrLchAShxQ_001044,1,2.100,
cfrLchAShxQ_001044__pre,0,,
6E2N9ld0eHg_000072,1,2.300,
6E2N9ld0eHg_000072__pre,0,,
PfJ2CudpCgE_000495,1,2.500,
PfJ2CudpCgE_000495__pre,0,,
8dI7OolIEXY_002915,1,5.200,
8dI7OolIEXY_002915__pre,0,,
J-j5eIHg8I0_002187,1,5.300,
J-j5eIHg8I0_002187__pre,0,,
Q7VBPeGwJWw_000357,1,3.700,
Q7VBPeGwJWw_000357__pre,0,,
O9uvBFovKj8_000075,1,4.500,
O9uvBFovKj8_000075__pre,0,,
Vtpe3HAIEm4_004689,1,2.100,
Vtpe3HAIEm4_004689__pre,0,,
bFGmOp9H3MA_005500,1,1.700,
qYonJ4w6SZs_001169,1,4.200,
qYonJ4w6SZs_001169__pre,0,,
Sihe6aeyLHg_004230,1,3.800,
Sihe6aeyLHg_004230__pre,0,,
3tEZvtQZ18Q_000791,1,5.400,
3tEZvtQZ18Q_000791__pre,0,,
4wKjxDXnmYs_000908,1,2.700,
4wKjxDXnmYs_000908__pre,0,,
mrIFkGZbNjc_000195,1,7.300,
mrIFkGZbNjc_000195__pre,0,,
pQdl0apLT70_001374,1,2.400,
pQdl0apLT70_001374__pre,0,,
JkYzYrJpSoQ_001646,1,4.500,
JkYzYrJpSoQ_001646__pre,0,,
UjkeNSr2dXQ_004540,1,3.600,
UjkeNSr2dXQ_004540__pre,0,,
3tEZvtQZ18Q_005766,1,3.100,
3tEZvtQZ18Q_005766__pre,0,,
QERvirE3S5s_000840,1,4.100,
QERvirE3S5s_000840__pre,0,,
eWWgJznGg6U_000894,1,4.200,
eWWgJznGg6U_000894__pre,0,,
Hd2IzHAfkCI_004151,1,3.100,
Hd2IzHAfkCI_004151__pre,0,,
Rrcjy5t8b20_001828,1,2.600,
Rrcjy5t8b20_001828__pre,0,,
RPNiqsdt6-w_000191,1,4.900,
RPNiqsdt6-w_000191__pre,0,,
uFwnmh0GpBo_004369,1,6.400,
uFwnmh0GpBo_004369__pre,0,,
OPj7lUQOre8_001801,1,3.300,
OPj7lUQOre8_001801__pre,0,,
4OGV0AbV91U_002914,1,5.000,
4OGV0AbV91U_002914__pre,0,,
4OGV0AbV91U_000777,1,4.500,
4OGV0AbV91U_000777__pre,0,,
p8q77QzOdUs_004191,1,3.400,
p8q77QzOdUs_004191__pre,0,,
Hd2IzHAfkCI_004321,1,3.900,
Hd2IzHAfkCI_004321__pre,0,,
EY8x-fyQkbk_006474,1,3.000,
EY8x-fyQkbk_006474__pre,0,,
PEwiwzyTjX0_002082,1,2.400,
PEwiwzyTjX0_002082__pre,0,,
PfJ2CudpCgE_001352,1,2.000,
PfJ2CudpCgE_001352__pre,0,,
Hx8FMhmdOQU_000074,1,3.500,
Hx8FMhmdOQU_000074__pre,0,,
DSBGS6aRzgc_000371,1,4.800,
DSBGS6aRzgc_000371__pre,0,,
kld-iYpdjyo_001739,1,2.500,
kld-iYpdjyo_001739__pre,0,,
kjVywUi1WK4_003175,1,2.600,
kjVywUi1WK4_003175__pre,0,,
kVhgFPPG-wo_001320,1,2.500,
kVhgFPPG-wo_001320__pre,0,,
ujVRDgGVzlQ_005196,1,3.200,
ujVRDgGVzlQ_005196__pre,0,,
xVfPBzDnI2Q_000911,1,2.600,
xVfPBzDnI2Q_000911__pre,0,,
yhtzAKqRyXw_000972,1,2.600,
yhtzAKqRyXw_000972__pre,0,,
3Sqeb-l1RPA_003874,1,3.900,
3Sqeb-l1RPA_003874__pre,0,,
DSBGS6aRzgc_005753,1,2.500,
DSBGS6aRzgc_005753__pre,0,,
xpOyD-qrQUw_001076,1,2.600,
xpOyD-qrQUw_001076__pre,0,,
WWyeuvpHmfc_003415,1,3.000,
WWyeuvpHmfc_003415__pre,0,,
qzMjfBx1KI0_000882,1,8.600,
qzMjfBx1KI0_000882__pre,0,,
lmykriTbncM_003407,1,6.600,
lmykriTbncM_003407__pre,0,,
TlBhM9Xbr2o_004445,1,7.400,
TlBhM9Xbr2o_004445__pre,0,,
3Sqeb-l1RPA_003561,1,1.500,
LbKd5Ho0wDM_000742,1,1.900,
J-j5eIHg8I0_004908,1,2.900,
J-j5eIHg8I0_004908__pre,0,,
K1r3m5OrmB4_006234,1,2.400,
K1r3m5OrmB4_006234__pre,0,,
90gyBengKDs_000840,1,5.900,
90gyBengKDs_000840__pre,0,,
HeK6zbf8I9Y_001702,1,2.400,
HeK6zbf8I9Y_001702__pre,0,,
lmykriTbncM_003894,1,2.900,
lmykriTbncM_003894__pre,0,,
3tEZvtQZ18Q_004970,1,3.100,
3tEZvtQZ18Q_004970__pre,0,,
Y4rb2_HaBdQ_000416,1,4.700,
Y4rb2_HaBdQ_000416__pre,0,,
Eq7_uD2yN5Y_003719,1,2.800,
Eq7_uD2yN5Y_003719__pre,0,,
krPRThe7R4g_003203,1,2.000,
krPRThe7R4g_003203__pre,0,,
Z9K13eBUwJM_004933,1,3.300,
Z9K13eBUwJM_004933__pre,0,,
HzVbo46kkBA_003834,1,4.200,
HzVbo46kkBA_003834__pre,0,,
1u69z-wsDIc_000394,1,3.800,
1u69z-wsDIc_000394__pre,0,,
T89zSiaMNgM_000075,1,3.700,
T89zSiaMNgM_000075__pre,0,,
kN-2mc561GY_003742,1,1.100,
ujVRDgGVzlQ_003142,1,2.900,
ujVRDgGVzlQ_003142__pre,0,,
uO2zGO5ydBc_000850,1,3.500,
uO2zGO5ydBc_000850__pre,0,,
TNZv-NBcV5U_004778,1,2.900,
TNZv-NBcV5U_004778__pre,0,,
PfJ2CudpCgE_003707,1,3.000,
PfJ2CudpCgE_003707__pre,0,,
OWtbKblBOKI_004918,1,2.500,
OWtbKblBOKI_004918__pre,0,,
2TmFM9p1KF8_000052,1,5.500,
2TmFM9p1KF8_000052__pre,0,,
sUbP4j8rAic_004629,1,5.200,
sUbP4j8rAic_004629__pre,0,,
TNZv-NBcV5U_004527,1,3.300,
TNZv-NBcV5U_004527__pre,0,,
EY8x-fyQkbk_005584,1,4.400,
EY8x-fyQkbk_005584__pre,0,,
fsqORUrKLYg_005200,1,15.200,
fsqORUrKLYg_005200__pre,0,,
JV0D-YkWHD8_002599,1,2.200,
JV0D-YkWHD8_002599__pre,0,,
fb5i7JlmJdg_004449,1,4.500,
fb5i7JlmJdg_004449__pre,0,,
nHvTqyRntbY_002946,1,2.600,
nHvTqyRntbY_002946__pre,0,,
7uTMZ5-aWKA_003263,1,4.300,
7uTMZ5-aWKA_003263__pre,0,,
RASKiMoxhOE_003995,1,2.200,
RASKiMoxhOE_003995__pre,0,,
ujVRDgGVzlQ_000335,1,2.700,
ujVRDgGVzlQ_000335__pre,0,,
r6_ZhT7rmhM_004615,1,4.000,
r6_ZhT7rmhM_004615__pre,0,,
QeuzUfHIWYU_003673,1,1.100,
PEwiwzyTjX0_003560,1,2.900,
PEwiwzyTjX0_003560__pre,0,,
5vKPYV5w6pw_004414,1,5.200,
5vKPYV5w6pw_004414__pre,0,,
ZIts2XH28SA_000441,1,5.500,
ZIts2XH28SA_000441__pre,0,,
PfJ2CudpCgE_000827,1,1.900,
W6YrlYyWguc_000075,1,6.400,
W6YrlYyWguc_000075__pre,0,,
LfKfK4I5RPE_000421,1,4.000,
LfKfK4I5RPE_000421__pre,0,,
yhtzAKqRyXw_001757,1,2.800,
yhtzAKqRyXw_001757__pre,0,,
kld-iYpdjyo_005427,1,2.400,
kld-iYpdjyo_005427__pre,0,,
CyeT8rEQOpQ_001606,1,2.500,
CyeT8rEQOpQ_001606__pre,0,,
vZSr9dhRxlE_004142,1,2.700,
vZSr9dhRxlE_004142__pre,0,,
IQwS7BEjUxM_001201,1,2.600,
IQwS7BEjUxM_001201__pre,0,,
pWZSG2cUdEo_001679,1,3.200,
pWZSG2cUdEo_001679__pre,0,,
yhtzAKqRyXw_002419,1,3.600,
yhtzAKqRyXw_002419__pre,0,,
gXezhrOijmQ_000073,1,5.500,
gXezhrOijmQ_000073__pre,0,,
Sihe6aeyLHg_005676,1,3.000,
Sihe6aeyLHg_005676__pre,0,,
PfJ2CudpCgE_001429,1,3.800,
PfJ2CudpCgE_001429__pre,0,,
OWtbKblBOKI_003159,1,2.100,
OWtbKblBOKI_003159__pre,0,,
Y4rb2_HaBdQ_000998,1,3.200,
Y4rb2_HaBdQ_000998__pre,0,,
ieP36TLihGM_000401,1,5.600,
ieP36TLihGM_000401__pre,0,,
GDejMONyY4U_004751,1,3.200,
GDejMONyY4U_004751__pre,0,,
Izf9l3VWQuo_000073,1,4.000,
Izf9l3VWQuo_000073__pre,0,,
Sihe6aeyLHg_005096,1,3.700,
Sihe6aeyLHg_005096__pre,0,,
Rrcjy5t8b20_003166,1,3.200,
Rrcjy5t8b20_003166__pre,0,,
O9uvBFovKj8_000672,1,2.800,
O9uvBFovKj8_000672__pre,0,,
l1XbmdmGr0Q_004796,1,4.100,
l1XbmdmGr0Q_004796__pre,0,,
nvVk7L3GrJQ_002297,1,1.600,
OWtbKblBOKI_000176,1,3.500,
OWtbKblBOKI_000176__pre,0,,
Vtpe3HAIEm4_000729,1,4.300,
Vtpe3HAIEm4_000729__pre,0,,
GDejMONyY4U_002293,1,2.600,
GDejMONyY4U_002293__pre,0,,
IOoVklIZLMw_000290,1,4.400,
IOoVklIZLMw_000290__pre,0,,
YBEYOS3A3Ic_001972,1,3.000,
YBEYOS3A3Ic_001972__pre,0,,
jKwCC2RhxJE_001746,1,0.100,
kld-iYpdjyo_005915,1,3.200,
kld-iYpdjyo_005915__pre,0,,
Sihe6aeyLHg_005509,1,4.600,
Sihe6aeyLHg_005509__pre,0,,
P5MjgFmqouA_001506,1,2.900,
P5MjgFmqouA_001506__pre,0,,
4OGV0AbV91U_003954,1,2.500,
4OGV0AbV91U_003954__pre,0,,
Hkui6PJboFg_004555,1,1.300,
oZaUkhs_H-s_000295,1,4.800,
oZaUkhs_H-s_000295__pre,0,,
TNZv-NBcV5U_001639,1,3.500,
TNZv-NBcV5U_001639__pre,0,,
3sGShQb_HwU_001276,1,6.000,
3sGShQb_HwU_001276__pre,0,,
JV0D-YkWHD8_003893,1,1.100,
xToi8YVZM8o_000231,1,4.800,
xToi8YVZM8o_000231__pre,0,,
xjbbH74SwTg_000722,1,3.600,
xjbbH74SwTg_000722__pre,0,,
pOJpwWmEcFg_000281,1,5.600,
pOJpwWmEcFg_000281__pre,0,,
kld-iYpdjyo_000332,1,5.200,
kld-iYpdjyo_000332__pre,0,,
lmykriTbncM_000951,1,4.600,
lmykriTbncM_000951__pre,0,,
TNZv-NBcV5U_003333,1,3.200,
TNZv-NBcV5U_003333__pre,0,,
6E2N9ld0eHg_002827,1,3.100,
6E2N9ld0eHg_002827__pre,0,,
pQdl0apLT70_004682,1,3.700,
pQdl0apLT70_004682__pre,0,,
bFGmOp9H3MA_002262,1,4.400,
bFGmOp9H3MA_002262__pre,0,,
Izf9l3VWQuo_001035,1,4.400,
Izf9l3VWQuo_001035__pre,0,,
QeuzUfHIWYU_000349,1,5.800,
QeuzUfHIWYU_000349__pre,0,,
p-fBcE77G4c_002549,1,4.600,
p-fBcE77G4c_002549__pre,0,,
ahKX0rtdMJc_002328,1,4.300,
ahKX0rtdMJc_002328__pre,0,,
vdLn-qswnRo_002152,1,1.700,
sUbP4j8rAic_002607,1,3.600,
sUbP4j8rAic_002607__pre,0,,
bI9JzQSrEGo_001598,1,3.000,
bI9JzQSrEGo_001598__pre,0,,
JHfjuFrnpjA_000962,1,4.400,
JHfjuFrnpjA_000962__pre,0,,
y4Evv5By6sg_001655,1,3.900,
y4Evv5By6sg_001655__pre,0,,
lmykriTbncM_001067,1,3.500,
lmykriTbncM_001067__pre,0,,
gDjeTHGWX9c_003026,1,2.300,
gDjeTHGWX9c_003026__pre,0,,
Nc9SDBksPPA_001230,1,4.600,
Nc9SDBksPPA_001230__pre,0,,
Z9K13eBUwJM_001713,1,3.000,
Z9K13eBUwJM_001713__pre,0,,
UbDCiQVuzPY_001866,1,6.600,
UbDCiQVuzPY_001866__pre,0,,
y1vGuUK0db4_000652,1,3.500,
y1vGuUK0db4_000652__pre,0,,
Z9K13eBUwJM_003725,1,3.500,
Z9K13eBUwJM_003725__pre,0,,
h55PiQMnlJY_001132,1,6.400,
h55PiQMnlJY_001132__pre,0,,
Z9K13eBUwJM_003518,1,2.800,
Z9K13eBUwJM_003518__pre,0,,
4OGV0AbV91U_003445,1,3.200,
4OGV0AbV91U_003445__pre,0,,
GDejMONyY4U_003330,1,2.500,
GDejMONyY4U_003330__pre,0,,
pWZSG2cUdEo_001139,1,2.800,
pWZSG2cUdEo_001139__pre,0,,
kVhgFPPG-wo_004360,1,2.700,
kVhgFPPG-wo_004360__pre,0,,
1u69z-wsDIc_000294,1,3.700,
1u69z-wsDIc_000294__pre,0,,
u33fdjUY_Iw_003121,1,7.000,
u33fdjUY_Iw_003121__pre,0,,
kjVywUi1WK4_001927,1,5.100,
kjVywUi1WK4_001927__pre,0,,
OWtbKblBOKI_001141,1,1.300,
cfrLchAShxQ_000752,1,5.600,
cfrLchAShxQ_000752__pre,0,,
pQdl0apLT70_003935,1,4.400,
pQdl0apLT70_003935__pre,0,,
kEcbnTbgi4A_000576,1,3.700,
kEcbnTbgi4A_000576__pre,0,,
PqbpIHZvjMA_003848,1,3.600,
PqbpIHZvjMA_003848__pre,0,,
qzMjfBx1KI0_005123,1,3.300,
qzMjfBx1KI0_005123__pre,0,,
p-fBcE77G4c_003598,1,3.600,
p-fBcE77G4c_003598__pre,0,,
kVhgFPPG-wo_003917,1,2.000,
kVhgFPPG-wo_003917__pre,0,,
zRZ9PJguIfE_003564,1,5.300,
zRZ9PJguIfE_003564__pre,0,,
HaC3LrJiTmQ_003884,1,4.700,
HaC3LrJiTmQ_003884__pre,0,,
u33fdjUY_Iw_001682,1,4.300,
u33fdjUY_Iw_001682__pre,0,,
HaC3LrJiTmQ_000400,1,3.800,
HaC3LrJiTmQ_000400__pre,0,,
uFwnmh0GpBo_005490,1,4.900,
uFwnmh0GpBo_005490__pre,0,,
X8VgGb1fJDU_001780,1,0.600,
90gyBengKDs_000676,1,3.100,
90gyBengKDs_000676__pre,0,,
UbDCiQVuzPY_002517,1,4.000,
UbDCiQVuzPY_002517__pre,0,,
90gyBengKDs_001407,1,3.500,
90gyBengKDs_001407__pre,0,,
OWtbKblBOKI_004700,1,2.800,
OWtbKblBOKI_004700__pre,0,,
QeuzUfHIWYU_004918,1,4.700,
QeuzUfHIWYU_004918__pre,0,,
JkYzYrJpSoQ_000464,1,4.800,
JkYzYrJpSoQ_000464__pre,0,,
2TmFM9p1KF8_004755,1,3.200,
2TmFM9p1KF8_004755__pre,0,,
JmwUVoOrgk8_002081,1,5.200,
JmwUVoOrgk8_002081__pre,0,,
kjVywUi1WK4_003761,1,5.200,
kjVywUi1WK4_003761__pre,0,,
JkYzYrJpSoQ_002420,1,3.900,
JkYzYrJpSoQ_002420__pre,0,,
8dI7OolIEXY_004645,1,3.000,
8dI7OolIEXY_004645__pre,0,,
pQdl0apLT70_005211,1,3.600,
pQdl0apLT70_005211__pre,0,,
4K_6s1n6BpU_006074,1,2.400,
4K_6s1n6BpU_006074__pre,0,,
cfrLchAShxQ_001402,1,4.500,
cfrLchAShxQ_001402__pre,0,,
QERvirE3S5s_003199,1,3.500,
QERvirE3S5s_003199__pre,0,,
V3--0ubJkNE_004893,1,1.900,
K1r3m5OrmB4_003089,1,6.100,
K1r3m5OrmB4_003089__pre,0,,
PYL3JcSsS6o_004236,1,5.400,
PYL3JcSsS6o_004236__pre,0,,
kjVywUi1WK4_004432,1,6.000,
kjVywUi1WK4_004432__pre,0,,
y1vGuUK0db4_005626,1,4.800,
y1vGuUK0db4_005626__pre,0,,
CyeT8rEQOpQ_004725,1,1.600,
X8VgGb1fJDU_001455,1,4.600,
X8VgGb1fJDU_001455__pre,0,,
OWtbKblBOKI_001508,1,3.400,
OWtbKblBOKI_001508__pre,0,,
uFwnmh0GpBo_000181,1,2.800,
uFwnmh0GpBo_000181__pre,0,,
nvVk7L3GrJQ_004113,1,3.900,
nvVk7L3GrJQ_004113__pre,0,,
DyzL2sahobA_000541,1,2.800,
DyzL2sahobA_000541__pre,0,,
kjVywUi1WK4_001359,1,4.800,
kjVywUi1WK4_001359__pre,0,,
Y4rb2_HaBdQ_000240,1,3.200,
Y4rb2_HaBdQ_000240__pre,0,,
Hd2IzHAfkCI_000629,1,5.100,
Hd2IzHAfkCI_000629__pre,0,,
p-fBcE77G4c_002720,1,4.000,
p-fBcE77G4c_002720__pre,0,,
krPRThe7R4g_003363,1,2.700,
krPRThe7R4g_003363__pre,0,,
t4Cvbdtebk0_000996,1,5.700,
t4Cvbdtebk0_000996__pre,0,,
Vtpe3HAIEm4_002007,1,3.200,
Vtpe3HAIEm4_002007__pre,0,,
lKMwX4nA64k_002052,1,2.000,
lKMwX4nA64k_002052__pre,0,,
HzVbo46kkBA_001861,1,6.600,
HzVbo46kkBA_001861__pre,0,,
3tEZvtQZ18Q_000441,1,2.100,
3tEZvtQZ18Q_000441__pre,0,,
fb5i7JlmJdg_000181,1,6.100,
fb5i7JlmJdg_000181__pre,0,,
TlBhM9Xbr2o_004816,1,4.100,
TlBhM9Xbr2o_004816__pre,0,,
gDjeTHGWX9c_003331,1,2.000,
gDjeTHGWX9c_003331__pre,0,,
gDjeTHGWX9c_003246,1,5.000,
gDjeTHGWX9c_003246__pre,0,,
Y4rb2_HaBdQ_004022,1,3.700,
Y4rb2_HaBdQ_004022__pre,0,,
y4Evv5By6sg_001148,1,5.000,
y4Evv5By6sg_001148__pre,0,,
gXezhrOijmQ_000401,1,5.500,
gXezhrOijmQ_000401__pre,0,,
Hd2IzHAfkCI_000529,1,3.600,
Hd2IzHAfkCI_000529__pre,0,,
5vKPYV5w6pw_001345,1,2.700,
5vKPYV5w6pw_001345__pre,0,,
fb5i7JlmJdg_001073,1,8.500,
fb5i7JlmJdg_001073__pre,0,,
bcpfYpmDcp0_000052,1,3.400,
bcpfYpmDcp0_000052__pre,0,,
sUbP4j8rAic_005558,1,9.300,
sUbP4j8rAic_005558__pre,0,,
IOvkPjLsybM_000609,1,1.700,
FqJ4IfRLKmA_001771,1,6.200,
FqJ4IfRLKmA_001771__pre,0,,
l1XbmdmGr0Q_003473,1,2.900,
l1XbmdmGr0Q_003473__pre,0,,
WWyeuvpHmfc_003497,1,3.100,
WWyeuvpHmfc_003497__pre,0,,
nHvTqyRntbY_003413,1,0.500,
GJr8wKk8-YA_001654,1,2.000,
GJr8wKk8-YA_001654__pre,0,,
ZIts2XH28SA_003025,1,2.700,
ZIts2XH28SA_003025__pre,0,,
bcpfYpmDcp0_001305,1,2.800,
bcpfYpmDcp0_001305__pre,0,,
T89zSiaMNgM_003762,1,3.100,
T89zSiaMNgM_003762__pre,0,,
Hkui6PJboFg_000164,1,3.600,
Hkui6PJboFg_000164__pre,0,,
Tsl84N96WM8_001676,1,5.800,
Tsl84N96WM8_001676__pre,0,,
nHvTqyRntbY_005048,1,3.600,
nHvTqyRntbY_005048__pre,0,,
bcpfYpmDcp0_000243,1,2.500,
bcpfYpmDcp0_000243__pre,0,,
l1XbmdmGr0Q_004344,1,2.900,
l1XbmdmGr0Q_004344__pre,0,,
4wKjxDXnmYs_001351,1,2.500,
4wKjxDXnmYs_001351__pre,0,,
8dI7OolIEXY_003985,1,3.200,
8dI7OolIEXY_003985__pre,0,,
PEwiwzyTjX0_002380,1,2.300,
PEwiwzyTjX0_002380__pre,0,,
ahKX0rtdMJc_000752,1,4.200,
ahKX0rtdMJc_000752__pre,0,,
Hfs4AlBmg70_004290,1,2.800,
Hfs4AlBmg70_004290__pre,0,,
5vKPYV5w6pw_003173,1,3.900,
5vKPYV5w6pw_003173__pre,0,,
fHUJcUaW2mE_003544,1,2.200,
fHUJcUaW2mE_003544__pre,0,,
IOoVklIZLMw_001063,1,4.200,
IOoVklIZLMw_001063__pre,0,,
3Sqeb-l1RPA_004505,1,2.900,
3Sqeb-l1RPA_004505__pre,0,,
Y4rb2_HaBdQ_002198,1,4.000,
Y4rb2_HaBdQ_002198__pre,0,,
f482qwPz7ns_000073,1,6.200,
f482qwPz7ns_000073__pre,0,,
WWyeuvpHmfc_000597,1,3.600,
WWyeuvpHmfc_000597__pre,0,,
pQdl0apLT70_001745,1,4.400,
pQdl0apLT70_001745__pre,0,,
3tEZvtQZ18Q_005080,1,3.600,
3tEZvtQZ18Q_005080__pre,0,,
iZ8OKEd-2bs_002534,1,2.600,
iZ8OKEd-2bs_002534__pre,0,,
QERvirE3S5s_002572,1,2.900,
QERvirE3S5s_002572__pre,0,,
V3--0ubJkNE_005741,1,3.000,
V3--0ubJkNE_005741__pre,0,,
3tEZvtQZ18Q_000531,1,4.700,
3tEZvtQZ18Q_000531__pre,0,,
dZG1VKsgs60_004872,1,5.600,
dZG1VKsgs60_004872__pre,0,,
nvVk7L3GrJQ_005069,1,2.900,
nvVk7L3GrJQ_005069__pre,0,,
88LcRU7uEFE_003434,1,5.000,
88LcRU7uEFE_003434__pre,0,,
bFGmOp9H3MA_002756,1,3.300,
bFGmOp9H3MA_002756__pre,0,,
nHvTqyRntbY_003858,1,4.000,
nHvTqyRntbY_003858__pre,0,,
1u69z-wsDIc_002769,1,4.700,
1u69z-wsDIc_002769__pre,0,,
fb5i7JlmJdg_001324,1,5.700,
fb5i7JlmJdg_001324__pre,0,,
8dI7OolIEXY_005933,1,0.700,
CyeT8rEQOpQ_001230,1,3.200,
CyeT8rEQOpQ_001230__pre,0,,
YBEYOS3A3Ic_002950,1,0.300,
kld-iYpdjyo_003085,1,4.000,
kld-iYpdjyo_003085__pre,0,,
5vKPYV5w6pw_003098,1,3.000,
5vKPYV5w6pw_003098__pre,0,,
vdLn-qswnRo_004096,1,3.100,
vdLn-qswnRo_004096__pre,0,,
EY8x-fyQkbk_002450,1,1.800,
0RJPQ_97dcs_000307,1,2.300,
0RJPQ_97dcs_000307__pre,0,,
fHUJcUaW2mE_003604,1,1.600,
xpOyD-qrQUw_004076,1,2.900,
xpOyD-qrQUw_004076__pre,0,,
fb5i7JlmJdg_003878,1,5.700,
fb5i7JlmJdg_003878__pre,0,,
RPNiqsdt6-w_000075,1,5.000,
RPNiqsdt6-w_000075__pre,0,,
YBEYOS3A3Ic_001824,1,2.400,
YBEYOS3A3Ic_001824__pre,0,,
PfJ2CudpCgE_005782,1,2.200,
PfJ2CudpCgE_005782__pre,0,,
3Sqeb-l1RPA_002730,1,2.100,
3Sqeb-l1RPA_002730__pre,0,,
J_ggxJD3Uy8_002884,1,2.100,
J_ggxJD3Uy8_002884__pre,0,,
gXezhrOijmQ_004307,1,4.500,
gXezhrOijmQ_004307__pre,0,,
HaC3LrJiTmQ_000498,1,4.900,
HaC3LrJiTmQ_000498__pre,0,,
1u69z-wsDIc_004195,1,3.200,
1u69z-wsDIc_004195__pre,0,,
4K_6s1n6BpU_006586,1,2.600,
4K_6s1n6BpU_006586__pre,0,,
h55PiQMnlJY_003175,1,4.500,
h55PiQMnlJY_003175__pre,0,,
bFGmOp9H3MA_004180,1,3.400,
bFGmOp9H3MA_004180__pre,0,,
fsqORUrKLYg_003630,1,5.100,
fsqORUrKLYg_003630__pre,0,,
nHvTqyRntbY_004787,1,3.600,
nHvTqyRntbY_004787__pre,0,,
Hx8FMhmdOQU_001789,1,6.400,
Hx8FMhmdOQU_001789__pre,0,,
Izf9l3VWQuo_003543,1,5.100,
Izf9l3VWQuo_003543__pre,0,,
jv7vz_55H8M_004354,1,2.400,
jv7vz_55H8M_004354__pre,0,,
nvVk7L3GrJQ_003780,1,2.600,
nvVk7L3GrJQ_003780__pre,0,,
T89zSiaMNgM_001691,1,5.200,
T89zSiaMNgM_001691__pre,0,,
UbDCiQVuzPY_003061,1,2.700,
UbDCiQVuzPY_003061__pre,0,,
PEwiwzyTjX0_000881,1,3.500,
PEwiwzyTjX0_000881__pre,0,,
bcpfYpmDcp0_000324,1,3.900,
bcpfYpmDcp0_000324__pre,0,,
Zpo0kwg1XEQ_003491,1,6.400,
Zpo0kwg1XEQ_003491__pre,0,,
bI9JzQSrEGo_001814,1,1.600,
Hd2IzHAfkCI_002351,1,1.700,
y1vGuUK0db4_000564,1,3.100,
y1vGuUK0db4_000564__pre,0,,
IOoVklIZLMw_004034,1,5.800,
IOoVklIZLMw_004034__pre,0,,
Hkui6PJboFg_003515,1,2.200,
Hkui6PJboFg_003515__pre,0,,
Eq7_uD2yN5Y_002226,1,4.200,
Eq7_uD2yN5Y_002226__pre,0,,
h4OXsRSWLLc_000867,1,0.600,
vZSr9dhRxlE_002047,1,3.700,
vZSr9dhRxlE_002047__pre,0,,
bcpfYpmDcp0_003258,1,4.800,
bcpfYpmDcp0_003258__pre,0,,
y1vGuUK0db4_004053,1,4.100,
y1vGuUK0db4_004053__pre,0,,
pWZSG2cUdEo_001221,1,1.300,
WWyeuvpHmfc_003648,1,3.700,
WWyeuvpHmfc_003648__pre,0,,
4OGV0AbV91U_003612,1,2.300,
4OGV0AbV91U_003612__pre,0,,
3Sqeb-l1RPA_003979,1,5.400,
3Sqeb-l1RPA_003979__pre,0,,
0qfbmt4G8Rw_001843,1,4.400,
0qfbmt4G8Rw_001843__pre,0,,
RPNiqsdt6-w_005508,1,4.300,
RPNiqsdt6-w_005508__pre,0,,
yB6fjM1UUC0_003505,1,4.100,
yB6fjM1UUC0_003505__pre,0,,
ahKX0rtdMJc_004028,1,4.200,
ahKX0rtdMJc_004028__pre,0,,
Vtpe3HAIEm4_003284,1,0.300,
90gyBengKDs_001952,1,3.100,
90gyBengKDs_001952__pre,0,,
OWtbKblBOKI_005407,1,2.300,
OWtbKblBOKI_005407__pre,0,,
3u_CIo9IaWo_003400,1,3.900,
3u_CIo9IaWo_003400__pre,0,,
0RJPQ_97dcs_004701,1,4.700,
0RJPQ_97dcs_004701__pre,0,,
p-fBcE77G4c_004034,1,2.000,
p-fBcE77G4c_004034__pre,0,,
vdLn-qswnRo_001048,1,3.700,
vdLn-qswnRo_001048__pre,0,,
gXezhrOijmQ_004718,1,2.600,
gXezhrOijmQ_004718__pre,0,,
WWyeuvpHmfc_001197,1,2.200,
WWyeuvpHmfc_001197__pre,0,,
bI9JzQSrEGo_001890,1,1.400,
Zpo0kwg1XEQ_002225,1,4.700,
Zpo0kwg1XEQ_002225__pre,0,,
bI9JzQSrEGo_003004,1,4.800,
bI9JzQSrEGo_003004__pre,0,,
PYL3JcSsS6o_003669,1,18.200,
PYL3JcSsS6o_003669__pre,0,,
pOJpwWmEcFg_002862,1,3.200,
pOJpwWmEcFg_002862__pre,0,,
7uTMZ5-aWKA_004077,1,4.300,
7uTMZ5-aWKA_004077__pre,0,,
TlBhM9Xbr2o_002712,1,2.600,
TlBhM9Xbr2o_002712__pre,0,,
OWtbKblBOKI_002770,1,2.900,
OWtbKblBOKI_002770__pre,0,,
xVfPBzDnI2Q_002101,1,2.500,
xVfPBzDnI2Q_002101__pre,0,,
gZbGLa253Ak_004654,1,5.300,
gZbGLa253Ak_004654__pre,0,,
Hkui6PJboFg_004102,1,1.900,
ujVRDgGVzlQ_004292,1,1.900,
ieP36TLihGM_002793,1,3.000,
ieP36TLihGM_002793__pre,0,,
UOjQsfDXjO0_004713,1,4.100,
UOjQsfDXjO0_004713__pre,0,,
r6_ZhT7rmhM_004698,1,6.800,
r6_ZhT7rmhM_004698__pre,0,,
W6YrlYyWguc_005016,1,3.900,
W6YrlYyWguc_005016__pre,0,,
YBEYOS3A3Ic_003510,1,5.500,
YBEYOS3A3Ic_003510__pre,0,,
kN-2mc561GY_004103,1,0.200,
UjkeNSr2dXQ_005158,1,3.800,
UjkeNSr2dXQ_005158__pre,0,,
jv7vz_55H8M_002457,1,4.400,
jv7vz_55H8M_002457__pre,0,,
UOjQsfDXjO0_005153,1,4.500,
UOjQsfDXjO0_005153__pre,0,,
bFGmOp9H3MA_001633,1,3.000,
bFGmOp9H3MA_001633__pre,0,,
kjVywUi1WK4_000780,1,3.800,
kjVywUi1WK4_000780__pre,0,,
ujVRDgGVzlQ_001733,1,4.500,
ujVRDgGVzlQ_001733__pre,0,,
3sGShQb_HwU_004599,1,1.900,
Tsl84N96WM8_003626,1,3.300,
Tsl84N96WM8_003626__pre,0,,
bcpfYpmDcp0_003377,1,2.600,
bcpfYpmDcp0_003377__pre,0,,
JV0D-YkWHD8_003418,1,1.000,
vdLn-qswnRo_001949,1,4.100,
vdLn-qswnRo_001949__pre,0,,
a_VxrUq9PmA_002787,1,3.400,
a_VxrUq9PmA_002787__pre,0,,
bFGmOp9H3MA_000686,1,2.500,
bFGmOp9H3MA_000686__pre,0,,
LfKfK4I5RPE_001162,1,5.400,
LfKfK4I5RPE_001162__pre,0,,
ujVRDgGVzlQ_003896,1,4.600,
ujVRDgGVzlQ_003896__pre,0,,
RPNiqsdt6-w_004214,1,4.800,
RPNiqsdt6-w_004214__pre,0,,
QeuzUfHIWYU_004435,1,4.300,
QeuzUfHIWYU_004435__pre,0,,
eN6y6-4C1Rc_005750,1,3.900,
eN6y6-4C1Rc_005750__pre,0,,
Hkui6PJboFg_001038,1,3.100,
Hkui6PJboFg_001038__pre,0,,
xVfPBzDnI2Q_000482,1,2.100,
xVfPBzDnI2Q_000482__pre,0,,
kVhgFPPG-wo_005755,1,4.600,
kVhgFPPG-wo_005755__pre,0,,
Zpo0kwg1XEQ_001547,1,4.500,
Zpo0kwg1XEQ_001547__pre,0,,
nHvTqyRntbY_002355,1,4.100,
nHvTqyRntbY_002355__pre,0,,
bcpfYpmDcp0_002004,1,1.400,
Vtpe3HAIEm4_001596,1,4.200,
Vtpe3HAIEm4_001596__pre,0,,
3Sqeb-l1RPA_005123,1,2.900,
3Sqeb-l1RPA_005123__pre,0,,
FqJ4IfRLKmA_001671,1,4.700,
FqJ4IfRLKmA_001671__pre,0,,
4wKjxDXnmYs_003089,1,3.800,
4wKjxDXnmYs_003089__pre,0,,
RASKiMoxhOE_000898,1,7.900,
RASKiMoxhOE_000898__pre,0,,
T89zSiaMNgM_003596,1,3.900,
T89zSiaMNgM_003596__pre,0,,
LfKfK4I5RPE_001052,1,2.600,
LfKfK4I5RPE_001052__pre,0,,
cfrLchAShxQ_001208,1,3.400,
cfrLchAShxQ_001208__pre,0,,
4K_6s1n6BpU_005561,1,5.200,
4K_6s1n6BpU_005561__pre,0,,
p-fBcE77G4c_000886,1,3.700,
p-fBcE77G4c_000886__pre,0,,
hfwb3mZZ0fs_001134,1,2.100,
hfwb3mZZ0fs_001134__pre,0,,
y1vGuUK0db4_000849,1,2.700,
y1vGuUK0db4_000849__pre,0,,
y1vGuUK0db4_000391,1,1.300,
bhA2ckvE-TQ_000421,1,4.300,
bhA2ckvE-TQ_000421__pre,0,,
Hd2IzHAfkCI_004884,1,4.000,
Hd2IzHAfkCI_004884__pre,0,,
lKMwX4nA64k_001226,1,2.900,
lKMwX4nA64k_001226__pre,0,,
eN6y6-4C1Rc_000988,1,2.900,
eN6y6-4C1Rc_000988__pre,0,,
eA-kbOZ1_sc_001433,1,1.500,
uO2zGO5ydBc_000773,1,3.200,
uO2zGO5ydBc_000773__pre,0,,
PfJ2CudpCgE_003614,1,4.500,
PfJ2CudpCgE_003614__pre,0,,
PYL3JcSsS6o_005257,1,6.500,
PYL3JcSsS6o_005257__pre,0,,
fWJbp43k644_003108,1,1.800,
90gyBengKDs_000212,1,9.500,
90gyBengKDs_000212__pre,0,,
vdLn-qswnRo_002050,1,2.700,
vdLn-qswnRo_002050__pre,0,,
Eq7_uD2yN5Y_002326,1,4.900,
Eq7_uD2yN5Y_002326__pre,0,,
T7TkJVmGyts_001878,1,2.400,
T7TkJVmGyts_001878__pre,0,,
Pbw0A-RCjcw_001460,1,4.200,
Pbw0A-RCjcw_001460__pre,0,,
GJr8wKk8-YA_000851,1,2.000,
GJr8wKk8-YA_000851__pre,0,,
ieP36TLihGM_000521,1,4.400,
ieP36TLihGM_000521__pre,0,,
EY8x-fyQkbk_000951,1,2.200,
EY8x-fyQkbk_000951__pre,0,,
8dI7OolIEXY_000553,1,4.400,
8dI7OolIEXY_000553__pre,0,,
Y4rb2_HaBdQ_000657,1,2.500,
Y4rb2_HaBdQ_000657__pre,0,,
V3--0ubJkNE_000979,1,1.200,
Z9K13eBUwJM_003105,1,5.100,
Z9K13eBUwJM_003105__pre,0,,
RASKiMoxhOE_001897,1,3.100,
RASKiMoxhOE_001897__pre,0,,
ruiSuGHJf6Q_004389,1,3.300,
ruiSuGHJf6Q_004389__pre,0,,
Jt6_hinpKpk_001075,1,2.900,
Jt6_hinpKpk_001075__pre,0,,
yB6fjM1UUC0_003340,1,4.200,
yB6fjM1UUC0_003340__pre,0,,
UjkeNSr2dXQ_001394,1,3.900,
UjkeNSr2dXQ_001394__pre,0,,
Hx8FMhmdOQU_004971,1,3.400,
Hx8FMhmdOQU_004971__pre,0,,
88LcRU7uEFE_003534,1,2.800,
88LcRU7uEFE_003534__pre,0,,
Z9K13eBUwJM_001167,1,1.400,
vdLn-qswnRo_001847,1,4.400,
vdLn-qswnRo_001847__pre,0,,
Hkui6PJboFg_005122,1,3.100,
Hkui6PJboFg_005122__pre,0,,
y1vGuUK0db4_003866,1,3.600,
y1vGuUK0db4_003866__pre,0,,
y4Evv5By6sg_004071,1,3.500,
y4Evv5By6sg_004071__pre,0,,
2TmFM9p1KF8_001257,1,4.000,
2TmFM9p1KF8_001257__pre,0,,
HzVbo46kkBA_002477,1,3.100,
HzVbo46kkBA_002477__pre,0,,
QERvirE3S5s_002742,1,5.100,
QERvirE3S5s_002742__pre,0,,
bI9JzQSrEGo_002469,1,2.800,
bI9JzQSrEGo_002469__pre,0,,
PEwiwzyTjX0_001408,1,2.800,
PEwiwzyTjX0_001408__pre,0,,
2SAby_5t94M_001388,1,9.300,
2SAby_5t94M_001388__pre,0,,
ecRog9N1Qf0_004511,1,1.400,
D_pyFV4nKd4_001068,1,3.800,
D_pyFV4nKd4_001068__pre,0,,
UjkeNSr2dXQ_003567,1,2.900,
UjkeNSr2dXQ_003567__pre,0,,
bFGmOp9H3MA_002460,1,3.400,
bFGmOp9H3MA_002460__pre,0,,
eN6y6-4C1Rc_004273,1,3.100,
eN6y6-4C1Rc_004273__pre,0,,
nHvTqyRntbY_000625,1,2.600,
nHvTqyRntbY_000625__pre,0,,
eWWgJznGg6U_006902,1,2.400,
eWWgJznGg6U_006902__pre,0,,
xpOyD-qrQUw_003297,1,2.800,
xpOyD-qrQUw_003297__pre,0,,
Zpo0kwg1XEQ_000256,1,1.800,
fWJbp43k644_003955,1,4.100,
fWJbp43k644_003955__pre,0,,
O9uvBFovKj8_000792,1,5.500,
O9uvBFovKj8_000792__pre,0,,
QERvirE3S5s_003888,1,2.900,
QERvirE3S5s_003888__pre,0,,
Hkui6PJboFg_003308,1,5.000,
Hkui6PJboFg_003308__pre,0,,
kld-iYpdjyo_005653,1,2.900,
kld-iYpdjyo_005653__pre,0,,
3Sqeb-l1RPA_004094,1,1.800,
hfwb3mZZ0fs_003306,1,2.500,
hfwb3mZZ0fs_003306__pre,0,,
3Sqeb-l1RPA_001183,1,4.000,
3Sqeb-l1RPA_001183__pre,0,,
lKMwX4nA64k_003388,1,3.200,
lKMwX4nA64k_003388__pre,0,,
cfrLchAShxQ_002265,1,3.500,
cfrLchAShxQ_002265__pre,0,,
P5MjgFmqouA_003920,1,4.500,
P5MjgFmqouA_003920__pre,0,,
r6_ZhT7rmhM_000942,1,3.700,
r6_ZhT7rmhM_000942__pre,0,,
PEwiwzyTjX0_003314,1,4.700,
PEwiwzyTjX0_003314__pre,0,,
u33fdjUY_Iw_003021,1,4.000,
u33fdjUY_Iw_003021__pre,0,,
VxWJchENocA_003507,1,2.700,
VxWJchENocA_003507__pre,0,,
bcpfYpmDcp0_004170,1,7.400,
bcpfYpmDcp0_004170__pre,0,,
OWtbKblBOKI_004800,1,2.100,
OWtbKblBOKI_004800__pre,0,,
jv7vz_55H8M_001452,1,2.600,
jv7vz_55H8M_001452__pre,0,,
3u_CIo9IaWo_003043,1,5.200,
3u_CIo9IaWo_003043__pre,0,,
jFFhYwgepmY_003712,1,1.800,
9Q0FCoNxL8I_004971,1,4.600,
9Q0FCoNxL8I_004971__pre,0,,
nvVk7L3GrJQ_005161,1,4.500,
nvVk7L3GrJQ_005161__pre,0,,
4OGV0AbV91U_002570,1,2.600,
4OGV0AbV91U_002570__pre,0,,
l1XbmdmGr0Q_000525,1,4.100,
l1XbmdmGr0Q_000525__pre,0,,
3u_CIo9IaWo_003170,1,3.500,
3u_CIo9IaWo_003170__pre,0,,
kld-iYpdjyo_002131,1,4.600,
kld-iYpdjyo_002131__pre,0,,
D_pyFV4nKd4_005767,1,1.300,
4K_6s1n6BpU_005911,1,2.700,
4K_6s1n6BpU_005911__pre,0,,
LbKd5Ho0wDM_000503,1,1.500,
QERvirE3S5s_004340,1,3.900,
QERvirE3S5s_004340__pre,0,,
xpOyD-qrQUw_002464,1,5.400,
xpOyD-qrQUw_002464__pre,0,,
3tEZvtQZ18Q_001444,1,4.600,
3tEZvtQZ18Q_001444__pre,0,,
OWtbKblBOKI_001616,1,3.500,
OWtbKblBOKI_001616__pre,0,,
4OGV0AbV91U_002278,1,7.200,
4OGV0AbV91U_002278__pre,0,,
PfJ2CudpCgE_005861,1,3.400,
PfJ2CudpCgE_005861__pre,0,,
y1vGuUK0db4_001730,1,1.900,
OWtbKblBOKI_003070,1,3.500,
OWtbKblBOKI_003070__pre,0,,
lmykriTbncM_002292,1,3.700,
lmykriTbncM_002292__pre,0,,
IQwS7BEjUxM_003203,1,1.800,
Eq7_uD2yN5Y_002806,1,2.500,
Eq7_uD2yN5Y_002806__pre,0,,
JV0D-YkWHD8_004391,1,1.800,
CyeT8rEQOpQ_000762,1,1.000,
D_pyFV4nKd4_001665,1,4.400,
D_pyFV4nKd4_001665__pre,0,,
xpOyD-qrQUw_003098,1,4.900,
xpOyD-qrQUw_003098__pre,0,,
oZaUkhs_H-s_003568,1,4.900,
oZaUkhs_H-s_003568__pre,0,,
xjbbH74SwTg_001509,1,5.900,
xjbbH74SwTg_001509__pre,0,,
r6_ZhT7rmhM_002103,1,4.800,
r6_ZhT7rmhM_002103__pre,0,,
OWtbKblBOKI_001714,1,1.800,
OWtbKblBOKI_004218,1,2.000,
OWtbKblBOKI_004218__pre,0,,
QERvirE3S5s_004618,1,3.500,
QERvirE3S5s_004618__pre,0,,
PfJ2CudpCgE_004173,1,1.100,
UjkeNSr2dXQ_000757,1,4.100,
UjkeNSr2dXQ_000757__pre,0,,
vdLn-qswnRo_005373,1,2.700,
vdLn-qswnRo_005373__pre,0,,
QERvirE3S5s_004820,1,2.700,
QERvirE3S5s_004820__pre,0,,
kVhgFPPG-wo_002864,1,2.200,
kVhgFPPG-wo_002864__pre,0,,
Hd2IzHAfkCI_000401,1,4.300,
Hd2IzHAfkCI_000401__pre,0,,
GDejMONyY4U_002587,1,2.600,
GDejMONyY4U_002587__pre,0,,
uO2zGO5ydBc_002909,1,9.000,
uO2zGO5ydBc_002909__pre,0,,
OWtbKblBOKI_002879,1,4.100,
OWtbKblBOKI_002879__pre,0,,
Y4rb2_HaBdQ_004593,1,3.100,
Y4rb2_HaBdQ_004593__pre,0,,
6E2N9ld0eHg_003898,1,4.800,
6E2N9ld0eHg_003898__pre,0,,
V3--0ubJkNE_003656,1,2.200,
V3--0ubJkNE_003656__pre,0,,
YBEYOS3A3Ic_004221,1,3.500,
YBEYOS3A3Ic_004221__pre,0,,
RASKiMoxhOE_005850,1,3.000,
RASKiMoxhOE_005850__pre,0,,
nHvTqyRntbY_004020,1,2.400,
nHvTqyRntbY_004020__pre,0,,
Y4rb2_HaBdQ_004838,1,5.300,
Y4rb2_HaBdQ_004838__pre,0,,
sdqIDbZJfy0_000431,1,4.300,
sdqIDbZJfy0_000431__pre,0,,
uO2zGO5ydBc_001888,1,2.600,
uO2zGO5ydBc_001888__pre,0,,
vdLn-qswnRo_002571,1,2.900,
vdLn-qswnRo_002571__pre,0,,
OWtbKblBOKI_001796,1,3.800,
OWtbKblBOKI_001796__pre,0,,
fWJbp43k644_005155,1,3.500,
fWJbp43k644_005155__pre,0,,
HbxPs2D_eJw_002724,1,0.900,
K1r3m5OrmB4_004978,1,4.700,
K1r3m5OrmB4_004978__pre,0,,
3sGShQb_HwU_000805,1,4.200,
3sGShQb_HwU_000805__pre,0,,
PYL3JcSsS6o_005457,1,6.000,
PYL3JcSsS6o_005457__pre,0,,
X8VgGb1fJDU_002923,1,2.500,
X8VgGb1fJDU_002923__pre,0,,
jFFhYwgepmY_005809,1,2.700,
jFFhYwgepmY_005809__pre,0,,
PfJ2CudpCgE_000181,1,3.900,
PfJ2CudpCgE_000181__pre,0,,
VxWJchENocA_001130,1,2.500,
VxWJchENocA_001130__pre,0,,
Z9K13eBUwJM_005200,1,4.800,
Z9K13eBUwJM_005200__pre,0,,
YBEYOS3A3Ic_001633,1,3.800,
YBEYOS3A3Ic_001633__pre,0,,
3tEZvtQZ18Q_001987,1,2.100,
3tEZvtQZ18Q_001987__pre,0,,
Eq7_uD2yN5Y_002606,1,2.700,
Eq7_uD2yN5Y_002606__pre,0,,
2SAby_5t94M_002446,1,1.200,
hfwb3mZZ0fs_003556,1,1.500,
fWJbp43k644_003287,1,1.600,
W6YrlYyWguc_002386,1,8.200,
W6YrlYyWguc_002386__pre,0,,
CyeT8rEQOpQ_000660,1,2.700,
CyeT8rEQOpQ_000660__pre,0,,
dZG1VKsgs60_001036,1,6.700,
dZG1VKsgs60_001036__pre,0,,
eN6y6-4C1Rc_005400,1,4.700,
eN6y6-4C1Rc_005400__pre,0,,
4K_6s1n6BpU_001812,1,4.500,
4K_6s1n6BpU_001812__pre,0,,
VxWJchENocA_000886,1,2.800,
VxWJchENocA_000886__pre,0,,
bI9JzQSrEGo_002905,1,2.600,
bI9JzQSrEGo_002905__pre,0,,
jFFhYwgepmY_002201,1,6.300,
jFFhYwgepmY_002201__pre,0,,
eN6y6-4C1Rc_004868,1,2.700,
eN6y6-4C1Rc_004868__pre,0,,
5vKPYV5w6pw_001999,1,4.700,
5vKPYV5w6pw_001999__pre,0,,
PEwiwzyTjX0_004472,1,3.300,
PEwiwzyTjX0_004472__pre,0,,
fWJbp43k644_001109,1,3.500,
fWJbp43k644_001109__pre,0,,
krPRThe7R4g_002937,1,3.100,
krPRThe7R4g_002937__pre,0,,
YBEYOS3A3Ic_001201,1,3.500,
YBEYOS3A3Ic_001201__pre,0,,
Sihe6aeyLHg_005848,1,4.400,
Sihe6aeyLHg_005848__pre,0,,
Hkui6PJboFg_004710,1,3.200,
Hkui6PJboFg_004710__pre,0,,
jBbKXYgwpX0_001546,1,10.500,
jBbKXYgwpX0_001546__pre,0,,
0RJPQ_97dcs_003603,1,5.400,
0RJPQ_97dcs_003603__pre,0,,
kld-iYpdjyo_005266,1,3.800,
kld-iYpdjyo_005266__pre,0,,
kVhgFPPG-wo_000427,1,4.300,
kVhgFPPG-wo_000427__pre,0,,
K1r3m5OrmB4_003325,1,5.100,
K1r3m5OrmB4_003325__pre,0,,
l1XbmdmGr0Q_002282,1,0.900,
QERvirE3S5s_001492,1,0.200,
u33fdjUY_Iw_000214,1,3.300,
u33fdjUY_Iw_000214__pre,0,,
JkYzYrJpSoQ_000925,1,7.600,
JkYzYrJpSoQ_000925__pre,0,,
bI9JzQSrEGo_004112,1,3.300,
bI9JzQSrEGo_004112__pre,0,,
JHfjuFrnpjA_001443,1,8.500,
JHfjuFrnpjA_001443__pre,0,,
Hkui6PJboFg_002664,1,2.500,
Hkui6PJboFg_002664__pre,0,,
Hfs4AlBmg70_000258,1,1.300,
3u_CIo9IaWo_000874,1,2.600,
3u_CIo9IaWo_000874__pre,0,,
Zpo0kwg1XEQ_001299,1,2.400,
Zpo0kwg1XEQ_001299__pre,0,,
Hfs4AlBmg70_005182,1,1.600,
lKMwX4nA64k_004974,1,3.500,
lKMwX4nA64k_004974__pre,0,,
4K_6s1n6BpU_006306,1,1.700,
EJ4VM9wLNXQ_001865,1,1.900,
PYL3JcSsS6o_005568,1,1.000,
J_ggxJD3Uy8_001670,1,3.000,
J_ggxJD3Uy8_001670__pre,0,,
kEcbnTbgi4A_001700,1,4.400,
kEcbnTbgi4A_001700__pre,0,,
WWyeuvpHmfc_005699,1,2.100,
WWyeuvpHmfc_005699__pre,0,,
UjkeNSr2dXQ_003841,1,3.900,
UjkeNSr2dXQ_003841__pre,0,,
p8q77QzOdUs_004920,1,2.700,
p8q77QzOdUs_004920__pre,0,,
ujVRDgGVzlQ_001536,1,3.100,
ujVRDgGVzlQ_001536__pre,0,,
Y4rb2_HaBdQ_000746,1,3.700,
Y4rb2_HaBdQ_000746__pre,0,,
0RJPQ_97dcs_001437,1,3.700,
0RJPQ_97dcs_001437__pre,0,,
YBEYOS3A3Ic_003750,1,2.300,
YBEYOS3A3Ic_003750__pre,0,,
JmwUVoOrgk8_003287,1,0.700,
2TmFM9p1KF8_003954,1,2.600,
2TmFM9p1KF8_003954__pre,0,,
DpQBo4gb6Lw_004333,1,2.900,
DpQBo4gb6Lw_004333__pre,0,,
Nc9SDBksPPA_004316,1,4.300,
Nc9SDBksPPA_004316__pre,0,,
xpOyD-qrQUw_004160,1,5.400,
xpOyD-qrQUw_004160__pre,0,,
qzMjfBx1KI0_005000,1,3.700,
qzMjfBx1KI0_005000__pre,0,,
xpOyD-qrQUw_000811,1,4.100,
xpOyD-qrQUw_000811__pre,0,,
TNZv-NBcV5U_000628,1,3.400,
TNZv-NBcV5U_000628__pre,0,,
UjkeNSr2dXQ_005374,1,3.000,
UjkeNSr2dXQ_005374__pre,0,,
Eq7_uD2yN5Y_004812,1,5.100,
Eq7_uD2yN5Y_004812__pre,0,,
6E2N9ld0eHg_004949,1,4.600,
6E2N9ld0eHg_004949__pre,0,,
V3--0ubJkNE_005461,1,3.100,
V3--0ubJkNE_005461__pre,0,,
Rrcjy5t8b20_002001,1,4.600,
Rrcjy5t8b20_002001__pre,0,,
X8VgGb1fJDU_002836,1,4.600,
X8VgGb1fJDU_002836__pre,0,,
UjkeNSr2dXQ_005283,1,2.300,
UjkeNSr2dXQ_005283__pre,0,,
qzMjfBx1KI0_000167,1,8.600,
qzMjfBx1KI0_000167__pre,0,,
OPj7lUQOre8_003071,1,12.600,
OPj7lUQOre8_003071__pre,0,,
d2SCftR5sWc_000073,1,5.400,
d2SCftR5sWc_000073__pre,0,,
VxWJchENocA_002023,1,2.900,
VxWJchENocA_002023__pre,0,,
UbDCiQVuzPY_003342,1,6.800,
UbDCiQVuzPY_003342__pre,0,,
p-fBcE77G4c_001910,1,3.500,
p-fBcE77G4c_001910__pre,0,,
4wKjxDXnmYs_003647,1,3.300,
4wKjxDXnmYs_003647__pre,0,,
Hkui6PJboFg_000693,1,5.000,
Hkui6PJboFg_000693__pre,0,,
DyzL2sahobA_001476,1,4.700,
DyzL2sahobA_001476__pre,0,,
T7TkJVmGyts_001134,1,7.100,
T7TkJVmGyts_001134__pre,0,,
ujVRDgGVzlQ_004954,1,5.100,
ujVRDgGVzlQ_004954__pre,0,,
J_ggxJD3Uy8_005254,1,0.300,
dZG1VKsgs60_003443,1,3.500,
dZG1VKsgs60_003443__pre,0,,
qYonJ4w6SZs_000952,1,2.800,
qYonJ4w6SZs_000952__pre,0,,
bFGmOp9H3MA_002560,1,2.500,
bFGmOp9H3MA_002560__pre,0,,
4OGV0AbV91U_003240,1,1.600,
6E2N9ld0eHg_001673,1,6.600,
6E2N9ld0eHg_001673__pre,0,,
PYL3JcSsS6o_001182,1,5.900,
PYL3JcSsS6o_001182__pre,0,,
0z7J7rOpTic_000752,1,4.000,
0z7J7rOpTic_000752__pre,0,,
PfJ2CudpCgE_002464,1,4.000,
PfJ2CudpCgE_002464__pre,0,,
xpOyD-qrQUw_000139,1,4.400,
xpOyD-qrQUw_000139__pre,0,,
Zpo0kwg1XEQ_002984,1,4.400,
Zpo0kwg1XEQ_002984__pre,0,,
K1r3m5OrmB4_000416,1,3.600,
K1r3m5OrmB4_000416__pre,0,,
kEcbnTbgi4A_001465,1,1.200,
kVhgFPPG-wo_003027,1,1.900,
uFwnmh0GpBo_002789,1,6.700,
uFwnmh0GpBo_002789__pre,0,,
JHfjuFrnpjA_005520,1,10.000,
JHfjuFrnpjA_005520__pre,0,,
2TmFM9p1KF8_002300,1,3.400,
2TmFM9p1KF8_002300__pre,0,,
Eq7_uD2yN5Y_001841,1,5.900,
Eq7_uD2yN5Y_001841__pre,0,,
Izf9l3VWQuo_002332,1,3.700,
Izf9l3VWQuo_002332__pre,0,,
kld-iYpdjyo_001611,1,6.000,
kld-iYpdjyo_001611__pre,0,,
3u_CIo9IaWo_001889,1,5.200,
3u_CIo9IaWo_001889__pre,0,,
Vtpe3HAIEm4_005072,1,4.500,
Vtpe3HAIEm4_005072__pre,0,,
VxWJchENocA_002747,1,2.300,
VxWJchENocA_002747__pre,0,,
HeK6zbf8I9Y_000237,1,4.900,
HeK6zbf8I9Y_000237__pre,0,,
UjkeNSr2dXQ_003465,1,4.500,
UjkeNSr2dXQ_003465__pre,0,,
cfrLchAShxQ_004926,1,2.000,
cfrLchAShxQ_004926__pre,0,,
4OGV0AbV91U_003123,1,3.400,
4OGV0AbV91U_003123__pre,0,,
kld-iYpdjyo_002353,1,3.500,
kld-iYpdjyo_002353__pre,0,,
PfJ2CudpCgE_000663,1,4.500,
PfJ2CudpCgE_000663__pre,0,,
HbxPs2D_eJw_001760,1,3.100,
HbxPs2D_eJw_001760__pre,0,,
xVfPBzDnI2Q_002752,1,4.000,
xVfPBzDnI2Q_002752__pre,0,,
HaC3LrJiTmQ_001999,1,2.800,
HaC3LrJiTmQ_001999__pre,0,,
qzMjfBx1KI0_003697,1,4.000,
qzMjfBx1KI0_003697__pre,0,,
jFFhYwgepmY_004031,1,5.400,
jFFhYwgepmY_004031__pre,0,,
uO2zGO5ydBc_004139,1,5.200,
uO2zGO5ydBc_004139__pre,0,,
krPRThe7R4g_004774,1,2.100,
krPRThe7R4g_004774__pre,0,,
JkYzYrJpSoQ_001165,1,5.100,
JkYzYrJpSoQ_001165__pre,0,,
YBEYOS3A3Ic_003027,1,4.200,
YBEYOS3A3Ic_003027__pre,0,,
dZG1VKsgs60_004185,1,4.700,
dZG1VKsgs60_004185__pre,0,,
90gyBengKDs_003762,1,2.500,
90gyBengKDs_003762__pre,0,,
vZSr9dhRxlE_003610,1,3.000,
vZSr9dhRxlE_003610__pre,0,,
nHvTqyRntbY_003086,1,3.200,
nHvTqyRntbY_003086__pre,0,,
4wKjxDXnmYs_004603,1,0.900,
UjkeNSr2dXQ_001596,1,2.100,
UjkeNSr2dXQ_001596__pre,0,,
IQwS7BEjUxM_004950,1,4.900,
IQwS7BEjUxM_004950__pre,0,,
HzVbo46kkBA_003344,1,3.200,
HzVbo46kkBA_003344__pre,0,,
bFGmOp9H3MA_003407,1,1.700,
88LcRU7uEFE_000612,1,5.000,
88LcRU7uEFE_000612__pre,0,,
xVfPBzDnI2Q_002520,1,1.600,
V3--0ubJkNE_001748,1,2.200,
V3--0ubJkNE_001748__pre,0,,
CyeT8rEQOpQ_003190,1,5.400,
CyeT8rEQOpQ_003190__pre,0,,
PYL3JcSsS6o_001292,1,5.200,
PYL3JcSsS6o_001292__pre,0,,
PfJ2CudpCgE_002373,1,2.900,
PfJ2CudpCgE_002373__pre,0,,
ezY7QrSWeWw_001512,1,2.800,
ezY7QrSWeWw_001512__pre,0,,
OWtbKblBOKI_003456,1,3.900,
OWtbKblBOKI_003456__pre,0,,
uO2zGO5ydBc_000680,1,2.600,
uO2zGO5ydBc_000680__pre,0,,
bI9JzQSrEGo_004051,1,2.800,
bI9JzQSrEGo_004051__pre,0,,
D_pyFV4nKd4_000436,1,4.400,
D_pyFV4nKd4_000436__pre,0,,
V3--0ubJkNE_002678,1,4.300,
V3--0ubJkNE_002678__pre,0,,
yhtzAKqRyXw_000873,1,5.900,
yhtzAKqRyXw_000873__pre,0,,
V3--0ubJkNE_001818,1,2.600,
V3--0ubJkNE_001818__pre,0,,
bcpfYpmDcp0_001741,1,4.100,
bcpfYpmDcp0_001741__pre,0,,
LfKfK4I5RPE_000073,1,6.600,
LfKfK4I5RPE_000073__pre,0,,
bFGmOp9H3MA_003301,1,3.100,
bFGmOp9H3MA_003301__pre,0,,
lKMwX4nA64k_003008,1,3.800,
lKMwX4nA64k_003008__pre,0,,
hIHap634rMw_001346,1,2.900,
hIHap634rMw_001346__pre,0,,
4wKjxDXnmYs_005454,1,1.200,
fWJbp43k644_005682,1,1.900,
pWZSG2cUdEo_002378,1,3.000,
pWZSG2cUdEo_002378__pre,0,,
hdOtS-BpUPY_002557,1,3.900,
hdOtS-BpUPY_002557__pre,0,,
h4OXsRSWLLc_000022,1,4.400,
h4OXsRSWLLc_000022__pre,0,,
CyeT8rEQOpQ_004242,1,1.100,
y1vGuUK0db4_002569,1,2.800,
y1vGuUK0db4_002569__pre,0,,
kjVywUi1WK4_002726,1,3.200,
kjVywUi1WK4_002726__pre,0,,
p-fBcE77G4c_001987,1,2.500,
p-fBcE77G4c_001987__pre,0,,
Z9K13eBUwJM_003008,1,3.300,
Z9K13eBUwJM_003008__pre,0,,
r6_ZhT7rmhM_003060,1,4.300,
r6_ZhT7rmhM_003060__pre,0,,
8dI7OolIEXY_003659,1,3.400,
8dI7OolIEXY_003659__pre,0,,
uFwnmh0GpBo_002669,1,2.800,
uFwnmh0GpBo_002669__pre,0,,
QERvirE3S5s_005441,1,4.600,
QERvirE3S5s_005441__pre,0,,
gXezhrOijmQ_002220,1,6.100,
gXezhrOijmQ_002220__pre,0,,
HzVbo46kkBA_004735,1,9.500,
HzVbo46kkBA_004735__pre,0,,
pOJpwWmEcFg_001492,1,4.700,
pOJpwWmEcFg_001492__pre,0,,
vdLn-qswnRo_000468,1,2.600,
vdLn-qswnRo_000468__pre,0,,
2TmFM9p1KF8_005874,1,3.000,
2TmFM9p1KF8_005874__pre,0,,
Y4rb2_HaBdQ_004942,1,5.500,
Y4rb2_HaBdQ_004942__pre,0,,
Eq7_uD2yN5Y_000904,1,4.100,
Eq7_uD2yN5Y_000904__pre,0,,
p-fBcE77G4c_001320,1,4.300,
p-fBcE77G4c_001320__pre,0,,
EJ4VM9wLNXQ_002042,1,1.500,
P5MjgFmqouA_005080,1,4.300,
P5MjgFmqouA_005080__pre,0,,
hdOtS-BpUPY_001772,1,5.500,
hdOtS-BpUPY_001772__pre,0,,
bFGmOp9H3MA_004273,1,8.700,
bFGmOp9H3MA_004273__pre,0,,
Hx8FMhmdOQU_002453,1,0.900,
Sihe6aeyLHg_002539,1,3.000,
Sihe6aeyLHg_002539__pre,0,,
Y4rb2_HaBdQ_002833,1,3.700,
Y4rb2_HaBdQ_002833__pre,0,,
hdOtS-BpUPY_002455,1,2.100,
hdOtS-BpUPY_002455__pre,0,,
QeuzUfHIWYU_004226,1,5.500,
QeuzUfHIWYU_004226__pre,0,,
Sihe6aeyLHg_002718,1,6.900,
Sihe6aeyLHg_002718__pre,0,,
UbDCiQVuzPY_000075,1,4.700,
UbDCiQVuzPY_000075__pre,0,,
xVfPBzDnI2Q_005475,1,3.700,
xVfPBzDnI2Q_005475__pre,0,,
4K_6s1n6BpU_001685,1,2.400,
4K_6s1n6BpU_001685__pre,0,,
3tEZvtQZ18Q_003485,1,4.800,
3tEZvtQZ18Q_003485__pre,0,,
lmykriTbncM_000169,1,4.400,
lmykriTbncM_000169__pre,0,,
GDejMONyY4U_004166,1,2.500,
GDejMONyY4U_004166__pre,0,,
EJ4VM9wLNXQ_000663,1,4.000,
EJ4VM9wLNXQ_000663__pre,0,,
8dI7OolIEXY_002655,1,2.700,
8dI7OolIEXY_002655__pre,0,,
Nc9SDBksPPA_000621,1,6.100,
Nc9SDBksPPA_000621__pre,0,,
y1vGuUK0db4_005532,1,3.400,
y1vGuUK0db4_005532__pre,0,,
Y4rb2_HaBdQ_002708,1,3.800,
Y4rb2_HaBdQ_002708__pre,0,,
t4Cvbdtebk0_002882,1,3.700,
t4Cvbdtebk0_002882__pre,0,,
Sihe6aeyLHg_000947,1,4.500,
Sihe6aeyLHg_000947__pre,0,,
sUbP4j8rAic_005313,1,4.700,
sUbP4j8rAic_005313__pre,0,,
4wKjxDXnmYs_005286,1,2.300,
4wKjxDXnmYs_005286__pre,0,,
GLZENQ5lzGA_000148,1,4.700,
GLZENQ5lzGA_000148__pre,0,,
PfJ2CudpCgE_002277,1,4.600,
PfJ2CudpCgE_002277__pre,0,,
r6_ZhT7rmhM_000436,1,6.300,
r6_ZhT7rmhM_000436__pre,0,,
9Q0FCoNxL8I_000348,1,3.200,
9Q0FCoNxL8I_000348__pre,0,,
kjVywUi1WK4_003840,1,2.800,
kjVywUi1WK4_003840__pre,0,,
jKwCC2RhxJE_004435,1,3.000,
jKwCC2RhxJE_004435__pre,0,,
3Sqeb-l1RPA_004185,1,3.700,
3Sqeb-l1RPA_004185__pre,0,,
X8VgGb1fJDU_002745,1,4.200,
X8VgGb1fJDU_002745__pre,0,,
ujVRDgGVzlQ_005345,1,2.200,
ujVRDgGVzlQ_005345__pre,0,,
xVfPBzDnI2Q_004612,1,2.700,
xVfPBzDnI2Q_004612__pre,0,,
UjkeNSr2dXQ_000170,1,2.800,
UjkeNSr2dXQ_000170__pre,0,,
qzMjfBx1KI0_002227,1,6.100,
qzMjfBx1KI0_002227__pre,0,,
Hkui6PJboFg_003854,1,5.400,
Hkui6PJboFg_003854__pre,0,,
Pbw0A-RCjcw_000562,1,6.300,
Pbw0A-RCjcw_000562__pre,0,,
DSBGS6aRzgc_002550,1,2.500,
DSBGS6aRzgc_002550__pre,0,,
K1r3m5OrmB4_001235,1,5.200,
K1r3m5OrmB4_001235__pre,0,,
4wKjxDXnmYs_002718,1,2.400,
4wKjxDXnmYs_002718__pre,0,,
vZSr9dhRxlE_003450,1,6.100,
vZSr9dhRxlE_003450__pre,0,,
ZIts2XH28SA_002935,1,2.600,
ZIts2XH28SA_002935__pre,0,,
PfJ2CudpCgE_002549,1,3.000,
PfJ2CudpCgE_002549__pre,0,,
fWJbp43k644_002866,1,2.700,
fWJbp43k644_002866__pre,0,,
eN6y6-4C1Rc_003230,1,4.700,
eN6y6-4C1Rc_003230__pre,0,,
GYWPqbrY8Z4_001405,1,5.200,
GYWPqbrY8Z4_001405__pre,0,,
4K_6s1n6BpU_006682,1,1.400,
lKMwX4nA64k_003105,1,2.800,
lKMwX4nA64k_003105__pre,0,,
gDjeTHGWX9c_006066,1,2.700,
gDjeTHGWX9c_006066__pre,0,,
J-j5eIHg8I0_004779,1,6.900,
J-j5eIHg8I0_004779__pre,0,,
Zpo0kwg1XEQ_003322,1,2.100,
Zpo0kwg1XEQ_003322__pre,0,,
vdLn-qswnRo_003795,1,2.600,
vdLn-qswnRo_003795__pre,0,,
kN-2mc561GY_004496,1,2.200,
kN-2mc561GY_004496__pre,0,,
lKMwX4nA64k_004263,1,3.100,
lKMwX4nA64k_004263__pre,0,,
PfJ2CudpCgE_000575,1,3.500,
PfJ2CudpCgE_000575__pre,0,,
V3--0ubJkNE_001660,1,2.300,
V3--0ubJkNE_001660__pre,0,,
OWtbKblBOKI_001404,1,5.000,
OWtbKblBOKI_001404__pre,0,,
3sGShQb_HwU_000985,1,5.400,
3sGShQb_HwU_000985__pre,0,,
QERvirE3S5s_005933,1,2.800,
QERvirE3S5s_005933__pre,0,,
UjkeNSr2dXQ_000270,1,4.400,
UjkeNSr2dXQ_000270__pre,0,,
PEwiwzyTjX0_005074,1,4.200,
PEwiwzyTjX0_005074__pre,0,,
fb5i7JlmJdg_000723,1,5.100,
fb5i7JlmJdg_000723__pre,0,,
Hkui6PJboFg_003812,1,2.400,
Hkui6PJboFg_003812__pre,0,,
Z9K13eBUwJM_000539,1,2.800,
Z9K13eBUwJM_000539__pre,0,,
D_pyFV4nKd4_000666,1,5.700,
D_pyFV4nKd4_000666__pre,0,,
88LcRU7uEFE_000732,1,3.800,
88LcRU7uEFE_000732__pre,0,,
Tsl84N96WM8_000341,1,4.900,
Tsl84N96WM8_000341__pre,0,,
HNRS3w5zep8_001182,1,2.500,
HNRS3w5zep8_001182__pre,0,,
CyeT8rEQOpQ_004911,1,3.700,
CyeT8rEQOpQ_004911__pre,0,,
nvVk7L3GrJQ_005265,1,6.700,
nvVk7L3GrJQ_005265__pre,0,,
fWJbp43k644_003828,1,7.100,
fWJbp43k644_003828__pre,0,,
qzMjfBx1KI0_004884,1,4.900,
qzMjfBx1KI0_004884__pre,0,,
l1XbmdmGr0Q_000062,1,4.000,
l1XbmdmGr0Q_000062__pre,0,,
RPNiqsdt6-w_002780,1,5.300,
RPNiqsdt6-w_002780__pre,0,,
DkjTJcCXipY_003474,1,1.800,
Hkui6PJboFg_003063,1,1.900,
gXezhrOijmQ_004417,1,5.200,
gXezhrOijmQ_004417__pre,0,,
8dI7OolIEXY_002729,1,3.200,
8dI7OolIEXY_002729__pre,0,,
Hd2IzHAfkCI_002839,1,3.600,
Hd2IzHAfkCI_002839__pre,0,,
2SAby_5t94M_000562,1,3.100,
2SAby_5t94M_000562__pre,0,,
GdyJqgxlSxs_000192,1,3.700,
GdyJqgxlSxs_000192__pre,0,,
3sGShQb_HwU_000905,1,4.400,
3sGShQb_HwU_000905__pre,0,,
bFGmOp9H3MA_001119,1,3.900,
bFGmOp9H3MA_001119__pre,0,,
QERvirE3S5s_000744,1,3.900,
QERvirE3S5s_000744__pre,0,,
JV0D-YkWHD8_001599,1,3.400,
JV0D-YkWHD8_001599__pre,0,,
QERvirE3S5s_004710,1,3.900,
QERvirE3S5s_004710__pre,0,,
Zpo0kwg1XEQ_000942,1,3.200,
Zpo0kwg1XEQ_000942__pre,0,,
0RJPQ_97dcs_001640,1,5.900,
0RJPQ_97dcs_001640__pre,0,,
zRZ9PJguIfE_000655,1,3.200,
zRZ9PJguIfE_000655__pre,0,,
nvVk7L3GrJQ_005580,1,2.600,
nvVk7L3GrJQ_005580__pre,0,,
t4Cvbdtebk0_001385,1,3.000,
t4Cvbdtebk0_001385__pre,0,,
W6YrlYyWguc_001756,1,9.200,
W6YrlYyWguc_001756__pre,0,,
bhA2ckvE-TQ_001056,1,6.700,
bhA2ckvE-TQ_001056__pre,0,,
gXezhrOijmQ_005750,1,4.500,
gXezhrOijmQ_005750__pre,0,,
kjVywUi1WK4_003060,1,4.500,
kjVywUi1WK4_003060__pre,0,,
bFGmOp9H3MA_005171,1,3.100,
bFGmOp9H3MA_005171__pre,0,,
IOoVklIZLMw_003645,1,3.200,
IOoVklIZLMw_003645__pre,0,,
QERvirE3S5s_002657,1,3.300,
QERvirE3S5s_002657__pre,0,,
Q7VBPeGwJWw_002261,1,2.100,
Q7VBPeGwJWw_002261__pre,0,,
nHvTqyRntbY_001105,1,3.300,
nHvTqyRntbY_001105__pre,0,,
y1vGuUK0db4_002171,1,2.900,
y1vGuUK0db4_002171__pre,0,,
0qfbmt4G8Rw_002663,1,5.600,
0qfbmt4G8Rw_002663__pre,0,,
kN-2mc561GY_000683,1,2.800,
kN-2mc561GY_000683__pre,0,,
gDjeTHGWX9c_003096,1,3.200,
gDjeTHGWX9c_003096__pre,0,,
dZG1VKsgs60_003543,1,2.800,
dZG1VKsgs60_003543__pre,0,,
T7TkJVmGyts_001278,1,5.800,
T7TkJVmGyts_001278__pre,0,,
J-j5eIHg8I0_004588,1,4.600,
J-j5eIHg8I0_004588__pre,0,,
fWJbp43k644_000533,1,4.900,
fWJbp43k644_000533__pre,0,,
y1vGuUK0db4_002814,1,4.900,
y1vGuUK0db4_002814__pre,0,,
jv7vz_55H8M_000486,1,1.800,
QeuzUfHIWYU_004536,1,2.900,
QeuzUfHIWYU_004536__pre,0,,
Hx8FMhmdOQU_000263,1,4.600,
Hx8FMhmdOQU_000263__pre,0,,
kld-iYpdjyo_000428,1,5.000,
kld-iYpdjyo_000428__pre,0,,
PYL3JcSsS6o_004416,1,16.000,
PYL3JcSsS6o_004416__pre,0,,
bFGmOp9H3MA_000061,1,3.200,
bFGmOp9H3MA_000061__pre,0,,
vZSr9dhRxlE_002331,1,2.700,
vZSr9dhRxlE_002331__pre,0,,
QeuzUfHIWYU_004325,1,5.600,
QeuzUfHIWYU_004325__pre,0,,
Jt6_hinpKpk_001859,1,1.100,
IFhWIS-Gwps_002227,1,1.500,
fWJbp43k644_004611,1,3.000,
fWJbp43k644_004611__pre,0,,
kjVywUi1WK4_003940,1,5.100,
kjVywUi1WK4_003940__pre,0,,
kjVywUi1WK4_004617,1,4.000,
kjVywUi1WK4_004617__pre,0,,
eW9vWga9F5M_000342,1,7.400,
eW9vWga9F5M_000342__pre,0,,
bI9JzQSrEGo_000779,1,5.100,
bI9JzQSrEGo_000779__pre,0,,
1u69z-wsDIc_000484,1,6.100,
1u69z-wsDIc_000484__pre,0,,
EY8x-fyQkbk_002762,1,3.100,
EY8x-fyQkbk_002762__pre,0,,
DpQBo4gb6Lw_000380,1,3.100,
DpQBo4gb6Lw_000380__pre,0,,
t_bCDlNOhJc_002052,1,5.300,
t_bCDlNOhJc_002052__pre,0,,
Tsl84N96WM8_002462,1,4.000,
Tsl84N96WM8_002462__pre,0,,
Sihe6aeyLHg_004622,1,5.300,
Sihe6aeyLHg_004622__pre,0,,
bhA2ckvE-TQ_004301,1,3.000,
bhA2ckvE-TQ_004301__pre,0,,
QERvirE3S5s_002858,1,4.000,
QERvirE3S5s_002858__pre,0,,
HaC3LrJiTmQ_003539,1,5.000,
HaC3LrJiTmQ_003539__pre,0,,
eN6y6-4C1Rc_006040,1,3.300,
eN6y6-4C1Rc_006040__pre,0,,
bI9JzQSrEGo_004353,1,3.100,
bI9JzQSrEGo_004353__pre,0,,
nHvTqyRntbY_004313,1,3.100,
nHvTqyRntbY_004313__pre,0,,
pOJpwWmEcFg_003080,1,3.300,
pOJpwWmEcFg_003080__pre,0,,
7uTMZ5-aWKA_001605,1,3.500,
7uTMZ5-aWKA_001605__pre,0,,
W6YrlYyWguc_000495,1,5.300,
W6YrlYyWguc_000495__pre,0,,
5vKPYV5w6pw_004224,1,4.200,
5vKPYV5w6pw_004224__pre,0,,
4wKjxDXnmYs_001844,1,3.000,
4wKjxDXnmYs_001844__pre,0,,
Tsl84N96WM8_000241,1,4.400,
Tsl84N96WM8_000241__pre,0,,
jFFhYwgepmY_000889,1,5.400,
jFFhYwgepmY_000889__pre,0,,
JPfUoxTjKo4_000021,1,2.400,
JPfUoxTjKo4_000021__pre,0,,
gDjeTHGWX9c_005997,1,1.200,
88LcRU7uEFE_001913,1,4.200,
88LcRU7uEFE_001913__pre,0,,
JV0D-YkWHD8_004103,1,1.700,
PfJ2CudpCgE_006024,1,3.500,
PfJ2CudpCgE_006024__pre,0,,
gZbGLa253Ak_000721,1,4.300,
gZbGLa253Ak_000721__pre,0,,
zRZ9PJguIfE_003137,1,2.500,
zRZ9PJguIfE_003137__pre,0,,
fb5i7JlmJdg_005252,1,6.000,
fb5i7JlmJdg_005252__pre,0,,
Sihe6aeyLHg_004548,1,2.600,
Sihe6aeyLHg_004548__pre,0,,
f482qwPz7ns_003767,1,3.600,
f482qwPz7ns_003767__pre,0,,
90gyBengKDs_003139,1,3.500,
90gyBengKDs_003139__pre,0,,
Z9K13eBUwJM_005905,1,4.800,
Z9K13eBUwJM_005905__pre,0,,
QeuzUfHIWYU_000559,1,3.900,
QeuzUfHIWYU_000559__pre,0,,
xVfPBzDnI2Q_001710,1,3.600,
xVfPBzDnI2Q_001710__pre,0,,
3sGShQb_HwU_004259,1,4.500,
3sGShQb_HwU_004259__pre,0,,
y4Evv5By6sg_000075,1,4.700,
y4Evv5By6sg_000075__pre,0,,
2TmFM9p1KF8_001756,1,0.600,
2TmFM9p1KF8_001932,1,1.600,
u33fdjUY_Iw_004509,1,5.200,
u33fdjUY_Iw_004509__pre,0,,
oZaUkhs_H-s_002917,1,3.400,
oZaUkhs_H-s_002917__pre,0,,
hdOtS-BpUPY_004293,1,4.200,
hdOtS-BpUPY_004293__pre,0,,
ahKX0rtdMJc_004580,1,3.000,
ahKX0rtdMJc_004580__pre,0,,
CyeT8rEQOpQ_002416,1,3.900,
CyeT8rEQOpQ_002416__pre,0,,
0z7J7rOpTic_002066,1,5.100,
0z7J7rOpTic_002066__pre,0,,
QeuzUfHIWYU_005018,1,5.300,
QeuzUfHIWYU_005018__pre,0,,
J-j5eIHg8I0_000505,1,3.600,
J-j5eIHg8I0_000505__pre,0,,
nHvTqyRntbY_003764,1,2.100,
nHvTqyRntbY_003764__pre,0,,
UKBuDqU8qTM_000371,1,5.300,
UKBuDqU8qTM_000371__pre,0,,
nvVk7L3GrJQ_001293,1,1.400,
bhA2ckvE-TQ_001797,1,5.300,
bhA2ckvE-TQ_001797__pre,0,,
90gyBengKDs_001613,1,3.100,
90gyBengKDs_001613__pre,0,,
UOjQsfDXjO0_002436,1,3.400,
UOjQsfDXjO0_002436__pre,0,,
LfKfK4I5RPE_003732,1,3.000,
LfKfK4I5RPE_003732__pre,0,,
RPNiqsdt6-w_000521,1,3.800,
RPNiqsdt6-w_000521__pre,0,,
3u_CIo9IaWo_002893,1,4.000,
3u_CIo9IaWo_002893__pre,0,,
O9uvBFovKj8_004982,1,3.700,
O9uvBFovKj8_004982__pre,0,,
p8q77QzOdUs_003890,1,5.500,
p8q77QzOdUs_003890__pre,0,,
Nc9SDBksPPA_004924,1,4.000,
Nc9SDBksPPA_004924__pre,0,,
2SAby_5t94M_000753,1,2.000,
2SAby_5t94M_000753__pre,0,,
TlBhM9Xbr2o_001876,1,4.100,
TlBhM9Xbr2o_001876__pre,0,,
DpQBo4gb6Lw_002691,1,5.100,
DpQBo4gb6Lw_002691__pre,0,,
3sGShQb_HwU_004977,1,3.600,
3sGShQb_HwU_004977__pre,0,,
dZG1VKsgs60_002588,1,2.600,
dZG1VKsgs60_002588__pre,0,,
3tEZvtQZ18Q_000981,1,2.600,
3tEZvtQZ18Q_000981__pre,0,,
sdqIDbZJfy0_003353,1,2.900,
sdqIDbZJfy0_003353__pre,0,,
p8q77QzOdUs_004490,1,3.200,
p8q77QzOdUs_004490__pre,0,,
YBEYOS3A3Ic_004858,1,2.900,
YBEYOS3A3Ic_004858__pre,0,,
f482qwPz7ns_004142,1,8.800,
f482qwPz7ns_004142__pre,0,,
Hx8FMhmdOQU_005151,1,4.300,
Hx8FMhmdOQU_005151__pre,0,,
uFwnmh0GpBo_002118,1,3.600,
uFwnmh0GpBo_002118__pre,0,,
hdOtS-BpUPY_001041,1,3.500,
hdOtS-BpUPY_001041__pre,0,,
D_pyFV4nKd4_004530,1,5.800,
D_pyFV4nKd4_004530__pre,0,,
ieP36TLihGM_002893,1,4.700,
ieP36TLihGM_002893__pre,0,,
jFFhYwgepmY_000351,1,3.900,
jFFhYwgepmY_000351__pre,0,,
xjbbH74SwTg_002787,1,4.900,
xjbbH74SwTg_002787__pre,0,,
y4Evv5By6sg_000648,1,8.600,
y4Evv5By6sg_000648__pre,0,,
T89zSiaMNgM_002640,1,4.900,
T89zSiaMNgM_002640__pre,0,,
W6YrlYyWguc_001646,1,6.400,
W6YrlYyWguc_001646__pre,0,,
Zpo0kwg1XEQ_001906,1,3.800,
Zpo0kwg1XEQ_001906__pre,0,,
Nc9SDBksPPA_000281,1,5.900,
Nc9SDBksPPA_000281__pre,0,,
mrIFkGZbNjc_003786,1,2.900,
mrIFkGZbNjc_003786__pre,0,,
ruiSuGHJf6Q_001231,1,5.500,
ruiSuGHJf6Q_001231__pre,0,,
jFFhYwgepmY_002431,1,1.900,
CyeT8rEQOpQ_003695,1,4.100,
CyeT8rEQOpQ_003695__pre,0,,
0RJPQ_97dcs_001974,1,4.300,
0RJPQ_97dcs_001974__pre,0,,
PfJ2CudpCgE_003154,1,3.900,
PfJ2CudpCgE_003154__pre,0,,
hfwb3mZZ0fs_003392,1,2.700,
hfwb3mZZ0fs_003392__pre,0,,
hfwb3mZZ0fs_001223,1,0.200,
kld-iYpdjyo_006188,1,2.600,
kld-iYpdjyo_006188__pre,0,,
xjbbH74SwTg_000812,1,4.600,
xjbbH74SwTg_000812__pre,0,,
9Q0FCoNxL8I_001552,1,3.900,
9Q0FCoNxL8I_001552__pre,0,,
HaC3LrJiTmQ_002720,1,7.100,
HaC3LrJiTmQ_002720__pre,0,,
nHvTqyRntbY_004602,1,3.400,
nHvTqyRntbY_004602__pre,0,,
5vKPYV5w6pw_005653,1,3.800,
5vKPYV5w6pw_005653__pre,0,,
pWZSG2cUdEo_000052,1,3.900,
pWZSG2cUdEo_000052__pre,0,,
J-j5eIHg8I0_004326,1,3.300,
J-j5eIHg8I0_004326__pre,0,,
LfKfK4I5RPE_003812,1,3.500,
LfKfK4I5RPE_003812__pre,0,,
eN6y6-4C1Rc_006167,1,2.600,
eN6y6-4C1Rc_006167__pre,0,,
bhA2ckvE-TQ_001611,1,2.000,
bhA2ckvE-TQ_001611__pre,0,,
Y4rb2_HaBdQ_002036,1,2.100,
Y4rb2_HaBdQ_002036__pre,0,,
nHvTqyRntbY_002652,1,4.200,
nHvTqyRntbY_002652__pre,0,,
pQdl0apLT70_004452,1,2.200,
pQdl0apLT70_004452__pre,0,,
LfKfK4I5RPE_004619,1,3.200,
LfKfK4I5RPE_004619__pre,0,,
4K_6s1n6BpU_001144,1,3.100,
4K_6s1n6BpU_001144__pre,0,,
UOjQsfDXjO0_003467,1,5.200,
UOjQsfDXjO0_003467__pre,0,,
DyzL2sahobA_000861,1,4.000,
DyzL2sahobA_000861__pre,0,,
mrIFkGZbNjc_003276,1,2.100,
mrIFkGZbNjc_003276__pre,0,,
zRZ9PJguIfE_005031,1,7.500,
zRZ9PJguIfE_005031__pre,0,,
bhA2ckvE-TQ_002907,1,4.400,
bhA2ckvE-TQ_002907__pre,0,,
W6YrlYyWguc_001536,1,4.500,
W6YrlYyWguc_001536__pre,0,,
xToi8YVZM8o_000690,1,5.400,
xToi8YVZM8o_000690__pre,0,,
Sihe6aeyLHg_004041,1,2.300,
Sihe6aeyLHg_004041__pre,0,,
88LcRU7uEFE_001047,1,4.300,
88LcRU7uEFE_001047__pre,0,,
Hx8FMhmdOQU_000905,1,3.100,
Hx8FMhmdOQU_000905__pre,0,,
uFwnmh0GpBo_001082,1,4.700,
uFwnmh0GpBo_001082__pre,0,,
P5MjgFmqouA_003505,1,2.900,
P5MjgFmqouA_003505__pre,0,,
QeuzUfHIWYU_005178,1,4.000,
QeuzUfHIWYU_005178__pre,0,,
K1r3m5OrmB4_003916,1,3.900,
K1r3m5OrmB4_003916__pre,0,,
lKMwX4nA64k_003183,1,3.100,
lKMwX4nA64k_003183__pre,0,,
O9uvBFovKj8_000319,1,2.900,
O9uvBFovKj8_000319__pre,0,,
PEwiwzyTjX0_001508,1,2.100,
PEwiwzyTjX0_001508__pre,0,,
Pbw0A-RCjcw_001170,1,5.700,
Pbw0A-RCjcw_001170__pre,0,,
UOjQsfDXjO0_003227,1,4.400,
UOjQsfDXjO0_003227__pre,0,,
nvVk7L3GrJQ_005513,1,2.900,
nvVk7L3GrJQ_005513__pre,0,,
Nc9SDBksPPA_000171,1,3.600,
Nc9SDBksPPA_000171__pre,0,,
vdLn-qswnRo_001611,1,3.900,
vdLn-qswnRo_001611__pre,0,,
CyeT8rEQOpQ_001932,1,3.600,
CyeT8rEQOpQ_001932__pre,0,,
a_VxrUq9PmA_003973,1,3.800,
a_VxrUq9PmA_003973__pre,0,,
p-fBcE77G4c_002340,1,4.900,
p-fBcE77G4c_002340__pre,0,,
pOJpwWmEcFg_005037,1,3.100,
pOJpwWmEcFg_005037__pre,0,,
ruiSuGHJf6Q_004660,1,4.200,
ruiSuGHJf6Q_004660__pre,0,,
DyzL2sahobA_000073,1,6.000,
DyzL2sahobA_000073__pre,0,,
7uTMZ5-aWKA_000860,1,5.800,
7uTMZ5-aWKA_000860__pre,0,,
T7TkJVmGyts_000891,1,4.100,
T7TkJVmGyts_000891__pre,0,,
yr0gNIxRluE_001080,1,3.100,
yr0gNIxRluE_001080__pre,0,,
T7TkJVmGyts_000191,1,4.800,
T7TkJVmGyts_000191__pre,0,,
nADqn-DZ-Dc_000740,1,6.400,
nADqn-DZ-Dc_000740__pre,0,,
O9uvBFovKj8_000211,1,4.300,
O9uvBFovKj8_000211__pre,0,,
a_VxrUq9PmA_005151,1,4.600,
a_VxrUq9PmA_005151__pre,0,,
lmykriTbncM_004234,1,4.400,
lmykriTbncM_004234__pre,0,,
Vtpe3HAIEm4_003608,1,3.900,
Vtpe3HAIEm4_003608__pre,0,,
88LcRU7uEFE_001238,1,4.300,
88LcRU7uEFE_001238__pre,0,,
uFwnmh0GpBo_000842,1,4.500,
uFwnmh0GpBo_000842__pre,0,,
p-fBcE77G4c_003392,1,4.000,
p-fBcE77G4c_003392__pre,0,,
Q7VBPeGwJWw_002894,1,1.800,
d2SCftR5sWc_003264,1,2.200,
d2SCftR5sWc_003264__pre,0,,
ruiSuGHJf6Q_000371,1,3.500,
ruiSuGHJf6Q_000371__pre,0,,
ieP36TLihGM_002993,1,2.800,
ieP36TLihGM_002993__pre,0,,
O9uvBFovKj8_001912,1,3.500,
O9uvBFovKj8_001912__pre,0,,
zRZ9PJguIfE_001319,1,4.100,
zRZ9PJguIfE_001319__pre,0,,
JHfjuFrnpjA_004861,1,3.100,
JHfjuFrnpjA_004861__pre,0,,
u33fdjUY_Iw_001593,1,3.100,
u33fdjUY_Iw_001593__pre,0,,
pOJpwWmEcFg_002252,1,2.600,
pOJpwWmEcFg_002252__pre,0,,
sdqIDbZJfy0_002638,1,3.800,
sdqIDbZJfy0_002638__pre,0,,
L334aqEJxys_000928,1,5.100,
L334aqEJxys_000928__pre,0,,
CyeT8rEQOpQ_005549,1,3.600,
CyeT8rEQOpQ_005549__pre,0,,
4wKjxDXnmYs_001994,1,1.900,
lKMwX4nA64k_001926,1,6.800,
lKMwX4nA64k_001926__pre,0,,
GkDXwJXjQx0_001355,1,1.400,
vZSr9dhRxlE_000052,1,3.100,
vZSr9dhRxlE_000052__pre,0,,
hdOtS-BpUPY_001912,1,2.500,
hdOtS-BpUPY_001912__pre,0,,
WWyeuvpHmfc_002453,1,3.200,
WWyeuvpHmfc_002453__pre,0,,
JkYzYrJpSoQ_004958,1,1.500,
GdyJqgxlSxs_006240,1,3.600,
GdyJqgxlSxs_006240__pre,0,,
D_pyFV4nKd4_003804,1,4.500,
D_pyFV4nKd4_003804__pre,0,,
nvVk7L3GrJQ_001826,1,3.500,
nvVk7L3GrJQ_001826__pre,0,,
h55PiQMnlJY_001243,1,6.000,
h55PiQMnlJY_001243__pre,0,,
UOjQsfDXjO0_001011,1,7.000,
UOjQsfDXjO0_001011__pre,0,,
Nc9SDBksPPA_004404,1,4.800,
Nc9SDBksPPA_004404__pre,0,,
Pbw0A-RCjcw_002742,1,2.600,
Pbw0A-RCjcw_002742__pre,0,,
HaC3LrJiTmQ_005125,1,3.800,
HaC3LrJiTmQ_005125__pre,0,,
Izf9l3VWQuo_004675,1,4.300,
Izf9l3VWQuo_004675__pre,0,,
1u69z-wsDIc_004094,1,4.800,
1u69z-wsDIc_004094__pre,0,,
6E2N9ld0eHg_000972,1,5.000,
6E2N9ld0eHg_000972__pre,0,,
UKBuDqU8qTM_003400,1,3.500,
UKBuDqU8qTM_003400__pre,0,,
RPNiqsdt6-w_003437,1,6.100,
RPNiqsdt6-w_003437__pre,0,,
DpQBo4gb6Lw_002812,1,2.700,
DpQBo4gb6Lw_002812__pre,0,,
O9uvBFovKj8_001801,1,3.100,
O9uvBFovKj8_001801__pre,0,,
d2SCftR5sWc_001121,1,8.300,
d2SCftR5sWc_001121__pre,0,,
UbDCiQVuzPY_003772,1,2.500,
UbDCiQVuzPY_003772__pre,0,,
gXezhrOijmQ_002530,1,2.700,
gXezhrOijmQ_002530__pre,0,,
ruiSuGHJf6Q_002157,1,5.700,
ruiSuGHJf6Q_002157__pre,0,,
IIuaTrT3pp0_000594,1,2.000,
IIuaTrT3pp0_000594__pre,0,,
yr0gNIxRluE_002389,1,6.800,
yr0gNIxRluE_002389__pre,0,,
4wKjxDXnmYs_000219,1,2.700,
4wKjxDXnmYs_000219__pre,0,,
ahKX0rtdMJc_004883,1,1.700,
UbDCiQVuzPY_001045,1,5.100,
UbDCiQVuzPY_001045__pre,0,,
ha-IeID24As_002404,1,2.100,
ha-IeID24As_002404__pre,0,,
W6YrlYyWguc_004017,1,3.400,
W6YrlYyWguc_004017__pre,0,,
DpQBo4gb6Lw_002562,1,3.200,
DpQBo4gb6Lw_002562__pre,0,,
y4Evv5By6sg_001238,1,5.400,
y4Evv5By6sg_001238__pre,0,,
fsqORUrKLYg_000895,1,2.300,
fsqORUrKLYg_000895__pre,0,,
9Q0FCoNxL8I_002217,1,6.100,
9Q0FCoNxL8I_002217__pre,0,,
WWyeuvpHmfc_001621,1,3.100,
WWyeuvpHmfc_001621__pre,0,,
0z7J7rOpTic_002166,1,3.200,
0z7J7rOpTic_002166__pre,0,,
d2SCftR5sWc_001995,1,1.800,
TlBhM9Xbr2o_003064,1,4.100,
TlBhM9Xbr2o_003064__pre,0,,
Eq7_uD2yN5Y_003939,1,4.000,
Eq7_uD2yN5Y_003939__pre,0,,
sUbP4j8rAic_002839,1,3.800,
sUbP4j8rAic_002839__pre,0,,
RPNiqsdt6-w_003647,1,2.700,
RPNiqsdt6-w_003647__pre,0,,
9Q0FCoNxL8I_000927,1,3.600,
9Q0FCoNxL8I_000927__pre,0,,
eN6y6-4C1Rc_004776,1,2.800,
eN6y6-4C1Rc_004776__pre,0,,
O9uvBFovKj8_002330,1,1.100,
3sGShQb_HwU_000454,1,4.400,
3sGShQb_HwU_000454__pre,0,,
0RJPQ_97dcs_001878,1,1.000,
Hx8FMhmdOQU_000715,1,2.800,
Hx8FMhmdOQU_000715__pre,0,,
T7TkJVmGyts_000771,1,5.700,
T7TkJVmGyts_000771__pre,0,,
bcpfYpmDcp0_002666,1,3.200,
bcpfYpmDcp0_002666__pre,0,,
ruiSuGHJf6Q_004209,1,3.400,
ruiSuGHJf6Q_004209__pre,0,,
d2SCftR5sWc_000411,1,3.200,
d2SCftR5sWc_000411__pre,0,,
u33fdjUY_Iw_006176,1,2.100,
u33fdjUY_Iw_006176__pre,0,,
f482qwPz7ns_004706,1,2.700,
f482qwPz7ns_004706__pre,0,,
xVfPBzDnI2Q_004775,1,4.600,
xVfPBzDnI2Q_004775__pre,0,,
gZbGLa253Ak_001042,1,4.100,
gZbGLa253Ak_001042__pre,0,,
gZbGLa253Ak_001362,1,2.700,
gZbGLa253Ak_001362__pre,0,,
Hkui6PJboFg_003406,1,3.900,
Hkui6PJboFg_003406__pre,0,,
fdvMUP8qvzw_000501,1,2.500,
fdvMUP8qvzw_000501__pre,0,,
UOjQsfDXjO0_000901,1,4.100,
UOjQsfDXjO0_000901__pre,0,,
JkYzYrJpSoQ_004772,1,2.800,
JkYzYrJpSoQ_004772__pre,0,,
0qfbmt4G8Rw_000870,1,4.600,
0qfbmt4G8Rw_000870__pre,0,,
DSBGS6aRzgc_000181,1,4.200,
DSBGS6aRzgc_000181__pre,0,,
T89zSiaMNgM_002525,1,3.700,
T89zSiaMNgM_002525__pre,0,,
RPNiqsdt6-w_002547,1,3.600,
RPNiqsdt6-w_002547__pre,0,,
hdOtS-BpUPY_000820,1,3.900,
hdOtS-BpUPY_000820__pre,0,,
O9uvBFovKj8_001467,1,3.200,
O9uvBFovKj8_001467__pre,0,,
QERvirE3S5s_002496,1,2.500,
QERvirE3S5s_002496__pre,0,,
5vKPYV5w6pw_002807,1,4.700,
5vKPYV5w6pw_002807__pre,0,,
JkYzYrJpSoQ_000344,1,2.200,
JkYzYrJpSoQ_000344__pre,0,,
DpQBo4gb6Lw_004109,1,2.000,
DpQBo4gb6Lw_004109__pre,0,,
LfKfK4I5RPE_000632,1,2.400,
LfKfK4I5RPE_000632__pre,0,,
90gyBengKDs_001327,1,3.600,
90gyBengKDs_001327__pre,0,,
K1r3m5OrmB4_005466,1,4.500,
K1r3m5OrmB4_005466__pre,0,,
UOjQsfDXjO0_005414,1,13.400,
UOjQsfDXjO0_005414__pre,0,,
kVhgFPPG-wo_005100,1,2.100,
kVhgFPPG-wo_005100__pre,0,,
yr0gNIxRluE_001275,1,3.000,
yr0gNIxRluE_001275__pre,0,,
r6_ZhT7rmhM_002002,1,4.200,
r6_ZhT7rmhM_002002__pre,0,,
uFwnmh0GpBo_000641,1,3.600,
uFwnmh0GpBo_000641__pre,0,,
TNZv-NBcV5U_003040,1,0.800,
Hd2IzHAfkCI_001472,1,2.700,
Hd2IzHAfkCI_001472__pre,0,,
W6YrlYyWguc_000616,1,5.700,
W6YrlYyWguc_000616__pre,0,,
t_bCDlNOhJc_001392,1,5.600,
t_bCDlNOhJc_001392__pre,0,,
JmwUVoOrgk8_000849,1,0.700,
hy433gakFeo_001443,1,0.400,
qYonJ4w6SZs_000075,1,7.000,
qYonJ4w6SZs_000075__pre,0,,
2TmFM9p1KF8_003322,1,4.000,
2TmFM9p1KF8_003322__pre,0,,
ieP36TLihGM_004444,1,2.700,
ieP36TLihGM_004444__pre,0,,
RPNiqsdt6-w_003727,1,7.000,
RPNiqsdt6-w_003727__pre,0,,
OPj7lUQOre8_004206,1,5.000,
OPj7lUQOre8_004206__pre,0,,
PqbpIHZvjMA_001793,1,4.000,
PqbpIHZvjMA_001793__pre,0,,
UbDCiQVuzPY_003172,1,4.900,
UbDCiQVuzPY_003172__pre,0,,
4K_6s1n6BpU_003177,1,1.400,
nHvTqyRntbY_000231,1,1.600,
hdOtS-BpUPY_000191,1,4.300,
hdOtS-BpUPY_000191__pre,0,,
t_bCDlNOhJc_000191,1,5.200,
t_bCDlNOhJc_000191__pre,0,,
K1r3m5OrmB4_001626,1,3.500,
K1r3m5OrmB4_001626__pre,0,,
qzMjfBx1KI0_000994,1,3.500,
qzMjfBx1KI0_000994__pre,0,,
hfwb3mZZ0fs_002727,1,3.500,
hfwb3mZZ0fs_002727__pre,0,,
kjVywUi1WK4_004247,1,4.900,
kjVywUi1WK4_004247__pre,0,,
Nc9SDBksPPA_001912,1,4.000,
Nc9SDBksPPA_001912__pre,0,,
J_ggxJD3Uy8_003633,1,2.400,
J_ggxJD3Uy8_003633__pre,0,,
a_VxrUq9PmA_001247,1,5.400,
a_VxrUq9PmA_001247__pre,0,,
xVfPBzDnI2Q_000760,1,2.500,
xVfPBzDnI2Q_000760__pre,0,,
6E2N9ld0eHg_004509,1,3.700,
6E2N9ld0eHg_004509__pre,0,,
5vKPYV5w6pw_004324,1,4.900,
5vKPYV5w6pw_004324__pre,0,,
IQwS7BEjUxM_005090,1,2.200,
IQwS7BEjUxM_005090__pre,0,,
gDjeTHGWX9c_002228,1,2.600,
gDjeTHGWX9c_002228__pre,0,,
mrIFkGZbNjc_000545,1,3.800,
mrIFkGZbNjc_000545__pre,0,,
kld-iYpdjyo_003678,1,0.800,
y4Evv5By6sg_000538,1,5.000,
y4Evv5By6sg_000538__pre,0,,
sdqIDbZJfy0_005020,1,2.800,
sdqIDbZJfy0_005020__pre,0,,
p8q77QzOdUs_000211,1,4.600,
p8q77QzOdUs_000211__pre,0,,
Rrcjy5t8b20_004499,1,2.000,
Rrcjy5t8b20_004499__pre,0,,
UKBuDqU8qTM_000481,1,3.900,
UKBuDqU8qTM_000481__pre,0,,
9Q0FCoNxL8I_000786,1,6.700,
9Q0FCoNxL8I_000786__pre,0,,
yr0gNIxRluE_000502,1,3.300,
yr0gNIxRluE_000502__pre,0,,
fb5i7JlmJdg_000833,1,4.000,
fb5i7JlmJdg_000833__pre,0,,
T7TkJVmGyts_000075,1,2.900,
T7TkJVmGyts_000075__pre,0,,
pWZSG2cUdEo_000908,1,3.600,
pWZSG2cUdEo_000908__pre,0,,
UbDCiQVuzPY_003862,1,4.200,
UbDCiQVuzPY_003862__pre,0,,
oZaUkhs_H-s_003811,1,3.300,
oZaUkhs_H-s_003811__pre,0,,
mrIFkGZbNjc_000872,1,2.500,
mrIFkGZbNjc_000872__pre,0,,
ha-IeID24As_000073,1,7.000,
ha-IeID24As_000073__pre,0,,
a_VxrUq9PmA_005252,1,3.100,
a_VxrUq9PmA_005252__pre,0,,
oZaUkhs_H-s_004452,1,5.400,
oZaUkhs_H-s_004452__pre,0,,
kld-iYpdjyo_000137,1,4.700,
kld-iYpdjyo_000137__pre,0,,
t_bCDlNOhJc_000521,1,5.600,
t_bCDlNOhJc_000521__pre,0,,
fsqORUrKLYg_000775,1,1.900,
jFFhYwgepmY_003931,1,4.200,
jFFhYwgepmY_003931__pre,0,,
kVhgFPPG-wo_002705,1,3.700,
kVhgFPPG-wo_002705__pre,0,,
LfKfK4I5RPE_004254,1,3.300,
LfKfK4I5RPE_004254__pre,0,,
l1XbmdmGr0Q_002901,1,3.400,
l1XbmdmGr0Q_002901__pre,0,,
PqbpIHZvjMA_000677,1,3.200,
PqbpIHZvjMA_000677__pre,0,,
p8q77QzOdUs_004110,1,3.900,
p8q77QzOdUs_004110__pre,0,,
Hx8FMhmdOQU_005251,1,2.100,
Hx8FMhmdOQU_005251__pre,0,,
sdqIDbZJfy0_002451,1,3.500,
sdqIDbZJfy0_002451__pre,0,,
mrIFkGZbNjc_001133,1,3.300,
mrIFkGZbNjc_001133__pre,0,,
IQwS7BEjUxM_005263,1,6.100,
IQwS7BEjUxM_005263__pre,0,,
Tsl84N96WM8_001371,1,3.500,
Tsl84N96WM8_001371__pre,0,,
6E2N9ld0eHg_000872,1,5.200,
6E2N9ld0eHg_000872__pre,0,,
4wKjxDXnmYs_004962,1,2.100,
4wKjxDXnmYs_004962__pre,0,,
LfKfK4I5RPE_000822,1,4.000,
LfKfK4I5RPE_000822__pre,0,,
T89zSiaMNgM_004504,1,2.100,
T89zSiaMNgM_004504__pre,0,,
d2SCftR5sWc_003574,1,2.100,
d2SCftR5sWc_003574__pre,0,,
Hkui6PJboFg_004330,1,1.600,
ieP36TLihGM_000311,1,2.800,
ieP36TLihGM_000311__pre,0,,
FqJ4IfRLKmA_004242,1,7.600,
FqJ4IfRLKmA_004242__pre,0,,
D_pyFV4nKd4_002733,1,3.800,
D_pyFV4nKd4_002733__pre,0,,
JkYzYrJpSoQ_002340,1,3.000,
JkYzYrJpSoQ_002340__pre,0,,
ZIts2XH28SA_000922,1,5.100,
ZIts2XH28SA_000922__pre,0,,
d2SCftR5sWc_002626,1,2.300,
d2SCftR5sWc_002626__pre,0,,
bhA2ckvE-TQ_003592,1,5.400,
bhA2ckvE-TQ_003592__pre,0,,
UOjQsfDXjO0_000501,1,5.800,
UOjQsfDXjO0_000501__pre,0,,
LfKfK4I5RPE_004539,1,2.600,
LfKfK4I5RPE_004539__pre,0,,
Y4rb2_HaBdQ_001571,1,3.000,
Y4rb2_HaBdQ_001571__pre,0,,
ha-IeID24As_000717,1,4.300,
ha-IeID24As_000717__pre,0,,
V3--0ubJkNE_000235,1,1.000,
L334aqEJxys_001734,1,4.200,
L334aqEJxys_001734__pre,0,,
bI9JzQSrEGo_005086,1,1.200,
ahKX0rtdMJc_000181,1,5.100,
ahKX0rtdMJc_000181__pre,0,,
V3--0ubJkNE_004713,1,3.300,
V3--0ubJkNE_004713__pre,0,,
nADqn-DZ-Dc_000640,1,6.300,
nADqn-DZ-Dc_000640__pre,0,,
qYonJ4w6SZs_004015,1,3.100,
qYonJ4w6SZs_004015__pre,0,,
90gyBengKDs_003225,1,2.100,
90gyBengKDs_003225__pre,0,,
f482qwPz7ns_001506,1,4.000,
f482qwPz7ns_001506__pre,0,,
l1XbmdmGr0Q_001480,1,3.200,
l1XbmdmGr0Q_001480__pre,0,,
8dI7OolIEXY_000795,1,1.900,
88LcRU7uEFE_004664,1,1.500,
Nc9SDBksPPA_003206,1,5.100,
Nc9SDBksPPA_003206__pre,0,,
TlBhM9Xbr2o_004220,1,1.800,
f482qwPz7ns_001006,1,3.900,
f482qwPz7ns_001006__pre,0,,
jKwCC2RhxJE_000704,1,4.300,
jKwCC2RhxJE_000704__pre,0,,
h55PiQMnlJY_000724,1,3.400,
h55PiQMnlJY_000724__pre,0,,
ezY7QrSWeWw_000021,1,3.500,
ezY7QrSWeWw_000021__pre,0,,
RASKiMoxhOE_005202,1,3.100,
RASKiMoxhOE_005202__pre,0,,
J-j5eIHg8I0_000582,1,6.900,
J-j5eIHg8I0_000582__pre,0,,
5vKPYV5w6pw_002077,1,2.800,
5vKPYV5w6pw_002077__pre,0,,
UOjQsfDXjO0_000761,1,4.400,
UOjQsfDXjO0_000761__pre,0,,
JV0D-YkWHD8_002752,1,2.800,
JV0D-YkWHD8_002752__pre,0,,
6E2N9ld0eHg_000751,1,4.800,
6E2N9ld0eHg_000751__pre,0,,
0z7J7rOpTic_000191,1,3.700,
0z7J7rOpTic_000191__pre,0,,
xpOyD-qrQUw_001882,1,2.900,
xpOyD-qrQUw_001882__pre,0,,
u33fdjUY_Iw_001071,1,5.900,
u33fdjUY_Iw_001071__pre,0,,
J-j5eIHg8I0_000387,1,6.000,
J-j5eIHg8I0_000387__pre,0,,
K1r3m5OrmB4_006095,1,1.400,
fdvMUP8qvzw_001106,1,3.300,
fdvMUP8qvzw_001106__pre,0,,
d2SCftR5sWc_002516,1,2.800,
d2SCftR5sWc_002516__pre,0,,
Zpo0kwg1XEQ_001134,1,2.800,
Zpo0kwg1XEQ_001134__pre,0,,
bhA2ckvE-TQ_001483,1,2.800,
bhA2ckvE-TQ_001483__pre,0,,
DSBGS6aRzgc_003880,1,5.100,
DSBGS6aRzgc_003880__pre,0,,
YBEYOS3A3Ic_004656,1,3.000,
YBEYOS3A3Ic_004656__pre,0,,
mrIFkGZbNjc_003577,1,3.600,
mrIFkGZbNjc_003577__pre,0,,
fdvMUP8qvzw_004102,1,3.400,
fdvMUP8qvzw_004102__pre,0,,
8dI7OolIEXY_004927,1,3.600,
8dI7OolIEXY_004927__pre,0,,
CyeT8rEQOpQ_003623,1,3.500,
CyeT8rEQOpQ_003623__pre,0,,
h55PiQMnlJY_000231,1,5.800,
h55PiQMnlJY_000231__pre,0,,
Nc9SDBksPPA_004823,1,4.600,
Nc9SDBksPPA_004823__pre,0,,
HaC3LrJiTmQ_001752,1,4.300,
HaC3LrJiTmQ_001752__pre,0,,
ecRog9N1Qf0_004683,1,1.100,
gZbGLa253Ak_003649,1,3.400,
gZbGLa253Ak_003649__pre,0,,
WWyeuvpHmfc_001537,1,1.400,
0qfbmt4G8Rw_002856,1,3.200,
0qfbmt4G8Rw_002856__pre,0,,
h55PiQMnlJY_002661,1,4.000,
h55PiQMnlJY_002661__pre,0,,
gXezhrOijmQ_005158,1,2.600,
gXezhrOijmQ_005158__pre,0,,
UjkeNSr2dXQ_004135,1,2.400,
UjkeNSr2dXQ_004135__pre,0,,
fdvMUP8qvzw_005225,1,3.400,
fdvMUP8qvzw_005225__pre,0,,
lKMwX4nA64k_004695,1,2.700,
lKMwX4nA64k_004695__pre,0,,
UbDCiQVuzPY_002006,1,2.700,
UbDCiQVuzPY_002006__pre,0,,
Eq7_uD2yN5Y_004239,1,5.000,
Eq7_uD2yN5Y_004239__pre,0,,
PqbpIHZvjMA_000757,1,2.900,
PqbpIHZvjMA_000757__pre,0,,
Tsl84N96WM8_001512,1,3.100,
Tsl84N96WM8_001512__pre,0,,
pOJpwWmEcFg_000731,1,4.300,
pOJpwWmEcFg_000731__pre,0,,
7uTMZ5-aWKA_000760,1,4.900,
7uTMZ5-aWKA_000760__pre,0,,
88LcRU7uEFE_000907,1,2.400,
88LcRU7uEFE_000907__pre,0,,
lKMwX4nA64k_004346,1,4.100,
lKMwX4nA64k_004346__pre,0,,
4OGV0AbV91U_000264,1,3.100,
4OGV0AbV91U_000264__pre,0,,
hfwb3mZZ0fs_002552,1,4.000,
hfwb3mZZ0fs_002552__pre,0,,
ieP36TLihGM_001739,1,5.600,
ieP36TLihGM_001739__pre,0,,
4wKjxDXnmYs_005098,1,2.800,
4wKjxDXnmYs_005098__pre,0,,
3Sqeb-l1RPA_005028,1,4.400,
3Sqeb-l1RPA_005028__pre,0,,
UKBuDqU8qTM_000895,1,3.500,
UKBuDqU8qTM_000895__pre,0,,
Sihe6aeyLHg_004865,1,10.700,
Sihe6aeyLHg_004865__pre,0,,
WWyeuvpHmfc_005628,1,1.400,
HaC3LrJiTmQ_003433,1,4.600,
HaC3LrJiTmQ_003433__pre,0,,
bcpfYpmDcp0_001132,1,2.600,
bcpfYpmDcp0_001132__pre,0,,
mrIFkGZbNjc_004331,1,5.100,
mrIFkGZbNjc_004331__pre,0,,
TlBhM9Xbr2o_004624,1,3.100,
TlBhM9Xbr2o_004624__pre,0,,
qYonJ4w6SZs_001288,1,4.600,
qYonJ4w6SZs_001288__pre,0,,
Nc9SDBksPPA_000391,1,4.000,
Nc9SDBksPPA_000391__pre,0,,
mrIFkGZbNjc_001971,1,7.500,
mrIFkGZbNjc_001971__pre,0,,
OPj7lUQOre8_000211,1,5.200,
OPj7lUQOre8_000211__pre,0,,
IOoVklIZLMw_001168,1,5.700,
IOoVklIZLMw_001168__pre,0,,
PqbpIHZvjMA_002500,1,10.200,
PqbpIHZvjMA_002500__pre,0,,
UbDCiQVuzPY_000814,1,5.300,
UbDCiQVuzPY_000814__pre,0,,
ieP36TLihGM_004515,1,3.400,
ieP36TLihGM_004515__pre,0,,
e3hXj7S3QyA_001260,1,1.800,
UbDCiQVuzPY_001145,1,7.000,
UbDCiQVuzPY_001145__pre,0,,
fb5i7JlmJdg_005653,1,6.100,
fb5i7JlmJdg_005653__pre,0,,
f482qwPz7ns_001821,1,4.200,
f482qwPz7ns_001821__pre,0,,
hfwb3mZZ0fs_002815,1,3.300,
hfwb3mZZ0fs_002815__pre,0,,
5vKPYV5w6pw_002475,1,3.800,
5vKPYV5w6pw_002475__pre,0,,
y4Evv5By6sg_000338,1,5.300,
y4Evv5By6sg_000338__pre,0,,
fsqORUrKLYg_004710,1,4.900,
fsqORUrKLYg_004710__pre,0,,
ha-IeID24As_000597,1,4.600,
ha-IeID24As_000597__pre,0,,
y4Evv5By6sg_004585,1,4.300,
y4Evv5By6sg_004585__pre,0,,
4wKjxDXnmYs_001491,1,4.600,
4wKjxDXnmYs_001491__pre,0,,
kN-2mc561GY_001829,1,5.800,
kN-2mc561GY_001829__pre,0,,
0qfbmt4G8Rw_003068,1,3.000,
0qfbmt4G8Rw_003068__pre,0,,
L334aqEJxys_004487,1,4.900,
L334aqEJxys_004487__pre,0,,
zRZ9PJguIfE_004095,1,4.500,
zRZ9PJguIfE_004095__pre,0,,
ujVRDgGVzlQ_002150,1,1.900,
HzVbo46kkBA_003734,1,6.100,
HzVbo46kkBA_003734__pre,0,,
88LcRU7uEFE_002175,1,3.400,
88LcRU7uEFE_002175__pre,0,,
nvVk7L3GrJQ_001915,1,3.300,
nvVk7L3GrJQ_001915__pre,0,,
t_bCDlNOhJc_004165,1,3.500,
t_bCDlNOhJc_004165__pre,0,,
O9uvBFovKj8_002250,1,3.200,
O9uvBFovKj8_002250__pre,0,,
qYonJ4w6SZs_003872,1,8.400,
qYonJ4w6SZs_003872__pre,0,,
OPj7lUQOre8_005797,1,4.700,
OPj7lUQOre8_005797__pre,0,,
UOjQsfDXjO0_005794,1,6.400,
UOjQsfDXjO0_005794__pre,0,,
0qfbmt4G8Rw_001753,1,5.300,
0qfbmt4G8Rw_001753__pre,0,,
Tsl84N96WM8_001051,1,3.200,
Tsl84N96WM8_001051__pre,0,,
UKBuDqU8qTM_000701,1,4.000,
UKBuDqU8qTM_000701__pre,0,,
DyzL2sahobA_002862,1,3.500,
DyzL2sahobA_002862__pre,0,,
bFGmOp9H3MA_005890,1,2.700,
bFGmOp9H3MA_005890__pre,0,,
V3--0ubJkNE_000062,1,2.800,
V3--0ubJkNE_000062__pre,0,,
D_pyFV4nKd4_003333,1,1.300,
zRZ9PJguIfE_004215,1,2.700,
zRZ9PJguIfE_004215__pre,0,,
UKBuDqU8qTM_003999,1,3.200,
UKBuDqU8qTM_003999__pre,0,,
T89zSiaMNgM_001439,1,5.000,
T89zSiaMNgM_001439__pre,0,,
UOjQsfDXjO0_000621,1,3.200,
UOjQsfDXjO0_000621__pre,0,,
JV0D-YkWHD8_004477,1,2.300,
JV0D-YkWHD8_004477__pre,0,,
TlBhM9Xbr2o_003366,1,2.600,
TlBhM9Xbr2o_003366__pre,0,,
pOJpwWmEcFg_002111,1,3.400,
pOJpwWmEcFg_002111__pre,0,,
JkYzYrJpSoQ_001455,1,4.000,
JkYzYrJpSoQ_001455__pre,0,,
9Q0FCoNxL8I_001666,1,2.200,
9Q0FCoNxL8I_001666__pre,0,,
fsqORUrKLYg_000675,1,4.500,
fsqORUrKLYg_000675__pre,0,,
8dI7OolIEXY_001612,1,2.500,
8dI7OolIEXY_001612__pre,0,,
qYonJ4w6SZs_004216,1,3.500,
qYonJ4w6SZs_004216__pre,0,,
Hd2IzHAfkCI_003611,1,3.800,
Hd2IzHAfkCI_003611__pre,0,,
mrIFkGZbNjc_000752,1,5.800,
mrIFkGZbNjc_000752__pre,0,,
Hx8FMhmdOQU_000995,1,4.400,
Hx8FMhmdOQU_000995__pre,0,,
Tsl84N96WM8_003746,1,6.700,
Tsl84N96WM8_003746__pre,0,,
sdqIDbZJfy0_003642,1,2.200,
sdqIDbZJfy0_003642__pre,0,,
uO2zGO5ydBc_003652,1,3.300,
uO2zGO5ydBc_003652__pre,0,,
LfKfK4I5RPE_004721,1,4.400,
LfKfK4I5RPE_004721__pre,0,,
JV0D-YkWHD8_003816,1,0.800,
f482qwPz7ns_002969,1,7.800,
f482qwPz7ns_002969__pre,0,,
nvVk7L3GrJQ_004799,1,3.600,
nvVk7L3GrJQ_004799__pre,0,,
W6YrlYyWguc_000736,1,5.400,
W6YrlYyWguc_000736__pre,0,,
PYL3JcSsS6o_004146,1,3.300,
PYL3JcSsS6o_004146__pre,0,,
JmwUVoOrgk8_001359,1,5.600,
JmwUVoOrgk8_001359__pre,0,,
0z7J7rOpTic_000261,1,3.400,
0z7J7rOpTic_000261__pre,0,,
yr0gNIxRluE_000231,1,4.300,
yr0gNIxRluE_000231__pre,0,,
O9uvBFovKj8_004288,1,4.900,
O9uvBFovKj8_004288__pre,0,,
HaC3LrJiTmQ_001210,1,3.700,
HaC3LrJiTmQ_001210__pre,0,,
ha-IeID24As_001567,1,3.400,
ha-IeID24As_001567__pre,0,,
t4Cvbdtebk0_000685,1,6.500,
t4Cvbdtebk0_000685__pre,0,,
xpOyD-qrQUw_003463,1,2.900,
xpOyD-qrQUw_003463__pre,0,,
UOjQsfDXjO0_004067,1,6.500,
UOjQsfDXjO0_004067__pre,0,,
kVhgFPPG-wo_005659,1,4.600,
kVhgFPPG-wo_005659__pre,0,,
xToi8YVZM8o_004022,1,3.600,
xToi8YVZM8o_004022__pre,0,,
EY8x-fyQkbk_003774,1,2.300,
EY8x-fyQkbk_003774__pre,0,,
gZbGLa253Ak_000521,1,4.300,
gZbGLa253Ak_000521__pre,0,,
gZbGLa253Ak_000431,1,4.300,
gZbGLa253Ak_000431__pre,0,,
DpQBo4gb6Lw_003414,1,4.600,
DpQBo4gb6Lw_003414__pre,0,,
pOJpwWmEcFg_003150,1,3.000,
pOJpwWmEcFg_003150__pre,0,,
eA-kbOZ1_sc_001173,1,2.800,
eA-kbOZ1_sc_001173__pre,0,,
WWyeuvpHmfc_004984,1,4.300,
WWyeuvpHmfc_004984__pre,0,,
0qfbmt4G8Rw_001501,1,3.700,
0qfbmt4G8Rw_001501__pre,0,,
K1r3m5OrmB4_002474,1,2.800,
K1r3m5OrmB4_002474__pre,0,,
Nc9SDBksPPA_005569,1,8.100,
Nc9SDBksPPA_005569__pre,0,,
f482qwPz7ns_004272,1,7.300,
f482qwPz7ns_004272__pre,0,,
bcpfYpmDcp0_002436,1,2.100,
bcpfYpmDcp0_002436__pre,0,,
D_pyFV4nKd4_002974,1,3.800,
D_pyFV4nKd4_002974__pre,0,,
3sGShQb_HwU_000072,1,4.900,
3sGShQb_HwU_000072__pre,0,,
JkYzYrJpSoQ_004398,1,6.300,
JkYzYrJpSoQ_004398__pre,0,,
X8VgGb1fJDU_001564,1,5.400,
X8VgGb1fJDU_001564__pre,0,,
krPRThe7R4g_000515,1,3.100,
krPRThe7R4g_000515__pre,0,,
88LcRU7uEFE_002971,1,3.900,
88LcRU7uEFE_002971__pre,0,,
K1r3m5OrmB4_001450,1,4.400,
K1r3m5OrmB4_001450__pre,0,,
Hkui6PJboFg_000400,1,3.400,
Hkui6PJboFg_000400__pre,0,,
gXezhrOijmQ_005541,1,4.800,
gXezhrOijmQ_005541__pre,0,,
ha-IeID24As_005296,1,4.100,
ha-IeID24As_005296__pre,0,,
T7TkJVmGyts_002538,1,4.200,
T7TkJVmGyts_002538__pre,0,,
3sGShQb_HwU_005157,1,4.900,
3sGShQb_HwU_005157__pre,0,,
2TmFM9p1KF8_005473,1,3.700,
2TmFM9p1KF8_005473__pre,0,,
Y4rb2_HaBdQ_001876,1,5.900,
Y4rb2_HaBdQ_001876__pre,0,,
IQwS7BEjUxM_001295,1,4.000,
IQwS7BEjUxM_001295__pre,0,,
kVhgFPPG-wo_005945,1,2.300,
kVhgFPPG-wo_005945__pre,0,,
a_VxrUq9PmA_001847,1,3.900,
a_VxrUq9PmA_001847__pre,0,,
eN6y6-4C1Rc_003060,1,3.500,
eN6y6-4C1Rc_003060__pre,0,,
uO2zGO5ydBc_003873,1,2.700,
uO2zGO5ydBc_003873__pre,0,,
gZbGLa253Ak_000621,1,5.300,
gZbGLa253Ak_000621__pre,0,,
DSBGS6aRzgc_001974,1,1.700,
3sGShQb_HwU_002696,1,4.000,
3sGShQb_HwU_002696__pre,0,,
IFhWIS-Gwps_000642,1,4.700,
IFhWIS-Gwps_000642__pre,0,,
88LcRU7uEFE_000200,1,4.300,
88LcRU7uEFE_000200__pre,0,,
p8q77QzOdUs_000842,1,3.200,
p8q77QzOdUs_000842__pre,0,,
Hx8FMhmdOQU_004468,1,3.800,
Hx8FMhmdOQU_004468__pre,0,,
kN-2mc561GY_001947,1,3.500,
kN-2mc561GY_001947__pre,0,,
fHUJcUaW2mE_002595,1,4.200,
fHUJcUaW2mE_002595__pre,0,,
RPNiqsdt6-w_000714,1,4.500,
RPNiqsdt6-w_000714__pre,0,,
xVfPBzDnI2Q_004688,1,5.400,
xVfPBzDnI2Q_004688__pre,0,,
HzVbo46kkBA_002218,1,5.000,
HzVbo46kkBA_002218__pre,0,,
kld-iYpdjyo_001523,1,2.700,
kld-iYpdjyo_001523__pre,0,,
EY8x-fyQkbk_005676,1,5.300,
EY8x-fyQkbk_005676__pre,0,,
Tsl84N96WM8_002022,1,5.100,
Tsl84N96WM8_002022__pre,0,,
ZIts2XH28SA_001572,1,3.400,
ZIts2XH28SA_001572__pre,0,,
VxWJchENocA_000160,1,3.400,
VxWJchENocA_000160__pre,0,,
bhA2ckvE-TQ_001256,1,3.800,
bhA2ckvE-TQ_001256__pre,0,,
Z9K13eBUwJM_004263,1,3.000,
Z9K13eBUwJM_004263__pre,0,,
ha-IeID24As_002002,1,4.100,
ha-IeID24As_002002__pre,0,,
UbDCiQVuzPY_001786,1,2.600,
UbDCiQVuzPY_001786__pre,0,,
JV0D-YkWHD8_000529,1,2.900,
JV0D-YkWHD8_000529__pre,0,,
qzMjfBx1KI0_004197,1,4.200,
qzMjfBx1KI0_004197__pre,0,,
PqbpIHZvjMA_001138,1,5.800,
PqbpIHZvjMA_001138__pre,0,,
p-fBcE77G4c_004488,1,2.700,
p-fBcE77G4c_004488__pre,0,,
CyeT8rEQOpQ_005131,1,2.300,
CyeT8rEQOpQ_005131__pre,0,,
d2SCftR5sWc_001301,1,2.300,
d2SCftR5sWc_001301__pre,0,,
pQdl0apLT70_002009,1,5.200,
pQdl0apLT70_002009__pre,0,,
pQdl0apLT70_004755,1,1.800,
f482qwPz7ns_004373,1,3.000,
f482qwPz7ns_004373__pre,0,,
O9uvBFovKj8_003888,1,3.900,
O9uvBFovKj8_003888__pre,0,,
gXezhrOijmQ_001154,1,6.500,
gXezhrOijmQ_001154__pre,0,,
Z9K13eBUwJM_005606,1,2.200,
Z9K13eBUwJM_005606__pre,0,,
3sGShQb_HwU_003819,1,3.700,
3sGShQb_HwU_003819__pre,0,,
ruiSuGHJf6Q_003619,1,6.300,
ruiSuGHJf6Q_003619__pre,0,,
0RJPQ_97dcs_002194,1,0.500,
nvVk7L3GrJQ_003544,1,4.500,
nvVk7L3GrJQ_003544__pre,0,,
JV0D-YkWHD8_002676,1,2.400,
JV0D-YkWHD8_002676__pre,0,,
PfJ2CudpCgE_002001,1,1.300,
ahKX0rtdMJc_003838,1,4.000,
ahKX0rtdMJc_003838__pre,0,,
Q7VBPeGwJWw_002431,1,3.500,
Q7VBPeGwJWw_002431__pre,0,,
3sGShQb_HwU_000264,1,5.200,
3sGShQb_HwU_000264__pre,0,,
PEwiwzyTjX0_000492,1,4.400,
PEwiwzyTjX0_000492__pre,0,,
bFGmOp9H3MA_003511,1,3.900,
bFGmOp9H3MA_003511__pre,0,,
bI9JzQSrEGo_002106,1,2.500,
bI9JzQSrEGo_002106__pre,0,,
Hd2IzHAfkCI_000073,1,5.500,
Hd2IzHAfkCI_000073__pre,0,,
bcpfYpmDcp0_000746,1,2.800,
bcpfYpmDcp0_000746__pre,0,,
fHUJcUaW2mE_000467,1,5.900,
fHUJcUaW2mE_000467__pre,0,,
y4Evv5By6sg_001595,1,5.500,
y4Evv5By6sg_001595__pre,0,,
JHfjuFrnpjA_003052,1,4.200,
JHfjuFrnpjA_003052__pre,0,,
IOoVklIZLMw_000768,1,4.900,
IOoVklIZLMw_000768__pre,0,,
4OGV0AbV91U_000434,1,4.700,
4OGV0AbV91U_000434__pre,0,,
ecRog9N1Qf0_001998,1,2.400,
ecRog9N1Qf0_001998__pre,0,,
JkYzYrJpSoQ_000211,1,6.900,
JkYzYrJpSoQ_000211__pre,0,,
yhtzAKqRyXw_000694,1,2.300,
yhtzAKqRyXw_000694__pre,0,,
W6YrlYyWguc_004686,1,3.500,
W6YrlYyWguc_004686__pre,0,,
Hd2IzHAfkCI_003701,1,3.700,
Hd2IzHAfkCI_003701__pre,0,,
gZbGLa253Ak_000221,1,6.600,
gZbGLa253Ak_000221__pre,0,,
RASKiMoxhOE_004202,1,3.300,
RASKiMoxhOE_004202__pre,0,,
d2SCftR5sWc_000611,1,4.400,
d2SCftR5sWc_000611__pre,0,,
J-j5eIHg8I0_001917,1,1.700,
IOoVklIZLMw_003156,1,5.700,
IOoVklIZLMw_003156__pre,0,,
RPNiqsdt6-w_000924,1,4.200,
RPNiqsdt6-w_000924__pre,0,,
PfJ2CudpCgE_005287,1,2.900,
PfJ2CudpCgE_005287__pre,0,,
L334aqEJxys_002627,1,3.700,
L334aqEJxys_002627__pre,0,,
mrIFkGZbNjc_001871,1,4.600,
mrIFkGZbNjc_001871__pre,0,,
OPj7lUQOre8_004026,1,4.800,
OPj7lUQOre8_004026__pre,0,,
Eq7_uD2yN5Y_000073,1,3.700,
Eq7_uD2yN5Y_000073__pre,0,,
3Sqeb-l1RPA_004406,1,2.600,
3Sqeb-l1RPA_004406__pre,0,,
JkYzYrJpSoQ_002610,1,4.300,
JkYzYrJpSoQ_002610__pre,0,,
qYonJ4w6SZs_003595,1,4.600,
qYonJ4w6SZs_003595__pre,0,,
4K_6s1n6BpU_000428,1,3.700,
4K_6s1n6BpU_000428__pre,0,,
UbDCiQVuzPY_003252,1,3.700,
UbDCiQVuzPY_003252__pre,0,,
QeuzUfHIWYU_001196,1,3.600,
QeuzUfHIWYU_001196__pre,0,,
JHfjuFrnpjA_003694,1,6.500,
JHfjuFrnpjA_003694__pre,0,,
L334aqEJxys_001874,1,5.700,
L334aqEJxys_001874__pre,0,,
yB6fjM1UUC0_000721,1,4.700,
yB6fjM1UUC0_000721__pre,0,,
t4Cvbdtebk0_000897,1,3.900,
t4Cvbdtebk0_000897__pre,0,,
ieP36TLihGM_000754,1,6.000,
ieP36TLihGM_000754__pre,0,,
gZbGLa253Ak_000821,1,6.200,
gZbGLa253Ak_000821__pre,0,,
ha-IeID24As_001886,1,5.500,
ha-IeID24As_001886__pre,0,,
fHUJcUaW2mE_000181,1,4.000,
fHUJcUaW2mE_000181__pre,0,,
3u_CIo9IaWo_000221,1,4.300,
3u_CIo9IaWo_000221__pre,0,,
a_VxrUq9PmA_000386,1,4.800,
a_VxrUq9PmA_000386__pre,0,,
7uTMZ5-aWKA_001295,1,5.100,
7uTMZ5-aWKA_001295__pre,0,,
f482qwPz7ns_004500,1,4.300,
f482qwPz7ns_004500__pre,0,,
CyeT8rEQOpQ_000546,1,4.100,
CyeT8rEQOpQ_000546__pre,0,,
JmwUVoOrgk8_000152,1,2.200,
JmwUVoOrgk8_000152__pre,0,,
JHfjuFrnpjA_005052,1,3.000,
JHfjuFrnpjA_005052__pre,0,,
LfKfK4I5RPE_002216,1,3.000,
LfKfK4I5RPE_002216__pre,0,,
HaC3LrJiTmQ_001400,1,4.300,
HaC3LrJiTmQ_001400__pre,0,,
RASKiMoxhOE_000156,1,2.400,
RASKiMoxhOE_000156__pre,0,,
p8q77QzOdUs_000922,1,5.500,
p8q77QzOdUs_000922__pre,0,,
P5MjgFmqouA_004683,1,3.100,
P5MjgFmqouA_004683__pre,0,,
nvVk7L3GrJQ_000709,1,1.200,
88LcRU7uEFE_001348,1,3.500,
88LcRU7uEFE_001348__pre,0,,
Hkui6PJboFg_002099,1,0.800,
fHUJcUaW2mE_001433,1,3.400,
fHUJcUaW2mE_001433__pre,0,,
QeuzUfHIWYU_001096,1,4.700,
QeuzUfHIWYU_001096__pre,0,,
OPj7lUQOre8_004116,1,3.100,
OPj7lUQOre8_004116__pre,0,,
8dI7OolIEXY_005602,1,3.000,
8dI7OolIEXY_005602__pre,0,,
6E2N9ld0eHg_000290,1,5.200,
6E2N9ld0eHg_000290__pre,0,,
JHfjuFrnpjA_000631,1,4.000,
JHfjuFrnpjA_000631__pre,0,,
QERvirE3S5s_000416,1,3.700,
QERvirE3S5s_000416__pre,0,,
PqbpIHZvjMA_001015,1,4.600,
PqbpIHZvjMA_001015__pre,0,,
TNZv-NBcV5U_004857,1,3.900,
TNZv-NBcV5U_004857__pre,0,,
gXezhrOijmQ_000808,1,8.100,
gXezhrOijmQ_000808__pre,0,,
PqbpIHZvjMA_001249,1,3.800,
PqbpIHZvjMA_001249__pre,0,,
O9uvBFovKj8_003988,1,5.000,
O9uvBFovKj8_003988__pre,0,,
p-fBcE77G4c_003689,1,3.700,
p-fBcE77G4c_003689__pre,0,,
YBEYOS3A3Ic_002698,1,6.400,
YBEYOS3A3Ic_002698__pre,0,,
IQwS7BEjUxM_001640,1,5.700,
IQwS7BEjUxM_001640__pre,0,,
4wKjxDXnmYs_000117,1,3.600,
4wKjxDXnmYs_000117__pre,0,,
t_bCDlNOhJc_000982,1,4.600,
t_bCDlNOhJc_000982__pre,0,,
fWJbp43k644_002921,1,2.500,
fWJbp43k644_002921__pre,0,,
uFwnmh0GpBo_000075,1,4.400,
uFwnmh0GpBo_000075__pre,0,,
HaC3LrJiTmQ_004921,1,4.200,
HaC3LrJiTmQ_004921__pre,0,,
FqJ4IfRLKmA_001431,1,4.200,
FqJ4IfRLKmA_001431__pre,0,,
jv7vz_55H8M_003170,1,3.800,
jv7vz_55H8M_003170__pre,0,,
fdvMUP8qvzw_000969,1,1.100,
Nc9SDBksPPA_003735,1,4.500,
Nc9SDBksPPA_003735__pre,0,,
qzMjfBx1KI0_000509,1,2.400,
qzMjfBx1KI0_000509__pre,0,,
DkjTJcCXipY_000543,1,3.400,
DkjTJcCXipY_000543__pre,0,,
ZIts2XH28SA_002713,1,5.200,
ZIts2XH28SA_002713__pre,0,,
sUbP4j8rAic_001819,1,6.500,
sUbP4j8rAic_001819__pre,0,,
HeK6zbf8I9Y_000191,1,2.000,
HeK6zbf8I9Y_000191__pre,0,,
mrIFkGZbNjc_001556,1,4.600,
mrIFkGZbNjc_001556__pre,0,,
3tEZvtQZ18Q_000073,1,4.400,
3tEZvtQZ18Q_000073__pre,0,,
PqbpIHZvjMA_000454,1,5.200,
PqbpIHZvjMA_000454__pre,0,,
OPj7lUQOre8_001271,1,10.600,
OPj7lUQOre8_001271__pre,0,,
RPNiqsdt6-w_001564,1,6.700,
RPNiqsdt6-w_001564__pre,0,,
gZbGLa253Ak_004167,1,4.000,
gZbGLa253Ak_004167__pre,0,,
PYL3JcSsS6o_005087,1,3.900,
PYL3JcSsS6o_005087__pre,0,,
eWWgJznGg6U_002482,1,2.700,
eWWgJznGg6U_002482__pre,0,,
fWJbp43k644_002781,1,2.900,
fWJbp43k644_002781__pre,0,,
mrIFkGZbNjc_001353,1,4.300,
mrIFkGZbNjc_001353__pre,0,,
yr0gNIxRluE_004882,1,2.800,
yr0gNIxRluE_004882__pre,0,,
D_pyFV4nKd4_001265,1,5.300,
D_pyFV4nKd4_001265__pre,0,,
JkYzYrJpSoQ_005028,1,5.400,
JkYzYrJpSoQ_005028__pre,0,,
4wKjxDXnmYs_000547,1,5.200,
4wKjxDXnmYs_000547__pre,0,,
Z9K13eBUwJM_003595,1,8.900,
Z9K13eBUwJM_003595__pre,0,,
fHUJcUaW2mE_000073,1,5.600,
fHUJcUaW2mE_000073__pre,0,,
UKBuDqU8qTM_002199,1,4.400,
UKBuDqU8qTM_002199__pre,0,,
1u69z-wsDIc_001251,1,3.300,
1u69z-wsDIc_001251__pre,0,,
3u_CIo9IaWo_002136,1,4.500,
3u_CIo9IaWo_002136__pre,0,,
T7TkJVmGyts_003165,1,4.000,
T7TkJVmGyts_003165__pre,0,,
ZIts2XH28SA_003087,1,2.000,
ZIts2XH28SA_003087__pre,0,,
fsqORUrKLYg_004180,1,5.300,
fsqORUrKLYg_004180__pre,0,,
3u_CIo9IaWo_000439,1,1.700,
kld-iYpdjyo_002613,1,4.800,
kld-iYpdjyo_002613__pre,0,,
Z9K13eBUwJM_001276,1,0.600,
IOoVklIZLMw_000191,1,4.600,
IOoVklIZLMw_000191__pre,0,,
gZbGLa253Ak_002907,1,2.500,
gZbGLa253Ak_002907__pre,0,,
8dI7OolIEXY_000419,1,6.300,
8dI7OolIEXY_000419__pre,0,,
RPNiqsdt6-w_000804,1,5.100,
RPNiqsdt6-w_000804__pre,0,,
xToi8YVZM8o_000076,1,9.900,
xToi8YVZM8o_000076__pre,0,,
Q7VBPeGwJWw_001964,1,3.600,
Q7VBPeGwJWw_001964__pre,0,,
kjVywUi1WK4_002183,1,3.100,
kjVywUi1WK4_002183__pre,0,,
IOoVklIZLMw_000869,1,4.800,
IOoVklIZLMw_000869__pre,0,,
6E2N9ld0eHg_001373,1,4.200,
6E2N9ld0eHg_001373__pre,0,,
a_VxrUq9PmA_001718,1,6.700,
a_VxrUq9PmA_001718__pre,0,,
L334aqEJxys_000820,1,7.400,
L334aqEJxys_000820__pre,0,,
dZG1VKsgs60_000073,1,8.700,
dZG1VKsgs60_000073__pre,0,,
fb5i7JlmJdg_000583,1,7.200,
fb5i7JlmJdg_000583__pre,0,,
ruiSuGHJf6Q_003219,1,6.400,
ruiSuGHJf6Q_003219__pre,0,,
Q7VBPeGwJWw_000670,1,2.500,
Q7VBPeGwJWw_000670__pre,0,,
3u_CIo9IaWo_004717,1,4.900,
3u_CIo9IaWo_004717__pre,0,,
cfrLchAShxQ_001784,1,4.700,
cfrLchAShxQ_001784__pre,0,,
kld-iYpdjyo_003579,1,4.500,
kld-iYpdjyo_003579__pre,0,,
VxWJchENocA_001827,1,1.500,
qYonJ4w6SZs_000852,1,3.000,
qYonJ4w6SZs_000852__pre,0,,
gXezhrOijmQ_004878,1,5.300,
gXezhrOijmQ_004878__pre,0,,
IOoVklIZLMw_000526,1,2.200,
IOoVklIZLMw_000526__pre,0,,
FqJ4IfRLKmA_000351,1,2.500,
FqJ4IfRLKmA_000351__pre,0,,
88LcRU7uEFE_005162,1,4.300,
88LcRU7uEFE_005162__pre,0,,
UbDCiQVuzPY_004203,1,3.300,
UbDCiQVuzPY_004203__pre,0,,
Hd2IzHAfkCI_003040,1,2.600,
Hd2IzHAfkCI_003040__pre,0,,
P5MjgFmqouA_005382,1,3.900,
P5MjgFmqouA_005382__pre,0,,
RPNiqsdt6-w_001924,1,11.500,
RPNiqsdt6-w_001924__pre,0,,
UKBuDqU8qTM_003815,1,2.400,
UKBuDqU8qTM_003815__pre,0,,
88LcRU7uEFE_005668,1,5.700,
88LcRU7uEFE_005668__pre,0,,
Izf9l3VWQuo_002152,1,4.000,
Izf9l3VWQuo_002152__pre,0,,
PYL3JcSsS6o_001402,1,4.600,
PYL3JcSsS6o_001402__pre,0,,
ieP36TLihGM_004124,1,4.500,
ieP36TLihGM_004124__pre,0,,
ahKX0rtdMJc_002751,1,4.700,
ahKX0rtdMJc_002751__pre,0,,
K1r3m5OrmB4_002652,1,0.700,
Hd2IzHAfkCI_004534,1,4.500,
Hd2IzHAfkCI_004534__pre,0,,
ieP36TLihGM_001114,1,4.000,
ieP36TLihGM_001114__pre,0,,
2SAby_5t94M_000274,1,3.200,
2SAby_5t94M_000274__pre,0,,
ha-IeID24As_000197,1,5.500,
ha-IeID24As_000197__pre,0,,
bFGmOp9H3MA_002182,1,4.700,
bFGmOp9H3MA_002182__pre,0,,
DyzL2sahobA_002044,1,2.500,
DyzL2sahobA_002044__pre,0,,
J-j5eIHg8I0_004081,1,3.000,
J-j5eIHg8I0_004081__pre,0,,
sUbP4j8rAic_000282,1,3.300,
sUbP4j8rAic_000282__pre,0,,
DpQBo4gb6Lw_000281,1,4.500,
DpQBo4gb6Lw_000281__pre,0,,
V3--0ubJkNE_001982,1,2.800,
V3--0ubJkNE_001982__pre,0,,
kVhgFPPG-wo_002048,1,0.700,
qYonJ4w6SZs_000429,1,4.200,
qYonJ4w6SZs_000429__pre,0,,
r6_ZhT7rmhM_000200,1,4.700,
r6_ZhT7rmhM_000200__pre,0,,
bhA2ckvE-TQ_001156,1,4.700,
bhA2ckvE-TQ_001156__pre,0,,
0RJPQ_97dcs_002296,1,6.500,
0RJPQ_97dcs_002296__pre,0,,
HzVbo46kkBA_001321,1,2.500,
HzVbo46kkBA_001321__pre,0,,
T7TkJVmGyts_000551,1,4.400,
T7TkJVmGyts_000551__pre,0,,
sdqIDbZJfy0_001491,1,3.200,
sdqIDbZJfy0_001491__pre,0,,
sUbP4j8rAic_002733,1,2.600,
sUbP4j8rAic_002733__pre,0,,
HaC3LrJiTmQ_003779,1,3.400,
HaC3LrJiTmQ_003779__pre,0,,
6E2N9ld0eHg_003618,1,2.700,
6E2N9ld0eHg_003618__pre,0,,
RASKiMoxhOE_004071,1,3.600,
RASKiMoxhOE_004071__pre,0,,
ujVRDgGVzlQ_004366,1,6.200,
ujVRDgGVzlQ_004366__pre,0,,
Hd2IzHAfkCI_003390,1,1.500,
4K_6s1n6BpU_006390,1,0.900,
a_VxrUq9PmA_004850,1,1.600,
l1XbmdmGr0Q_000169,1,3.900,
l1XbmdmGr0Q_000169__pre,0,,
a_VxrUq9PmA_002894,1,5.000,
a_VxrUq9PmA_002894__pre,0,,
5vKPYV5w6pw_003644,1,3.500,
5vKPYV5w6pw_003644__pre,0,,
oZaUkhs_H-s_004703,1,4.000,
oZaUkhs_H-s_004703__pre,0,,
uFwnmh0GpBo_004609,1,3.900,
uFwnmh0GpBo_004609__pre,0,,
3sGShQb_HwU_000665,1,2.600,
3sGShQb_HwU_000665__pre,0,,
T7TkJVmGyts_001628,1,4.800,
T7TkJVmGyts_001628__pre,0,,
Rrcjy5t8b20_001757,1,1.800,
9Q0FCoNxL8I_003090,1,5.100,
9Q0FCoNxL8I_003090__pre,0,,
QERvirE3S5s_003284,1,4.600,
QERvirE3S5s_003284__pre,0,,
DpQBo4gb6Lw_003924,1,3.100,
DpQBo4gb6Lw_003924__pre,0,,
IFhWIS-Gwps_006044,1,1.100,
d2SCftR5sWc_004699,1,3.300,
d2SCftR5sWc_004699__pre,0,,
Hd2IzHAfkCI_002940,1,3.000,
Hd2IzHAfkCI_002940__pre,0,,
kjVywUi1WK4_003502,1,0.100,
Hkui6PJboFg_004978,1,3.200,
Hkui6PJboFg_004978__pre,0,,
PfJ2CudpCgE_003238,1,3.500,
PfJ2CudpCgE_003238__pre,0,,
Hkui6PJboFg_005872,1,4.000,
Hkui6PJboFg_005872__pre,0,,
PYL3JcSsS6o_005730,1,3.800,
PYL3JcSsS6o_005730__pre,0,,
Hd2IzHAfkCI_003180,1,0.600,
d2SCftR5sWc_000861,1,3.500,
d2SCftR5sWc_000861__pre,0,,
V3--0ubJkNE_006041,1,2.200,
V3--0ubJkNE_006041__pre,0,,
vdLn-qswnRo_005895,1,1.700,
Hx8FMhmdOQU_002751,1,4.100,
Hx8FMhmdOQU_002751__pre,0,,
yr0gNIxRluE_001716,1,3.300,
yr0gNIxRluE_001716__pre,0,,
d2SCftR5sWc_003144,1,3.800,
d2SCftR5sWc_003144__pre,0,,
qzMjfBx1KI0_004118,1,0.900,
pOJpwWmEcFg_004491,1,4.000,
pOJpwWmEcFg_004491__pre,0,,
r6_ZhT7rmhM_003295,1,2.600,
r6_ZhT7rmhM_003295__pre,0,,
T7TkJVmGyts_001388,1,2.800,
T7TkJVmGyts_001388__pre,0,,
V3--0ubJkNE_004156,1,3.200,
V3--0ubJkNE_004156__pre,0,,
HzVbo46kkBA_001421,1,3.000,
HzVbo46kkBA_001421__pre,0,,
Tsl84N96WM8_004717,1,6.700,
Tsl84N96WM8_004717__pre,0,,
RPNiqsdt6-w_004434,1,6.200,
RPNiqsdt6-w_004434__pre,0,,
xVfPBzDnI2Q_005736,1,3.400,
xVfPBzDnI2Q_005736__pre,0,,
Z9K13eBUwJM_004006,1,13.000,
Z9K13eBUwJM_004006__pre,0,,
qYonJ4w6SZs_001065,1,3.900,
qYonJ4w6SZs_001065__pre,0,,
Izf9l3VWQuo_002783,1,3.200,
Izf9l3VWQuo_002783__pre,0,,
DSBGS6aRzgc_001302,1,3.700,
DSBGS6aRzgc_001302__pre,0,,
PYL3JcSsS6o_001492,1,4.200,
PYL3JcSsS6o_001492__pre,0,,
Tsl84N96WM8_001252,1,4.000,
Tsl84N96WM8_001252__pre,0,,
KOm5jw8vGrE_001269,1,2.200,
KOm5jw8vGrE_001269__pre,0,,
oZaUkhs_H-s_002367,1,3.100,
oZaUkhs_H-s_002367__pre,0,,
WWyeuvpHmfc_005861,1,6.400,
WWyeuvpHmfc_005861__pre,0,,
LfKfK4I5RPE_002737,1,3.800,
LfKfK4I5RPE_002737__pre,0,,
0RJPQ_97dcs_002409,1,5.200,
0RJPQ_97dcs_002409__pre,0,,
y1vGuUK0db4_004994,1,5.000,
y1vGuUK0db4_004994__pre,0,,
eN6y6-4C1Rc_001093,1,6.400,
eN6y6-4C1Rc_001093__pre,0,,
hdOtS-BpUPY_002205,1,3.900,
hdOtS-BpUPY_002205__pre,0,,
Hx8FMhmdOQU_005351,1,0.700,
3sGShQb_HwU_003518,1,1.800,
bhA2ckvE-TQ_000836,1,3.900,
bhA2ckvE-TQ_000836__pre,0,,
3u_CIo9IaWo_005125,1,5.300,
3u_CIo9IaWo_005125__pre,0,,
HaC3LrJiTmQ_003639,1,7.000,
HaC3LrJiTmQ_003639__pre,0,,
uFwnmh0GpBo_005240,1,8.300,
uFwnmh0GpBo_005240__pre,0,,
PYL3JcSsS6o_001927,1,3.000,
PYL3JcSsS6o_001927__pre,0,,
fsqORUrKLYg_004299,1,3.400,
fsqORUrKLYg_004299__pre,0,,
uFwnmh0GpBo_005089,1,8.600,
uFwnmh0GpBo_005089__pre,0,,
sdqIDbZJfy0_001298,1,4.000,
sdqIDbZJfy0_001298__pre,0,,
T89zSiaMNgM_005826,1,2.700,
T89zSiaMNgM_005826__pre,0,,
r6_ZhT7rmhM_004220,1,1.500,
xjbbH74SwTg_004146,1,3.700,
xjbbH74SwTg_004146__pre,0,,
Tsl84N96WM8_004267,1,3.900,
Tsl84N96WM8_004267__pre,0,,
l1XbmdmGr0Q_004924,1,2.200,
l1XbmdmGr0Q_004924__pre,0,,
ha-IeID24As_001058,1,3.700,
ha-IeID24As_001058__pre,0,,
4K_6s1n6BpU_004134,1,2.000,
4K_6s1n6BpU_004134__pre,0,,
Pbw0A-RCjcw_000702,1,2.800,
Pbw0A-RCjcw_000702__pre,0,,
hdOtS-BpUPY_001551,1,3.700,
hdOtS-BpUPY_001551__pre,0,,
lmykriTbncM_001268,1,4.900,
lmykriTbncM_001268__pre,0,,
u33fdjUY_Iw_004814,1,2.300,
u33fdjUY_Iw_004814__pre,0,,
QERvirE3S5s_002054,1,5.300,
QERvirE3S5s_002054__pre,0,,
ieP36TLihGM_004797,1,5.500,
ieP36TLihGM_004797__pre,0,,
3sGShQb_HwU_002616,1,1.900,
7uTMZ5-aWKA_004561,1,3.800,
7uTMZ5-aWKA_004561__pre,0,,
vZSr9dhRxlE_000828,1,1.800,
UOjQsfDXjO0_004178,1,2.900,
UOjQsfDXjO0_004178__pre,0,,
W6YrlYyWguc_004087,1,3.200,
W6YrlYyWguc_004087__pre,0,,
bhA2ckvE-TQ_002032,1,1.200,
a_VxrUq9PmA_001368,1,3.500,
a_VxrUq9PmA_001368__pre,0,,
qYonJ4w6SZs_000704,1,4.700,
qYonJ4w6SZs_000704__pre,0,,
DpQBo4gb6Lw_000687,1,6.300,
DpQBo4gb6Lw_000687__pre,0,,
Nc9SDBksPPA_004115,1,4.100,
Nc9SDBksPPA_004115__pre,0,,
WWyeuvpHmfc_002848,1,2.000,
WWyeuvpHmfc_002848__pre,0,,
ha-IeID24As_000958,1,3.500,
ha-IeID24As_000958__pre,0,,
8dI7OolIEXY_006081,1,0.200,
4K_6s1n6BpU_005836,1,2.200,
4K_6s1n6BpU_005836__pre,0,,
HzVbo46kkBA_003240,1,1.500,
ieP36TLihGM_001224,1,3.900,
ieP36TLihGM_001224__pre,0,,
IQwS7BEjUxM_001011,1,3.000,
IQwS7BEjUxM_001011__pre,0,,
sdqIDbZJfy0_001679,1,3.800,
sdqIDbZJfy0_001679__pre,0,,
JHfjuFrnpjA_002644,1,2.100,
JHfjuFrnpjA_002644__pre,0,,
ruiSuGHJf6Q_002357,1,3.300,
ruiSuGHJf6Q_002357__pre,0,,
ahKX0rtdMJc_000371,1,3.100,
ahKX0rtdMJc_000371__pre,0,,
ieP36TLihGM_002713,1,1.600,
RPNiqsdt6-w_002094,1,2.800,
RPNiqsdt6-w_002094__pre,0,,
Izf9l3VWQuo_004502,1,5.500,
Izf9l3VWQuo_004502__pre,0,,
EY8x-fyQkbk_006234,1,2.300,
EY8x-fyQkbk_006234__pre,0,,
hdOtS-BpUPY_000921,1,3.100,
hdOtS-BpUPY_000921__pre,0,,
bhA2ckvE-TQ_001383,1,2.800,
bhA2ckvE-TQ_001383__pre,0,,
T7TkJVmGyts_000281,1,4.200,
T7TkJVmGyts_000281__pre,0,,
kVhgFPPG-wo_000301,1,4.600,
kVhgFPPG-wo_000301__pre,0,,
QERvirE3S5s_000535,1,8.300,
QERvirE3S5s_000535__pre,0,,
Hd2IzHAfkCI_000899,1,5.000,
Hd2IzHAfkCI_000899__pre,0,,
gXezhrOijmQ_000592,1,6.400,
gXezhrOijmQ_000592__pre,0,,
7uTMZ5-aWKA_002267,1,0.600,
IQwS7BEjUxM_000221,1,5.300,
IQwS7BEjUxM_000221__pre,0,,
1u69z-wsDIc_001575,1,3.900,
1u69z-wsDIc_001575__pre,0,,
WWyeuvpHmfc_003179,1,2.500,
WWyeuvpHmfc_003179__pre,0,,
PYL3JcSsS6o_002858,1,3.000,
PYL3JcSsS6o_002858__pre,0,,
ZIts2XH28SA_004522,1,5.200,
ZIts2XH28SA_004522__pre,0,,
8dI7OolIEXY_001712,1,2.500,
8dI7OolIEXY_001712__pre,0,,
qzMjfBx1KI0_001099,1,3.500,
qzMjfBx1KI0_001099__pre,0,,
IQwS7BEjUxM_000520,1,1.500,
pWZSG2cUdEo_001520,1,3.300,
pWZSG2cUdEo_001520__pre,0,,
3sGShQb_HwU_004499,1,2.800,
3sGShQb_HwU_004499__pre,0,,
y4Evv5By6sg_002822,1,4.100,
y4Evv5By6sg_002822__pre,0,,
RPNiqsdt6-w_002184,1,3.100,
RPNiqsdt6-w_002184__pre,0,,
3Sqeb-l1RPA_004606,1,4.000,
3Sqeb-l1RPA_004606__pre,0,,
P5MjgFmqouA_001596,1,3.900,
P5MjgFmqouA_001596__pre,0,,
L334aqEJxys_002136,1,1.200,
yB6fjM1UUC0_000074,1,7.400,
yB6fjM1UUC0_000074__pre,0,,
9Q0FCoNxL8I_000448,1,3.300,
9Q0FCoNxL8I_000448__pre,0,,
ruiSuGHJf6Q_002017,1,3.900,
ruiSuGHJf6Q_002017__pre,0,,
QeuzUfHIWYU_001717,1,4.100,
QeuzUfHIWYU_001717__pre,0,,
Pbw0A-RCjcw_004251,1,3.000,
Pbw0A-RCjcw_004251__pre,0,,
X8VgGb1fJDU_000052,1,5.500,
X8VgGb1fJDU_000052__pre,0,,
LfKfK4I5RPE_001361,1,4.200,
LfKfK4I5RPE_001361__pre,0,,
fHUJcUaW2mE_001204,1,3.100,
fHUJcUaW2mE_001204__pre,0,,
ha-IeID24As_002293,1,3.300,
ha-IeID24As_002293__pre,0,,
Hx8FMhmdOQU_003992,1,5.800,
Hx8FMhmdOQU_003992__pre,0,,
9Q0FCoNxL8I_000221,1,1.400,
sdqIDbZJfy0_000291,1,4.000,
sdqIDbZJfy0_000291__pre,0,,
LfKfK4I5RPE_001271,1,2.700,
LfKfK4I5RPE_001271__pre,0,,
OWtbKblBOKI_005624,1,1.400,
yr0gNIxRluE_003778,1,3.500,
yr0gNIxRluE_003778__pre,0,,
2SAby_5t94M_000819,1,1.800,
3sGShQb_HwU_002511,1,1.300,
2SAby_5t94M_002329,1,5.100,
2SAby_5t94M_002329__pre,0,,
LfKfK4I5RPE_001689,1,4.500,
LfKfK4I5RPE_001689__pre,0,,
oZaUkhs_H-s_002166,1,3.700,
oZaUkhs_H-s_002166__pre,0,,
sdqIDbZJfy0_000181,1,4.900,
sdqIDbZJfy0_000181__pre,0,,
P5MjgFmqouA_004583,1,3.200,
P5MjgFmqouA_004583__pre,0,,
yhtzAKqRyXw_003288,1,3.700,
yhtzAKqRyXw_003288__pre,0,,
u33fdjUY_Iw_002425,1,3.000,
u33fdjUY_Iw_002425__pre,0,,
ruiSuGHJf6Q_002257,1,3.700,
ruiSuGHJf6Q_002257__pre,0,,
yr0gNIxRluE_000301,1,3.600,
yr0gNIxRluE_000301__pre,0,,
V3--0ubJkNE_001160,1,2.100,
V3--0ubJkNE_001160__pre,0,,
cfrLchAShxQ_005102,1,3.400,
cfrLchAShxQ_005102__pre,0,,
W6YrlYyWguc_001116,1,6.200,
W6YrlYyWguc_001116__pre,0,,
sUbP4j8rAic_000483,1,3.100,
sUbP4j8rAic_000483__pre,0,,
0RJPQ_97dcs_002510,1,2.600,
0RJPQ_97dcs_002510__pre,0,,
OWtbKblBOKI_001226,1,2.600,
OWtbKblBOKI_001226__pre,0,,
uFwnmh0GpBo_002388,1,4.400,
uFwnmh0GpBo_002388__pre,0,,
VxWJchENocA_002584,1,2.600,
VxWJchENocA_002584__pre,0,,
TlBhM9Xbr2o_000062,1,5.300,
TlBhM9Xbr2o_000062__pre,0,,
UKBuDqU8qTM_004969,1,4.700,
UKBuDqU8qTM_004969__pre,0,,
f482qwPz7ns_005724,1,10.600,
f482qwPz7ns_005724__pre,0,,
Sihe6aeyLHg_002928,1,6.300,
Sihe6aeyLHg_002928__pre,0,,
l1XbmdmGr0Q_001366,1,7.900,
l1XbmdmGr0Q_001366__pre,0,,
GDejMONyY4U_005509,1,2.500,
GDejMONyY4U_005509__pre,0,,
qzMjfBx1KI0_003899,1,1.200,
t_bCDlNOhJc_002703,1,6.700,
t_bCDlNOhJc_002703__pre,0,,
p-fBcE77G4c_004708,1,1.500,
RASKiMoxhOE_000356,1,4.300,
RASKiMoxhOE_000356__pre,0,,
r6_ZhT7rmhM_003566,1,3.900,
r6_ZhT7rmhM_003566__pre,0,,
sdqIDbZJfy0_002086,1,2.800,
sdqIDbZJfy0_002086__pre,0,,
Tsl84N96WM8_002692,1,4.800,
Tsl84N96WM8_002692__pre,0,,
RPNiqsdt6-w_005135,1,3.000,
RPNiqsdt6-w_005135__pre,0,,
PqbpIHZvjMA_004325,1,3.700,
PqbpIHZvjMA_004325__pre,0,,
lKMwX4nA64k_005606,1,3.400,
lKMwX4nA64k_005606__pre,0,,
qzMjfBx1KI0_002109,1,3.400,
qzMjfBx1KI0_002109__pre,0,,
oZaUkhs_H-s_001677,1,3.300,
oZaUkhs_H-s_001677__pre,0,,
RPNiqsdt6-w_004782,1,4.200,
RPNiqsdt6-w_004782__pre,0,,
K1r3m5OrmB4_001561,1,2.400,
K1r3m5OrmB4_001561__pre,0,,
xToi8YVZM8o_001851,1,4.200,
xToi8YVZM8o_001851__pre,0,,
nADqn-DZ-Dc_000990,1,5.600,
nADqn-DZ-Dc_000990__pre,0,,
nvVk7L3GrJQ_002738,1,4.500,
nvVk7L3GrJQ_002738__pre,0,,
bcpfYpmDcp0_002863,1,3.400,
bcpfYpmDcp0_002863__pre,0,,
Tsl84N96WM8_003386,1,4.100,
Tsl84N96WM8_003386__pre,0,,
T7TkJVmGyts_000671,1,3.000,
T7TkJVmGyts_000671__pre,0,,
oZaUkhs_H-s_001427,1,2.700,
oZaUkhs_H-s_001427__pre,0,,
QeuzUfHIWYU_000075,1,5.200,
QeuzUfHIWYU_000075__pre,0,,
IQwS7BEjUxM_001878,1,5.400,
IQwS7BEjUxM_001878__pre,0,,
ZIts2XH28SA_000652,1,3.900,
ZIts2XH28SA_000652__pre,0,,
xpOyD-qrQUw_001971,1,6.200,
xpOyD-qrQUw_001971__pre,0,,
RASKiMoxhOE_005972,1,2.500,
RASKiMoxhOE_005972__pre,0,,
Pbw0A-RCjcw_002212,1,2.000,
Pbw0A-RCjcw_002212__pre,0,,
OPj7lUQOre8_005496,1,3.600,
OPj7lUQOre8_005496__pre,0,,
ahKX0rtdMJc_005172,1,5.700,
ahKX0rtdMJc_005172__pre,0,,
r6_ZhT7rmhM_000710,1,2.700,
r6_ZhT7rmhM_000710__pre,0,,
xVfPBzDnI2Q_000222,1,8.500,
xVfPBzDnI2Q_000222__pre,0,,
uO2zGO5ydBc_002156,1,5.400,
uO2zGO5ydBc_002156__pre,0,,
7uTMZ5-aWKA_001828,1,4.100,
7uTMZ5-aWKA_001828__pre,0,,
oZaUkhs_H-s_001257,1,7.800,
oZaUkhs_H-s_001257__pre,0,,
t4Cvbdtebk0_001749,1,3.900,
t4Cvbdtebk0_001749__pre,0,,
Tsl84N96WM8_005523,1,2.700,
Tsl84N96WM8_005523__pre,0,,
IQwS7BEjUxM_000821,1,3.100,
IQwS7BEjUxM_000821__pre,0,,
uO2zGO5ydBc_000388,1,0.800,
IOoVklIZLMw_000390,1,3.300,
IOoVklIZLMw_000390__pre,0,,
pOJpwWmEcFg_002352,1,1.500,
9Q0FCoNxL8I_004360,1,2.000,
9Q0FCoNxL8I_004360__pre,0,,
OPj7lUQOre8_000751,1,3.100,
OPj7lUQOre8_000751__pre,0,,
bhA2ckvE-TQ_004500,1,3.600,
bhA2ckvE-TQ_004500__pre,0,,
W6YrlYyWguc_002877,1,2.800,
W6YrlYyWguc_002877__pre,0,,
4K_6s1n6BpU_006000,1,2.300,
4K_6s1n6BpU_006000__pre,0,,
hfwb3mZZ0fs_002930,1,5.000,
hfwb3mZZ0fs_002930__pre,0,,
hdOtS-BpUPY_004623,1,3.900,
hdOtS-BpUPY_004623__pre,0,,
88LcRU7uEFE_004584,1,0.500,
F9-aR2Ocso4_001309,1,1.700,
WWyeuvpHmfc_004541,1,3.600,
WWyeuvpHmfc_004541__pre,0,,
hdOtS-BpUPY_003210,1,2.300,
hdOtS-BpUPY_003210__pre,0,,
L334aqEJxys_005405,1,16.100,
L334aqEJxys_005405__pre,0,,
sdqIDbZJfy0_002204,1,5.700,
sdqIDbZJfy0_002204__pre,0,,
3tEZvtQZ18Q_001907,1,2.400,
3tEZvtQZ18Q_001907__pre,0,,
qYonJ4w6SZs_005555,1,2.400,
qYonJ4w6SZs_005555__pre,0,,
r6_ZhT7rmhM_002652,1,1.900,
xpOyD-qrQUw_000712,1,3.600,
xpOyD-qrQUw_000712__pre,0,,
DSBGS6aRzgc_001842,1,2.600,
DSBGS6aRzgc_001842__pre,0,,
L334aqEJxys_005655,1,4.300,
L334aqEJxys_005655__pre,0,,
8dI7OolIEXY_002008,1,3.200,
8dI7OolIEXY_002008__pre,0,,
Nc9SDBksPPA_003406,1,3.100,
Nc9SDBksPPA_003406__pre,0,,
9Q0FCoNxL8I_002344,1,3.900,
9Q0FCoNxL8I_002344__pre,0,,
a_VxrUq9PmA_004170,1,3.500,
a_VxrUq9PmA_004170__pre,0,,
HaC3LrJiTmQ_006147,1,6.100,
HaC3LrJiTmQ_006147__pre,0,,
dZG1VKsgs60_004470,1,2.100,
dZG1VKsgs60_004470__pre,0,,
Izf9l3VWQuo_001791,1,4.200,
Izf9l3VWQuo_001791__pre,0,,
HzVbo46kkBA_004225,1,4.100,
HzVbo46kkBA_004225__pre,0,,
T89zSiaMNgM_004715,1,3.000,
T89zSiaMNgM_004715__pre,0,,
nADqn-DZ-Dc_000314,1,3.700,
nADqn-DZ-Dc_000314__pre,0,,
u33fdjUY_Iw_004621,1,3.800,
u33fdjUY_Iw_004621__pre,0,,
CyeT8rEQOpQ_002093,1,4.200,
CyeT8rEQOpQ_002093__pre,0,,
Sihe6aeyLHg_005992,1,3.200,
Sihe6aeyLHg_005992__pre,0,,
OPj7lUQOre8_001150,1,2.500,
OPj7lUQOre8_001150__pre,0,,
Vtpe3HAIEm4_001304,1,2.900,
Vtpe3HAIEm4_001304__pre,0,,
8dI7OolIEXY_001208,1,4.800,
8dI7OolIEXY_001208__pre,0,,
yr0gNIxRluE_004553,1,4.500,
yr0gNIxRluE_004553__pre,0,,
4wKjxDXnmYs_005664,1,3.600,
4wKjxDXnmYs_005664__pre,0,,
D_pyFV4nKd4_001164,1,1.800,
JV0D-YkWHD8_004686,1,1.500,
JV0D-YkWHD8_002033,1,3.600,
JV0D-YkWHD8_002033__pre,0,,
6E2N9ld0eHg_005577,1,6.700,
6E2N9ld0eHg_005577__pre,0,,
fb5i7JlmJdg_003468,1,2.700,
fb5i7JlmJdg_003468__pre,0,,
jFFhYwgepmY_001951,1,4.700,
jFFhYwgepmY_001951__pre,0,,
Izf9l3VWQuo_004777,1,3.800,
Izf9l3VWQuo_004777__pre,0,,
yhtzAKqRyXw_000328,1,4.400,
yhtzAKqRyXw_000328__pre,0,,
sUbP4j8rAic_005758,1,3.300,
sUbP4j8rAic_005758__pre,0,,
h55PiQMnlJY_000934,1,3.200,
h55PiQMnlJY_000934__pre,0,,
vdLn-qswnRo_002769,1,5.400,
vdLn-qswnRo_002769__pre,0,,
t_bCDlNOhJc_005401,1,4.600,
t_bCDlNOhJc_005401__pre,0,,
uFwnmh0GpBo_001812,1,2.300,
uFwnmh0GpBo_001812__pre,0,,
Nc9SDBksPPA_003306,1,3.200,
Nc9SDBksPPA_003306__pre,0,,
hdOtS-BpUPY_003081,1,4.400,
hdOtS-BpUPY_003081__pre,0,,
3Sqeb-l1RPA_001295,1,4.700,
3Sqeb-l1RPA_001295__pre,0,,
Hkui6PJboFg_000906,1,10.500,
Hkui6PJboFg_000906__pre,0,,
9Q0FCoNxL8I_001963,1,2.700,
9Q0FCoNxL8I_001963__pre,0,,
mrIFkGZbNjc_002100,1,4.900,
mrIFkGZbNjc_002100__pre,0,,
Tsl84N96WM8_004367,1,2.300,
Tsl84N96WM8_004367__pre,0,,
88LcRU7uEFE_002635,1,2.500,
88LcRU7uEFE_002635__pre,0,,
Hkui6PJboFg_005752,1,3.800,
Hkui6PJboFg_005752__pre,0,,
uO2zGO5ydBc_003553,1,4.400,
uO2zGO5ydBc_003553__pre,0,,
hfwb3mZZ0fs_000740,1,2.500,
hfwb3mZZ0fs_000740__pre,0,,
OPj7lUQOre8_004997,1,13.400,
OPj7lUQOre8_004997__pre,0,,
eWWgJznGg6U_003751,1,4.600,
eWWgJznGg6U_003751__pre,0,,
r6_ZhT7rmhM_003846,1,3.800,
r6_ZhT7rmhM_003846__pre,0,,
nHvTqyRntbY_002461,1,2.600,
nHvTqyRntbY_002461__pre,0,,
gDjeTHGWX9c_000512,1,4.800,
gDjeTHGWX9c_000512__pre,0,,
xVfPBzDnI2Q_001384,1,1.500,
88LcRU7uEFE_005337,1,3.500,
88LcRU7uEFE_005337__pre,0,,
Izf9l3VWQuo_001889,1,5.300,
Izf9l3VWQuo_001889__pre,0,,
4wKjxDXnmYs_000720,1,0.900,
PEwiwzyTjX0_001169,1,3.100,
PEwiwzyTjX0_001169__pre,0,,
r6_ZhT7rmhM_004996,1,7.700,
r6_ZhT7rmhM_004996__pre,0,,
qzMjfBx1KI0_005715,1,5.900,
qzMjfBx1KI0_005715__pre,0,,
JV0D-YkWHD8_003035,1,3.600,
JV0D-YkWHD8_003035__pre,0,,
sUbP4j8rAic_002517,1,3.100,
sUbP4j8rAic_002517__pre,0,,
h55PiQMnlJY_001980,1,4.600,
h55PiQMnlJY_001980__pre,0,,
xpOyD-qrQUw_000633,1,2.900,
xpOyD-qrQUw_000633__pre,0,,
kjVywUi1WK4_003259,1,7.600,
kjVywUi1WK4_003259__pre,0,,
e3hXj7S3QyA_001344,1,7.600,
e3hXj7S3QyA_001344__pre,0,,
hdOtS-BpUPY_001328,1,4.500,
hdOtS-BpUPY_001328__pre,0,,
fWJbp43k644_003548,1,2.200,
fWJbp43k644_003548__pre,0,,
UbDCiQVuzPY_002416,1,3.500,
UbDCiQVuzPY_002416__pre,0,,
0qfbmt4G8Rw_001417,1,3.900,
0qfbmt4G8Rw_001417__pre,0,,
Vtpe3HAIEm4_002771,1,3.000,
Vtpe3HAIEm4_002771__pre,0,,
t_bCDlNOhJc_001632,1,3.100,
t_bCDlNOhJc_001632__pre,0,,
cfrLchAShxQ_004572,1,1.000,
Z9K13eBUwJM_006062,1,1.300,
HaC3LrJiTmQ_000182,1,3.400,
HaC3LrJiTmQ_000182__pre,0,,
UOjQsfDXjO0_004616,1,2.800,
UOjQsfDXjO0_004616__pre,0,,
HbxPs2D_eJw_005338,1,0.900,
ZIts2XH28SA_002126,1,2.400,
ZIts2XH28SA_002126__pre,0,,
9Q0FCoNxL8I_003976,1,4.200,
9Q0FCoNxL8I_003976__pre,0,,
J-j5eIHg8I0_003855,1,2.500,
J-j5eIHg8I0_003855__pre,0,,
eN6y6-4C1Rc_004177,1,3.400,
eN6y6-4C1Rc_004177__pre,0,,
UKBuDqU8qTM_000191,1,4.600,
UKBuDqU8qTM_000191__pre,0,,
xVfPBzDnI2Q_005155,1,3.900,
xVfPBzDnI2Q_005155__pre,0,,
cfrLchAShxQ_000987,1,0.200,
QeuzUfHIWYU_000976,1,3.400,
QeuzUfHIWYU_000976__pre,0,,
OWtbKblBOKI_002000,1,3.100,
OWtbKblBOKI_002000__pre,0,,
88LcRU7uEFE_002775,1,0.900,
88LcRU7uEFE_004892,1,3.400,
88LcRU7uEFE_004892__pre,0,,
yr0gNIxRluE_003508,1,3.700,
yr0gNIxRluE_003508__pre,0,,
vdLn-qswnRo_005153,1,3.600,
vdLn-qswnRo_005153__pre,0,,
8dI7OolIEXY_004373,1,3.500,
8dI7OolIEXY_004373__pre,0,,
bcpfYpmDcp0_001895,1,3.600,
bcpfYpmDcp0_001895__pre,0,,
WWyeuvpHmfc_000051,1,3.500,
WWyeuvpHmfc_000051__pre,0,,
ha-IeID24As_004012,1,2.000,
ha-IeID24As_004012__pre,0,,
krPRThe7R4g_001080,1,1.100,
hdOtS-BpUPY_001121,1,3.100,
hdOtS-BpUPY_001121__pre,0,,
UbDCiQVuzPY_000199,1,5.600,
UbDCiQVuzPY_000199__pre,0,,
3sGShQb_HwU_001706,1,5.100,
3sGShQb_HwU_001706__pre,0,,
RPNiqsdt6-w_003096,1,4.200,
RPNiqsdt6-w_003096__pre,0,,
Eq7_uD2yN5Y_002726,1,2.200,
Eq7_uD2yN5Y_002726__pre,0,,
Nc9SDBksPPA_001351,1,2.500,
Nc9SDBksPPA_001351__pre,0,,
oZaUkhs_H-s_004362,1,3.400,
oZaUkhs_H-s_004362__pre,0,,
Z9K13eBUwJM_001897,1,3.300,
Z9K13eBUwJM_001897__pre,0,,
HeK6zbf8I9Y_001586,1,4.100,
HeK6zbf8I9Y_001586__pre,0,,
OPj7lUQOre8_001901,1,4.200,
OPj7lUQOre8_001901__pre,0,,
0RJPQ_97dcs_004867,1,4.200,
0RJPQ_97dcs_004867__pre,0,,
nHvTqyRntbY_005216,1,3.200,
nHvTqyRntbY_005216__pre,0,,
JHfjuFrnpjA_000211,1,7.100,
JHfjuFrnpjA_000211__pre,0,,
QeuzUfHIWYU_002117,1,4.300,
QeuzUfHIWYU_002117__pre,0,,
cfrLchAShxQ_004183,1,3.100,
cfrLchAShxQ_004183__pre,0,,
a_VxrUq9PmA_002497,1,4.800,
a_VxrUq9PmA_002497__pre,0,,
t4Cvbdtebk0_003096,1,4.200,
t4Cvbdtebk0_003096__pre,0,,
T89zSiaMNgM_002366,1,4.800,
T89zSiaMNgM_002366__pre,0,,
Hx8FMhmdOQU_005071,1,3.800,
Hx8FMhmdOQU_005071__pre,0,,
a_VxrUq9PmA_000576,1,4.900,
a_VxrUq9PmA_000576__pre,0,,
ieP36TLihGM_005433,1,4.400,
ieP36TLihGM_005433__pre,0,,
3Sqeb-l1RPA_000361,1,10.600,
3Sqeb-l1RPA_000361__pre,0,,
xpOyD-qrQUw_004442,1,3.700,
xpOyD-qrQUw_004442__pre,0,,
8dI7OolIEXY_006220,1,2.600,
8dI7OolIEXY_006220__pre,0,,
ha-IeID24As_003628,1,2.500,
ha-IeID24As_003628__pre,0,,
sUbP4j8rAic_002989,1,3.000,
sUbP4j8rAic_002989__pre,0,,
y1vGuUK0db4_000052,1,7.100,
y1vGuUK0db4_000052__pre,0,,
Nc9SDBksPPA_000840,1,4.500,
Nc9SDBksPPA_000840__pre,0,,
88LcRU7uEFE_002033,1,4.900,
88LcRU7uEFE_002033__pre,0,,
QERvirE3S5s_001180,1,3.400,
QERvirE3S5s_001180__pre,0,,
qYonJ4w6SZs_005645,1,3.000,
qYonJ4w6SZs_005645__pre,0,,
xVfPBzDnI2Q_000589,1,2.500,
xVfPBzDnI2Q_000589__pre,0,,
uFwnmh0GpBo_000741,1,3.600,
uFwnmh0GpBo_000741__pre,0,,
HaC3LrJiTmQ_002330,1,3.800,
HaC3LrJiTmQ_002330__pre,0,,
Tsl84N96WM8_002122,1,3.500,
Tsl84N96WM8_002122__pre,0,,
DpQBo4gb6Lw_001047,1,5.500,
DpQBo4gb6Lw_001047__pre,0,,
uO2zGO5ydBc_004319,1,4.000,
uO2zGO5ydBc_004319__pre,0,,
lmykriTbncM_004162,1,2.600,
lmykriTbncM_004162__pre,0,,
ahKX0rtdMJc_001827,1,3.500,
ahKX0rtdMJc_001827__pre,0,,
hfwb3mZZ0fs_003876,1,1.900,
PEwiwzyTjX0_001311,1,3.100,
PEwiwzyTjX0_001311__pre,0,,
UOjQsfDXjO0_003347,1,5.500,
UOjQsfDXjO0_003347__pre,0,,
nHvTqyRntbY_004099,1,3.300,
nHvTqyRntbY_004099__pre,0,,
T89zSiaMNgM_005595,1,2.600,
T89zSiaMNgM_005595__pre,0,,
yr0gNIxRluE_000874,1,1.100,
mrIFkGZbNjc_001213,1,6.200,
mrIFkGZbNjc_001213__pre,0,,
PEwiwzyTjX0_003235,1,1.200,
ujVRDgGVzlQ_003313,1,5.600,
ujVRDgGVzlQ_003313__pre,0,,
bcpfYpmDcp0_000156,1,3.800,
bcpfYpmDcp0_000156__pre,0,,
mrIFkGZbNjc_000455,1,4.600,
mrIFkGZbNjc_000455__pre,0,,
JV0D-YkWHD8_002308,1,3.600,
JV0D-YkWHD8_002308__pre,0,,
u33fdjUY_Iw_001182,1,4.900,
u33fdjUY_Iw_001182__pre,0,,
3sGShQb_HwU_002370,1,2.800,
3sGShQb_HwU_002370__pre,0,,
fsqORUrKLYg_001335,1,4.200,
fsqORUrKLYg_001335__pre,0,,
RPNiqsdt6-w_004905,1,5.200,
RPNiqsdt6-w_004905__pre,0,,
bI9JzQSrEGo_003601,1,3.900,
bI9JzQSrEGo_003601__pre,0,,
6E2N9ld0eHg_004038,1,5.800,
6E2N9ld0eHg_004038__pre,0,,
4K_6s1n6BpU_002324,1,1.900,
krPRThe7R4g_002294,1,2.700,
krPRThe7R4g_002294__pre,0,,
GdyJqgxlSxs_004915,1,2.300,
GdyJqgxlSxs_004915__pre,0,,
HzVbo46kkBA_000447,1,3.800,
HzVbo46kkBA_000447__pre,0,,
3Sqeb-l1RPA_005580,1,2.200,
3Sqeb-l1RPA_005580__pre,0,,
W6YrlYyWguc_001276,1,2.200,
W6YrlYyWguc_001276__pre,0,,
Izf9l3VWQuo_001250,1,10.200,
Izf9l3VWQuo_001250__pre,0,,
3tEZvtQZ18Q_005270,1,3.300,
3tEZvtQZ18Q_005270__pre,0,,
p-fBcE77G4c_004624,1,3.500,
p-fBcE77G4c_004624__pre,0,,
3sGShQb_HwU_003679,1,4.400,
3sGShQb_HwU_003679__pre,0,,
ZIts2XH28SA_002206,1,4.200,
ZIts2XH28SA_002206__pre,0,,
0qfbmt4G8Rw_000306,1,6.500,
0qfbmt4G8Rw_000306__pre,0,,
xToi8YVZM8o_000810,1,4.200,
xToi8YVZM8o_000810__pre,0,,
D_pyFV4nKd4_004710,1,3.600,
D_pyFV4nKd4_004710__pre,0,,
Hx8FMhmdOQU_002333,1,3.500,
Hx8FMhmdOQU_002333__pre,0,,
t4Cvbdtebk0_000445,1,4.200,
t4Cvbdtebk0_000445__pre,0,,
lKMwX4nA64k_000148,1,3.600,
lKMwX4nA64k_000148__pre,0,,
K1r3m5OrmB4_006005,1,4.400,
K1r3m5OrmB4_006005__pre,0,,
h55PiQMnlJY_002226,1,3.800,
h55PiQMnlJY_002226__pre,0,,
Sihe6aeyLHg_004756,1,4.100,
Sihe6aeyLHg_004756__pre,0,,
IOoVklIZLMw_005100,1,4.400,
IOoVklIZLMw_005100__pre,0,,
fb5i7JlmJdg_002929,1,3.600,
fb5i7JlmJdg_002929__pre,0,,
Hx8FMhmdOQU_001889,1,1.900,
dZG1VKsgs60_003041,1,3.300,
dZG1VKsgs60_003041__pre,0,,
0qfbmt4G8Rw_000760,1,6.000,
0qfbmt4G8Rw_000760__pre,0,,
UjkeNSr2dXQ_005585,1,5.000,
UjkeNSr2dXQ_005585__pre,0,,
Hx8FMhmdOQU_001357,1,1.600,
EJ4VM9wLNXQ_001942,1,3.500,
EJ4VM9wLNXQ_001942__pre,0,,
3tEZvtQZ18Q_003265,1,13.500,
3tEZvtQZ18Q_003265__pre,0,,
f482qwPz7ns_001405,1,5.300,
f482qwPz7ns_001405__pre,0,,
Izf9l3VWQuo_004140,1,5.600,
Izf9l3VWQuo_004140__pre,0,,
yhtzAKqRyXw_003366,1,0.800,
Z9K13eBUwJM_005751,1,2.900,
Z9K13eBUwJM_005751__pre,0,,
5vKPYV5w6pw_003767,1,4.100,
5vKPYV5w6pw_003767__pre,0,,
p8q77QzOdUs_001132,1,5.600,
p8q77QzOdUs_001132__pre,0,,
4wKjxDXnmYs_004807,1,3.500,
4wKjxDXnmYs_004807__pre,0,,
ieP36TLihGM_002573,1,6.600,
ieP36TLihGM_002573__pre,0,,
V3--0ubJkNE_000340,1,2.100,
V3--0ubJkNE_000340__pre,0,,
3tEZvtQZ18Q_003774,1,7.100,
3tEZvtQZ18Q_003774__pre,0,,
LfKfK4I5RPE_000211,1,3.000,
LfKfK4I5RPE_000211__pre,0,,
CyeT8rEQOpQ_001010,1,2.600,
CyeT8rEQOpQ_001010__pre,0,,
1u69z-wsDIc_001151,1,3.400,
1u69z-wsDIc_001151__pre,0,,
2TmFM9p1KF8_005030,1,4.400,
2TmFM9p1KF8_005030__pre,0,,
GDejMONyY4U_005840,1,2.400,
GDejMONyY4U_005840__pre,0,,
d2SCftR5sWc_000711,1,3.600,
d2SCftR5sWc_000711__pre,0,,
3sGShQb_HwU_002137,1,4.600,
3sGShQb_HwU_002137__pre,0,,
WWyeuvpHmfc_004010,1,3.000,
WWyeuvpHmfc_004010__pre,0,,
DSBGS6aRzgc_002974,1,4.900,
DSBGS6aRzgc_002974__pre,0,,
DSBGS6aRzgc_001569,1,7.200,
DSBGS6aRzgc_001569__pre,0,,
ruiSuGHJf6Q_000881,1,7.400,
ruiSuGHJf6Q_000881__pre,0,,
UjkeNSr2dXQ_004340,1,3.000,
UjkeNSr2dXQ_004340__pre,0,,
ahKX0rtdMJc_003928,1,5.900,
ahKX0rtdMJc_003928__pre,0,,
dZG1VKsgs60_003143,1,2.700,
dZG1VKsgs60_003143__pre,0,,
kVhgFPPG-wo_000798,1,1.700,
3u_CIo9IaWo_001464,1,23.000,
3u_CIo9IaWo_001464__pre,0,,
Z9K13eBUwJM_004400,1,4.900,
Z9K13eBUwJM_004400__pre,0,,
OPj7lUQOre8_004807,1,4.000,
OPj7lUQOre8_004807__pre,0,,
lmykriTbncM_000371,1,6.700,
lmykriTbncM_000371__pre,0,,
sUbP4j8rAic_000600,1,4.000,
sUbP4j8rAic_000600__pre,0,,
LfKfK4I5RPE_004133,1,4.800,
LfKfK4I5RPE_004133__pre,0,,
DSBGS6aRzgc_000661,1,7.800,
DSBGS6aRzgc_000661__pre,0,,
3u_CIo9IaWo_004218,1,4.500,
3u_CIo9IaWo_004218__pre,0,,
t4Cvbdtebk0_001473,1,3.300,
t4Cvbdtebk0_001473__pre,0,,
1u69z-wsDIc_004789,1,3.100,
1u69z-wsDIc_004789__pre,0,,
xjbbH74SwTg_001012,1,7.300,
xjbbH74SwTg_001012__pre,0,,
88LcRU7uEFE_003061,1,1.500,
yhtzAKqRyXw_001650,1,2.900,
yhtzAKqRyXw_001650__pre,0,,
JHfjuFrnpjA_001583,1,6.900,
JHfjuFrnpjA_001583__pre,0,,
Hx8FMhmdOQU_001208,1,3.800,
Hx8FMhmdOQU_001208__pre,0,,
QeuzUfHIWYU_000221,1,3.700,
QeuzUfHIWYU_000221__pre,0,,
Hd2IzHAfkCI_003891,1,3.000,
Hd2IzHAfkCI_003891__pre,0,,
fb5i7JlmJdg_004882,1,3.000,
fb5i7JlmJdg_004882__pre,0,,
Z9K13eBUwJM_000871,1,4.300,
Z9K13eBUwJM_000871__pre,0,,
1u69z-wsDIc_001022,1,5.300,
1u69z-wsDIc_001022__pre,0,,
kld-iYpdjyo_005493,1,5.700,
kld-iYpdjyo_005493__pre,0,,
L334aqEJxys_001608,1,7.700,
L334aqEJxys_001608__pre,0,,
9Q0FCoNxL8I_004475,1,3.300,
9Q0FCoNxL8I_004475__pre,0,,
dZG1VKsgs60_000213,1,4.700,
dZG1VKsgs60_000213__pre,0,,
3sGShQb_HwU_004719,1,5.300,
3sGShQb_HwU_004719__pre,0,,
L334aqEJxys_001434,1,4.500,
L334aqEJxys_001434__pre,0,,
ecRog9N1Qf0_002665,1,1.300,
kVhgFPPG-wo_003295,1,4.000,
kVhgFPPG-wo_003295__pre,0,,
0z7J7rOpTic_006272,1,6.400,
0z7J7rOpTic_006272__pre,0,,
fTmYppzzloc_000052,1,5.300,
fTmYppzzloc_000052__pre,0,,
DSBGS6aRzgc_001205,1,2.900,
DSBGS6aRzgc_001205__pre,0,,
DyzL2sahobA_002942,1,2.900,
DyzL2sahobA_002942__pre,0,,
V3--0ubJkNE_002152,1,4.600,
V3--0ubJkNE_002152__pre,0,,
fsqORUrKLYg_000073,1,4.500,
fsqORUrKLYg_000073__pre,0,,
5vKPYV5w6pw_001084,1,4.500,
5vKPYV5w6pw_001084__pre,0,,
Z9K13eBUwJM_004745,1,3.600,
Z9K13eBUwJM_004745__pre,0,,
EY8x-fyQkbk_005102,1,5.700,
EY8x-fyQkbk_005102__pre,0,,
Z9K13eBUwJM_001488,1,2.400,
Z9K13eBUwJM_001488__pre,0,,
Hfs4AlBmg70_000145,1,2.400,
Hfs4AlBmg70_000145__pre,0,,
h55PiQMnlJY_000073,1,6.100,
h55PiQMnlJY_000073__pre,0,,
LfKfK4I5RPE_005555,1,6.500,
LfKfK4I5RPE_005555__pre,0,,
HzVbo46kkBA_000187,1,4.800,
HzVbo46kkBA_000187__pre,0,,
xjbbH74SwTg_005400,1,5.600,
xjbbH74SwTg_005400__pre,0,,
l1XbmdmGr0Q_004634,1,3.400,
l1XbmdmGr0Q_004634__pre,0,,
T89zSiaMNgM_000407,1,8.100,
T89zSiaMNgM_000407__pre,0,,
8dI7OolIEXY_000051,1,9.900,
8dI7OolIEXY_000051__pre,0,,
K1r3m5OrmB4_000139,1,1.900,
UKBuDqU8qTM_003310,1,3.000,
UKBuDqU8qTM_003310__pre,0,,
t_bCDlNOhJc_000075,1,5.200,
t_bCDlNOhJc_000075__pre,0,,
oZaUkhs_H-s_004803,1,3.700,
oZaUkhs_H-s_004803__pre,0,,
ha-IeID24As_003510,1,3.000,
ha-IeID24As_003510__pre,0,,
kVhgFPPG-wo_004652,1,0.700,
Z9K13eBUwJM_005670,1,2.500,
Z9K13eBUwJM_005670__pre,0,,
hfwb3mZZ0fs_002466,1,3.300,
hfwb3mZZ0fs_002466__pre,0,,
sUbP4j8rAic_000930,1,5.000,
sUbP4j8rAic_000930__pre,0,,
dZG1VKsgs60_003613,1,2.400,
dZG1VKsgs60_003613__pre,0,,
0z7J7rOpTic_001073,1,2.800,
0z7J7rOpTic_001073__pre,0,,
0qfbmt4G8Rw_000970,1,4.600,
0qfbmt4G8Rw_000970__pre,0,,
OPj7lUQOre8_000631,1,5.500,
OPj7lUQOre8_000631__pre,0,,
f482qwPz7ns_000186,1,4.600,
f482qwPz7ns_000186__pre,0,,
O9uvBFovKj8_000983,1,4.000,
O9uvBFovKj8_000983__pre,0,,
Pbw0A-RCjcw_001851,1,3.800,
Pbw0A-RCjcw_001851__pre,0,,
O9uvBFovKj8_001123,1,3.000,
O9uvBFovKj8_001123__pre,0,,
Sihe6aeyLHg_006155,1,4.500,
Sihe6aeyLHg_006155__pre,0,,
FqJ4IfRLKmA_001041,1,5.200,
FqJ4IfRLKmA_001041__pre,0,,
RPNiqsdt6-w_001034,1,9.100,
RPNiqsdt6-w_001034__pre,0,,
d2SCftR5sWc_000301,1,3.400,
d2SCftR5sWc_000301__pre,0,,
hdOtS-BpUPY_001221,1,3.100,
hdOtS-BpUPY_001221__pre,0,,
gXezhrOijmQ_001728,1,4.200,
gXezhrOijmQ_001728__pre,0,,
ha-IeID24As_006032,1,3.600,
ha-IeID24As_006032__pre,0,,
D_pyFV4nKd4_004430,1,5.800,
D_pyFV4nKd4_004430__pre,0,,
xjbbH74SwTg_003886,1,3.300,
xjbbH74SwTg_003886__pre,0,,
5vKPYV5w6pw_000518,1,5.900,
5vKPYV5w6pw_000518__pre,0,,
6E2N9ld0eHg_004289,1,2.300,
6E2N9ld0eHg_004289__pre,0,,
88LcRU7uEFE_001801,1,4.600,
88LcRU7uEFE_001801__pre,0,,
D_pyFV4nKd4_003103,1,4.000,
D_pyFV4nKd4_003103__pre,0,,
d2SCftR5sWc_003792,1,3.500,
d2SCftR5sWc_003792__pre,0,,
oZaUkhs_H-s_000831,1,3.000,
oZaUkhs_H-s_000831__pre,0,,
8dI7OolIEXY_005531,1,2.500,
8dI7OolIEXY_005531__pre,0,,
Eq7_uD2yN5Y_001088,1,5.100,
Eq7_uD2yN5Y_001088__pre,0,,
0qfbmt4G8Rw_003440,1,4.400,
0qfbmt4G8Rw_003440__pre,0,,
lmykriTbncM_001959,1,5.300,
lmykriTbncM_001959__pre,0,,
dZG1VKsgs60_002869,1,12.200,
dZG1VKsgs60_002869__pre,0,,
T89zSiaMNgM_001562,1,3.900,
T89zSiaMNgM_001562__pre,0,,
Tsl84N96WM8_001131,1,3.500,
Tsl84N96WM8_001131__pre,0,,
pQdl0apLT70_002924,1,1.000,
gXezhrOijmQ_001628,1,4.600,
gXezhrOijmQ_001628__pre,0,,
RPNiqsdt6-w_001804,1,5.300,
RPNiqsdt6-w_001804__pre,0,,
OPj7lUQOre8_000430,1,3.000,
OPj7lUQOre8_000430__pre,0,,
xVfPBzDnI2Q_002898,1,3.400,
xVfPBzDnI2Q_002898__pre,0,,
ahKX0rtdMJc_001928,1,3.700,
ahKX0rtdMJc_001928__pre,0,,
Nc9SDBksPPA_001139,1,4.600,
Nc9SDBksPPA_001139__pre,0,,
Hx8FMhmdOQU_000815,1,4.300,
Hx8FMhmdOQU_000815__pre,0,,
sdqIDbZJfy0_002738,1,2.300,
sdqIDbZJfy0_002738__pre,0,,
HaC3LrJiTmQ_005015,1,4.200,
HaC3LrJiTmQ_005015__pre,0,,
h55PiQMnlJY_000391,1,3.900,
h55PiQMnlJY_000391__pre,0,,
J-j5eIHg8I0_000274,1,6.700,
J-j5eIHg8I0_000274__pre,0,,
l1XbmdmGr0Q_003728,1,4.900,
l1XbmdmGr0Q_003728__pre,0,,
LfKfK4I5RPE_003543,1,3.600,
LfKfK4I5RPE_003543__pre,0,,
Nc9SDBksPPA_002268,1,6.800,
Nc9SDBksPPA_002268__pre,0,,
oZaUkhs_H-s_005415,1,3.700,
oZaUkhs_H-s_005415__pre,0,,
Pbw0A-RCjcw_002335,1,4.300,
Pbw0A-RCjcw_002335__pre,0,,
DSBGS6aRzgc_001091,1,4.300,
DSBGS6aRzgc_001091__pre,0,,
Rrcjy5t8b20_003610,1,1.900,
sdqIDbZJfy0_005200,1,4.100,
sdqIDbZJfy0_005200__pre,0,,
DSBGS6aRzgc_000291,1,4.400,
DSBGS6aRzgc_000291__pre,0,,
gZbGLa253Ak_001482,1,3.600,
gZbGLa253Ak_001482__pre,0,,
Hx8FMhmdOQU_002991,1,4.300,
Hx8FMhmdOQU_002991__pre,0,,
P5MjgFmqouA_001697,1,5.200,
P5MjgFmqouA_001697__pre,0,,
kVhgFPPG-wo_000508,1,1.700,
2SAby_5t94M_001001,1,3.200,
2SAby_5t94M_001001__pre,0,,
UOjQsfDXjO0_004376,1,5.100,
UOjQsfDXjO0_004376__pre,0,,
zRZ9PJguIfE_001741,1,3.100,
zRZ9PJguIfE_001741__pre,0,,
0qfbmt4G8Rw_001060,1,5.100,
0qfbmt4G8Rw_001060__pre,0,,
y4Evv5By6sg_004945,1,7.100,
y4Evv5By6sg_004945__pre,0,,
xjbbH74SwTg_004246,1,4.800,
xjbbH74SwTg_004246__pre,0,,
UKBuDqU8qTM_005330,1,3.500,
UKBuDqU8qTM_005330__pre,0,,
qzMjfBx1KI0_005285,1,2.400,
qzMjfBx1KI0_005285__pre,0,,
ruiSuGHJf6Q_003458,1,4.100,
ruiSuGHJf6Q_003458__pre,0,,
bFGmOp9H3MA_004652,1,1.600,
Hkui6PJboFg_001217,1,3.200,
Hkui6PJboFg_001217__pre,0,,
GdyJqgxlSxs_002754,1,1.300,
HzVbo46kkBA_005295,1,6.700,
HzVbo46kkBA_005295__pre,0,,
ZIts2XH28SA_000772,1,3.100,
ZIts2XH28SA_000772__pre,0,,
RASKiMoxhOE_003858,1,6.800,
RASKiMoxhOE_003858__pre,0,,
cfrLchAShxQ_002362,1,2.100,
cfrLchAShxQ_002362__pre,0,,
lmykriTbncM_004634,1,2.700,
lmykriTbncM_004634__pre,0,,
sUbP4j8rAic_004929,1,4.700,
sUbP4j8rAic_004929__pre,0,,
1u69z-wsDIc_002449,1,5.400,
1u69z-wsDIc_002449__pre,0,,
ujVRDgGVzlQ_001835,1,2.900,
ujVRDgGVzlQ_001835__pre,0,,
gZbGLa253Ak_002607,1,4.100,
gZbGLa253Ak_002607__pre,0,,
OPj7lUQOre8_001011,1,4.800,
OPj7lUQOre8_001011__pre,0,,
y1vGuUK0db4_005890,1,5.400,
y1vGuUK0db4_005890__pre,0,,
K1r3m5OrmB4_001992,1,1.300,
sUbP4j8rAic_004829,1,3.500,
sUbP4j8rAic_004829__pre,0,,
HaC3LrJiTmQ_005341,1,2.800,
HaC3LrJiTmQ_005341__pre,0,,
fHUJcUaW2mE_003831,1,2.700,
fHUJcUaW2mE_003831__pre,0,,
p-fBcE77G4c_005214,1,4.000,
p-fBcE77G4c_005214__pre,0,,
Hx8FMhmdOQU_004558,1,3.700,
Hx8FMhmdOQU_004558__pre,0,,
t4Cvbdtebk0_003935,1,4.300,
t4Cvbdtebk0_003935__pre,0,,
GDejMONyY4U_001571,1,3.200,
GDejMONyY4U_001571__pre,0,,
O9uvBFovKj8_002109,1,1.200,
UOjQsfDXjO0_004803,1,4.400,
UOjQsfDXjO0_004803__pre,0,,
HaC3LrJiTmQ_001857,1,5.900,
HaC3LrJiTmQ_001857__pre,0,,
Vtpe3HAIEm4_001775,1,3.800,
Vtpe3HAIEm4_001775__pre,0,,
T89zSiaMNgM_001295,1,2.500,
T89zSiaMNgM_001295__pre,0,,
gZbGLa253Ak_002384,1,4.100,
gZbGLa253Ak_002384__pre,0,,
OPj7lUQOre8_000891,1,5.300,
OPj7lUQOre8_000891__pre,0,,
2SAby_5t94M_001507,1,1.300,
uFwnmh0GpBo_000491,1,3.400,
uFwnmh0GpBo_000491__pre,0,,
W6YrlYyWguc_002233,1,2.700,
W6YrlYyWguc_002233__pre,0,,
xpOyD-qrQUw_005320,1,2.800,
xpOyD-qrQUw_005320__pre,0,,
p8q77QzOdUs_001721,1,2.800,
p8q77QzOdUs_001721__pre,0,,
lKMwX4nA64k_005054,1,1.500,
HaC3LrJiTmQ_000682,1,4.500,
HaC3LrJiTmQ_000682__pre,0,,
t_bCDlNOhJc_001102,1,4.300,
t_bCDlNOhJc_001102__pre,0,,
VxWJchENocA_001082,1,1.400,
gXezhrOijmQ_004598,1,3.300,
gXezhrOijmQ_004598__pre,0,,
dZG1VKsgs60_003247,1,2.900,
dZG1VKsgs60_003247__pre,0,,
7uTMZ5-aWKA_004187,1,5.000,
7uTMZ5-aWKA_004187__pre,0,,
Tsl84N96WM8_003526,1,3.100,
Tsl84N96WM8_003526__pre,0,,
LfKfK4I5RPE_001562,1,3.500,
LfKfK4I5RPE_001562__pre,0,,
T89zSiaMNgM_002766,1,3.200,
T89zSiaMNgM_002766__pre,0,,
sUbP4j8rAic_005403,1,3.300,
sUbP4j8rAic_005403__pre,0,,
3tEZvtQZ18Q_003105,1,10.900,
3tEZvtQZ18Q_003105__pre,0,,
QERvirE3S5s_005021,1,3.800,
QERvirE3S5s_005021__pre,0,,
K1r3m5OrmB4_003191,1,2.400,
K1r3m5OrmB4_003191__pre,0,,
EY8x-fyQkbk_006019,1,4.000,
EY8x-fyQkbk_006019__pre,0,,
vZSr9dhRxlE_004758,1,2.600,
vZSr9dhRxlE_004758__pre,0,,
xjbbH74SwTg_003362,1,4.200,
xjbbH74SwTg_003362__pre,0,,
5vKPYV5w6pw_003454,1,1.300,
T89zSiaMNgM_002240,1,2.400,
T89zSiaMNgM_002240__pre,0,,
qzMjfBx1KI0_005498,1,0.500,
vdLn-qswnRo_004490,1,5.900,
vdLn-qswnRo_004490__pre,0,,
pOJpwWmEcFg_005803,1,5.600,
pOJpwWmEcFg_005803__pre,0,,
Vtpe3HAIEm4_004510,1,4.000,
Vtpe3HAIEm4_004510__pre,0,,
UjkeNSr2dXQ_005839,1,2.100,
UjkeNSr2dXQ_005839__pre,0,,
UOjQsfDXjO0_004496,1,5.000,
UOjQsfDXjO0_004496__pre,0,,
gXezhrOijmQ_004978,1,6.800,
gXezhrOijmQ_004978__pre,0,,
xVfPBzDnI2Q_000062,1,3.200,
xVfPBzDnI2Q_000062__pre,0,,
UOjQsfDXjO0_002917,1,3.800,
UOjQsfDXjO0_002917__pre,0,,
yr0gNIxRluE_001576,1,1.800,
sUbP4j8rAic_000700,1,3.000,
sUbP4j8rAic_000700__pre,0,,
Hx8FMhmdOQU_004132,1,3.900,
Hx8FMhmdOQU_004132__pre,0,,
kjVywUi1WK4_001101,1,1.400,
UbDCiQVuzPY_001695,1,3.200,
UbDCiQVuzPY_001695__pre,0,,
Hx8FMhmdOQU_002672,1,2.600,
Hx8FMhmdOQU_002672__pre,0,,
LfKfK4I5RPE_004409,1,4.600,
LfKfK4I5RPE_004409__pre,0,,
xVfPBzDnI2Q_003321,1,2.300,
xVfPBzDnI2Q_003321__pre,0,,
Pbw0A-RCjcw_000326,1,2.000,
Pbw0A-RCjcw_000326__pre,0,,
P5MjgFmqouA_003765,1,5.900,
P5MjgFmqouA_003765__pre,0,,
9Q0FCoNxL8I_002980,1,4.200,
9Q0FCoNxL8I_002980__pre,0,,
vdLn-qswnRo_000951,1,6.500,
vdLn-qswnRo_000951__pre,0,,
Z9K13eBUwJM_000974,1,3.300,
Z9K13eBUwJM_000974__pre,0,,
8dI7OolIEXY_002985,1,0.400,
bI9JzQSrEGo_001403,1,0.300,
3tEZvtQZ18Q_003008,1,2.900,
3tEZvtQZ18Q_003008__pre,0,,
RASKiMoxhOE_005633,1,2.500,
RASKiMoxhOE_005633__pre,0,,
Z9K13eBUwJM_001587,1,3.700,
Z9K13eBUwJM_001587__pre,0,,
RPNiqsdt6-w_004534,1,3.300,
RPNiqsdt6-w_004534__pre,0,,
ha-IeID24As_001647,1,3.000,
ha-IeID24As_001647__pre,0,,
7uTMZ5-aWKA_000970,1,4.200,
7uTMZ5-aWKA_000970__pre,0,,
xjbbH74SwTg_002887,1,3.500,
xjbbH74SwTg_002887__pre,0,,
pQdl0apLT70_001545,1,3.400,
pQdl0apLT70_001545__pre,0,,
2SAby_5t94M_002862,1,2.100,
2SAby_5t94M_002862__pre,0,,
uFwnmh0GpBo_002228,1,4.200,
uFwnmh0GpBo_002228__pre,0,,
lKMwX4nA64k_005278,1,1.900,
bFGmOp9H3MA_004484,1,3.000,
bFGmOp9H3MA_004484__pre,0,,
3tEZvtQZ18Q_002879,1,6.700,
3tEZvtQZ18Q_002879__pre,0,,
3Sqeb-l1RPA_004716,1,3.200,
3Sqeb-l1RPA_004716__pre,0,,
1u69z-wsDIc_001348,1,3.800,
1u69z-wsDIc_001348__pre,0,,
uO2zGO5ydBc_005037,1,3.700,
uO2zGO5ydBc_005037__pre,0,,
gDjeTHGWX9c_000257,1,2.500,
gDjeTHGWX9c_000257__pre,0,,
xjbbH74SwTg_005521,1,2.900,
xjbbH74SwTg_005521__pre,0,,
d2SCftR5sWc_004173,1,2.800,
d2SCftR5sWc_004173__pre,0,,
ecRog9N1Qf0_004762,1,3.200,
ecRog9N1Qf0_004762__pre,0,,
Tsl84N96WM8_005383,1,6.000,
Tsl84N96WM8_005383__pre,0,,
7uTMZ5-aWKA_001400,1,1.100,
gXezhrOijmQ_005088,1,2.200,
gXezhrOijmQ_005088__pre,0,,
nHvTqyRntbY_005122,1,2.000,
nHvTqyRntbY_005122__pre,0,,
LfKfK4I5RPE_005001,1,2.600,
LfKfK4I5RPE_005001__pre,0,,
dZG1VKsgs60_005312,1,4.400,
dZG1VKsgs60_005312__pre,0,,
Hx8FMhmdOQU_005480,1,2.500,
Hx8FMhmdOQU_005480__pre,0,,
gXezhrOijmQ_005245,1,3.600,
gXezhrOijmQ_005245__pre,0,,
t4Cvbdtebk0_004045,1,5.500,
t4Cvbdtebk0_004045__pre,0,,
T89zSiaMNgM_005313,1,1.900,
Eq7_uD2yN5Y_005193,1,4.900,
Eq7_uD2yN5Y_005193__pre,0,,
h55PiQMnlJY_003350,1,3.200,
h55PiQMnlJY_003350__pre,0,,
kld-iYpdjyo_000051,1,3.800,
kld-iYpdjyo_000051__pre,0,,
yr0gNIxRluE_005140,1,2.800,
yr0gNIxRluE_005140__pre,0,,
UKBuDqU8qTM_004529,1,6.800,
UKBuDqU8qTM_004529__pre,0,,
UjkeNSr2dXQ_001723,1,5.600,
UjkeNSr2dXQ_001723__pre,0,,
CyeT8rEQOpQ_003285,1,8.300,
CyeT8rEQOpQ_003285__pre,0,,
OWtbKblBOKI_006128,1,3.500,
OWtbKblBOKI_006128__pre,0,,
xjbbH74SwTg_005163,1,6.000,
xjbbH74SwTg_005163__pre,0,,
HaC3LrJiTmQ_003988,1,3.800,
HaC3LrJiTmQ_003988__pre,0,,
0qfbmt4G8Rw_004575,1,2.200,
0qfbmt4G8Rw_004575__pre,0,,
t_bCDlNOhJc_004876,1,8.800,
t_bCDlNOhJc_004876__pre,0,,
dZG1VKsgs60_004299,1,7.600,
dZG1VKsgs60_004299__pre,0,,
T89zSiaMNgM_002906,1,5.000,
T89zSiaMNgM_002906__pre,0,,
0z7J7rOpTic_005931,1,3.300,
0z7J7rOpTic_005931__pre,0,,
T7TkJVmGyts_002778,1,2.800,
T7TkJVmGyts_002778__pre,0,,
DSBGS6aRzgc_004668,1,6.700,
DSBGS6aRzgc_004668__pre,0,,
fb5i7JlmJdg_005553,1,3.100,
fb5i7JlmJdg_005553__pre,0,,
JkYzYrJpSoQ_003579,1,2.900,
JkYzYrJpSoQ_003579__pre,0,,
d2SCftR5sWc_004821,1,3.500,
d2SCftR5sWc_004821__pre,0,,
3tEZvtQZ18Q_004250,1,2.800,
3tEZvtQZ18Q_004250__pre,0,,
CyeT8rEQOpQ_005359,1,2.700,
CyeT8rEQOpQ_005359__pre,0,,
yr0gNIxRluE_004998,1,2.600,
yr0gNIxRluE_004998__pre,0,,
y4Evv5By6sg_005319,1,3.200,
y4Evv5By6sg_005319__pre,0,,
pOJpwWmEcFg_001728,1,3.400,
pOJpwWmEcFg_001728__pre,0,,
y1vGuUK0db4_004742,1,1.700,
nvVk7L3GrJQ_003405,1,4.200,
nvVk7L3GrJQ_003405__pre,0,,
xjbbH74SwTg_005290,1,4.000,
xjbbH74SwTg_005290__pre,0,,
oZaUkhs_H-s_001157,1,3.600,
oZaUkhs_H-s_001157__pre,0,,
fsqORUrKLYg_000551,1,5.200,
fsqORUrKLYg_000551__pre,0,,
JHfjuFrnpjA_001839,1,2.600,
JHfjuFrnpjA_001839__pre,0,,
p-fBcE77G4c_002655,1,3.200,
p-fBcE77G4c_002655__pre,0,,
kld-iYpdjyo_001920,1,2.100,
kld-iYpdjyo_001920__pre,0,,
D_pyFV4nKd4_004800,1,4.800,
D_pyFV4nKd4_004800__pre,0,,
p8q77QzOdUs_001272,1,3.600,
p8q77QzOdUs_001272__pre,0,,
JkYzYrJpSoQ_005206,1,3.200,
JkYzYrJpSoQ_005206__pre,0,,
u33fdjUY_Iw_004735,1,4.700,
u33fdjUY_Iw_004735__pre,0,,
cfrLchAShxQ_000310,1,2.500,
cfrLchAShxQ_000310__pre,0,,
Rrcjy5t8b20_004287,1,2.300,
Rrcjy5t8b20_004287__pre,0,,
DyzL2sahobA_001156,1,2.900,
DyzL2sahobA_001156__pre,0,,
Z9K13eBUwJM_001407,1,3.500,
Z9K13eBUwJM_001407__pre,0,,
L334aqEJxys_005087,1,4.400,
L334aqEJxys_005087__pre,0,,
0qfbmt4G8Rw_004758,1,4.100,
0qfbmt4G8Rw_004758__pre,0,,
Hd2IzHAfkCI_003500,1,3.800,
Hd2IzHAfkCI_003500__pre,0,,
pQdl0apLT70_003769,1,3.000,
pQdl0apLT70_003769__pre,0,,
pWZSG2cUdEo_001889,1,4.600,
pWZSG2cUdEo_001889__pre,0,,
ahKX0rtdMJc_000672,1,2.600,
ahKX0rtdMJc_000672__pre,0,,
sUbP4j8rAic_001340,1,4.000,
sUbP4j8rAic_001340__pre,0,,
HzVbo46kkBA_002077,1,6.200,
HzVbo46kkBA_002077__pre,0,,
HzVbo46kkBA_004044,1,2.200,
HzVbo46kkBA_004044__pre,0,,
IOoVklIZLMw_003025,1,9.200,
IOoVklIZLMw_003025__pre,0,,
Vtpe3HAIEm4_004397,1,6.500,
Vtpe3HAIEm4_004397__pre,0,,
Tsl84N96WM8_003181,1,1.500,
IQwS7BEjUxM_001978,1,3.900,
IQwS7BEjUxM_001978__pre,0,,
fb5i7JlmJdg_003688,1,3.800,
fb5i7JlmJdg_003688__pre,0,,
xpOyD-qrQUw_001664,1,3.200,
xpOyD-qrQUw_001664__pre,0,,
xpOyD-qrQUw_003846,1,4.000,
xpOyD-qrQUw_003846__pre,0,,
8dI7OolIEXY_004734,1,3.200,
8dI7OolIEXY_004734__pre,0,,
8dI7OolIEXY_001461,1,3.200,
8dI7OolIEXY_001461__pre,0,,
4K_6s1n6BpU_004012,1,6.300,
4K_6s1n6BpU_004012__pre,0,,
Hd2IzHAfkCI_003280,1,0.900,
fdvMUP8qvzw_005325,1,1.500,
88LcRU7uEFE_005516,1,3.000,
88LcRU7uEFE_005516__pre,0,,
Hd2IzHAfkCI_001302,1,3.700,
Hd2IzHAfkCI_001302__pre,0,,
mrIFkGZbNjc_002780,1,4.700,
mrIFkGZbNjc_002780__pre,0,,
YBEYOS3A3Ic_000667,1,4.200,
YBEYOS3A3Ic_000667__pre,0,,
T89zSiaMNgM_005466,1,5.100,
T89zSiaMNgM_005466__pre,0,,
mrIFkGZbNjc_002430,1,3.300,
mrIFkGZbNjc_002430__pre,0,,
uO2zGO5ydBc_002821,1,3.500,
uO2zGO5ydBc_002821__pre,0,,
1u69z-wsDIc_001685,1,4.100,
1u69z-wsDIc_001685__pre,0,,
fTmYppzzloc_000202,1,4.300,
fTmYppzzloc_000202__pre,0,,
DSBGS6aRzgc_004516,1,2.900,
DSBGS6aRzgc_004516__pre,0,,
HeK6zbf8I9Y_005063,1,2.000,
HeK6zbf8I9Y_005063__pre,0,,
p8q77QzOdUs_000732,1,5.300,
p8q77QzOdUs_000732__pre,0,,
GRDP68ucrBM_001523,1,2.100,
GRDP68ucrBM_001523__pre,0,,
Hx8FMhmdOQU_004851,1,6.700,
Hx8FMhmdOQU_004851__pre,0,,
pQdl0apLT70_005068,1,2.800,
pQdl0apLT70_005068__pre,0,,
7uTMZ5-aWKA_004722,1,3.200,
7uTMZ5-aWKA_004722__pre,0,,
5vKPYV5w6pw_000773,1,4.100,
5vKPYV5w6pw_000773__pre,0,,
J_ggxJD3Uy8_002552,1,1.800,
ruiSuGHJf6Q_001791,1,7.100,
ruiSuGHJf6Q_001791__pre,0,,
cfrLchAShxQ_003896,1,5.000,
cfrLchAShxQ_003896__pre,0,,
UOjQsfDXjO0_004258,1,6.400,
UOjQsfDXjO0_004258__pre,0,,
Hd2IzHAfkCI_002728,1,5.200,
Hd2IzHAfkCI_002728__pre,0,,
EJ4VM9wLNXQ_001061,1,4.800,
EJ4VM9wLNXQ_001061__pre,0,,
GDejMONyY4U_004921,1,5.700,
GDejMONyY4U_004921__pre,0,,
Izf9l3VWQuo_001135,1,3.900,
Izf9l3VWQuo_001135__pre,0,,
1u69z-wsDIc_005779,1,10.100,
1u69z-wsDIc_005779__pre,0,,
Tsl84N96WM8_000075,1,10.300,
Tsl84N96WM8_000075__pre,0,,
sdqIDbZJfy0_005607,1,3.700,
sdqIDbZJfy0_005607__pre,0,,
3tEZvtQZ18Q_001262,1,4.800,
3tEZvtQZ18Q_001262__pre,0,,
pQdl0apLT70_000575,1,3.800,
pQdl0apLT70_000575__pre,0,,
RPNiqsdt6-w_002660,1,4.900,
RPNiqsdt6-w_002660__pre,0,,
Eq7_uD2yN5Y_004049,1,3.800,
Eq7_uD2yN5Y_004049__pre,0,,
ujVRDgGVzlQ_005407,1,1.900,
Hkui6PJboFg_001910,1,2.300,
Hkui6PJboFg_001910__pre,0,,
3sGShQb_HwU_005692,1,1.200,
oZaUkhs_H-s_000721,1,5.700,
oZaUkhs_H-s_000721__pre,0,,
IOoVklIZLMw_003879,1,6.500,
IOoVklIZLMw_003879__pre,0,,
fb5i7JlmJdg_005052,1,1.700,
cfrLchAShxQ_000061,1,3.100,
cfrLchAShxQ_000061__pre,0,,
JkYzYrJpSoQ_000805,1,5.000,
JkYzYrJpSoQ_000805__pre,0,,
EY8x-fyQkbk_006155,1,2.800,
EY8x-fyQkbk_006155__pre,0,,
JkYzYrJpSoQ_004658,1,4.200,
JkYzYrJpSoQ_004658__pre,0,,
Hd2IzHAfkCI_001977,1,5.300,
Hd2IzHAfkCI_001977__pre,0,,
t4Cvbdtebk0_001663,1,4.900,
t4Cvbdtebk0_001663__pre,0,,
yB6fjM1UUC0_001057,1,7.400,
yB6fjM1UUC0_001057__pre,0,,
UKBuDqU8qTM_002730,1,3.800,
UKBuDqU8qTM_002730__pre,0,,
JkYzYrJpSoQ_000665,1,5.300,
JkYzYrJpSoQ_000665__pre,0,,
bhA2ckvE-TQ_002322,1,3.700,
bhA2ckvE-TQ_002322__pre,0,,
DpQBo4gb6Lw_005793,1,2.900,
DpQBo4gb6Lw_005793__pre,0,,
J-j5eIHg8I0_005190,1,6.300,
J-j5eIHg8I0_005190__pre,0,,
QERvirE3S5s_003989,1,1.200,
jFFhYwgepmY_005142,1,7.800,
jFFhYwgepmY_005142__pre,0,,
cfrLchAShxQ_004989,1,4.100,
cfrLchAShxQ_004989__pre,0,,
PYL3JcSsS6o_002198,1,3.200,
PYL3JcSsS6o_002198__pre,0,,
bhA2ckvE-TQ_005064,1,5.300,
bhA2ckvE-TQ_005064__pre,0,,
nvVk7L3GrJQ_005883,1,4.200,
nvVk7L3GrJQ_005883__pre,0,,
T89zSiaMNgM_000927,1,8.200,
T89zSiaMNgM_000927__pre,0,,
gDjeTHGWX9c_002004,1,1.700,
qzMjfBx1KI0_001586,1,2.900,
qzMjfBx1KI0_001586__pre,0,,
QeuzUfHIWYU_005777,1,3.700,
QeuzUfHIWYU_005777__pre,0,,
3tEZvtQZ18Q_004640,1,3.700,
3tEZvtQZ18Q_004640__pre,0,,
JkYzYrJpSoQ_000073,1,3.900,
JkYzYrJpSoQ_000073__pre,0,,
Vtpe3HAIEm4_002242,1,3.600,
Vtpe3HAIEm4_002242__pre,0,,
O9uvBFovKj8_005062,1,2.300,
O9uvBFovKj8_005062__pre,0,,
QERvirE3S5s_001290,1,4.400,
QERvirE3S5s_001290__pre,0,,
kjVywUi1WK4_001570,1,3.300,
kjVywUi1WK4_001570__pre,0,,
h55PiQMnlJY_003976,1,7.900,
h55PiQMnlJY_003976__pre,0,,
4K_6s1n6BpU_005048,1,4.300,
4K_6s1n6BpU_005048__pre,0,,
jFFhYwgepmY_005473,1,3.700,
jFFhYwgepmY_005473__pre,0,,
gZbGLa253Ak_001881,1,2.500,
gZbGLa253Ak_001881__pre,0,,
HaC3LrJiTmQ_002100,1,2.600,
HaC3LrJiTmQ_002100__pre,0,,
Nc9SDBksPPA_005387,1,3.200,
Nc9SDBksPPA_005387__pre,0,,
EY8x-fyQkbk_006334,1,1.500,
ruiSuGHJf6Q_002447,1,7.400,
ruiSuGHJf6Q_002447__pre,0,,
h55PiQMnlJY_001383,1,5.300,
h55PiQMnlJY_001383__pre,0,,
UOjQsfDXjO0_005033,1,4.400,
UOjQsfDXjO0_005033__pre,0,,
88LcRU7uEFE_002425,1,3.700,
88LcRU7uEFE_002425__pre,0,,
bhA2ckvE-TQ_005769,1,3.000,
bhA2ckvE-TQ_005769__pre,0,,
ujVRDgGVzlQ_003210,1,8.900,
ujVRDgGVzlQ_003210__pre,0,,
fWJbp43k644_003647,1,3.000,
fWJbp43k644_003647__pre,0,,
e3hXj7S3QyA_001070,1,2.600,
e3hXj7S3QyA_001070__pre,0,,
Hx8FMhmdOQU_002154,1,1.800,
jFFhYwgepmY_001858,1,5.500,
jFFhYwgepmY_001858__pre,0,,
W6YrlYyWguc_005687,1,4.800,
W6YrlYyWguc_005687__pre,0,,
3u_CIo9IaWo_001784,1,4.600,
3u_CIo9IaWo_001784__pre,0,,
4wKjxDXnmYs_003732,1,2.700,
4wKjxDXnmYs_003732__pre,0,,
