id,subset,anomaly_class,video_start,video_end,anomaly_start,anomaly_end,num_frames,anomaly_start_s,anomaly_end_s,duration_s,ignore,ego_involve,night,channel,accident_name,frames_dir_exists
dZG1VKsgs60_001192,train,ego: leave_to_right,1192,1291,53,79,100,5.3,7.9,10.0,,,,,,1
88LcRU7uEFE_003314,train,ego: leave_to_right,3314,3432,48,107,119,4.8,10.7,11.9,,,,,,1
lmykriTbncM_002565,train,ego: leave_to_right,2565,2669,45,67,105,4.5,6.7,10.5,,,,,,1
QeuzUfHIWYU_002638,train,ego: leave_to_right,2638,2765,40,128,128,4.0,12.8,12.8,,,,,,1
6E2N9ld0eHg_004399,train,ego: leave_to_right,4399,4507,16,103,109,1.6,10.3,10.9,,,,,,1
P5MjgFmqouA_002297,train,ego: leave_to_right,2297,2380,49,84,84,4.9,8.4,8.4,,,,,,1
gZbGLa253Ak_004421,train,ego: leave_to_right,4421,4572,38,120,152,3.8,12.0,15.2,,,,,,1
fWJbp43k644_002113,train,ego: leave_to_right,2113,2228,61,116,116,6.1,11.6,11.6,,,,,,1
DSBGS6aRzgc_003585,train,ego: leave_to_right,3585,3708,37,97,124,3.7,9.7,12.4,,,,,,1
Hx8FMhmdOQU_003882,train,ego: leave_to_right,3882,3990,39,88,109,3.9,8.8,10.9,,,,,,1
lKMwX4nA64k_003483,train,ego: leave_to_right,3483,3566,54,80,84,5.4,8.0,8.4,,,,,,1
f482qwPz7ns_005169,train,ego: leave_to_right,5169,5346,76,96,178,7.6,9.6,17.8,,,,,,1
a_VxrUq9PmA_005011,train,ego: leave_to_right,5011,5149,47,137,139,4.7,13.7,13.9,,,,,,1
lKMwX4nA64k_005934,train,ego: leave_to_right,5934,6011,23,54,78,2.3,5.4,7.8,,,,,,1
Eq7_uD2yN5Y_005653,train,ego: leave_to_right,5653,5751,52,90,99,5.2,9.0,9.9,,,,,,1
GdyJqgxlSxs_002184,train,ego: leave_to_right,2184,2299,49,116,116,4.9,11.6,11.6,,,,,,1
ZIts2XH28SA_002006,train,ego: leave_to_right,2006,2124,47,98,119,4.7,9.8,11.9,,,,,,1
kld-iYpdjyo_001217,train,ego: leave_to_right,1217,1309,44,75,93,4.4,7.5,9.3,,,,,,1
dZG1VKsgs60_000936,train,ego: leave_to_right,936,1034,46,87,99,4.6,8.7,9.9,,,,,,1
TlBhM9Xbr2o_001092,train,ego: leave_to_right,1092,1198,46,90,107,4.6,9.0,10.7,,,,,,1
uO2zGO5ydBc_001091,train,ego: leave_to_right,1091,1192,48,87,102,4.8,8.7,10.2,,,,,,1
GdyJqgxlSxs_004590,train,ego: leave_to_right,4590,4694,19,92,105,1.9,9.2,10.5,,,,,,1
J-j5eIHg8I0_002327,train,ego: leave_to_right,2327,2475,64,110,149,6.4,11.0,14.9,,,,,,1
PYL3JcSsS6o_002738,train,ego: leave_to_right,2738,2856,35,94,119,3.5,9.4,11.9,,,,,,1
GdyJqgxlSxs_000643,train,ego: leave_to_right,643,725,24,66,83,2.4,6.6,8.3,,,,,,1
fdvMUP8qvzw_000713,train,ego: leave_to_right,713,815,46,103,103,4.6,10.3,10.3,,,,,,1
kVhgFPPG-wo_002598,train,ego: leave_to_right,2598,2703,29,63,106,2.9,6.3,10.6,,,,,,1
L334aqEJxys_002930,train,ego: leave_to_right,2930,3068,38,129,139,3.8,12.9,13.9,,,,,,1
Z9K13eBUwJM_000061,train,ego: leave_to_right,61,133,12,57,73,1.2,5.7,7.3,,,,,,1
fb5i7JlmJdg_002818,train,ego: leave_to_right,2818,2927,38,110,110,3.8,11.0,11.0,,,,,,1
OWtbKblBOKI_005314,train,ego: leave_to_right,5314,5405,38,85,92,3.8,8.5,9.2,,,,,,1
ujVRDgGVzlQ_004489,train,ego: leave_to_right,4489,4589,38,71,101,3.8,7.1,10.1,,,,,,1
fHUJcUaW2mE_001521,train,ego: leave_to_right,1521,1660,116,140,140,11.6,14.0,14.0,,,,,,1
bFGmOp9H3MA_004096,train,ego: leave_to_right,4096,4178,13,42,83,1.3,4.2,8.3,,,,,,1
TlBhM9Xbr2o_002305,train,ego: leave_to_right,2305,2409,49,79,105,4.9,7.9,10.5,,,,,,1
cfrLchAShxQ_003805,train,ego: leave_to_right,3805,3894,34,76,90,3.4,7.6,9.0,,,,,,1
EY8x-fyQkbk_001548,train,ego: leave_to_right,1548,1643,41,96,96,4.1,9.6,9.6,,,,,,1
DyzL2sahobA_004994,train,ego: leave_to_right,4994,5106,65,101,113,6.5,10.1,11.3,,,,,,1
RASKiMoxhOE_003591,train,ego: leave_to_right,3591,3681,39,88,91,3.9,8.8,9.1,,,,,,1
eN6y6-4C1Rc_004088,train,ego: leave_to_right,4088,4171,31,72,84,3.1,7.2,8.4,,,,,,1
UbDCiQVuzPY_002731,train,ego: leave_to_right,2731,2849,71,94,119,7.1,9.4,11.9,,,,,,1
Hx8FMhmdOQU_004730,train,ego: leave_to_right,4730,4849,54,95,120,5.4,9.5,12.0,,,,,,1
JkYzYrJpSoQ_004518,train,ego: leave_to_right,4518,4656,32,96,139,3.2,9.6,13.9,,,,,,1
ahKX0rtdMJc_001132,train,ego: leave_to_right,1132,1290,64,151,159,6.4,15.1,15.9,,,,,,1
hdOtS-BpUPY_004383,train,ego: leave_to_right,4383,4501,60,100,119,6.0,10.0,11.9,,,,,,1
LfKfK4I5RPE_005264,train,ego: leave_to_right,5264,5412,45,140,149,4.5,14.0,14.9,,,,,,1
0qfbmt4G8Rw_003336,train,ego: leave_to_right,3336,3438,39,85,103,3.9,8.5,10.3,,,,,,1
D_pyFV4nKd4_003894,train,ego: leave_to_right,3894,3991,50,98,98,5.0,9.8,9.8,,,,,,1
DpQBo4gb6Lw_003134,train,ego: leave_to_right,3134,3272,58,106,139,5.8,10.6,13.9,,,,,,1
ha-IeID24As_000447,train,ego: leave_to_right,447,595,53,103,149,5.3,10.3,14.9,,,,,,1
3tEZvtQZ18Q_000371,train,ego: leave_to_right,371,439,0,46,69,0.0,4.6,6.9,,,,,,1
t4Cvbdtebk0_004664,train,ego: leave_to_right,4664,4792,37,86,129,3.7,8.6,12.9,,,,,,1
Z9K13eBUwJM_000629,train,ego: leave_to_right,629,746,33,94,118,3.3,9.4,11.8,,,,,,1
P5MjgFmqouA_004477,train,ego: leave_to_right,4477,4581,28,76,105,2.8,7.6,10.5,,,,,,1
jFFhYwgepmY_001108,train,ego: leave_to_right,1108,1247,43,115,140,4.3,11.5,14.0,,,,,,1
3u_CIo9IaWo_003276,train,ego: leave_to_right,3276,3398,45,101,123,4.5,10.1,12.3,,,,,,1
sUbP4j8rAic_001693,train,ego: leave_to_right,1693,1817,39,89,125,3.9,8.9,12.5,,,,,,1
gDjeTHGWX9c_005001,train,ego: leave_to_right,5001,5151,65,151,151,6.5,15.1,15.1,,,,,,1
xVfPBzDnI2Q_004984,train,ego: leave_to_right,4984,5080,38,82,97,3.8,8.2,9.7,,,,,,1
W6YrlYyWguc_000325,train,ego: leave_to_right,325,493,72,147,169,7.2,14.7,16.9,,,,,,1
0RJPQ_97dcs_000199,train,ego: leave_to_right,199,305,40,70,107,4.0,7.0,10.7,,,,,,1
nHvTqyRntbY_005330,train,ego: leave_to_right,5330,5447,38,95,118,3.8,9.5,11.8,,,,,,1
IOoVklIZLMw_004588,train,ego: leave_to_right,4588,4765,76,109,178,7.6,10.9,17.8,,,,,,1
qzMjfBx1KI0_001259,train,ego: leave_to_right,1259,1413,37,59,155,3.7,5.9,15.5,,,,,,1
qzMjfBx1KI0_002692,train,ego: leave_to_right,2692,2783,14,92,92,1.4,9.2,9.2,,,,,,1
p-fBcE77G4c_005117,train,ego: leave_to_right,5117,5212,47,87,96,4.7,8.7,9.6,,,,,,1
DpQBo4gb6Lw_000907,train,ego: leave_to_right,907,1045,72,134,139,7.2,13.4,13.9,,,,,,1
EY8x-fyQkbk_000286,train,ego: leave_to_right,286,427,37,111,142,3.7,11.1,14.2,,,,,,1
yhtzAKqRyXw_005208,train,ego: leave_to_right,5208,5289,38,58,82,3.8,5.8,8.2,,,,,,1
Q7VBPeGwJWw_001111,train,ego: leave_to_right,1111,1269,29,123,159,2.9,12.3,15.9,,,,,,1
PqbpIHZvjMA_001683,train,ego: leave_to_right,1683,1791,39,96,109,3.9,9.6,10.9,,,,,,1
fHUJcUaW2mE_001103,train,ego: leave_to_right,1103,1202,40,81,100,4.0,8.1,10.0,,,,,,1
f482qwPz7ns_001256,train,ego: leave_to_right,1256,1403,96,147,148,9.6,14.7,14.8,,,,,,1
RASKiMoxhOE_003357,train,ego: leave_to_right,3357,3462,37,93,106,3.7,9.3,10.6,,,,,,1
1u69z-wsDIc_002579,train,ego: leave_to_right,2579,2677,41,84,99,4.1,8.4,9.9,,,,,,1
90gyBengKDs_004600,train,ego: leave_to_right,4600,4649,16,50,50,1.6,5.0,5.0,,,,,,1
yB6fjM1UUC0_000341,train,ego: leave_to_right,341,499,72,118,159,7.2,11.8,15.9,,,,,,1
UKBuDqU8qTM_002520,train,ego: leave_to_right,2520,2628,45,102,109,4.5,10.2,10.9,,,,,,1
uO2zGO5ydBc_001658,train,ego: leave_to_right,1658,1782,57,98,125,5.7,9.8,12.5,,,,,,1
88LcRU7uEFE_000370,train,ego: leave_to_right,370,509,34,92,140,3.4,9.2,14.0,,,,,,1
K1r3m5OrmB4_000236,train,ego: leave_to_right,236,311,30,58,76,3.0,5.8,7.6,,,,,,1
3u_CIo9IaWo_000332,train,ego: leave_to_right,332,437,44,64,106,4.4,6.4,10.6,,,,,,1
fsqORUrKLYg_001105,train,ego: turning,1105,1223,50,86,119,5.0,8.6,11.9,,,,,,1
ujVRDgGVzlQ_002470,train,ego: turning,2470,2529,38,59,60,3.8,5.9,6.0,,,,,,1
Zpo0kwg1XEQ_001399,train,ego: turning,1399,1476,34,52,78,3.4,5.2,7.8,,,,,,1
fb5i7JlmJdg_000073,train,ego: turning,73,179,40,80,107,4.0,8.0,10.7,,,,,,1
UjkeNSr2dXQ_005463,train,ego: turning,5463,5525,13,32,63,1.3,3.2,6.3,,,,,,1
8dI7OolIEXY_003076,train,ego: turning,3076,3174,36,86,99,3.6,8.6,9.9,,,,,,1
UOjQsfDXjO0_001718,train,ego: turning,1718,1856,84,126,139,8.4,12.6,13.9,,,,,,1
h55PiQMnlJY_003675,train,ego: turning,3675,3773,53,84,99,5.3,8.4,9.9,,,,,,1
YBEYOS3A3Ic_000532,train,ego: turning,532,665,62,93,134,6.2,9.3,13.4,,,,,,1
fsqORUrKLYg_001563,train,ego: turning,1563,1671,64,84,109,6.4,8.4,10.9,,,,,,1
DSBGS6aRzgc_000771,train,ego: turning,771,822,45,52,52,4.5,5.2,5.2,,,,,,1
kVhgFPPG-wo_004282,train,ego: turning,4282,4358,13,68,77,1.3,6.8,7.7,,,,,,1
L334aqEJxys_004719,train,ego: turning,4719,4807,50,71,89,5.0,7.1,8.9,,,,,,1
TNZv-NBcV5U_004020,train,ego: turning,4020,4084,35,50,65,3.5,5.0,6.5,,,,,,1
RASKiMoxhOE_003270,train,ego: turning,3270,3355,26,64,86,2.6,6.4,8.6,,,,,,1
Izf9l3VWQuo_000331,train,ego: turning,331,500,40,81,170,4.0,8.1,17.0,,,,,,1
4K_6s1n6BpU_005467,train,ego: turning,5467,5550,23,48,84,2.3,4.8,8.4,,,,,,1
pQdl0apLT70_004880,train,ego: turning,4880,4974,28,35,95,2.8,3.5,9.5,,,,,,1
bcpfYpmDcp0_000888,train,ego: turning,888,970,28,70,83,2.8,7.0,8.3,,,,,,1
fHUJcUaW2mE_000347,train,ego: turning,347,465,63,106,119,6.3,10.6,11.9,,,,,,1
fsqORUrKLYg_000211,train,ego: turning,211,349,66,116,139,6.6,11.6,13.9,,,,,,1
Sihe6aeyLHg_002452,train,ego: turning,2452,2537,32,55,86,3.2,5.5,8.6,,,,,,1
gZbGLa253Ak_004574,train,ego: turning,4574,4652,28,79,79,2.8,7.9,7.9,,,,,,1
HzVbo46kkBA_001028,train,ego: turning,1028,1116,27,47,89,2.7,4.7,8.9,,,,,,1
OWtbKblBOKI_002215,train,ego: turning,2215,2282,35,62,68,3.5,6.2,6.8,,,,,,1
4wKjxDXnmYs_005526,train,ego: turning,5526,5593,24,36,68,2.4,3.6,6.8,,,,,,1
lKMwX4nA64k_005856,train,ego: turning,5856,5888,25,33,33,2.5,3.3,3.3,,,,,,1
ahKX0rtdMJc_001723,train,ego: turning,1723,1825,48,59,103,4.8,5.9,10.3,,,,,,1
PYL3JcSsS6o_005610,train,ego: turning,5610,5728,76,114,119,7.6,11.4,11.9,,,,,,1
fdvMUP8qvzw_004172,train,ego: turning,4172,4230,38,59,59,3.8,5.9,5.9,,,,,,1
JV0D-YkWHD8_003124,train,ego: turning,3124,3188,23,56,65,2.3,5.6,6.5,,,,,,1
ieP36TLihGM_004234,train,ego: turning,4234,4342,52,74,109,5.2,7.4,10.9,,,,,,1
dZG1VKsgs60_001563,train,ego: turning,1563,1653,28,55,91,2.8,5.5,9.1,,,,,,1
fWJbp43k644_002373,train,ego: turning,2373,2487,52,79,115,5.2,7.9,11.5,,,,,,1
IQwS7BEjUxM_004386,train,ego: turning,4386,4494,31,80,109,3.1,8.0,10.9,,,,,,1
nHvTqyRntbY_002024,train,ego: turning,2024,2106,25,44,83,2.5,4.4,8.3,,,,,,1
YBEYOS3A3Ic_001727,train,ego: turning,1727,1822,34,50,96,3.4,5.0,9.6,,,,,,1
Sihe6aeyLHg_006383,train,ego: turning,6383,6468,18,52,86,1.8,5.2,8.6,,,,,,1
y4Evv5By6sg_001058,train,ego: turning,1058,1146,40,57,89,4.0,5.7,8.9,,,,,,1
eW9vWga9F5M_000811,train,ego: turning,811,883,34,68,73,3.4,6.8,7.3,,,,,,1
4wKjxDXnmYs_004902,train,ego: turning,4902,4960,14,59,59,1.4,5.9,5.9,,,,,,1
TNZv-NBcV5U_002572,train,ego: turning,2572,2658,19,37,87,1.9,3.7,8.7,,,,,,1
vdLn-qswnRo_000403,train,ego: turning,403,466,36,63,64,3.6,6.3,6.4,,,,,,1
IOoVklIZLMw_001334,train,ego: turning,1334,1460,43,101,127,4.3,10.1,12.7,,,,,,1
HzVbo46kkBA_003484,train,ego: turning,3484,3592,58,84,109,5.8,8.4,10.9,,,,,,1
Vtpe3HAIEm4_003523,train,ego: turning,3523,3606,43,67,84,4.3,6.7,8.4,,,,,,1
xpOyD-qrQUw_003942,train,ego: turning,3942,4002,41,56,61,4.1,5.6,6.1,,,,,,1
xVfPBzDnI2Q_002001,train,ego: turning,2001,2099,35,52,99,3.5,5.2,9.9,,,,,,1
ZIts2XH28SA_002310,train,ego: turning,2310,2400,42,64,91,4.2,6.4,9.1,,,,,,1
sdqIDbZJfy0_005110,train,ego: turning,5110,5198,29,62,89,2.9,6.2,8.9,,,,,,1
fdvMUP8qvzw_000361,train,ego: turning,361,499,56,78,139,5.6,7.8,13.9,,,,,,1
ruiSuGHJf6Q_001641,train,ego: turning,1641,1789,99,116,149,9.9,11.6,14.9,,,,,,1
GYWPqbrY8Z4_001682,train,ego: turning,1682,1748,18,46,67,1.8,4.6,6.7,,,,,,1
bI9JzQSrEGo_003112,train,ego: turning,3112,3196,31,77,85,3.1,7.7,8.5,,,,,,1
Hx8FMhmdOQU_002552,train,ego: turning,2552,2670,64,84,119,6.4,8.4,11.9,,,,,,1
fHUJcUaW2mE_000548,train,ego: turning,548,666,46,100,119,4.6,10.0,11.9,,,,,,1
Rrcjy5t8b20_002997,train,ego: turning,2997,3066,40,58,70,4.0,5.8,7.0,,,,,,1
QERvirE3S5s_002400,train,ego: turning,2400,2494,41,62,95,4.1,6.2,9.5,,,,,,1
QeuzUfHIWYU_000836,train,ego: turning,836,974,21,48,139,2.1,4.8,13.9,,,,,,1
UKBuDqU8qTM_005119,train,ego: turning,5119,5228,41,75,110,4.1,7.5,11.0,,,,,,1
ujVRDgGVzlQ_005062,train,ego: turning,5062,5121,46,59,60,4.6,5.9,6.0,,,,,,1
2SAby_5t94M_002722,train,ego: turning,2722,2799,17,55,78,1.7,5.5,7.8,,,,,,1
qzMjfBx1KI0_000716,train,ego: turning,716,790,21,49,75,2.1,4.9,7.5,,,,,,1
pQdl0apLT70_004534,train,ego: turning,4534,4598,22,39,65,2.2,3.9,6.5,,,,,,1
nvVk7L3GrJQ_005959,train,ego: turning,5959,6039,35,55,81,3.5,5.5,8.1,,,,,,1
6E2N9ld0eHg_001573,train,ego: turning,1573,1671,49,63,99,4.9,6.3,9.9,,,,,,1
xpOyD-qrQUw_003003,train,ego: turning,3003,3096,35,62,94,3.5,6.2,9.4,,,,,,1
Hkui6PJboFg_005547,train,ego: turning,5547,5594,24,47,48,2.4,4.7,4.8,,,,,,1
ezY7QrSWeWw_001853,train,ego: turning,1853,1908,31,46,56,3.1,4.6,5.6,,,,,,1
bhA2ckvE-TQ_004628,train,ego: turning,4628,4786,59,94,159,5.9,9.4,15.9,,,,,,1
3Sqeb-l1RPA_005677,train,ego: turning,5677,5748,23,50,72,2.3,5.0,7.2,,,,,,1
gXezhrOijmQ_004508,train,ego: turning,4508,4596,36,85,89,3.6,8.5,8.9,,,,,,1
ha-IeID24As_004112,train,ego: turning,4112,4200,51,87,89,5.1,8.7,8.9,,,,,,1
bcpfYpmDcp0_001580,train,ego: turning,1580,1651,52,71,72,5.2,7.1,7.2,,,,,,1
jFFhYwgepmY_000251,train,ego: turning,251,349,39,53,99,3.9,5.3,9.9,,,,,,1
LbKd5Ho0wDM_001235,train,ego: turning,1235,1305,6,34,71,0.6,3.4,7.1,,,,,,1
hdOtS-BpUPY_005441,train,ego: turning,5441,5539,33,71,99,3.3,7.1,9.9,,,,,,1
kVhgFPPG-wo_006087,train,ego: turning,6087,6150,22,60,64,2.2,6.0,6.4,,,,,,1
JV0D-YkWHD8_004334,train,ego: turning,4334,4389,19,34,56,1.9,3.4,5.6,,,,,,1
fb5i7JlmJdg_004802,train,ego: turning,4802,4858,48,57,57,4.8,5.7,5.7,,,,,,1
JV0D-YkWHD8_000061,train,ego: turning,61,150,37,46,90,3.7,4.6,9.0,,,,,,1
pWZSG2cUdEo_003028,train,ego: turning,3028,3183,33,40,156,3.3,4.0,15.6,,,,,,1
fHUJcUaW2mE_003721,train,ego: turning,3721,3829,70,106,109,7.0,10.6,10.9,,,,,,1
yhtzAKqRyXw_002489,train,ego: turning,2489,2569,27,43,81,2.7,4.3,8.1,,,,,,1
4K_6s1n6BpU_003459,train,ego: turning,3459,3537,34,48,79,3.4,4.8,7.9,,,,,,1
ruiSuGHJf6Q_004299,train,ego: turning,4299,4387,30,65,89,3.0,6.5,8.9,,,,,,1
Hd2IzHAfkCI_001562,train,ego: turning,1562,1660,37,63,99,3.7,6.3,9.9,,,,,,1
pQdl0apLT70_003191,train,ego: turning,3191,3287,55,76,97,5.5,7.6,9.7,,,,,,1
hfwb3mZZ0fs_004258,train,ego: turning,4258,4367,14,43,110,1.4,4.3,11.0,,,,,,1
oZaUkhs_H-s_005033,train,ego: turning,5033,5133,55,75,101,5.5,7.5,10.1,,,,,,1
pQdl0apLT70_004810,train,ego: turning,4810,4878,18,38,69,1.8,3.8,6.9,,,,,,1
bcpfYpmDcp0_003106,train,ego: turning,3106,3172,19,31,67,1.9,3.1,6.7,,,,,,1
CyeT8rEQOpQ_001316,train,ego: turning,1316,1405,30,51,90,3.0,5.1,9.0,,,,,,1
PEwiwzyTjX0_003618,train,ego: turning,3618,3698,32,65,81,3.2,6.5,8.1,,,,,,1
dZG1VKsgs60_002668,train,ego: turning,2668,2766,38,76,99,3.8,7.6,9.9,,,,,,1
4OGV0AbV91U_001820,train,ego: turning,1820,1922,34,66,103,3.4,6.6,10.3,,,,,,1
2TmFM9p1KF8_005238,train,ego: turning,5238,5323,36,62,86,3.6,6.2,8.6,,,,,,1
IQwS7BEjUxM_002666,train,ego: turning,2666,2769,57,92,104,5.7,9.2,10.4,,,,,,1
qzMjfBx1KI0_002409,train,ego: turning,2409,2473,21,43,65,2.1,4.3,6.5,,,,,,1
TNZv-NBcV5U_000156,train,ego: turning,156,262,50,76,107,5.0,7.6,10.7,,,,,,1
TNZv-NBcV5U_003566,train,ego: turning,3566,3610,27,45,45,2.7,4.5,4.5,,,,,,1
kVhgFPPG-wo_001150,train,ego: turning,1150,1237,25,88,88,2.5,8.8,8.8,,,,,,1
JV0D-YkWHD8_002833,train,ego: turning,2833,2876,24,39,44,2.4,3.9,4.4,,,,,,1
nvVk7L3GrJQ_002650,train,ego: turning,2650,2736,43,49,87,4.3,4.9,8.7,,,,,,1
JV0D-YkWHD8_000956,train,ego: turning,956,1024,37,54,69,3.7,5.4,6.9,,,,,,1
kVhgFPPG-wo_004450,train,ego: turning,4450,4539,22,58,90,2.2,5.8,9.0,,,,,,1
Rrcjy5t8b20_001098,train,ego: turning,1098,1184,30,46,87,3.0,4.6,8.7,,,,,,1
l1XbmdmGr0Q_001744,train,ego: turning,1744,1832,49,63,89,4.9,6.3,8.9,,,,,,1
TlBhM9Xbr2o_001970,train,ego: turning,1970,2050,33,57,81,3.3,5.7,8.1,,,,,,1
Hx8FMhmdOQU_000363,train,ego: turning,363,481,61,93,119,6.1,9.3,11.9,,,,,,1
xVfPBzDnI2Q_003219,train,ego: turning,3219,3319,25,57,101,2.5,5.7,10.1,,,,,,1
J-j5eIHg8I0_005010,train,ego: turning,5010,5188,130,147,179,13.0,14.7,17.9,,,,,,1
X8VgGb1fJDU_000652,train,ego: turning,652,735,38,74,84,3.8,7.4,8.4,,,,,,1
2TmFM9p1KF8_005814,train,ego: turning,5814,5872,26,45,59,2.6,4.5,5.9,,,,,,1
xVfPBzDnI2Q_005239,train,ego: turning,5239,5310,38,61,72,3.8,6.1,7.2,,,,,,1
HzVbo46kkBA_005827,train,ego: turning,5827,5939,45,113,113,4.5,11.3,11.3,,,,,,1
YBEYOS3A3Ic_002478,train,ego: turning,2478,2588,60,84,111,6.0,8.4,11.1,,,,,,1
kVhgFPPG-wo_006012,train,ego: turning,6012,6085,15,50,74,1.5,5.0,7.4,,,,,,1
fb5i7JlmJdg_000281,train,ego: turning,281,359,57,71,79,5.7,7.1,7.9,,,,,,1
90gyBengKDs_003275,train,ego: turning,3275,3373,34,51,99,3.4,5.1,9.9,,,,,,1
oZaUkhs_H-s_004913,train,ego: turning,4913,5031,30,51,119,3.0,5.1,11.9,,,,,,1
0RJPQ_97dcs_005140,train,ego: turning,5140,5221,25,42,82,2.5,4.2,8.2,,,,,,1
HzVbo46kkBA_000073,train,ego: turning,73,185,32,74,113,3.2,7.4,11.3,,,,,,1
vdLn-qswnRo_003885,train,ego: turning,3885,3988,29,44,104,2.9,4.4,10.4,,,,,,1
Hfs4AlBmg70_004372,train,ego: turning,4372,4427,30,53,56,3.0,5.3,5.6,,,,,,1
oZaUkhs_H-s_001527,train,ego: turning,1527,1675,54,82,149,5.4,8.2,14.9,,,,,,1
fWJbp43k644_004869,train,ego: turning,4869,4978,51,94,110,5.1,9.4,11.0,,,,,,1
5vKPYV5w6pw_003253,train,ego: turning,3253,3341,23,73,89,2.3,7.3,8.9,,,,,,1
r6_ZhT7rmhM_003383,train,ego: turning,3383,3479,32,58,97,3.2,5.8,9.7,,,,,,1
JV0D-YkWHD8_001966,train,ego: turning,1966,2031,6,31,66,0.6,3.1,6.6,,,,,,1
L334aqEJxys_002732,train,ego: turning,2732,2840,29,51,109,2.9,5.1,10.9,,,,,,1
GdyJqgxlSxs_004307,train,ego: turning,4307,4368,10,22,62,1.0,2.2,6.2,,,,,,1
xpOyD-qrQUw_005050,train,ego: turning,5050,5106,20,41,57,2.0,4.1,5.7,,,,,,1
Tsl84N96WM8_000961,train,ego: turning,961,1049,35,89,89,3.5,8.9,8.9,,,,,,1
cfrLchAShxQ_001886,train,ego: turning,1886,1981,43,59,96,4.3,5.9,9.6,,,,,,1
UjkeNSr2dXQ_005770,train,ego: turning,5770,5837,19,42,68,1.9,4.2,6.8,,,,,,1
ieP36TLihGM_001404,train,ego: turning,1404,1517,57,88,114,5.7,8.8,11.4,,,,,,1
bcpfYpmDcp0_001395,train,ego: turning,1395,1482,28,88,88,2.8,8.8,8.8,,,,,,1
y1vGuUK0db4_001028,train,ego: turning,1028,1094,32,46,67,3.2,4.6,6.7,,,,,,1
xVfPBzDnI2Q_002991,train,ego: turning,2991,3128,63,79,138,6.3,7.9,13.8,,,,,,1
3tEZvtQZ18Q_004370,train,ego: turning,4370,4468,47,80,99,4.7,8.0,9.9,,,,,,1
Eq7_uD2yN5Y_004419,train,ego: turning,4419,4507,49,70,89,4.9,7.0,8.9,,,,,,1
ieP36TLihGM_001519,train,ego: turning,1519,1597,31,52,79,3.1,5.2,7.9,,,,,,1
K1r3m5OrmB4_000061,train,ego: turning,61,137,16,49,77,1.6,4.9,7.7,,,,,,1
ujVRDgGVzlQ_005856,train,ego: turning,5856,5975,38,65,120,3.8,6.5,12.0,,,,,,1
Z9K13eBUwJM_002500,train,ego: turning,2500,2637,7,31,138,0.7,3.1,13.8,,,,,,1
0z7J7rOpTic_001286,train,ego: turning,1286,1384,36,82,99,3.6,8.2,9.9,,,,,,1
yhtzAKqRyXw_002311,train,ego: turning,2311,2417,27,45,107,2.7,4.5,10.7,,,,,,1
7uTMZ5-aWKA_003538,train,ego: turning,3538,3776,57,216,239,5.7,21.6,23.9,,,,,,1
IQwS7BEjUxM_003927,train,ego: turning,3927,4025,45,73,99,4.5,7.3,9.9,,,,,,1
lmykriTbncM_001360,train,ego: turning,1360,1465,17,54,106,1.7,5.4,10.6,,,,,,1
FqJ4IfRLKmA_000731,train,ego: turning,731,849,39,62,119,3.9,6.2,11.9,,,,,,1
t4Cvbdtebk0_000605,train,ego: turning,605,683,39,64,79,3.9,6.4,7.9,,,,,,1
UKBuDqU8qTM_005230,train,ego: turning,5230,5286,49,57,57,4.9,5.7,5.7,,,,,,1
OPj7lUQOre8_001531,train,ego: turning,1531,1649,53,69,119,5.3,6.9,11.9,,,,,,1
fWJbp43k644_004275,train,ego: turning,4275,4357,31,50,83,3.1,5.0,8.3,,,,,,1
vdLn-qswnRo_002696,train,ego: turning,2696,2767,32,54,72,3.2,5.4,7.2,,,,,,1
bFGmOp9H3MA_005403,train,ego: turning,5403,5498,22,58,96,2.2,5.8,9.6,,,,,,1
4OGV0AbV91U_000521,train,ego: turning,521,582,23,34,62,2.3,3.4,6.2,,,,,,1
nvVk7L3GrJQ_005753,train,ego: turning,5753,5881,34,54,129,3.4,5.4,12.9,,,,,,1
uO2zGO5ydBc_004454,train,ego: turning,4454,4542,24,59,89,2.4,5.9,8.9,,,,,,1
8dI7OolIEXY_002376,train,ego: turning,2376,2452,35,61,77,3.5,6.1,7.7,,,,,,1
kjVywUi1WK4_000061,train,ego: turning,61,197,51,82,137,5.1,8.2,13.7,,,,,,1
uFwnmh0GpBo_000962,train,ego: turning,962,1080,84,93,119,8.4,9.3,11.9,,,,,,1
K1r3m5OrmB4_002566,train,ego: turning,2566,2650,39,74,85,3.9,7.4,8.5,,,,,,1
D_pyFV4nKd4_000073,train,ego: turning,73,209,79,132,137,7.9,13.2,13.7,,,,,,1
LfKfK4I5RPE_002396,train,ego: turning,2396,2438,36,43,43,3.6,4.3,4.3,,,,,,1
OWtbKblBOKI_003922,train,ego: turning,3922,4034,38,91,113,3.8,9.1,11.3,,,,,,1
EY8x-fyQkbk_003548,train,ego: turning,3548,3659,39,62,112,3.9,6.2,11.2,,,,,,1
88LcRU7uEFE_000832,train,ego: turning,832,905,23,41,74,2.3,4.1,7.4,,,,,,1
4OGV0AbV91U_002491,train,ego: turning,2491,2568,31,68,78,3.1,6.8,7.8,,,,,,1
yhtzAKqRyXw_004280,train,ego: turning,4280,4360,29,36,81,2.9,3.6,8.1,,,,,,1
IOoVklIZLMw_002881,train,ego: turning,2881,3023,77,105,143,7.7,10.5,14.3,,,,,,1
pWZSG2cUdEo_002467,train,ego: turning,2467,2534,28,67,68,2.8,6.7,6.8,,,,,,1
8dI7OolIEXY_005841,train,ego: turning,5841,5931,32,91,91,3.2,9.1,9.1,,,,,,1
0qfbmt4G8Rw_002566,train,ego: turning,2566,2661,46,73,96,4.6,7.3,9.6,,,,,,1
W6YrlYyWguc_003736,train,ego: turning,3736,3814,36,47,79,3.6,4.7,7.9,,,,,,1
X8VgGb1fJDU_001897,train,ego: turning,1897,1984,36,63,88,3.6,6.3,8.8,,,,,,1
VxWJchENocA_004282,train,ego: turning,4282,4336,20,35,55,2.0,3.5,5.5,,,,,,1
L334aqEJxys_000590,train,ego: turning,590,668,25,54,79,2.5,5.4,7.9,,,,,,1
CyeT8rEQOpQ_001523,train,ego: turning,1523,1604,17,44,82,1.7,4.4,8.2,,,,,,1
JV0D-YkWHD8_004564,train,ego: turning,4564,4621,34,56,58,3.4,5.6,5.8,,,,,,1
DkjTJcCXipY_000476,train,ego: turning,476,541,26,55,66,2.6,5.5,6.6,,,,,,1
4K_6s1n6BpU_004936,train,ego: turning,4936,5037,27,41,102,2.7,4.1,10.2,,,,,,1
fdvMUP8qvzw_001297,train,ego: turning,1297,1395,46,86,99,4.6,8.6,9.9,,,,,,1
kjVywUi1WK4_002256,train,ego: turning,2256,2336,46,79,81,4.6,7.9,8.1,,,,,,1
4OGV0AbV91U_001584,train,ego: turning,1584,1654,38,71,71,3.8,7.1,7.1,,,,,,1
PfJ2CudpCgE_005355,train,ego: turning,5355,5434,37,76,80,3.7,7.6,8.0,,,,,,1
hfwb3mZZ0fs_004074,train,ego: turning,4074,4184,47,55,111,4.7,5.5,11.1,,,,,,1
hdOtS-BpUPY_002971,train,ego: turning,2971,3019,30,49,49,3.0,4.9,4.9,,,,,,1
u33fdjUY_Iw_000951,train,ego: turning,951,1069,50,85,119,5.0,8.5,11.9,,,,,,1
DyzL2sahobA_004809,train,ego: turning,4809,4912,15,74,104,1.5,7.4,10.4,,,,,,1
lKMwX4nA64k_003855,train,ego: turning,3855,3889,21,35,35,2.1,3.5,3.5,,,,,,1
fdvMUP8qvzw_002235,train,ego: turning,2235,2309,42,54,75,4.2,5.4,7.5,,,,,,1
bI9JzQSrEGo_005170,train,ego: turning,5170,5248,25,55,79,2.5,5.5,7.9,,,,,,1
mrIFkGZbNjc_000345,train,ego: turning,345,453,58,109,109,5.8,10.9,10.9,,,,,,1
OWtbKblBOKI_000061,train,ego: turning,61,174,55,95,114,5.5,9.5,11.4,,,,,,1
xjbbH74SwTg_001279,train,ego: turning,1279,1417,28,49,139,2.8,4.9,13.9,,,,,,1
UKBuDqU8qTM_000801,train,ego: turning,801,860,35,60,60,3.5,6.0,6.0,,,,,,1
RPNiqsdt6-w_003337,train,ego: turning,3337,3435,46,67,99,4.6,6.7,9.9,,,,,,1
Izf9l3VWQuo_002883,train,ego: turning,2883,3019,35,98,137,3.5,9.8,13.7,,,,,,1
OWtbKblBOKI_004132,train,ego: turning,4132,4216,27,71,85,2.7,7.1,8.5,,,,,,1
5vKPYV5w6pw_000405,train,ego: turning,405,516,64,75,112,6.4,7.5,11.2,,,,,,1
xpOyD-qrQUw_004004,train,ego: turning,4004,4074,21,46,71,2.1,4.6,7.1,,,,,,1
4OGV0AbV91U_003797,train,ego: turning,3797,3881,30,59,85,3.0,5.9,8.5,,,,,,1
PEwiwzyTjX0_002832,train,ego: turning,2832,2926,24,47,95,2.4,4.7,9.5,,,,,,1
7uTMZ5-aWKA_003180,train,ego: turning,3180,3261,46,64,82,4.6,6.4,8.2,,,,,,1
HeK6zbf8I9Y_003736,train,ego: turning,3736,3796,43,60,61,4.3,6.0,6.1,,,,,,1
Z9K13eBUwJM_004618,train,ego: turning,4618,4675,37,51,58,3.7,5.1,5.8,,,,,,1
fHUJcUaW2mE_003659,train,ego: turning,3659,3719,18,61,61,1.8,6.1,6.1,,,,,,1
4K_6s1n6BpU_001442,train,ego: turning,1442,1519,22,45,78,2.2,4.5,7.8,,,,,,1
JkYzYrJpSoQ_000565,train,ego: turning,565,663,57,74,99,5.7,7.4,9.9,,,,,,1
CyeT8rEQOpQ_005280,train,ego: turning,5280,5357,44,73,78,4.4,7.3,7.8,,,,,,1
Rrcjy5t8b20_002649,train,ego: turning,2649,2782,48,64,134,4.8,6.4,13.4,,,,,,1
bcpfYpmDcp0_002784,train,ego: turning,2784,2861,21,29,78,2.1,2.9,7.8,,,,,,1
Nc9SDBksPPA_003835,train,ego: turning,3835,3923,41,56,89,4.1,5.6,8.9,,,,,,1
W6YrlYyWguc_003636,train,ego: turning,3636,3734,50,88,99,5.0,8.8,9.9,,,,,,1
PfJ2CudpCgE_005656,train,ego: turning,5656,5711,20,54,56,2.0,5.4,5.6,,,,,,1
gDjeTHGWX9c_001388,train,ego: turning,1388,1474,15,54,87,1.5,5.4,8.7,,,,,,1
K1r3m5OrmB4_005568,train,ego: turning,5568,5661,56,81,94,5.6,8.1,9.4,,,,,,1
EY8x-fyQkbk_006563,train,ego: turning,6563,6631,13,54,69,1.3,5.4,6.9,,,,,,1
kVhgFPPG-wo_003481,train,ego: turning,3481,3576,53,74,96,5.3,7.4,9.6,,,,,,1
bI9JzQSrEGo_000978,train,ego: turning,978,1049,26,33,72,2.6,3.3,7.2,,,,,,1
kld-iYpdjyo_006581,train,ego: turning,6581,6653,24,56,73,2.4,5.6,7.3,,,,,,1
Zpo0kwg1XEQ_002704,train,ego: turning,2704,2793,41,48,90,4.1,4.8,9.0,,,,,,1
nvVk7L3GrJQ_002221,train,ego: turning,2221,2295,33,48,75,3.3,4.8,7.5,,,,,,1
xjbbH74SwTg_000211,train,ego: turning,211,319,46,64,109,4.6,6.4,10.9,,,,,,1
gDjeTHGWX9c_003820,train,ego: turning,3820,3904,26,38,85,2.6,3.8,8.5,,,,,,1
kjVywUi1WK4_000381,train,ego: turning,381,474,46,74,94,4.6,7.4,9.4,,,,,,1
WWyeuvpHmfc_002541,train,ego: turning,2541,2631,20,41,91,2.0,4.1,9.1,,,,,,1
e3hXj7S3QyA_000781,train,ego: turning,781,850,25,46,70,2.5,4.6,7.0,,,,,,1
4wKjxDXnmYs_001196,train,ego: turning,1196,1252,34,57,57,3.4,5.7,5.7,,,,,,1
eW9vWga9F5M_000894,train,ego: turning,894,1005,59,90,112,5.9,9.0,11.2,,,,,,1
pQdl0apLT70_003673,train,ego: turning,3673,3767,38,57,95,3.8,5.7,9.5,,,,,,1
uFwnmh0GpBo_004259,train,ego: turning,4259,4367,49,63,109,4.9,6.3,10.9,,,,,,1
r6_ZhT7rmhM_004423,train,ego: turning,4423,4505,42,61,83,4.2,6.1,8.3,,,,,,1
bI9JzQSrEGo_004534,train,ego: turning,4534,4597,23,34,64,2.3,3.4,6.4,,,,,,1
GDejMONyY4U_003812,train,ego: turning,3812,3910,32,46,99,3.2,4.6,9.9,,,,,,1
gXezhrOijmQ_000502,train,ego: turning,502,590,46,58,89,4.6,5.8,8.9,,,,,,1
2SAby_5t94M_002971,train,ego: turning,2971,3052,35,52,82,3.5,5.2,8.2,,,,,,1
RPNiqsdt6-w_000291,train,ego: turning,291,399,47,50,109,4.7,5.0,10.9,,,,,,1
fb5i7JlmJdg_004722,train,ego: turning,4722,4800,39,61,79,3.9,6.1,7.9,,,,,,1
Vtpe3HAIEm4_005374,train,ego: turning,5374,5458,31,57,85,3.1,5.7,8.5,,,,,,1
K1r3m5OrmB4_005116,train,ego: turning,5116,5186,17,46,71,1.7,4.6,7.1,,,,,,1
1u69z-wsDIc_000181,train,ego: turning,181,292,58,83,112,5.8,8.3,11.2,,,,,,1
2SAby_5t94M_002238,train,ego: turning,2238,2327,40,64,90,4.0,6.4,9.0,,,,,,1
K1r3m5OrmB4_002078,train,ego: turning,2078,2155,32,57,78,3.2,5.7,7.8,,,,,,1
3u_CIo9IaWo_002692,train,ego: turning,2692,2737,41,46,46,4.1,4.6,4.6,,,,,,1
DyzL2sahobA_000451,train,ego: turning,451,539,32,68,89,3.2,6.8,8.9,,,,,,1
mrIFkGZbNjc_000073,train,ego: turning,73,193,42,92,121,4.2,9.2,12.1,,,,,,1
2TmFM9p1KF8_005562,train,ego: turning,5562,5655,24,51,94,2.4,5.1,9.4,,,,,,1
GDejMONyY4U_001493,train,ego: turning,1493,1550,6,43,58,0.6,4.3,5.8,,,,,,1
DyzL2sahobA_004529,train,ego: turning,4529,4647,53,75,119,5.3,7.5,11.9,,,,,,1
cfrLchAShxQ_001044,train,ego: turning,1044,1112,21,56,69,2.1,5.6,6.9,,,,,,1
6E2N9ld0eHg_000072,train,ego: turning,72,178,23,48,107,2.3,4.8,10.7,,,,,,1
PfJ2CudpCgE_000495,train,ego: turning,495,573,25,37,79,2.5,3.7,7.9,,,,,,1
8dI7OolIEXY_002915,train,ego: turning,2915,2983,52,65,69,5.2,6.5,6.9,,,,,,1
J-j5eIHg8I0_002187,train,ego: turning,2187,2325,53,76,139,5.3,7.6,13.9,,,,,,1
Q7VBPeGwJWw_000357,train,ego: turning,357,443,37,87,87,3.7,8.7,8.7,,,,,,1
O9uvBFovKj8_000075,train,ego: turning,75,209,45,106,135,4.5,10.6,13.5,,,,,,1
Vtpe3HAIEm4_004689,train,ego: turning,4689,4765,21,60,77,2.1,6.0,7.7,,,,,,1
bFGmOp9H3MA_005500,train,ego: turning,5500,5605,17,81,106,1.7,8.1,10.6,,,,,,1
qYonJ4w6SZs_001169,train,ego: turning,1169,1286,42,77,118,4.2,7.7,11.8,,,,,,1
Sihe6aeyLHg_004230,train,ego: turning,4230,4331,38,66,102,3.8,6.6,10.2,,,,,,1
3tEZvtQZ18Q_000791,train,ego: turning,791,899,54,82,109,5.4,8.2,10.9,,,,,,1
4wKjxDXnmYs_000908,train,ego: turning,908,984,27,44,77,2.7,4.4,7.7,,,,,,1
mrIFkGZbNjc_000195,train,ego: turning,195,271,73,77,77,7.3,7.7,7.7,,,,,,1
pQdl0apLT70_001374,train,ego: turning,1374,1446,24,51,73,2.4,5.1,7.3,,,,,,1
JkYzYrJpSoQ_001646,train,ego: turning,1646,1764,45,107,119,4.5,10.7,11.9,,,,,,1
UjkeNSr2dXQ_004540,train,ego: turning,4540,4631,36,60,92,3.6,6.0,9.2,,,,,,1
3tEZvtQZ18Q_005766,train,ego: turning,5766,5882,31,88,117,3.1,8.8,11.7,,,,,,1
QERvirE3S5s_000840,train,ego: turning,840,947,41,96,108,4.1,9.6,10.8,,,,,,1
eWWgJznGg6U_000894,train,ego: turning,894,1012,42,63,119,4.2,6.3,11.9,,,,,,1
Hd2IzHAfkCI_004151,train,ego: turning,4151,4229,31,61,79,3.1,6.1,7.9,,,,,,1
Rrcjy5t8b20_001828,train,ego: turning,1828,1923,26,56,96,2.6,5.6,9.6,,,,,,1
RPNiqsdt6-w_000191,train,ego: turning,191,289,49,57,99,4.9,5.7,9.9,,,,,,1
uFwnmh0GpBo_004369,train,ego: turning,4369,4487,64,95,119,6.4,9.5,11.9,,,,,,1
OPj7lUQOre8_001801,train,ego: turning,1801,1899,33,70,99,3.3,7.0,9.9,,,,,,1
4OGV0AbV91U_002914,train,ego: turning,2914,2986,50,61,73,5.0,6.1,7.3,,,,,,1
4OGV0AbV91U_000777,train,ego: turning,777,879,45,76,103,4.5,7.6,10.3,,,,,,1
p8q77QzOdUs_004191,train,ego: turning,4191,4279,34,53,89,3.4,5.3,8.9,,,,,,1
Hd2IzHAfkCI_004321,train,ego: turning,4321,4409,39,69,89,3.9,6.9,8.9,,,,,,1
EY8x-fyQkbk_006474,train,ego: turning,6474,6561,30,81,88,3.0,8.1,8.8,,,,,,1
PEwiwzyTjX0_002082,train,ego: turning,2082,2186,24,51,105,2.4,5.1,10.5,,,,,,1
PfJ2CudpCgE_001352,train,ego: turning,1352,1427,20,53,76,2.0,5.3,7.6,,,,,,1
Hx8FMhmdOQU_000074,train,ego: turning,74,171,35,70,98,3.5,7.0,9.8,,,,,,1
DSBGS6aRzgc_000371,train,ego: turning,371,469,48,78,99,4.8,7.8,9.9,,,,,,1
kld-iYpdjyo_001739,train,ego: turning,1739,1829,25,61,91,2.5,6.1,9.1,,,,,,1
kjVywUi1WK4_003175,train,ego: turning,3175,3257,26,63,83,2.6,6.3,8.3,,,,,,1
kVhgFPPG-wo_001320,train,ego: turning,1320,1411,25,44,92,2.5,4.4,9.2,,,,,,1
ujVRDgGVzlQ_005196,train,ego: turning,5196,5251,32,53,56,3.2,5.3,5.6,,,,,,1
xVfPBzDnI2Q_000911,train,ego: turning,911,990,26,53,80,2.6,5.3,8.0,,,,,,1
yhtzAKqRyXw_000972,train,ego: turning,972,1096,26,36,125,2.6,3.6,12.5,,,,,,1
3Sqeb-l1RPA_003874,train,ego: turning,3874,3977,39,65,104,3.9,6.5,10.4,,,,,,1
DSBGS6aRzgc_005753,train,ego: turning,5753,5859,25,82,107,2.5,8.2,10.7,,,,,,1
xpOyD-qrQUw_001076,train,ego: turning,1076,1139,26,48,64,2.6,4.8,6.4,,,,,,1
WWyeuvpHmfc_003415,train,ego: turning,3415,3495,30,46,81,3.0,4.6,8.1,,,,,,1
qzMjfBx1KI0_000882,train,ego: turning,882,992,86,107,111,8.6,10.7,11.1,,,,,,1
lmykriTbncM_003407,train,ego: turning,3407,3544,66,80,138,6.6,8.0,13.8,,,,,,1
TlBhM9Xbr2o_004445,train,ego: turning,4445,4558,74,88,114,7.4,8.8,11.4,,,,,,1
3Sqeb-l1RPA_003561,train,ego: turning,3561,3664,15,45,104,1.5,4.5,10.4,,,,,,1
LbKd5Ho0wDM_000742,train,ego: turning,742,813,19,47,72,1.9,4.7,7.2,,,,,,1
J-j5eIHg8I0_004908,train,ego: turning,4908,5008,29,73,101,2.9,7.3,10.1,,,,,,1
K1r3m5OrmB4_006234,train,ego: turning,6234,6304,24,51,71,2.4,5.1,7.1,,,,,,1
90gyBengKDs_000840,train,ego: turning,840,943,59,85,104,5.9,8.5,10.4,,,,,,1
HeK6zbf8I9Y_001702,train,ego: turning,1702,1780,24,44,79,2.4,4.4,7.9,,,,,,1
lmykriTbncM_003894,train,ego: turning,3894,3988,29,52,95,2.9,5.2,9.5,,,,,,1
3tEZvtQZ18Q_004970,train,ego: turning,4970,5078,31,93,109,3.1,9.3,10.9,,,,,,1
Y4rb2_HaBdQ_000416,train,ego: turning,416,516,47,61,101,4.7,6.1,10.1,,,,,,1
Eq7_uD2yN5Y_003719,train,ego: turning,3719,3797,28,53,79,2.8,5.3,7.9,,,,,,1
krPRThe7R4g_003203,train,ego: turning,3203,3264,20,43,62,2.0,4.3,6.2,,,,,,1
Z9K13eBUwJM_004933,train,ego: turning,4933,5027,33,66,95,3.3,6.6,9.5,,,,,,1
HzVbo46kkBA_003834,train,ego: turning,3834,3932,42,72,99,4.2,7.2,9.9,,,,,,1
1u69z-wsDIc_000394,train,ego: turning,394,482,38,59,89,3.8,5.9,8.9,,,,,,1
T89zSiaMNgM_000075,train,ego: turning,75,180,37,76,106,3.7,7.6,10.6,,,,,,1
kN-2mc561GY_003742,train,ego: turning,3742,3829,11,27,88,1.1,2.7,8.8,,,,,,1
ujVRDgGVzlQ_003142,train,ego: turning,3142,3208,29,49,67,2.9,4.9,6.7,,,,,,1
uO2zGO5ydBc_000850,train,ego: turning,850,904,35,51,55,3.5,5.1,5.5,,,,,,1
TNZv-NBcV5U_004778,train,ego: turning,4778,4855,29,48,78,2.9,4.8,7.8,,,,,,1
PfJ2CudpCgE_003707,train,ego: turning,3707,3829,30,63,123,3.0,6.3,12.3,,,,,,1
OWtbKblBOKI_004918,train,ego: turning,4918,4994,25,63,77,2.5,6.3,7.7,,,,,,1
2TmFM9p1KF8_000052,train,ego: turning,52,138,55,72,87,5.5,7.2,8.7,,,,,,1
sUbP4j8rAic_004629,train,ego: turning,4629,4737,52,85,109,5.2,8.5,10.9,,,,,,1
TNZv-NBcV5U_004527,train,ego: turning,4527,4602,33,54,76,3.3,5.4,7.6,,,,,,1
EY8x-fyQkbk_005584,train,ego: turning,5584,5674,44,79,91,4.4,7.9,9.1,,,,,,1
fsqORUrKLYg_005200,train,ego: turning,5200,5428,152,186,229,15.2,18.6,22.9,,,,,,1
JV0D-YkWHD8_002599,train,ego: turning,2599,2674,22,47,76,2.2,4.7,7.6,,,,,,1
fb5i7JlmJdg_004449,train,ego: turning,4449,4547,45,86,99,4.5,8.6,9.9,,,,,,1
nHvTqyRntbY_002946,train,ego: turning,2946,3019,26,47,74,2.6,4.7,7.4,,,,,,1
7uTMZ5-aWKA_003263,train,ego: turning,3263,3536,43,73,274,4.3,7.3,27.4,,,,,,1
RASKiMoxhOE_003995,train,ego: turning,3995,4069,22,55,75,2.2,5.5,7.5,,,,,,1
ujVRDgGVzlQ_000335,train,ego: turning,335,479,27,41,145,2.7,4.1,14.5,,,,,,1
r6_ZhT7rmhM_004615,train,ego: turning,4615,4696,40,52,82,4.0,5.2,8.2,,,,,,1
QeuzUfHIWYU_003673,train,ego: turning,3673,3727,11,33,55,1.1,3.3,5.5,,,,,,1
PEwiwzyTjX0_003560,train,ego: turning,3560,3616,29,44,57,2.9,4.4,5.7,,,,,,1
5vKPYV5w6pw_004414,train,ego: turning,4414,4513,52,78,100,5.2,7.8,10.0,,,,,,1
ZIts2XH28SA_000441,train,ego: turning,441,550,55,92,110,5.5,9.2,11.0,,,,,,1
PfJ2CudpCgE_000827,train,ego: turning,827,925,19,57,99,1.9,5.7,9.9,,,,,,1
W6YrlYyWguc_000075,train,ego: turning,75,196,64,105,122,6.4,10.5,12.2,,,,,,1
LfKfK4I5RPE_000421,train,ego: turning,421,520,40,75,100,4.0,7.5,10.0,,,,,,1
yhtzAKqRyXw_001757,train,ego: turning,1757,1842,28,45,86,2.8,4.5,8.6,,,,,,1
kld-iYpdjyo_005427,train,ego: turning,5427,5491,24,45,65,2.4,4.5,6.5,,,,,,1
CyeT8rEQOpQ_001606,train,ego: turning,1606,1716,25,62,111,2.5,6.2,11.1,,,,,,1
vZSr9dhRxlE_004142,train,ego: turning,4142,4217,27,53,76,2.7,5.3,7.6,,,,,,1
IQwS7BEjUxM_001201,train,ego: turning,1201,1293,26,54,93,2.6,5.4,9.3,,,,,,1
pWZSG2cUdEo_001679,train,ego: turning,1679,1751,32,44,73,3.2,4.4,7.3,,,,,,1
yhtzAKqRyXw_002419,train,ego: turning,2419,2487,36,61,69,3.6,6.1,6.9,,,,,,1
gXezhrOijmQ_000073,train,ego: turning,73,189,55,106,117,5.5,10.6,11.7,,,,,,1
Sihe6aeyLHg_005676,train,ego: turning,5676,5757,30,65,82,3.0,6.5,8.2,,,,,,1
PfJ2CudpCgE_001429,train,ego: turning,1429,1527,38,67,99,3.8,6.7,9.9,,,,,,1
OWtbKblBOKI_003159,train,ego: turning,3159,3227,21,52,69,2.1,5.2,6.9,,,,,,1
Y4rb2_HaBdQ_000998,train,ego: turning,998,1106,32,74,109,3.2,7.4,10.9,,,,,,1
ieP36TLihGM_000401,train,ego: turning,401,519,56,78,119,5.6,7.8,11.9,,,,,,1
GDejMONyY4U_004751,train,ego: turning,4751,4816,32,56,66,3.2,5.6,6.6,,,,,,1
Izf9l3VWQuo_000073,train,ego: turning,73,189,40,84,117,4.0,8.4,11.7,,,,,,1
Sihe6aeyLHg_005096,train,ego: turning,5096,5182,37,60,87,3.7,6.0,8.7,,,,,,1
Rrcjy5t8b20_003166,train,ego: turning,3166,3252,32,40,87,3.2,4.0,8.7,,,,,,1
O9uvBFovKj8_000672,train,ego: turning,672,790,28,66,119,2.8,6.6,11.9,,,,,,1
l1XbmdmGr0Q_004796,train,ego: turning,4796,4883,41,69,88,4.1,6.9,8.8,,,,,,1
nvVk7L3GrJQ_002297,train,ego: turning,2297,2402,16,35,106,1.6,3.5,10.6,,,,,,1
OWtbKblBOKI_000176,train,ego: turning,176,259,35,84,84,3.5,8.4,8.4,,,,,,1
Vtpe3HAIEm4_000729,train,ego: turning,729,813,43,58,85,4.3,5.8,8.5,,,,,,1
GDejMONyY4U_002293,train,ego: turning,2293,2372,26,42,80,2.6,4.2,8.0,,,,,,1
IOoVklIZLMw_000290,train,ego: turning,290,388,44,65,99,4.4,6.5,9.9,,,,,,1
YBEYOS3A3Ic_001972,train,ego: turning,1972,2056,30,55,85,3.0,5.5,8.5,,,,,,1
jKwCC2RhxJE_001746,train,ego: turning,1746,1818,1,37,73,0.1,3.7,7.3,,,,,,1
kld-iYpdjyo_005915,train,ego: turning,5915,6001,32,56,87,3.2,5.6,8.7,,,,,,1
Sihe6aeyLHg_005509,train,ego: turning,5509,5588,46,73,80,4.6,7.3,8.0,,,,,,1
P5MjgFmqouA_001506,train,ego: turning,1506,1594,29,65,89,2.9,6.5,8.9,,,,,,1
4OGV0AbV91U_003954,train,ego: turning,3954,4028,25,59,75,2.5,5.9,7.5,,,,,,1
Hkui6PJboFg_004555,train,ego: turning,4555,4630,13,29,76,1.3,2.9,7.6,,,,,,1
oZaUkhs_H-s_000295,train,ego: turning,295,383,48,73,89,4.8,7.3,8.9,,,,,,1
TNZv-NBcV5U_001639,train,ego: turning,1639,1720,35,60,82,3.5,6.0,8.2,,,,,,1
3sGShQb_HwU_001276,train,ego: turning,1276,1384,60,72,109,6.0,7.2,10.9,,,,,,1
JV0D-YkWHD8_003893,train,ego: turning,3893,3937,11,22,45,1.1,2.2,4.5,,,,,,1
xToi8YVZM8o_000231,train,ego: turning,231,339,48,79,109,4.8,7.9,10.9,,,,,,1
xjbbH74SwTg_000722,train,ego: turning,722,810,36,59,89,3.6,5.9,8.9,,,,,,1
pOJpwWmEcFg_000281,train,ego: turning,281,387,56,81,107,5.6,8.1,10.7,,,,,,1
kld-iYpdjyo_000332,train,ego: turning,332,426,52,73,95,5.2,7.3,9.5,,,,,,1
lmykriTbncM_000951,train,ego: turning,951,1065,46,66,115,4.6,6.6,11.5,,,,,,1
TNZv-NBcV5U_003333,train,ego: turning,3333,3412,32,54,80,3.2,5.4,8.0,,,,,,1
6E2N9ld0eHg_002827,train,ego: turning,2827,2896,31,42,70,3.1,4.2,7.0,,,,,,1
pQdl0apLT70_004682,train,ego: turning,4682,4753,37,46,72,3.7,4.6,7.2,,,,,,1
bFGmOp9H3MA_002262,train,ego: turning,2262,2372,44,70,111,4.4,7.0,11.1,,,,,,1
Izf9l3VWQuo_001035,train,ego: turning,1035,1133,44,71,99,4.4,7.1,9.9,,,,,,1
QeuzUfHIWYU_000349,train,ego: turning,349,467,58,92,119,5.8,9.2,11.9,,,,,,1
p-fBcE77G4c_002549,train,ego: turning,2549,2653,46,60,105,4.6,6.0,10.5,,,,,,1
ahKX0rtdMJc_002328,train,ego: turning,2328,2426,43,75,99,4.3,7.5,9.9,,,,,,1
vdLn-qswnRo_002152,train,ego: turning,2152,2209,17,41,58,1.7,4.1,5.8,,,,,,1
sUbP4j8rAic_002607,train,ego: turning,2607,2731,36,69,125,3.6,6.9,12.5,,,,,,1
bI9JzQSrEGo_001598,train,ego: turning,1598,1674,30,63,77,3.0,6.3,7.7,,,,,,1
JHfjuFrnpjA_000962,train,ego: turning,962,1042,44,65,81,4.4,6.5,8.1,,,,,,1
y4Evv5By6sg_001655,train,ego: turning,1655,1759,39,68,105,3.9,6.8,10.5,,,,,,1
lmykriTbncM_001067,train,ego: turning,1067,1171,35,49,105,3.5,4.9,10.5,,,,,,1
gDjeTHGWX9c_003026,train,ego: turning,3026,3094,23,45,69,2.3,4.5,6.9,,,,,,1
Nc9SDBksPPA_001230,train,ego: turning,1230,1284,46,55,55,4.6,5.5,5.5,,,,,,1
Z9K13eBUwJM_001713,train,ego: turning,1713,1791,30,39,79,3.0,3.9,7.9,,,,,,1
UbDCiQVuzPY_001866,train,ego: turning,1866,2004,66,111,139,6.6,11.1,13.9,,,,,,1
y1vGuUK0db4_000652,train,ego: turning,652,754,35,54,103,3.5,5.4,10.3,,,,,,1
Z9K13eBUwJM_003725,train,ego: turning,3725,3807,35,48,83,3.5,4.8,8.3,,,,,,1
h55PiQMnlJY_001132,train,ego: turning,1132,1241,64,77,110,6.4,7.7,11.0,,,,,,1
Z9K13eBUwJM_003518,train,ego: turning,3518,3593,28,42,76,2.8,4.2,7.6,,,,,,1
4OGV0AbV91U_003445,train,ego: turning,3445,3525,32,64,81,3.2,6.4,8.1,,,,,,1
GDejMONyY4U_003330,train,ego: turning,3330,3367,25,38,38,2.5,3.8,3.8,,,,,,1
pWZSG2cUdEo_001139,train,ego: turning,1139,1219,28,48,81,2.8,4.8,8.1,,,,,,1
kVhgFPPG-wo_004360,train,ego: turning,4360,4448,27,50,89,2.7,5.0,8.9,,,,,,1
1u69z-wsDIc_000294,train,ego: turning,294,338,37,45,45,3.7,4.5,4.5,,,,,,1
u33fdjUY_Iw_003121,train,ego: turning,3121,3226,70,80,106,7.0,8.0,10.6,,,,,,1
kjVywUi1WK4_001927,train,ego: turning,1927,2024,51,82,98,5.1,8.2,9.8,,,,,,1
OWtbKblBOKI_001141,train,ego: turning,1141,1224,13,37,84,1.3,3.7,8.4,,,,,,1
cfrLchAShxQ_000752,train,ego: turning,752,884,56,98,133,5.6,9.8,13.3,,,,,,1
pQdl0apLT70_003935,train,ego: turning,3935,4019,44,64,85,4.4,6.4,8.5,,,,,,1
kEcbnTbgi4A_000576,train,ego: turning,576,653,37,58,78,3.7,5.8,7.8,,,,,,1
PqbpIHZvjMA_003848,train,ego: turning,3848,3994,36,50,147,3.6,5.0,14.7,,,,,,1
qzMjfBx1KI0_005123,train,ego: turning,5123,5199,33,59,77,3.3,5.9,7.7,,,,,,1
p-fBcE77G4c_003598,train,ego: turning,3598,3687,36,77,90,3.6,7.7,9.0,,,,,,1
kVhgFPPG-wo_003917,train,ego: turning,3917,4011,20,66,95,2.0,6.6,9.5,,,,,,1
zRZ9PJguIfE_003564,train,ego: turning,3564,3664,53,80,101,5.3,8.0,10.1,,,,,,1
HaC3LrJiTmQ_003884,train,ego: turning,3884,3986,47,73,103,4.7,7.3,10.3,,,,,,1
u33fdjUY_Iw_001682,train,ego: turning,1682,1744,43,63,63,4.3,6.3,6.3,,,,,,1
HaC3LrJiTmQ_000400,train,ego: turning,400,496,38,78,97,3.8,7.8,9.7,,,,,,1
uFwnmh0GpBo_005490,train,ego: turning,5490,5588,49,70,99,4.9,7.0,9.9,,,,,,1
X8VgGb1fJDU_001780,train,ego: turning,1780,1895,6,27,116,0.6,2.7,11.6,,,,,,1
90gyBengKDs_000676,train,ego: turning,676,750,31,58,75,3.1,5.8,7.5,,,,,,1
UbDCiQVuzPY_002517,train,ego: turning,2517,2605,40,60,89,4.0,6.0,8.9,,,,,,1
90gyBengKDs_001407,train,ego: turning,1407,1494,35,55,88,3.5,5.5,8.8,,,,,,1
OWtbKblBOKI_004700,train,ego: turning,4700,4798,28,79,99,2.8,7.9,9.9,,,,,,1
QeuzUfHIWYU_004918,train,ego: turning,4918,5016,47,75,99,4.7,7.5,9.9,,,,,,1
JkYzYrJpSoQ_000464,train,ego: turning,464,563,48,79,100,4.8,7.9,10.0,,,,,,1
2TmFM9p1KF8_004755,train,ego: turning,4755,4843,32,41,89,3.2,4.1,8.9,,,,,,1
JmwUVoOrgk8_002081,train,ego: turning,2081,2219,52,84,139,5.2,8.4,13.9,,,,,,1
kjVywUi1WK4_003761,train,ego: turning,3761,3838,52,78,78,5.2,7.8,7.8,,,,,,1
JkYzYrJpSoQ_002420,train,ego: turning,2420,2518,39,68,99,3.9,6.8,9.9,,,,,,1
8dI7OolIEXY_004645,train,ego: turning,4645,4732,30,71,88,3.0,7.1,8.8,,,,,,1
pQdl0apLT70_005211,train,ego: turning,5211,5289,36,51,79,3.6,5.1,7.9,,,,,,1
4K_6s1n6BpU_006074,train,ego: turning,6074,6143,24,53,70,2.4,5.3,7.0,,,,,,1
cfrLchAShxQ_001402,train,ego: turning,1402,1513,45,69,112,4.5,6.9,11.2,,,,,,1
QERvirE3S5s_003199,train,ego: turning,3199,3282,35,67,84,3.5,6.7,8.4,,,,,,1
V3--0ubJkNE_004893,train,ego: turning,4893,5019,19,100,127,1.9,10.0,12.7,,,,,,1
K1r3m5OrmB4_003089,train,ego: turning,3089,3189,61,93,101,6.1,9.3,10.1,,,,,,1
PYL3JcSsS6o_004236,train,ego: turning,4236,4293,54,58,58,5.4,5.8,5.8,,,,,,1
kjVywUi1WK4_004432,train,ego: turning,4432,4532,60,85,101,6.0,8.5,10.1,,,,,,1
y1vGuUK0db4_005626,train,ego: turning,5626,5714,48,68,89,4.8,6.8,8.9,,,,,,1
CyeT8rEQOpQ_004725,train,ego: turning,4725,4810,16,51,86,1.6,5.1,8.6,,,,,,1
X8VgGb1fJDU_001455,train,ego: turning,1455,1562,46,68,108,4.6,6.8,10.8,,,,,,1
OWtbKblBOKI_001508,train,ego: turning,1508,1614,34,107,107,3.4,10.7,10.7,,,,,,1
uFwnmh0GpBo_000181,train,ego: turning,181,289,28,72,109,2.8,7.2,10.9,,,,,,1
nvVk7L3GrJQ_004113,train,ego: turning,4113,4197,39,51,85,3.9,5.1,8.5,,,,,,1
DyzL2sahobA_000541,train,ego: turning,541,619,28,70,79,2.8,7.0,7.9,,,,,,1
kjVywUi1WK4_001359,train,ego: turning,1359,1460,48,73,102,4.8,7.3,10.2,,,,,,1
Y4rb2_HaBdQ_000240,train,ego: turning,240,327,32,56,88,3.2,5.6,8.8,,,,,,1
Hd2IzHAfkCI_000629,train,ego: turning,629,717,51,81,89,5.1,8.1,8.9,,,,,,1
p-fBcE77G4c_002720,train,ego: turning,2720,2792,40,62,73,4.0,6.2,7.3,,,,,,1
krPRThe7R4g_003363,train,ego: turning,3363,3441,27,64,79,2.7,6.4,7.9,,,,,,1
t4Cvbdtebk0_000996,train,ego: turning,996,1119,57,76,124,5.7,7.6,12.4,,,,,,1
Vtpe3HAIEm4_002007,train,ego: turning,2007,2081,32,46,75,3.2,4.6,7.5,,,,,,1
lKMwX4nA64k_002052,train,ego: turning,2052,2191,20,58,140,2.0,5.8,14.0,,,,,,1
HzVbo46kkBA_001861,train,ego: turning,1861,1985,66,87,125,6.6,8.7,12.5,,,,,,1
3tEZvtQZ18Q_000441,train,ego: turning,441,529,21,71,89,2.1,7.1,8.9,,,,,,1
fb5i7JlmJdg_000181,train,ego: turning,181,279,61,99,99,6.1,9.9,9.9,,,,,,1
TlBhM9Xbr2o_004816,train,ego: turning,4816,4904,41,50,89,4.1,5.0,8.9,,,,,,1
gDjeTHGWX9c_003331,train,ego: turning,3331,3427,20,83,97,2.0,8.3,9.7,,,,,,1
gDjeTHGWX9c_003246,train,ego: turning,3246,3329,50,79,84,5.0,7.9,8.4,,,,,,1
Y4rb2_HaBdQ_004022,train,ego: turning,4022,4124,37,67,103,3.7,6.7,10.3,,,,,,1
y4Evv5By6sg_001148,train,ego: turning,1148,1236,50,81,89,5.0,8.1,8.9,,,,,,1
gXezhrOijmQ_000401,train,ego: turning,401,500,55,91,100,5.5,9.1,10.0,,,,,,1
Hd2IzHAfkCI_000529,train,ego: turning,529,627,36,59,99,3.6,5.9,9.9,,,,,,1
5vKPYV5w6pw_001345,train,ego: turning,1345,1463,27,106,119,2.7,10.6,11.9,,,,,,1
fb5i7JlmJdg_001073,train,ego: turning,1073,1212,85,108,140,8.5,10.8,14.0,,,,,,1
bcpfYpmDcp0_000052,train,ego: turning,52,154,34,60,103,3.4,6.0,10.3,,,,,,1
sUbP4j8rAic_005558,train,ego: turning,5558,5756,93,122,199,9.3,12.2,19.9,,,,,,1
IOvkPjLsybM_000609,train,ego: turning,609,684,17,54,76,1.7,5.4,7.6,,,,,,1
FqJ4IfRLKmA_001771,train,ego: turning,1771,1909,62,102,139,6.2,10.2,13.9,,,,,,1
l1XbmdmGr0Q_003473,train,ego: turning,3473,3582,29,59,110,2.9,5.9,11.0,,,,,,1
WWyeuvpHmfc_003497,train,ego: turning,3497,3560,31,41,64,3.1,4.1,6.4,,,,,,1
nHvTqyRntbY_003413,train,ego: turning,3413,3483,5,25,71,0.5,2.5,7.1,,,,,,1
GJr8wKk8-YA_001654,train,ego: turning,1654,1750,20,60,97,2.0,6.0,9.7,,,,,,1
ZIts2XH28SA_003025,train,ego: turning,3025,3085,27,42,61,2.7,4.2,6.1,,,,,,1
bcpfYpmDcp0_001305,train,ego: turning,1305,1393,28,89,89,2.8,8.9,8.9,,,,,,1
T89zSiaMNgM_003762,train,ego: turning,3762,3803,31,42,42,3.1,4.2,4.2,,,,,,1
Hkui6PJboFg_000164,train,ego: turning,164,217,36,54,54,3.6,5.4,5.4,,,,,,1
Tsl84N96WM8_001676,train,ego: turning,1676,1789,58,79,114,5.8,7.9,11.4,,,,,,1
nHvTqyRntbY_005048,train,ego: turning,5048,5120,36,53,73,3.6,5.3,7.3,,,,,,1
bcpfYpmDcp0_000243,train,ego: turning,243,322,25,63,80,2.5,6.3,8.0,,,,,,1
l1XbmdmGr0Q_004344,train,ego: turning,4344,4410,29,45,67,2.9,4.5,6.7,,,,,,1
4wKjxDXnmYs_001351,train,ego: turning,1351,1419,25,47,69,2.5,4.7,6.9,,,,,,1
8dI7OolIEXY_003985,train,ego: turning,3985,4089,32,44,105,3.2,4.4,10.5,,,,,,1
PEwiwzyTjX0_002380,train,ego: turning,2380,2500,23,79,121,2.3,7.9,12.1,,,,,,1
ahKX0rtdMJc_000752,train,ego: turning,752,850,42,66,99,4.2,6.6,9.9,,,,,,1
Hfs4AlBmg70_004290,train,ego: turning,4290,4349,28,52,60,2.8,5.2,6.0,,,,,,1
5vKPYV5w6pw_003173,train,ego: turning,3173,3251,39,63,79,3.9,6.3,7.9,,,,,,1
fHUJcUaW2mE_003544,train,ego: turning,3544,3602,22,45,59,2.2,4.5,5.9,,,,,,1
IOoVklIZLMw_001063,train,ego: turning,1063,1166,42,73,104,4.2,7.3,10.4,,,,,,1
3Sqeb-l1RPA_004505,train,ego: turning,4505,4604,29,46,100,2.9,4.6,10.0,,,,,,1
Y4rb2_HaBdQ_002198,train,ego: turning,2198,2282,40,58,85,4.0,5.8,8.5,,,,,,1
f482qwPz7ns_000073,train,ego: turning,73,184,62,91,112,6.2,9.1,11.2,,,,,,1
WWyeuvpHmfc_000597,train,ego: turning,597,683,36,68,87,3.6,6.8,8.7,,,,,,1
pQdl0apLT70_001745,train,ego: turning,1745,1834,44,68,90,4.4,6.8,9.0,,,,,,1
3tEZvtQZ18Q_005080,train,ego: turning,5080,5178,36,87,99,3.6,8.7,9.9,,,,,,1
iZ8OKEd-2bs_002534,train,ego: turning,2534,2591,26,57,58,2.6,5.7,5.8,,,,,,1
QERvirE3S5s_002572,train,ego: turning,2572,2655,29,42,84,2.9,4.2,8.4,,,,,,1
V3--0ubJkNE_005741,train,ego: turning,5741,5824,30,60,84,3.0,6.0,8.4,,,,,,1
3tEZvtQZ18Q_000531,train,ego: turning,531,689,47,122,159,4.7,12.2,15.9,,,,,,1
dZG1VKsgs60_004872,train,ego: turning,4872,4990,56,93,119,5.6,9.3,11.9,,,,,,1
nvVk7L3GrJQ_005069,train,ego: turning,5069,5159,29,53,91,2.9,5.3,9.1,,,,,,1
88LcRU7uEFE_003434,train,ego: turning,3434,3532,50,78,99,5.0,7.8,9.9,,,,,,1
bFGmOp9H3MA_002756,train,ego: turning,2756,2951,33,60,196,3.3,6.0,19.6,,,,,,1
nHvTqyRntbY_003858,train,ego: turning,3858,3968,40,61,111,4.0,6.1,11.1,,,,,,1
1u69z-wsDIc_002769,train,ego: turning,2769,2867,47,85,99,4.7,8.5,9.9,,,,,,1
fb5i7JlmJdg_001324,train,ego: turning,1324,1432,57,99,109,5.7,9.9,10.9,,,,,,1
8dI7OolIEXY_005933,train,ego: turning,5933,5999,7,46,67,0.7,4.6,6.7,,,,,,1
CyeT8rEQOpQ_001230,train,ego: turning,1230,1314,32,54,85,3.2,5.4,8.5,,,,,,1
YBEYOS3A3Ic_002950,train,ego: turning,2950,3025,3,48,76,0.3,4.8,7.6,,,,,,1
kld-iYpdjyo_003085,train,ego: turning,3085,3167,40,64,83,4.0,6.4,8.3,,,,,,1
5vKPYV5w6pw_003098,train,ego: turning,3098,3171,30,55,74,3.0,5.5,7.4,,,,,,1
vdLn-qswnRo_004096,train,ego: turning,4096,4163,31,60,68,3.1,6.0,6.8,,,,,,1
EY8x-fyQkbk_002450,train,ego: turning,2450,2545,18,35,96,1.8,3.5,9.6,,,,,,1
0RJPQ_97dcs_000307,train,ego: turning,307,385,23,53,79,2.3,5.3,7.9,,,,,,1
fHUJcUaW2mE_003604,train,ego: turning,3604,3657,16,37,54,1.6,3.7,5.4,,,,,,1
xpOyD-qrQUw_004076,train,ego: turning,4076,4158,29,53,83,2.9,5.3,8.3,,,,,,1
fb5i7JlmJdg_003878,train,ego: turning,3878,3946,57,68,69,5.7,6.8,6.9,,,,,,1
RPNiqsdt6-w_000075,train,ego: turning,75,189,50,92,115,5.0,9.2,11.5,,,,,,1
YBEYOS3A3Ic_001824,train,ego: turning,1824,1891,24,47,68,2.4,4.7,6.8,,,,,,1
PfJ2CudpCgE_005782,train,ego: turning,5782,5859,22,78,78,2.2,7.8,7.8,,,,,,1
3Sqeb-l1RPA_002730,train,ego: turning,2730,2807,21,47,78,2.1,4.7,7.8,,,,,,1
J_ggxJD3Uy8_002884,train,ego: turning,2884,2948,21,57,65,2.1,5.7,6.5,,,,,,1
gXezhrOijmQ_004307,train,ego: turning,4307,4415,45,81,109,4.5,8.1,10.9,,,,,,1
HaC3LrJiTmQ_000498,train,ego: turning,498,585,49,61,88,4.9,6.1,8.8,,,,,,1
1u69z-wsDIc_004195,train,ego: turning,4195,4283,32,58,89,3.2,5.8,8.9,,,,,,1
4K_6s1n6BpU_006586,train,ego: turning,6586,6671,26,86,86,2.6,8.6,8.6,,,,,,1
h55PiQMnlJY_003175,train,ego: turning,3175,3253,45,61,79,4.5,6.1,7.9,,,,,,1
bFGmOp9H3MA_004180,train,ego: turning,4180,4271,34,57,92,3.4,5.7,9.2,,,,,,1
fsqORUrKLYg_003630,train,ego: turning,3630,3728,51,65,99,5.1,6.5,9.9,,,,,,1
nHvTqyRntbY_004787,train,ego: turning,4787,4889,36,57,103,3.6,5.7,10.3,,,,,,1
Hx8FMhmdOQU_001789,train,ego: turning,1789,1887,64,95,99,6.4,9.5,9.9,,,,,,1
Izf9l3VWQuo_003543,train,ego: turning,3543,3606,51,64,64,5.1,6.4,6.4,,,,,,1
jv7vz_55H8M_004354,train,ego: turning,4354,4403,24,49,50,2.4,4.9,5.0,,,,,,1
nvVk7L3GrJQ_003780,train,ego: turning,3780,3855,26,52,76,2.6,5.2,7.6,,,,,,1
T89zSiaMNgM_001691,train,ego: lateral,1691,1828,52,91,138,5.2,9.1,13.8,,,,,,1
UbDCiQVuzPY_003061,train,ego: lateral,3061,3170,27,73,110,2.7,7.3,11.0,,,,,,1
PEwiwzyTjX0_000881,train,ego: lateral,881,981,35,66,101,3.5,6.6,10.1,,,,,,1
bcpfYpmDcp0_000324,train,ego: lateral,324,439,39,61,116,3.9,6.1,11.6,,,,,,1
Zpo0kwg1XEQ_003491,train,ego: lateral,3491,3619,64,91,129,6.4,9.1,12.9,,,,,,1
bI9JzQSrEGo_001814,train,ego: lateral,1814,1888,16,36,75,1.6,3.6,7.5,,,,,,1
Hd2IzHAfkCI_002351,train,ego: lateral,2351,2469,17,63,119,1.7,6.3,11.9,,,,,,1
y1vGuUK0db4_000564,train,ego: lateral,564,650,31,63,87,3.1,6.3,8.7,,,,,,1
IOoVklIZLMw_004034,train,ego: lateral,4034,4162,58,129,129,5.8,12.9,12.9,,,,,,1
Hkui6PJboFg_003515,train,ego: lateral,3515,3594,22,51,80,2.2,5.1,8.0,,,,,,1
Eq7_uD2yN5Y_002226,train,ego: lateral,2226,2324,42,83,99,4.2,8.3,9.9,,,,,,1
h4OXsRSWLLc_000867,train,ego: lateral,867,988,6,48,122,0.6,4.8,12.2,,,,,,1
vZSr9dhRxlE_002047,train,ego: lateral,2047,2130,37,55,84,3.7,5.5,8.4,,,,,,1
bcpfYpmDcp0_003258,train,ego: lateral,3258,3375,48,90,118,4.8,9.0,11.8,,,,,,1
y1vGuUK0db4_004053,train,ego: lateral,4053,4130,41,67,78,4.1,6.7,7.8,,,,,,1
pWZSG2cUdEo_001221,train,ego: lateral,1221,1322,13,88,102,1.3,8.8,10.2,,,,,,1
WWyeuvpHmfc_003648,train,ego: lateral,3648,3734,37,57,87,3.7,5.7,8.7,,,,,,1
4OGV0AbV91U_003612,train,ego: lateral,3612,3698,23,57,87,2.3,5.7,8.7,,,,,,1
3Sqeb-l1RPA_003979,train,ego: lateral,3979,4092,54,95,114,5.4,9.5,11.4,,,,,,1
0qfbmt4G8Rw_001843,train,ego: lateral,1843,1951,44,97,109,4.4,9.7,10.9,,,,,,1
RPNiqsdt6-w_005508,train,ego: lateral,5508,5664,43,64,157,4.3,6.4,15.7,,,,,,1
yB6fjM1UUC0_003505,train,ego: lateral,3505,3613,41,77,109,4.1,7.7,10.9,,,,,,1
ahKX0rtdMJc_004028,train,ego: lateral,4028,4197,42,146,170,4.2,14.6,17.0,,,,,,1
Vtpe3HAIEm4_003284,train,ego: lateral,3284,3347,3,32,64,0.3,3.2,6.4,,,,,,1
90gyBengKDs_001952,train,ego: lateral,1952,2086,31,58,135,3.1,5.8,13.5,,,,,,1
OWtbKblBOKI_005407,train,ego: lateral,5407,5520,23,53,114,2.3,5.3,11.4,,,,,,1
3u_CIo9IaWo_003400,train,ego: lateral,3400,3546,39,135,147,3.9,13.5,14.7,,,,,,1
0RJPQ_97dcs_004701,train,ego: lateral,4701,4789,47,81,89,4.7,8.1,8.9,,,,,,1
p-fBcE77G4c_004034,train,ego: lateral,4034,4102,20,31,69,2.0,3.1,6.9,,,,,,1
vdLn-qswnRo_001048,train,ego: lateral,1048,1146,37,68,99,3.7,6.8,9.9,,,,,,1
gXezhrOijmQ_004718,train,ego: lateral,4718,4806,26,47,89,2.6,4.7,8.9,,,,,,1
WWyeuvpHmfc_001197,train,ego: lateral,1197,1273,22,52,77,2.2,5.2,7.7,,,,,,1
bI9JzQSrEGo_001890,train,ego: lateral,1890,1972,14,33,83,1.4,3.3,8.3,,,,,,1
Zpo0kwg1XEQ_002225,train,ego: lateral,2225,2320,47,52,96,4.7,5.2,9.6,,,,,,1
bI9JzQSrEGo_003004,train,ego: lateral,3004,3110,48,94,107,4.8,9.4,10.7,,,,,,1
PYL3JcSsS6o_003669,train,ego: lateral,3669,3967,182,235,299,18.2,23.5,29.9,,,,,,1
pOJpwWmEcFg_002862,train,ego: lateral,2862,2968,32,78,107,3.2,7.8,10.7,,,,,,1
7uTMZ5-aWKA_004077,train,ego: lateral,4077,4185,43,100,109,4.3,10.0,10.9,,,,,,1
TlBhM9Xbr2o_002712,train,ego: lateral,2712,2800,26,46,89,2.6,4.6,8.9,,,,,,1
OWtbKblBOKI_002770,train,ego: lateral,2770,2877,29,76,108,2.9,7.6,10.8,,,,,,1
xVfPBzDnI2Q_002101,train,ego: lateral,2101,2227,25,59,127,2.5,5.9,12.7,,,,,,1
gZbGLa253Ak_004654,train,ego: lateral,4654,4752,53,82,99,5.3,8.2,9.9,,,,,,1
Hkui6PJboFg_004102,train,ego: lateral,4102,4182,19,58,81,1.9,5.8,8.1,,,,,,1
ujVRDgGVzlQ_004292,train,ego: lateral,4292,4364,19,29,73,1.9,2.9,7.3,,,,,,1
ieP36TLihGM_002793,train,ego: lateral,2793,2832,30,40,40,3.0,4.0,4.0,,,,,,1
UOjQsfDXjO0_004713,train,ego: lateral,4713,4801,41,57,89,4.1,5.7,8.9,,,,,,1
r6_ZhT7rmhM_004698,train,ego: lateral,4698,4805,68,89,108,6.8,8.9,10.8,,,,,,1
W6YrlYyWguc_005016,train,ego: lateral,5016,5114,39,71,99,3.9,7.1,9.9,,,,,,1
YBEYOS3A3Ic_003510,train,ego: lateral,3510,3636,55,83,127,5.5,8.3,12.7,,,,,,1
kN-2mc561GY_004103,train,ego: lateral,4103,4181,2,31,79,0.2,3.1,7.9,,,,,,1
UjkeNSr2dXQ_005158,train,ego: lateral,5158,5281,38,89,124,3.8,8.9,12.4,,,,,,1
jv7vz_55H8M_002457,train,ego: lateral,2457,2576,44,97,120,4.4,9.7,12.0,,,,,,1
UOjQsfDXjO0_005153,train,ego: lateral,5153,5332,45,85,180,4.5,8.5,18.0,,,,,,1
bFGmOp9H3MA_001633,train,ego: lateral,1633,1736,30,58,104,3.0,5.8,10.4,,,,,,1
kjVywUi1WK4_000780,train,ego: lateral,780,890,38,78,111,3.8,7.8,11.1,,,,,,1
ujVRDgGVzlQ_001733,train,ego: lateral,1733,1833,45,72,101,4.5,7.2,10.1,,,,,,1
3sGShQb_HwU_004599,train,ego: lateral,4599,4717,19,106,119,1.9,10.6,11.9,,,,,,1
Tsl84N96WM8_003626,train,ego: lateral,3626,3744,33,88,119,3.3,8.8,11.9,,,,,,1
bcpfYpmDcp0_003377,train,ego: lateral,3377,3442,26,55,66,2.6,5.5,6.6,,,,,,1
JV0D-YkWHD8_003418,train,ego: lateral,3418,3490,10,32,73,1.0,3.2,7.3,,,,,,1
vdLn-qswnRo_001949,train,ego: lateral,1949,2048,41,77,100,4.1,7.7,10.0,,,,,,1
a_VxrUq9PmA_002787,train,ego: lateral,2787,2892,34,74,106,3.4,7.4,10.6,,,,,,1
bFGmOp9H3MA_000686,train,ego: lateral,686,772,25,57,87,2.5,5.7,8.7,,,,,,1
LfKfK4I5RPE_001162,train,ego: lateral,1162,1269,54,85,108,5.4,8.5,10.8,,,,,,1
ujVRDgGVzlQ_003896,train,ego: lateral,3896,3985,46,58,90,4.6,5.8,9.0,,,,,,1
RPNiqsdt6-w_004214,train,ego: lateral,4214,4312,48,90,99,4.8,9.0,9.9,,,,,,1
QeuzUfHIWYU_004435,train,ego: lateral,4435,4534,43,69,100,4.3,6.9,10.0,,,,,,1
eN6y6-4C1Rc_005750,train,ego: lateral,5750,5824,39,71,75,3.9,7.1,7.5,,,,,,1
Hkui6PJboFg_001038,train,ego: lateral,1038,1119,31,37,82,3.1,3.7,8.2,,,,,,1
xVfPBzDnI2Q_000482,train,ego: lateral,482,587,21,43,106,2.1,4.3,10.6,,,,,,1
kVhgFPPG-wo_005755,train,ego: lateral,5755,5858,46,65,104,4.6,6.5,10.4,,,,,,1
Zpo0kwg1XEQ_001547,train,ego: lateral,1547,1688,45,69,142,4.5,6.9,14.2,,,,,,1
nHvTqyRntbY_002355,train,ego: lateral,2355,2459,41,58,105,4.1,5.8,10.5,,,,,,1
bcpfYpmDcp0_002004,train,ego: lateral,2004,2071,14,50,68,1.4,5.0,6.8,,,,,,1
Vtpe3HAIEm4_001596,train,ego: lateral,1596,1683,42,59,88,4.2,5.9,8.8,,,,,,1
3Sqeb-l1RPA_005123,train,ego: lateral,5123,5218,29,57,96,2.9,5.7,9.6,,,,,,1
FqJ4IfRLKmA_001671,train,ego: lateral,1671,1769,47,99,99,4.7,9.9,9.9,,,,,,1
4wKjxDXnmYs_003089,train,ego: lateral,3089,3169,38,67,81,3.8,6.7,8.1,,,,,,1
RASKiMoxhOE_000898,train,ego: lateral,898,1057,79,103,160,7.9,10.3,16.0,,,,,,1
T89zSiaMNgM_003596,train,ego: lateral,3596,3760,39,142,165,3.9,14.2,16.5,,,,,,1
LfKfK4I5RPE_001052,train,ego: lateral,1052,1160,26,70,109,2.6,7.0,10.9,,,,,,1
cfrLchAShxQ_001208,train,ego: lateral,1208,1291,34,60,84,3.4,6.0,8.4,,,,,,1
4K_6s1n6BpU_005561,train,ego: lateral,5561,5645,52,57,85,5.2,5.7,8.5,,,,,,1
p-fBcE77G4c_000886,train,ego: lateral,886,1041,37,101,156,3.7,10.1,15.6,,,,,,1
hfwb3mZZ0fs_001134,train,ego: lateral,1134,1221,21,52,88,2.1,5.2,8.8,,,,,,1
y1vGuUK0db4_000849,train,ego: lateral,849,935,27,41,87,2.7,4.1,8.7,,,,,,1
y1vGuUK0db4_000391,train,ego: lateral,391,474,13,45,84,1.3,4.5,8.4,,,,,,1
bhA2ckvE-TQ_000421,train,ego: lateral,421,520,43,75,100,4.3,7.5,10.0,,,,,,1
Hd2IzHAfkCI_004884,train,ego: lateral,4884,5011,40,93,128,4.0,9.3,12.8,,,,,,1
lKMwX4nA64k_001226,train,ego: lateral,1226,1324,29,52,99,2.9,5.2,9.9,,,,,,1
eN6y6-4C1Rc_000988,train,ego: lateral,988,1087,29,100,100,2.9,10.0,10.0,,,,,,1
eA-kbOZ1_sc_001433,train,ego: lateral,1433,1490,15,43,58,1.5,4.3,5.8,,,,,,1
uO2zGO5ydBc_000773,train,ego: lateral,773,848,32,47,76,3.2,4.7,7.6,,,,,,1
PfJ2CudpCgE_003614,train,ego: lateral,3614,3705,45,87,92,4.5,8.7,9.2,,,,,,1
PYL3JcSsS6o_005257,train,ego: lateral,5257,5365,65,76,109,6.5,7.6,10.9,,,,,,1
fWJbp43k644_003108,train,ego: lateral,3108,3191,18,51,84,1.8,5.1,8.4,,,,,,1
90gyBengKDs_000212,train,ego: lateral,212,370,95,115,159,9.5,11.5,15.9,,,,,,1
vdLn-qswnRo_002050,train,ego: lateral,2050,2150,27,50,101,2.7,5.0,10.1,,,,,,1
Eq7_uD2yN5Y_002326,train,ego: lateral,2326,2414,49,75,89,4.9,7.5,8.9,,,,,,1
T7TkJVmGyts_001878,train,ego: lateral,1878,2016,24,109,139,2.4,10.9,13.9,,,,,,1
Pbw0A-RCjcw_001460,train,ego: lateral,1460,1578,42,83,119,4.2,8.3,11.9,,,,,,1
GJr8wKk8-YA_000851,train,ego: lateral,851,938,20,67,88,2.0,6.7,8.8,,,,,,1
ieP36TLihGM_000521,train,ego: lateral,521,609,44,71,89,4.4,7.1,8.9,,,,,,1
EY8x-fyQkbk_000951,train,ego: lateral,951,1045,22,55,95,2.2,5.5,9.5,,,,,,1
8dI7OolIEXY_000553,train,ego: lateral,553,622,44,70,70,4.4,7.0,7.0,,,,,,1
Y4rb2_HaBdQ_000657,train,ego: lateral,657,744,25,37,88,2.5,3.7,8.8,,,,,,1
V3--0ubJkNE_000979,train,ego: lateral,979,1063,12,38,85,1.2,3.8,8.5,,,,,,1
Z9K13eBUwJM_003105,train,ego: lateral,3105,3209,51,72,105,5.1,7.2,10.5,,,,,,1
RASKiMoxhOE_001897,train,ego: lateral,1897,1956,31,59,60,3.1,5.9,6.0,,,,,,1
ruiSuGHJf6Q_004389,train,ego: lateral,4389,4477,33,60,89,3.3,6.0,8.9,,,,,,1
Jt6_hinpKpk_001075,train,ego: lateral,1075,1151,29,59,77,2.9,5.9,7.7,,,,,,1
yB6fjM1UUC0_003340,train,ego: lateral,3340,3413,42,74,74,4.2,7.4,7.4,,,,,,1
UjkeNSr2dXQ_001394,train,ego: lateral,1394,1500,39,98,107,3.9,9.8,10.7,,,,,,1
Hx8FMhmdOQU_004971,train,ego: lateral,4971,5069,34,98,99,3.4,9.8,9.9,,,,,,1
88LcRU7uEFE_003534,train,ego: lateral,3534,3573,28,40,40,2.8,4.0,4.0,,,,,,1
Z9K13eBUwJM_001167,train,ego: lateral,1167,1274,14,69,108,1.4,6.9,10.8,,,,,,1
vdLn-qswnRo_001847,train,ego: lateral,1847,1947,44,65,101,4.4,6.5,10.1,,,,,,1
Hkui6PJboFg_005122,train,ego: lateral,5122,5202,31,48,81,3.1,4.8,8.1,,,,,,1
y1vGuUK0db4_003866,train,ego: lateral,3866,3964,36,68,99,3.6,6.8,9.9,,,,,,1
y4Evv5By6sg_004071,train,ego: lateral,4071,4169,35,86,99,3.5,8.6,9.9,,,,,,1
2TmFM9p1KF8_001257,train,ego: lateral,1257,1372,40,87,116,4.0,8.7,11.6,,,,,,1
HzVbo46kkBA_002477,train,ego: lateral,2477,2574,31,98,98,3.1,9.8,9.8,,,,,,1
QERvirE3S5s_002742,train,ego: lateral,2742,2856,51,81,115,5.1,8.1,11.5,,,,,,1
bI9JzQSrEGo_002469,train,ego: lateral,2469,2568,28,57,100,2.8,5.7,10.0,,,,,,1
PEwiwzyTjX0_001408,train,ego: lateral,1408,1506,28,64,99,2.8,6.4,9.9,,,,,,1
2SAby_5t94M_001388,train,ego: lateral,1388,1505,93,117,118,9.3,11.7,11.8,,,,,,1
ecRog9N1Qf0_004511,train,ego: lateral,4511,4572,14,44,62,1.4,4.4,6.2,,,,,,1
D_pyFV4nKd4_001068,train,ego: lateral,1068,1162,38,95,95,3.8,9.5,9.5,,,,,,1
UjkeNSr2dXQ_003567,train,ego: lateral,3567,3647,29,40,81,2.9,4.0,8.1,,,,,,1
bFGmOp9H3MA_002460,train,ego: lateral,2460,2558,34,75,99,3.4,7.5,9.9,,,,,,1
eN6y6-4C1Rc_004273,train,ego: lateral,4273,4376,31,63,104,3.1,6.3,10.4,,,,,,1
nHvTqyRntbY_000625,train,ego: lateral,625,720,26,48,96,2.6,4.8,9.6,,,,,,1
eWWgJznGg6U_006902,train,ego: lateral,6902,6955,24,45,54,2.4,4.5,5.4,,,,,,1
xpOyD-qrQUw_003297,train,ego: lateral,3297,3372,28,45,76,2.8,4.5,7.6,,,,,,1
Zpo0kwg1XEQ_000256,train,ego: lateral,256,319,18,32,64,1.8,3.2,6.4,,,,,,1
fWJbp43k644_003955,train,ego: lateral,3955,4032,41,68,78,4.1,6.8,7.8,,,,,,1
O9uvBFovKj8_000792,train,ego: lateral,792,891,55,68,100,5.5,6.8,10.0,,,,,,1
QERvirE3S5s_003888,train,ego: lateral,3888,3987,29,71,100,2.9,7.1,10.0,,,,,,1
Hkui6PJboFg_003308,train,ego: lateral,3308,3404,50,86,97,5.0,8.6,9.7,,,,,,1
kld-iYpdjyo_005653,train,ego: lateral,5653,5763,29,85,111,2.9,8.5,11.1,,,,,,1
3Sqeb-l1RPA_004094,train,ego: lateral,4094,4183,18,52,90,1.8,5.2,9.0,,,,,,1
hfwb3mZZ0fs_003306,train,ego: lateral,3306,3390,25,62,85,2.5,6.2,8.5,,,,,,1
3Sqeb-l1RPA_001183,train,ego: lateral,1183,1293,40,111,111,4.0,11.1,11.1,,,,,,1
lKMwX4nA64k_003388,train,ego: lateral,3388,3481,32,56,94,3.2,5.6,9.4,,,,,,1
cfrLchAShxQ_002265,train,ego: lateral,2265,2360,35,74,96,3.5,7.4,9.6,,,,,,1
P5MjgFmqouA_003920,train,ego: lateral,3920,4028,45,53,109,4.5,5.3,10.9,,,,,,1
r6_ZhT7rmhM_000942,train,ego: lateral,942,1058,37,79,117,3.7,7.9,11.7,,,,,,1
PEwiwzyTjX0_003314,train,ego: lateral,3314,3415,47,73,102,4.7,7.3,10.2,,,,,,1
u33fdjUY_Iw_003021,train,ego: lateral,3021,3119,40,80,99,4.0,8.0,9.9,,,,,,1
VxWJchENocA_003507,train,ego: lateral,3507,3608,27,61,102,2.7,6.1,10.2,,,,,,1
bcpfYpmDcp0_004170,train,ego: lateral,4170,4275,74,106,106,7.4,10.6,10.6,,,,,,1
OWtbKblBOKI_004800,train,ego: lateral,4800,4848,21,48,49,2.1,4.8,4.9,,,,,,1
jv7vz_55H8M_001452,train,ego: lateral,1452,1550,26,68,99,2.6,6.8,9.9,,,,,,1
3u_CIo9IaWo_003043,train,ego: lateral,3043,3168,52,105,126,5.2,10.5,12.6,,,,,,1
jFFhYwgepmY_003712,train,ego: lateral,3712,3830,18,106,119,1.8,10.6,11.9,,,,,,1
9Q0FCoNxL8I_004971,train,ego: lateral,4971,5040,46,64,70,4.6,6.4,7.0,,,,,,1
nvVk7L3GrJQ_005161,train,ego: lateral,5161,5263,45,72,103,4.5,7.2,10.3,,,,,,1
4OGV0AbV91U_002570,train,ego: lateral,2570,2645,26,37,76,2.6,3.7,7.6,,,,,,1
l1XbmdmGr0Q_000525,train,ego: lateral,525,584,41,60,60,4.1,6.0,6.0,,,,,,1
3u_CIo9IaWo_003170,train,ego: lateral,3170,3274,35,99,105,3.5,9.9,10.5,,,,,,1
kld-iYpdjyo_002131,train,ego: lateral,2131,2231,46,65,101,4.6,6.5,10.1,,,,,,1
D_pyFV4nKd4_005767,train,ego: lateral,5767,5877,13,100,111,1.3,10.0,11.1,,,,,,1
4K_6s1n6BpU_005911,train,ego: lateral,5911,5988,27,75,78,2.7,7.5,7.8,,,,,,1
LbKd5Ho0wDM_000503,train,ego: lateral,503,613,15,61,111,1.5,6.1,11.1,,,,,,1
QERvirE3S5s_004340,train,ego: lateral,4340,4436,39,68,97,3.9,6.8,9.7,,,,,,1
xpOyD-qrQUw_002464,train,ego: lateral,2464,2568,54,73,105,5.4,7.3,10.5,,,,,,1
3tEZvtQZ18Q_001444,train,ego: lateral,1444,1545,46,87,102,4.6,8.7,10.2,,,,,,1
OWtbKblBOKI_001616,train,ego: lateral,1616,1712,35,69,97,3.5,6.9,9.7,,,,,,1
4OGV0AbV91U_002278,train,ego: lateral,2278,2405,72,110,128,7.2,11.0,12.8,,,,,,1
PfJ2CudpCgE_005861,train,ego: lateral,5861,5945,34,83,85,3.4,8.3,8.5,,,,,,1
y1vGuUK0db4_001730,train,ego: lateral,1730,1862,19,66,133,1.9,6.6,13.3,,,,,,1
OWtbKblBOKI_003070,train,ego: lateral,3070,3157,35,62,88,3.5,6.2,8.8,,,,,,1
lmykriTbncM_002292,train,ego: lateral,2292,2429,37,61,138,3.7,6.1,13.8,,,,,,1
IQwS7BEjUxM_003203,train,ego: lateral,3203,3282,18,80,80,1.8,8.0,8.0,,,,,,1
Eq7_uD2yN5Y_002806,train,ego: lateral,2806,2895,25,90,90,2.5,9.0,9.0,,,,,,1
JV0D-YkWHD8_004391,train,ego: lateral,4391,4475,18,43,85,1.8,4.3,8.5,,,,,,1
CyeT8rEQOpQ_000762,train,ego: lateral,762,850,10,53,89,1.0,5.3,8.9,,,,,,1
D_pyFV4nKd4_001665,train,ego: lateral,1665,1737,44,73,73,4.4,7.3,7.3,,,,,,1
xpOyD-qrQUw_003098,train,ego: lateral,3098,3208,49,79,111,4.9,7.9,11.1,,,,,,1
oZaUkhs_H-s_003568,train,ego: lateral,3568,3686,49,88,119,4.9,8.8,11.9,,,,,,1
xjbbH74SwTg_001509,train,ego: lateral,1509,1627,59,110,119,5.9,11.0,11.9,,,,,,1
r6_ZhT7rmhM_002103,train,ego: lateral,2103,2198,48,66,96,4.8,6.6,9.6,,,,,,1
OWtbKblBOKI_001714,train,ego: lateral,1714,1794,18,32,81,1.8,3.2,8.1,,,,,,1
OWtbKblBOKI_004218,train,ego: lateral,4218,4318,20,101,101,2.0,10.1,10.1,,,,,,1
QERvirE3S5s_004618,train,ego: lateral,4618,4708,35,59,91,3.5,5.9,9.1,,,,,,1
PfJ2CudpCgE_004173,train,ego: lateral,4173,4301,11,122,129,1.1,12.2,12.9,,,,,,1
UjkeNSr2dXQ_000757,train,ego: lateral,757,896,41,64,140,4.1,6.4,14.0,,,,,,1
vdLn-qswnRo_005373,train,ego: lateral,5373,5495,27,70,123,2.7,7.0,12.3,,,,,,1
QERvirE3S5s_004820,train,ego: lateral,4820,4920,27,52,101,2.7,5.2,10.1,,,,,,1
kVhgFPPG-wo_002864,train,ego: lateral,2864,2934,22,29,71,2.2,2.9,7.1,,,,,,1
Hd2IzHAfkCI_000401,train,ego: lateral,401,527,43,117,127,4.3,11.7,12.7,,,,,,1
GDejMONyY4U_002587,train,ego: lateral,2587,2674,26,57,88,2.6,5.7,8.8,,,,,,1
uO2zGO5ydBc_002909,train,ego: lateral,2909,3101,90,171,193,9.0,17.1,19.3,,,,,,1
OWtbKblBOKI_002879,train,ego: lateral,2879,2969,41,62,91,4.1,6.2,9.1,,,,,,1
Y4rb2_HaBdQ_004593,train,ego: lateral,4593,4676,31,52,84,3.1,5.2,8.4,,,,,,1
6E2N9ld0eHg_003898,train,ego: lateral,3898,3957,48,60,60,4.8,6.0,6.0,,,,,,1
V3--0ubJkNE_003656,train,ego: lateral,3656,3791,22,42,136,2.2,4.2,13.6,,,,,,1
YBEYOS3A3Ic_004221,train,ego: lateral,4221,4303,35,54,83,3.5,5.4,8.3,,,,,,1
RASKiMoxhOE_005850,train,ego: lateral,5850,5902,30,53,53,3.0,5.3,5.3,,,,,,1
nHvTqyRntbY_004020,train,ego: lateral,4020,4097,24,33,78,2.4,3.3,7.8,,,,,,1
Y4rb2_HaBdQ_004838,train,ego: lateral,4838,4940,53,86,103,5.3,8.6,10.3,,,,,,1
sdqIDbZJfy0_000431,train,ego: lateral,431,529,43,65,99,4.3,6.5,9.9,,,,,,1
uO2zGO5ydBc_001888,train,ego: lateral,1888,1976,26,49,89,2.6,4.9,8.9,,,,,,1
vdLn-qswnRo_002571,train,ego: lateral,2571,2694,29,79,124,2.9,7.9,12.4,,,,,,1
OWtbKblBOKI_001796,train,ego: lateral,1796,1916,38,62,121,3.8,6.2,12.1,,,,,,1
fWJbp43k644_005155,train,ego: lateral,5155,5241,35,86,87,3.5,8.6,8.7,,,,,,1
HbxPs2D_eJw_002724,train,ego: lateral,2724,2776,9,41,53,0.9,4.1,5.3,,,,,,1
K1r3m5OrmB4_004978,train,ego: lateral,4978,5114,47,111,137,4.7,11.1,13.7,,,,,,1
3sGShQb_HwU_000805,train,ego: lateral,805,903,42,85,99,4.2,8.5,9.9,,,,,,1
PYL3JcSsS6o_005457,train,ego: lateral,5457,5566,60,102,110,6.0,10.2,11.0,,,,,,1
X8VgGb1fJDU_002923,train,ego: lateral,2923,3012,25,49,90,2.5,4.9,9.0,,,,,,1
jFFhYwgepmY_005809,train,ego: lateral,5809,5924,27,74,116,2.7,7.4,11.6,,,,,,1
PfJ2CudpCgE_000181,train,ego: lateral,181,309,39,104,129,3.9,10.4,12.9,,,,,,1
VxWJchENocA_001130,train,ego: lateral,1130,1213,25,66,84,2.5,6.6,8.4,,,,,,1
Z9K13eBUwJM_005200,train,ego: lateral,5200,5279,48,61,80,4.8,6.1,8.0,,,,,,1
YBEYOS3A3Ic_001633,train,ego: lateral,1633,1725,38,54,93,3.8,5.4,9.3,,,,,,1
3tEZvtQZ18Q_001987,train,ego: lateral,1987,2125,21,125,139,2.1,12.5,13.9,,,,,,1
Eq7_uD2yN5Y_002606,train,ego: lateral,2606,2724,27,96,119,2.7,9.6,11.9,,,,,,1
2SAby_5t94M_002446,train,ego: lateral,2446,2603,12,33,158,1.2,3.3,15.8,,,,,,1
hfwb3mZZ0fs_003556,train,ego: lateral,3556,3621,15,63,66,1.5,6.3,6.6,,,,,,1
fWJbp43k644_003287,train,ego: lateral,3287,3445,16,62,159,1.6,6.2,15.9,,,,,,1
W6YrlYyWguc_002386,train,ego: lateral,2386,2554,82,102,169,8.2,10.2,16.9,,,,,,1
CyeT8rEQOpQ_000660,train,ego: lateral,660,760,27,89,101,2.7,8.9,10.1,,,,,,1
dZG1VKsgs60_001036,train,ego: lateral,1036,1190,67,142,155,6.7,14.2,15.5,,,,,,1
eN6y6-4C1Rc_005400,train,ego: lateral,5400,5506,47,69,107,4.7,6.9,10.7,,,,,,1
4K_6s1n6BpU_001812,train,ego: lateral,1812,1912,45,100,101,4.5,10.0,10.1,,,,,,1
VxWJchENocA_000886,train,ego: lateral,886,959,28,55,74,2.8,5.5,7.4,,,,,,1
bI9JzQSrEGo_002905,train,ego: lateral,2905,3002,26,59,98,2.6,5.9,9.8,,,,,,1
jFFhYwgepmY_002201,train,ego: lateral,2201,2309,63,80,109,6.3,8.0,10.9,,,,,,1
eN6y6-4C1Rc_004868,train,ego: lateral,4868,4952,27,42,85,2.7,4.2,8.5,,,,,,1
5vKPYV5w6pw_001999,train,ego: lateral,1999,2075,47,77,77,4.7,7.7,7.7,,,,,,1
PEwiwzyTjX0_004472,train,ego: lateral,4472,4542,33,58,71,3.3,5.8,7.1,,,,,,1
fWJbp43k644_001109,train,ego: lateral,1109,1195,35,77,87,3.5,7.7,8.7,,,,,,1
krPRThe7R4g_002937,train,ego: lateral,2937,3009,31,58,73,3.1,5.8,7.3,,,,,,1
YBEYOS3A3Ic_001201,train,ego: lateral,1201,1317,35,71,117,3.5,7.1,11.7,,,,,,1
Sihe6aeyLHg_005848,train,ego: lateral,5848,5913,44,56,66,4.4,5.6,6.6,,,,,,1
Hkui6PJboFg_004710,train,ego: lateral,4710,4786,32,61,77,3.2,6.1,7.7,,,,,,1
jBbKXYgwpX0_001546,train,ego: lateral,1546,1684,105,134,139,10.5,13.4,13.9,,,,,,1
0RJPQ_97dcs_003603,train,ego: lateral,3603,3725,54,67,123,5.4,6.7,12.3,,,,,,1
kld-iYpdjyo_005266,train,ego: lateral,5266,5363,38,64,98,3.8,6.4,9.8,,,,,,1
kVhgFPPG-wo_000427,train,ego: lateral,427,506,43,77,80,4.3,7.7,8.0,,,,,,1
K1r3m5OrmB4_003325,train,ego: lateral,3325,3387,51,52,63,5.1,5.2,6.3,,,,,,1
l1XbmdmGr0Q_002282,train,ego: lateral,2282,2356,9,30,75,0.9,3.0,7.5,,,,,,1
QERvirE3S5s_001492,train,ego: lateral,1492,1571,2,36,80,0.2,3.6,8.0,,,,,,1
u33fdjUY_Iw_000214,train,ego: lateral,214,335,33,107,122,3.3,10.7,12.2,,,,,,1
JkYzYrJpSoQ_000925,train,ego: lateral,925,1019,76,95,95,7.6,9.5,9.5,,,,,,1
bI9JzQSrEGo_004112,train,ego: lateral,4112,4261,33,71,150,3.3,7.1,15.0,,,,,,1
JHfjuFrnpjA_001443,train,ego: lateral,1443,1581,85,125,139,8.5,12.5,13.9,,,,,,1
Hkui6PJboFg_002664,train,ego: lateral,2664,2755,25,60,92,2.5,6.0,9.2,,,,,,1
Hfs4AlBmg70_000258,train,ego: lateral,258,316,13,52,59,1.3,5.2,5.9,,,,,,1
3u_CIo9IaWo_000874,train,ego: lateral,874,968,26,51,95,2.6,5.1,9.5,,,,,,1
Zpo0kwg1XEQ_001299,train,ego: lateral,1299,1397,24,73,99,2.4,7.3,9.9,,,,,,1
Hfs4AlBmg70_005182,train,ego: lateral,5182,5256,16,65,75,1.6,6.5,7.5,,,,,,1
lKMwX4nA64k_004974,train,ego: lateral,4974,5052,35,78,79,3.5,7.8,7.9,,,,,,1
4K_6s1n6BpU_006306,train,ego: lateral,6306,6378,17,52,73,1.7,5.2,7.3,,,,,,1
EJ4VM9wLNXQ_001865,train,ego: lateral,1865,1920,19,55,56,1.9,5.5,5.6,,,,,,1
PYL3JcSsS6o_005568,train,ego: lateral,5568,5608,10,31,41,1.0,3.1,4.1,,,,,,1
J_ggxJD3Uy8_001670,train,ego: lateral,1670,1766,30,68,97,3.0,6.8,9.7,,,,,,1
kEcbnTbgi4A_001700,train,ego: lateral,1700,1772,44,72,73,4.4,7.2,7.3,,,,,,1
WWyeuvpHmfc_005699,train,ego: lateral,5699,5859,21,52,161,2.1,5.2,16.1,,,,,,1
UjkeNSr2dXQ_003841,train,ego: pedestrian,3841,3934,39,54,94,3.9,5.4,9.4,,,,,,1
p8q77QzOdUs_004920,train,ego: pedestrian,4920,5008,27,45,89,2.7,4.5,8.9,,,,,,1
ujVRDgGVzlQ_001536,train,ego: pedestrian,1536,1578,31,43,43,3.1,4.3,4.3,,,,,,1
Y4rb2_HaBdQ_000746,train,ego: pedestrian,746,877,37,59,132,3.7,5.9,13.2,,,,,,1
0RJPQ_97dcs_001437,train,ego: pedestrian,1437,1547,37,49,111,3.7,4.9,11.1,,,,,,1
YBEYOS3A3Ic_003750,train,ego: pedestrian,3750,3824,23,48,75,2.3,4.8,7.5,,,,,,1
JmwUVoOrgk8_003287,train,ego: pedestrian,3287,3322,7,30,36,0.7,3.0,3.6,,,,,,1
2TmFM9p1KF8_003954,train,ego: pedestrian,3954,4064,26,74,111,2.6,7.4,11.1,,,,,,1
DpQBo4gb6Lw_004333,train,ego: pedestrian,4333,4451,29,49,119,2.9,4.9,11.9,,,,,,1
Nc9SDBksPPA_004316,train,ego: pedestrian,4316,4402,43,52,87,4.3,5.2,8.7,,,,,,1
xpOyD-qrQUw_004160,train,ego: pedestrian,4160,4262,54,66,103,5.4,6.6,10.3,,,,,,1
qzMjfBx1KI0_005000,train,ego: pedestrian,5000,5121,37,42,122,3.7,4.2,12.2,,,,,,1
xpOyD-qrQUw_000811,train,ego: pedestrian,811,888,41,62,78,4.1,6.2,7.8,,,,,,1
TNZv-NBcV5U_000628,train,ego: pedestrian,628,714,34,41,87,3.4,4.1,8.7,,,,,,1
UjkeNSr2dXQ_005374,train,ego: pedestrian,5374,5461,30,36,88,3.0,3.6,8.8,,,,,,1
Eq7_uD2yN5Y_004812,train,ego: pedestrian,4812,4910,51,80,99,5.1,8.0,9.9,,,,,,1
6E2N9ld0eHg_004949,train,ego: pedestrian,4949,5037,46,84,89,4.6,8.4,8.9,,,,,,1
V3--0ubJkNE_005461,train,ego: pedestrian,5461,5530,31,53,70,3.1,5.3,7.0,,,,,,1
Rrcjy5t8b20_002001,train,ego: pedestrian,2001,2079,46,60,79,4.6,6.0,7.9,,,,,,1
X8VgGb1fJDU_002836,train,ego: pedestrian,2836,2921,46,60,86,4.6,6.0,8.6,,,,,,1
UjkeNSr2dXQ_005283,train,ego: pedestrian,5283,5372,23,33,90,2.3,3.3,9.0,,,,,,1
qzMjfBx1KI0_000167,train,ego: moving_ahead_or_waiting,167,311,86,110,145,8.6,11.0,14.5,,,,,,1
OPj7lUQOre8_003071,train,ego: moving_ahead_or_waiting,3071,3237,126,146,167,12.6,14.6,16.7,,,,,,1
d2SCftR5sWc_000073,train,ego: moving_ahead_or_waiting,73,189,54,96,117,5.4,9.6,11.7,,,,,,1
VxWJchENocA_002023,train,ego: moving_ahead_or_waiting,2023,2093,29,49,71,2.9,4.9,7.1,,,,,,1
UbDCiQVuzPY_003342,train,ego: moving_ahead_or_waiting,3342,3490,68,95,149,6.8,9.5,14.9,,,,,,1
p-fBcE77G4c_001910,train,ego: moving_ahead_or_waiting,1910,1985,35,52,76,3.5,5.2,7.6,,,,,,1
4wKjxDXnmYs_003647,train,ego: moving_ahead_or_waiting,3647,3730,33,71,84,3.3,7.1,8.4,,,,,,1
Hkui6PJboFg_000693,train,ego: moving_ahead_or_waiting,693,798,50,73,106,5.0,7.3,10.6,,,,,,1
DyzL2sahobA_001476,train,ego: moving_ahead_or_waiting,1476,1595,47,78,120,4.7,7.8,12.0,,,,,,1
T7TkJVmGyts_001134,train,ego: moving_ahead_or_waiting,1134,1276,71,105,143,7.1,10.5,14.3,,,,,,1
ujVRDgGVzlQ_004954,train,ego: moving_ahead_or_waiting,4954,5060,51,75,107,5.1,7.5,10.7,,,,,,1
J_ggxJD3Uy8_005254,train,ego: moving_ahead_or_waiting,5254,5306,3,27,53,0.3,2.7,5.3,,,,,,1
dZG1VKsgs60_003443,train,ego: moving_ahead_or_waiting,3443,3541,35,60,99,3.5,6.0,9.9,,,,,,1
qYonJ4w6SZs_000952,train,ego: moving_ahead_or_waiting,952,1063,28,63,112,2.8,6.3,11.2,,,,,,1
bFGmOp9H3MA_002560,train,ego: moving_ahead_or_waiting,2560,2644,25,84,85,2.5,8.4,8.5,,,,,,1
4OGV0AbV91U_003240,train,ego: moving_ahead_or_waiting,3240,3301,16,43,62,1.6,4.3,6.2,,,,,,1
6E2N9ld0eHg_001673,train,ego: moving_ahead_or_waiting,1673,1811,66,92,139,6.6,9.2,13.9,,,,,,1
PYL3JcSsS6o_001182,train,ego: moving_ahead_or_waiting,1182,1290,59,81,109,5.9,8.1,10.9,,,,,,1
0z7J7rOpTic_000752,train,ego: moving_ahead_or_waiting,752,855,40,73,104,4.0,7.3,10.4,,,,,,1
PfJ2CudpCgE_002464,train,ego: moving_ahead_or_waiting,2464,2547,40,68,84,4.0,6.8,8.4,,,,,,1
xpOyD-qrQUw_000139,train,ego: moving_ahead_or_waiting,139,234,44,73,96,4.4,7.3,9.6,,,,,,1
Zpo0kwg1XEQ_002984,train,ego: moving_ahead_or_waiting,2984,3085,44,64,102,4.4,6.4,10.2,,,,,,1
K1r3m5OrmB4_000416,train,ego: moving_ahead_or_waiting,416,489,36,74,74,3.6,7.4,7.4,,,,,,1
kEcbnTbgi4A_001465,train,ego: moving_ahead_or_waiting,1465,1519,12,41,55,1.2,4.1,5.5,,,,,,1
kVhgFPPG-wo_003027,train,ego: moving_ahead_or_waiting,3027,3100,19,55,74,1.9,5.5,7.4,,,,,,1
uFwnmh0GpBo_002789,train,ego: moving_ahead_or_waiting,2789,2908,67,78,120,6.7,7.8,12.0,,,,,,1
JHfjuFrnpjA_005520,train,ego: moving_ahead_or_waiting,5520,5668,100,117,149,10.0,11.7,14.9,,,,,,1
2TmFM9p1KF8_002300,train,ego: moving_ahead_or_waiting,2300,2379,34,64,80,3.4,6.4,8.0,,,,,,1
Eq7_uD2yN5Y_001841,train,ego: moving_ahead_or_waiting,1841,1979,59,96,139,5.9,9.6,13.9,,,,,,1
Izf9l3VWQuo_002332,train,ego: moving_ahead_or_waiting,2332,2429,37,71,98,3.7,7.1,9.8,,,,,,1
kld-iYpdjyo_001611,train,ego: moving_ahead_or_waiting,1611,1737,60,90,127,6.0,9.0,12.7,,,,,,1
3u_CIo9IaWo_001889,train,ego: moving_ahead_or_waiting,1889,2134,52,246,246,5.2,24.6,24.6,,,,,,1
Vtpe3HAIEm4_005072,train,ego: moving_ahead_or_waiting,5072,5152,45,69,81,4.5,6.9,8.1,,,,,,1
VxWJchENocA_002747,train,ego: moving_ahead_or_waiting,2747,2832,23,48,86,2.3,4.8,8.6,,,,,,1
HeK6zbf8I9Y_000237,train,ego: moving_ahead_or_waiting,237,311,49,72,75,4.9,7.2,7.5,,,,,,1
UjkeNSr2dXQ_003465,train,ego: moving_ahead_or_waiting,3465,3565,45,69,101,4.5,6.9,10.1,,,,,,1
cfrLchAShxQ_004926,train,ego: moving_ahead_or_waiting,4926,4987,20,46,62,2.0,4.6,6.2,,,,,,1
4OGV0AbV91U_003123,train,ego: moving_ahead_or_waiting,3123,3238,34,76,116,3.4,7.6,11.6,,,,,,1
kld-iYpdjyo_002353,train,ego: moving_ahead_or_waiting,2353,2451,35,53,99,3.5,5.3,9.9,,,,,,1
PfJ2CudpCgE_000663,train,ego: moving_ahead_or_waiting,663,745,45,73,83,4.5,7.3,8.3,,,,,,1
HbxPs2D_eJw_001760,train,ego: moving_ahead_or_waiting,1760,1877,31,109,118,3.1,10.9,11.8,,,,,,1
xVfPBzDnI2Q_002752,train,ego: moving_ahead_or_waiting,2752,2800,40,49,49,4.0,4.9,4.9,,,,,,1
HaC3LrJiTmQ_001999,train,ego: moving_ahead_or_waiting,1999,2098,28,100,100,2.8,10.0,10.0,,,,,,1
qzMjfBx1KI0_003697,train,ego: moving_ahead_or_waiting,3697,3783,40,66,87,4.0,6.6,8.7,,,,,,1
jFFhYwgepmY_004031,train,ego: moving_ahead_or_waiting,4031,4200,54,85,170,5.4,8.5,17.0,,,,,,1
uO2zGO5ydBc_004139,train,ego: moving_ahead_or_waiting,4139,4220,52,60,82,5.2,6.0,8.2,,,,,,1
krPRThe7R4g_004774,train,ego: moving_ahead_or_waiting,4774,4862,21,54,89,2.1,5.4,8.9,,,,,,1
JkYzYrJpSoQ_001165,train,ego: moving_ahead_or_waiting,1165,1253,51,78,89,5.1,7.8,8.9,,,,,,1
YBEYOS3A3Ic_003027,train,ego: moving_ahead_or_waiting,3027,3120,42,65,94,4.2,6.5,9.4,,,,,,1
dZG1VKsgs60_004185,train,ego: moving_ahead_or_waiting,4185,4297,47,95,113,4.7,9.5,11.3,,,,,,1
90gyBengKDs_003762,train,ego: moving_ahead_or_waiting,3762,3853,25,59,92,2.5,5.9,9.2,,,,,,1
vZSr9dhRxlE_003610,train,ego: moving_ahead_or_waiting,3610,3899,30,60,290,3.0,6.0,29.0,,,,,,1
nHvTqyRntbY_003086,train,ego: moving_ahead_or_waiting,3086,3155,32,43,70,3.2,4.3,7.0,,,,,,1
4wKjxDXnmYs_004603,train,ego: moving_ahead_or_waiting,4603,4651,9,29,49,0.9,2.9,4.9,,,,,,1
UjkeNSr2dXQ_001596,train,ego: moving_ahead_or_waiting,1596,1721,21,39,126,2.1,3.9,12.6,,,,,,1
IQwS7BEjUxM_004950,train,ego: moving_ahead_or_waiting,4950,5088,49,103,139,4.9,10.3,13.9,,,,,,1
HzVbo46kkBA_003344,train,ego: moving_ahead_or_waiting,3344,3482,32,68,139,3.2,6.8,13.9,,,,,,1
bFGmOp9H3MA_003407,train,ego: moving_ahead_or_waiting,3407,3509,17,53,103,1.7,5.3,10.3,,,,,,1
88LcRU7uEFE_000612,train,ego: moving_ahead_or_waiting,612,730,50,119,119,5.0,11.9,11.9,,,,,,1
xVfPBzDnI2Q_002520,train,ego: moving_ahead_or_waiting,2520,2611,16,39,92,1.6,3.9,9.2,,,,,,1
V3--0ubJkNE_001748,train,ego: moving_ahead_or_waiting,1748,1816,22,42,69,2.2,4.2,6.9,,,,,,1
CyeT8rEQOpQ_003190,train,ego: moving_ahead_or_waiting,3190,3283,54,70,94,5.4,7.0,9.4,,,,,,1
PYL3JcSsS6o_001292,train,ego: moving_ahead_or_waiting,1292,1400,52,72,109,5.2,7.2,10.9,,,,,,1
PfJ2CudpCgE_002373,train,ego: moving_ahead_or_waiting,2373,2462,29,68,90,2.9,6.8,9.0,,,,,,1
ezY7QrSWeWw_001512,train,ego: moving_ahead_or_waiting,1512,1585,28,49,74,2.8,4.9,7.4,,,,,,1
OWtbKblBOKI_003456,train,ego: moving_ahead_or_waiting,3456,3546,39,70,91,3.9,7.0,9.1,,,,,,1
uO2zGO5ydBc_000680,train,ego: moving_ahead_or_waiting,680,771,26,59,92,2.6,5.9,9.2,,,,,,1
bI9JzQSrEGo_004051,train,ego: moving_ahead_or_waiting,4051,4110,28,56,60,2.8,5.6,6.0,,,,,,1
D_pyFV4nKd4_000436,train,ego: moving_ahead_or_waiting,436,554,44,97,119,4.4,9.7,11.9,,,,,,1
V3--0ubJkNE_002678,train,ego: moving_ahead_or_waiting,2678,2785,43,63,108,4.3,6.3,10.8,,,,,,1
yhtzAKqRyXw_000873,train,ego: moving_ahead_or_waiting,873,970,59,66,98,5.9,6.6,9.8,,,,,,1
V3--0ubJkNE_001818,train,ego: moving_ahead_or_waiting,1818,1911,26,48,94,2.6,4.8,9.4,,,,,,1
bcpfYpmDcp0_001741,train,ego: moving_ahead_or_waiting,1741,1836,41,83,96,4.1,8.3,9.6,,,,,,1
LfKfK4I5RPE_000073,train,ego: moving_ahead_or_waiting,73,209,66,110,137,6.6,11.0,13.7,,,,,,1
bFGmOp9H3MA_003301,train,ego: moving_ahead_or_waiting,3301,3405,31,54,105,3.1,5.4,10.5,,,,,,1
lKMwX4nA64k_003008,train,ego: moving_ahead_or_waiting,3008,3103,38,63,96,3.8,6.3,9.6,,,,,,1
hIHap634rMw_001346,train,ego: moving_ahead_or_waiting,1346,1404,29,50,59,2.9,5.0,5.9,,,,,,1
4wKjxDXnmYs_005454,train,ego: moving_ahead_or_waiting,5454,5524,12,70,71,1.2,7.0,7.1,,,,,,1
fWJbp43k644_005682,train,ego: moving_ahead_or_waiting,5682,5753,19,55,72,1.9,5.5,7.2,,,,,,1
pWZSG2cUdEo_002378,train,ego: moving_ahead_or_waiting,2378,2465,30,47,88,3.0,4.7,8.8,,,,,,1
hdOtS-BpUPY_002557,train,ego: moving_ahead_or_waiting,2557,2655,39,62,99,3.9,6.2,9.9,,,,,,1
h4OXsRSWLLc_000022,train,ego: moving_ahead_or_waiting,22,77,44,56,56,4.4,5.6,5.6,,,,,,1
CyeT8rEQOpQ_004242,train,ego: moving_ahead_or_waiting,4242,4302,11,29,61,1.1,2.9,6.1,,,,,,1
y1vGuUK0db4_002569,train,ego: moving_ahead_or_waiting,2569,2650,28,43,82,2.8,4.3,8.2,,,,,,1
kjVywUi1WK4_002726,train,ego: moving_ahead_or_waiting,2726,2834,32,71,109,3.2,7.1,10.9,,,,,,1
p-fBcE77G4c_001987,train,ego: moving_ahead_or_waiting,1987,2071,25,43,85,2.5,4.3,8.5,,,,,,1
Z9K13eBUwJM_003008,train,ego: moving_ahead_or_waiting,3008,3051,33,44,44,3.3,4.4,4.4,,,,,,1
r6_ZhT7rmhM_003060,train,ego: moving_ahead_or_waiting,3060,3164,43,64,105,4.3,6.4,10.5,,,,,,1
8dI7OolIEXY_003659,train,ego: moving_ahead_or_waiting,3659,3745,34,74,87,3.4,7.4,8.7,,,,,,1
uFwnmh0GpBo_002669,train,ego: moving_ahead_or_waiting,2669,2787,28,67,119,2.8,6.7,11.9,,,,,,1
QERvirE3S5s_005441,train,ego: moving_ahead_or_waiting,5441,5528,46,79,88,4.6,7.9,8.8,,,,,,1
gXezhrOijmQ_002220,train,ego: moving_ahead_or_waiting,2220,2288,61,69,69,6.1,6.9,6.9,,,,,,1
HzVbo46kkBA_004735,train,ego: moving_ahead_or_waiting,4735,4874,95,121,140,9.5,12.1,14.0,,,,,,1
pOJpwWmEcFg_001492,train,ego: moving_ahead_or_waiting,1492,1613,47,83,122,4.7,8.3,12.2,,,,,,1
vdLn-qswnRo_000468,train,ego: moving_ahead_or_waiting,468,602,26,61,135,2.6,6.1,13.5,,,,,,1
2TmFM9p1KF8_005874,train,ego: moving_ahead_or_waiting,5874,5974,30,49,101,3.0,4.9,10.1,,,,,,1
Y4rb2_HaBdQ_004942,train,ego: moving_ahead_or_waiting,4942,5044,55,85,103,5.5,8.5,10.3,,,,,,1
Eq7_uD2yN5Y_000904,train,ego: moving_ahead_or_waiting,904,1002,41,71,99,4.1,7.1,9.9,,,,,,1
p-fBcE77G4c_001320,train,ego: moving_ahead_or_waiting,1320,1418,43,60,99,4.3,6.0,9.9,,,,,,1
EJ4VM9wLNXQ_002042,train,ego: moving_ahead_or_waiting,2042,2135,15,71,94,1.5,7.1,9.4,,,,,,1
P5MjgFmqouA_005080,train,ego: moving_ahead_or_waiting,5080,5178,43,67,99,4.3,6.7,9.9,,,,,,1
hdOtS-BpUPY_001772,train,ego: moving_ahead_or_waiting,1772,1844,55,73,73,5.5,7.3,7.3,,,,,,1
bFGmOp9H3MA_004273,train,ego: moving_ahead_or_waiting,4273,4389,87,107,117,8.7,10.7,11.7,,,,,,1
Hx8FMhmdOQU_002453,train,ego: moving_ahead_or_waiting,2453,2550,9,62,98,0.9,6.2,9.8,,,,,,1
Sihe6aeyLHg_002539,train,ego: moving_ahead_or_waiting,2539,2613,30,51,75,3.0,5.1,7.5,,,,,,1
Y4rb2_HaBdQ_002833,train,ego: moving_ahead_or_waiting,2833,2926,37,55,94,3.7,5.5,9.4,,,,,,1
hdOtS-BpUPY_002455,train,ego: moving_ahead_or_waiting,2455,2555,21,58,101,2.1,5.8,10.1,,,,,,1
QeuzUfHIWYU_004226,train,ego: moving_ahead_or_waiting,4226,4323,55,83,98,5.5,8.3,9.8,,,,,,1
Sihe6aeyLHg_002718,train,ego: moving_ahead_or_waiting,2718,2828,69,88,111,6.9,8.8,11.1,,,,,,1
UbDCiQVuzPY_000075,train,ego: moving_ahead_or_waiting,75,197,47,68,123,4.7,6.8,12.3,,,,,,1
xVfPBzDnI2Q_005475,train,ego: moving_ahead_or_waiting,5475,5558,37,51,84,3.7,5.1,8.4,,,,,,1
4K_6s1n6BpU_001685,train,ego: moving_ahead_or_waiting,1685,1801,24,93,117,2.4,9.3,11.7,,,,,,1
3tEZvtQZ18Q_003485,train,ego: moving_ahead_or_waiting,3485,3583,48,85,99,4.8,8.5,9.9,,,,,,1
lmykriTbncM_000169,train,ego: moving_ahead_or_waiting,169,269,44,73,101,4.4,7.3,10.1,,,,,,1
GDejMONyY4U_004166,train,ego: moving_ahead_or_waiting,4166,4249,25,49,84,2.5,4.9,8.4,,,,,,1
EJ4VM9wLNXQ_000663,train,ego: moving_ahead_or_waiting,663,742,40,76,80,4.0,7.6,8.0,,,,,,1
8dI7OolIEXY_002655,train,ego: moving_ahead_or_waiting,2655,2727,27,45,73,2.7,4.5,7.3,,,,,,1
Nc9SDBksPPA_000621,train,ego: moving_ahead_or_waiting,621,738,61,95,118,6.1,9.5,11.8,,,,,,1
y1vGuUK0db4_005532,train,ego: moving_ahead_or_waiting,5532,5624,34,54,93,3.4,5.4,9.3,,,,,,1
Y4rb2_HaBdQ_002708,train,ego: moving_ahead_or_waiting,2708,2831,38,70,124,3.8,7.0,12.4,,,,,,1
t4Cvbdtebk0_002882,train,ego: moving_ahead_or_waiting,2882,3002,37,60,121,3.7,6.0,12.1,,,,,,1
Sihe6aeyLHg_000947,train,ego: moving_ahead_or_waiting,947,1048,45,64,102,4.5,6.4,10.2,,,,,,1
sUbP4j8rAic_005313,train,ego: moving_ahead_or_waiting,5313,5401,47,70,89,4.7,7.0,8.9,,,,,,1
4wKjxDXnmYs_005286,train,ego: moving_ahead_or_waiting,5286,5381,23,85,96,2.3,8.5,9.6,,,,,,1
GLZENQ5lzGA_000148,train,ego: moving_ahead_or_waiting,148,255,47,79,108,4.7,7.9,10.8,,,,,,1
PfJ2CudpCgE_002277,train,ego: moving_ahead_or_waiting,2277,2371,46,78,95,4.6,7.8,9.5,,,,,,1
r6_ZhT7rmhM_000436,train,ego: moving_ahead_or_waiting,436,510,63,75,75,6.3,7.5,7.5,,,,,,1
9Q0FCoNxL8I_000348,train,ego: moving_ahead_or_waiting,348,446,32,99,99,3.2,9.9,9.9,,,,,,1
kjVywUi1WK4_003840,train,ego: moving_ahead_or_waiting,3840,3938,28,62,99,2.8,6.2,9.9,,,,,,1
jKwCC2RhxJE_004435,train,ego: moving_ahead_or_waiting,4435,4518,30,68,84,3.0,6.8,8.4,,,,,,1
3Sqeb-l1RPA_004185,train,ego: moving_ahead_or_waiting,4185,4295,37,70,111,3.7,7.0,11.1,,,,,,1
X8VgGb1fJDU_002745,train,ego: moving_ahead_or_waiting,2745,2834,42,71,90,4.2,7.1,9.0,,,,,,1
ujVRDgGVzlQ_005345,train,ego: moving_ahead_or_waiting,5345,5405,22,45,61,2.2,4.5,6.1,,,,,,1
xVfPBzDnI2Q_004612,train,ego: moving_ahead_or_waiting,4612,4686,27,51,75,2.7,5.1,7.5,,,,,,1
UjkeNSr2dXQ_000170,train,ego: moving_ahead_or_waiting,170,268,28,64,99,2.8,6.4,9.9,,,,,,1
qzMjfBx1KI0_002227,train,ego: moving_ahead_or_waiting,2227,2322,61,84,96,6.1,8.4,9.6,,,,,,1
Hkui6PJboFg_003854,train,ego: moving_ahead_or_waiting,3854,3952,54,77,99,5.4,7.7,9.9,,,,,,1
Pbw0A-RCjcw_000562,train,ego: moving_ahead_or_waiting,562,700,63,80,139,6.3,8.0,13.9,,,,,,1
DSBGS6aRzgc_002550,train,ego: moving_ahead_or_waiting,2550,2649,25,80,100,2.5,8.0,10.0,,,,,,1
K1r3m5OrmB4_001235,train,ego: moving_ahead_or_waiting,1235,1334,52,74,100,5.2,7.4,10.0,,,,,,1
4wKjxDXnmYs_002718,train,ego: moving_ahead_or_waiting,2718,2802,24,80,85,2.4,8.0,8.5,,,,,,1
vZSr9dhRxlE_003450,train,ego: moving_ahead_or_waiting,3450,3608,61,78,159,6.1,7.8,15.9,,,,,,1
ZIts2XH28SA_002935,train,ego: moving_ahead_or_waiting,2935,3023,26,64,89,2.6,6.4,8.9,,,,,,1
PfJ2CudpCgE_002549,train,ego: moving_ahead_or_waiting,2549,2643,30,48,95,3.0,4.8,9.5,,,,,,1
fWJbp43k644_002866,train,ego: moving_ahead_or_waiting,2866,2905,27,40,40,2.7,4.0,4.0,,,,,,1
eN6y6-4C1Rc_003230,train,ego: moving_ahead_or_waiting,3230,3347,47,73,118,4.7,7.3,11.8,,,,,,1
GYWPqbrY8Z4_001405,train,ego: moving_ahead_or_waiting,1405,1501,52,77,97,5.2,7.7,9.7,,,,,,1
4K_6s1n6BpU_006682,train,ego: moving_ahead_or_waiting,6682,6749,14,59,68,1.4,5.9,6.8,,,,,,1
lKMwX4nA64k_003105,train,ego: moving_ahead_or_waiting,3105,3181,28,44,77,2.8,4.4,7.7,,,,,,1
gDjeTHGWX9c_006066,train,ego: moving_ahead_or_waiting,6066,6101,27,36,36,2.7,3.6,3.6,,,,,,1
J-j5eIHg8I0_004779,train,ego: moving_ahead_or_waiting,4779,4906,69,120,128,6.9,12.0,12.8,,,,,,1
Zpo0kwg1XEQ_003322,train,ego: moving_ahead_or_waiting,3322,3404,21,46,83,2.1,4.6,8.3,,,,,,1
vdLn-qswnRo_003795,train,ego: moving_ahead_or_waiting,3795,3883,26,51,89,2.6,5.1,8.9,,,,,,1
kN-2mc561GY_004496,train,ego: moving_ahead_or_waiting,4496,4583,22,35,88,2.2,3.5,8.8,,,,,,1
lKMwX4nA64k_004263,train,ego: moving_ahead_or_waiting,4263,4344,31,52,82,3.1,5.2,8.2,,,,,,1
PfJ2CudpCgE_000575,train,ego: moving_ahead_or_waiting,575,661,35,56,87,3.5,5.6,8.7,,,,,,1
V3--0ubJkNE_001660,train,ego: moving_ahead_or_waiting,1660,1746,23,60,87,2.3,6.0,8.7,,,,,,1
OWtbKblBOKI_001404,train,ego: moving_ahead_or_waiting,1404,1506,50,70,103,5.0,7.0,10.3,,,,,,1
3sGShQb_HwU_000985,train,ego: moving_ahead_or_waiting,985,1084,54,87,100,5.4,8.7,10.0,,,,,,1
QERvirE3S5s_005933,train,ego: moving_ahead_or_waiting,5933,6013,28,70,81,2.8,7.0,8.1,,,,,,1
UjkeNSr2dXQ_000270,train,ego: moving_ahead_or_waiting,270,392,44,56,123,4.4,5.6,12.3,,,,,,1
PEwiwzyTjX0_005074,train,ego: moving_ahead_or_waiting,5074,5243,42,68,170,4.2,6.8,17.0,,,,,,1
fb5i7JlmJdg_000723,train,ego: moving_ahead_or_waiting,723,831,51,81,109,5.1,8.1,10.9,,,,,,1
Hkui6PJboFg_003812,train,ego: moving_ahead_or_waiting,3812,3852,24,41,41,2.4,4.1,4.1,,,,,,1
Z9K13eBUwJM_000539,train,ego: moving_ahead_or_waiting,539,627,28,65,89,2.8,6.5,8.9,,,,,,1
D_pyFV4nKd4_000666,train,ego: moving_ahead_or_waiting,666,774,57,84,109,5.7,8.4,10.9,,,,,,1
88LcRU7uEFE_000732,train,ego: moving_ahead_or_waiting,732,830,38,94,99,3.8,9.4,9.9,,,,,,1
Tsl84N96WM8_000341,train,ego: moving_ahead_or_waiting,341,439,49,53,99,4.9,5.3,9.9,,,,,,1
HNRS3w5zep8_001182,train,ego: moving_ahead_or_waiting,1182,1239,25,48,58,2.5,4.8,5.8,,,,,,1
CyeT8rEQOpQ_004911,train,ego: moving_ahead_or_waiting,4911,4969,37,59,59,3.7,5.9,5.9,,,,,,1
nvVk7L3GrJQ_005265,train,ego: moving_ahead_or_waiting,5265,5347,67,82,83,6.7,8.2,8.3,,,,,,1
fWJbp43k644_003828,train,ego: moving_ahead_or_waiting,3828,3953,71,112,126,7.1,11.2,12.6,,,,,,1
qzMjfBx1KI0_004884,train,ego: moving_ahead_or_waiting,4884,4998,49,74,115,4.9,7.4,11.5,,,,,,1
l1XbmdmGr0Q_000062,train,ego: moving_ahead_or_waiting,62,167,40,63,106,4.0,6.3,10.6,,,,,,1
RPNiqsdt6-w_002780,train,ego: moving_ahead_or_waiting,2780,2898,53,75,119,5.3,7.5,11.9,,,,,,1
DkjTJcCXipY_003474,train,ego: moving_ahead_or_waiting,3474,3566,18,42,93,1.8,4.2,9.3,,,,,,1
Hkui6PJboFg_003063,train,ego: moving_ahead_or_waiting,3063,3127,19,48,65,1.9,4.8,6.5,,,,,,1
gXezhrOijmQ_004417,train,ego: moving_ahead_or_waiting,4417,4506,52,71,90,5.2,7.1,9.0,,,,,,1
8dI7OolIEXY_002729,train,ego: moving_ahead_or_waiting,2729,2823,32,67,95,3.2,6.7,9.5,,,,,,1
Hd2IzHAfkCI_002839,train,ego: moving_ahead_or_waiting,2839,2938,36,90,100,3.6,9.0,10.0,,,,,,1
2SAby_5t94M_000562,train,ego: moving_ahead_or_waiting,562,673,31,69,112,3.1,6.9,11.2,,,,,,1
GdyJqgxlSxs_000192,train,ego: moving_ahead_or_waiting,192,295,37,62,104,3.7,6.2,10.4,,,,,,1
3sGShQb_HwU_000905,train,ego: moving_ahead_or_waiting,905,983,44,68,79,4.4,6.8,7.9,,,,,,1
bFGmOp9H3MA_001119,train,ego: moving_ahead_or_waiting,1119,1225,39,45,107,3.9,4.5,10.7,,,,,,1
QERvirE3S5s_000744,train,ego: moving_ahead_or_waiting,744,838,39,68,95,3.9,6.8,9.5,,,,,,1
JV0D-YkWHD8_001599,train,ego: moving_ahead_or_waiting,1599,1684,34,76,86,3.4,7.6,8.6,,,,,,1
QERvirE3S5s_004710,train,ego: moving_ahead_or_waiting,4710,4818,39,60,109,3.9,6.0,10.9,,,,,,1
Zpo0kwg1XEQ_000942,train,ego: moving_ahead_or_waiting,942,1041,32,75,100,3.2,7.5,10.0,,,,,,1
0RJPQ_97dcs_001640,train,ego: moving_ahead_or_waiting,1640,1707,59,68,68,5.9,6.8,6.8,,,,,,1
zRZ9PJguIfE_000655,train,ego: moving_ahead_or_waiting,655,733,32,47,79,3.2,4.7,7.9,,,,,,1
nvVk7L3GrJQ_005580,train,ego: moving_ahead_or_waiting,5580,5664,26,48,85,2.6,4.8,8.5,,,,,,1
t4Cvbdtebk0_001385,train,ego: moving_ahead_or_waiting,1385,1471,30,58,87,3.0,5.8,8.7,,,,,,1
W6YrlYyWguc_001756,train,ego: moving_ahead_or_waiting,1756,1904,92,143,149,9.2,14.3,14.9,,,,,,1
bhA2ckvE-TQ_001056,train,ego: moving_ahead_or_waiting,1056,1154,67,91,99,6.7,9.1,9.9,,,,,,1
gXezhrOijmQ_005750,train,ego: moving_ahead_or_waiting,5750,5823,45,62,74,4.5,6.2,7.4,,,,,,1
kjVywUi1WK4_003060,train,ego: moving_ahead_or_waiting,3060,3173,45,72,114,4.5,7.2,11.4,,,,,,1
bFGmOp9H3MA_005171,train,ego: moving_ahead_or_waiting,5171,5276,31,71,106,3.1,7.1,10.6,,,,,,1
IOoVklIZLMw_003645,train,ego: moving_ahead_or_waiting,3645,3753,32,62,109,3.2,6.2,10.9,,,,,,1
QERvirE3S5s_002657,train,ego: moving_ahead_or_waiting,2657,2740,33,55,84,3.3,5.5,8.4,,,,,,1
Q7VBPeGwJWw_002261,train,ego: moving_ahead_or_waiting,2261,2329,21,41,69,2.1,4.1,6.9,,,,,,1
nHvTqyRntbY_001105,train,ego: moving_ahead_or_waiting,1105,1188,33,49,84,3.3,4.9,8.4,,,,,,1
y1vGuUK0db4_002171,train,ego: moving_ahead_or_waiting,2171,2276,29,56,106,2.9,5.6,10.6,,,,,,1
0qfbmt4G8Rw_002663,train,ego: moving_ahead_or_waiting,2663,2761,56,78,99,5.6,7.8,9.9,,,,,,1
kN-2mc561GY_000683,train,ego: moving_ahead_or_waiting,683,749,28,38,67,2.8,3.8,6.7,,,,,,1
gDjeTHGWX9c_003096,train,ego: moving_ahead_or_waiting,3096,3168,32,73,73,3.2,7.3,7.3,,,,,,1
dZG1VKsgs60_003543,train,ego: moving_ahead_or_waiting,3543,3611,28,53,69,2.8,5.3,6.9,,,,,,1
T7TkJVmGyts_001278,train,ego: moving_ahead_or_waiting,1278,1386,58,72,109,5.8,7.2,10.9,,,,,,1
J-j5eIHg8I0_004588,train,ego: moving_ahead_or_waiting,4588,4686,46,75,99,4.6,7.5,9.9,,,,,,1
fWJbp43k644_000533,train,ego: moving_ahead_or_waiting,533,655,49,100,123,4.9,10.0,12.3,,,,,,1
y1vGuUK0db4_002814,train,ego: moving_ahead_or_waiting,2814,2886,49,72,73,4.9,7.2,7.3,,,,,,1
jv7vz_55H8M_000486,train,ego: moving_ahead_or_waiting,486,568,18,58,83,1.8,5.8,8.3,,,,,,1
QeuzUfHIWYU_004536,train,ego: moving_ahead_or_waiting,4536,4619,29,57,84,2.9,5.7,8.4,,,,,,1
Hx8FMhmdOQU_000263,train,ego: moving_ahead_or_waiting,263,361,46,80,99,4.6,8.0,9.9,,,,,,1
kld-iYpdjyo_000428,train,ego: moving_ahead_or_waiting,428,556,50,78,129,5.0,7.8,12.9,,,,,,1
PYL3JcSsS6o_004416,train,ego: moving_ahead_or_waiting,4416,4715,160,182,300,16.0,18.2,30.0,,,,,,1
bFGmOp9H3MA_000061,train,ego: moving_ahead_or_waiting,61,147,32,68,87,3.2,6.8,8.7,,,,,,1
vZSr9dhRxlE_002331,train,ego: moving_ahead_or_waiting,2331,2431,27,47,101,2.7,4.7,10.1,,,,,,1
QeuzUfHIWYU_004325,train,ego: moving_ahead_or_waiting,4325,4433,56,92,109,5.6,9.2,10.9,,,,,,1
Jt6_hinpKpk_001859,train,ego: moving_ahead_or_waiting,1859,1892,11,33,34,1.1,3.3,3.4,,,,,,1
IFhWIS-Gwps_002227,train,ego: moving_ahead_or_waiting,2227,2282,15,42,56,1.5,4.2,5.6,,,,,,1
fWJbp43k644_004611,train,ego: moving_ahead_or_waiting,4611,4693,30,77,83,3.0,7.7,8.3,,,,,,1
kjVywUi1WK4_003940,train,ego: moving_ahead_or_waiting,3940,4046,51,76,107,5.1,7.6,10.7,,,,,,1
kjVywUi1WK4_004617,train,ego: moving_ahead_or_waiting,4617,4712,40,63,96,4.0,6.3,9.6,,,,,,1
eW9vWga9F5M_000342,train,ego: moving_ahead_or_waiting,342,463,74,115,122,7.4,11.5,12.2,,,,,,1
bI9JzQSrEGo_000779,train,ego: moving_ahead_or_waiting,779,890,51,91,112,5.1,9.1,11.2,,,,,,1
1u69z-wsDIc_000484,train,ego: moving_ahead_or_waiting,484,563,61,78,80,6.1,7.8,8.0,,,,,,1
EY8x-fyQkbk_002762,train,ego: moving_ahead_or_waiting,2762,2883,31,115,122,3.1,11.5,12.2,,,,,,1
DpQBo4gb6Lw_000380,train,ego: moving_ahead_or_waiting,380,488,31,65,109,3.1,6.5,10.9,,,,,,1
t_bCDlNOhJc_002052,train,ego: moving_ahead_or_waiting,2052,2191,53,74,140,5.3,7.4,14.0,,,,,,1
Tsl84N96WM8_002462,train,ego: moving_ahead_or_waiting,2462,2540,40,79,79,4.0,7.9,7.9,,,,,,1
Sihe6aeyLHg_004622,train,ego: moving_ahead_or_waiting,4622,4754,53,119,133,5.3,11.9,13.3,,,,,,1
bhA2ckvE-TQ_004301,train,ego: moving_ahead_or_waiting,4301,4399,30,78,99,3.0,7.8,9.9,,,,,,1
QERvirE3S5s_002858,train,ego: moving_ahead_or_waiting,2858,2943,40,73,86,4.0,7.3,8.6,,,,,,1
HaC3LrJiTmQ_003539,train,ego: moving_ahead_or_waiting,3539,3637,50,96,99,5.0,9.6,9.9,,,,,,1
eN6y6-4C1Rc_006040,train,ego: moving_ahead_or_waiting,6040,6091,33,52,52,3.3,5.2,5.2,,,,,,1
bI9JzQSrEGo_004353,train,ego: moving_ahead_or_waiting,4353,4439,31,66,87,3.1,6.6,8.7,,,,,,1
nHvTqyRntbY_004313,train,ego: moving_ahead_or_waiting,4313,4400,31,66,88,3.1,6.6,8.8,,,,,,1
pOJpwWmEcFg_003080,train,ego: moving_ahead_or_waiting,3080,3148,33,69,69,3.3,6.9,6.9,,,,,,1
7uTMZ5-aWKA_001605,train,other: turning,1605,1693,35,66,89,3.5,6.6,8.9,,,,,,1
W6YrlYyWguc_000495,train,other: turning,495,614,53,104,120,5.3,10.4,12.0,,,,,,1
5vKPYV5w6pw_004224,train,other: turning,4224,4322,42,72,99,4.2,7.2,9.9,,,,,,1
4wKjxDXnmYs_001844,train,other: turning,1844,1920,30,46,77,3.0,4.6,7.7,,,,,,1
Tsl84N96WM8_000241,train,other: turning,241,339,44,81,99,4.4,8.1,9.9,,,,,,1
jFFhYwgepmY_000889,train,other: turning,889,1006,54,72,118,5.4,7.2,11.8,,,,,,1
JPfUoxTjKo4_000021,train,other: turning,21,149,24,47,129,2.4,4.7,12.9,,,,,,1
gDjeTHGWX9c_005997,train,other: turning,5997,6064,12,46,68,1.2,4.6,6.8,,,,,,1
88LcRU7uEFE_001913,train,other: turning,1913,2031,42,78,119,4.2,7.8,11.9,,,,,,1
JV0D-YkWHD8_004103,train,other: turning,4103,4169,17,48,67,1.7,4.8,6.7,,,,,,1
PfJ2CudpCgE_006024,train,other: turning,6024,6098,35,54,75,3.5,5.4,7.5,,,,,,1
gZbGLa253Ak_000721,train,other: turning,721,819,43,89,99,4.3,8.9,9.9,,,,,,1
zRZ9PJguIfE_003137,train,other: turning,3137,3235,25,51,99,2.5,5.1,9.9,,,,,,1
fb5i7JlmJdg_005252,train,other: turning,5252,5360,60,85,109,6.0,8.5,10.9,,,,,,1
Sihe6aeyLHg_004548,train,other: turning,4548,4620,26,48,73,2.6,4.8,7.3,,,,,,1
f482qwPz7ns_003767,train,other: turning,3767,3852,36,67,86,3.6,6.7,8.6,,,,,,1
90gyBengKDs_003139,train,other: turning,3139,3223,35,52,85,3.5,5.2,8.5,,,,,,1
Z9K13eBUwJM_005905,train,other: turning,5905,5991,48,79,87,4.8,7.9,8.7,,,,,,1
QeuzUfHIWYU_000559,train,other: turning,559,657,39,63,99,3.9,6.3,9.9,,,,,,1
xVfPBzDnI2Q_001710,train,other: turning,1710,1787,36,55,78,3.6,5.5,7.8,,,,,,1
3sGShQb_HwU_004259,train,other: turning,4259,4347,45,66,89,4.5,6.6,8.9,,,,,,1
y4Evv5By6sg_000075,train,other: turning,75,179,47,87,105,4.7,8.7,10.5,,,,,,1
2TmFM9p1KF8_001756,train,other: turning,1756,1820,6,38,65,0.6,3.8,6.5,,,,,,1
2TmFM9p1KF8_001932,train,other: turning,1932,2018,16,42,87,1.6,4.2,8.7,,,,,,1
u33fdjUY_Iw_004509,train,other: turning,4509,4619,52,72,111,5.2,7.2,11.1,,,,,,1
oZaUkhs_H-s_002917,train,other: turning,2917,3015,34,42,99,3.4,4.2,9.9,,,,,,1
hdOtS-BpUPY_004293,train,other: turning,4293,4381,42,64,89,4.2,6.4,8.9,,,,,,1
ahKX0rtdMJc_004580,train,other: turning,4580,4728,30,57,149,3.0,5.7,14.9,,,,,,1
CyeT8rEQOpQ_002416,train,other: turning,2416,2503,39,62,88,3.9,6.2,8.8,,,,,,1
0z7J7rOpTic_002066,train,other: turning,2066,2164,51,68,99,5.1,6.8,9.9,,,,,,1
QeuzUfHIWYU_005018,train,other: turning,5018,5106,53,71,89,5.3,7.1,8.9,,,,,,1
J-j5eIHg8I0_000505,train,other: turning,505,580,36,48,76,3.6,4.8,7.6,,,,,,1
nHvTqyRntbY_003764,train,other: turning,3764,3856,21,38,93,2.1,3.8,9.3,,,,,,1
UKBuDqU8qTM_000371,train,other: turning,371,479,53,82,109,5.3,8.2,10.9,,,,,,1
nvVk7L3GrJQ_001293,train,other: turning,1293,1380,14,50,88,1.4,5.0,8.8,,,,,,1
bhA2ckvE-TQ_001797,train,other: turning,1797,1916,53,90,120,5.3,9.0,12.0,,,,,,1
90gyBengKDs_001613,train,other: turning,1613,1694,31,54,82,3.1,5.4,8.2,,,,,,1
UOjQsfDXjO0_002436,train,other: turning,2436,2595,34,64,160,3.4,6.4,16.0,,,,,,1
LfKfK4I5RPE_003732,train,other: turning,3732,3810,30,53,79,3.0,5.3,7.9,,,,,,1
RPNiqsdt6-w_000521,train,other: turning,521,609,38,54,89,3.8,5.4,8.9,,,,,,1
3u_CIo9IaWo_002893,train,other: turning,2893,3041,40,52,149,4.0,5.2,14.9,,,,,,1
O9uvBFovKj8_004982,train,other: turning,4982,5060,37,58,79,3.7,5.8,7.9,,,,,,1
p8q77QzOdUs_003890,train,other: turning,3890,3998,55,71,109,5.5,7.1,10.9,,,,,,1
Nc9SDBksPPA_004924,train,other: turning,4924,5028,40,72,105,4.0,7.2,10.5,,,,,,1
2SAby_5t94M_000753,train,other: turning,753,817,20,45,65,2.0,4.5,6.5,,,,,,1
TlBhM9Xbr2o_001876,train,other: turning,1876,1968,41,66,93,4.1,6.6,9.3,,,,,,1
DpQBo4gb6Lw_002691,train,other: turning,2691,2810,51,100,120,5.1,10.0,12.0,,,,,,1
3sGShQb_HwU_004977,train,other: turning,4977,5065,36,58,89,3.6,5.8,8.9,,,,,,1
dZG1VKsgs60_002588,train,other: turning,2588,2666,26,47,79,2.6,4.7,7.9,,,,,,1
3tEZvtQZ18Q_000981,train,other: turning,981,1069,26,77,89,2.6,7.7,8.9,,,,,,1
sdqIDbZJfy0_003353,train,other: turning,3353,3499,29,47,147,2.9,4.7,14.7,,,,,,1
p8q77QzOdUs_004490,train,other: turning,4490,4578,32,57,89,3.2,5.7,8.9,,,,,,1
YBEYOS3A3Ic_004858,train,other: turning,4858,4928,29,44,71,2.9,4.4,7.1,,,,,,1
f482qwPz7ns_004142,train,other: turning,4142,4270,88,108,129,8.8,10.8,12.9,,,,,,1
Hx8FMhmdOQU_005151,train,other: turning,5151,5249,43,86,99,4.3,8.6,9.9,,,,,,1
uFwnmh0GpBo_002118,train,other: turning,2118,2226,36,74,109,3.6,7.4,10.9,,,,,,1
hdOtS-BpUPY_001041,train,other: turning,1041,1119,35,50,79,3.5,5.0,7.9,,,,,,1
D_pyFV4nKd4_004530,train,other: turning,4530,4628,58,81,99,5.8,8.1,9.9,,,,,,1
ieP36TLihGM_002893,train,other: turning,2893,2991,47,75,99,4.7,7.5,9.9,,,,,,1
jFFhYwgepmY_000351,train,other: turning,351,443,39,61,93,3.9,6.1,9.3,,,,,,1
xjbbH74SwTg_002787,train,other: turning,2787,2885,49,68,99,4.9,6.8,9.9,,,,,,1
y4Evv5By6sg_000648,train,other: turning,648,766,86,102,119,8.6,10.2,11.9,,,,,,1
T89zSiaMNgM_002640,train,other: turning,2640,2764,49,69,125,4.9,6.9,12.5,,,,,,1
W6YrlYyWguc_001646,train,other: turning,1646,1754,64,81,109,6.4,8.1,10.9,,,,,,1
Zpo0kwg1XEQ_001906,train,other: turning,1906,1977,38,50,72,3.8,5.0,7.2,,,,,,1
Nc9SDBksPPA_000281,train,other: turning,281,389,59,89,109,5.9,8.9,10.9,,,,,,1
mrIFkGZbNjc_003786,train,other: turning,3786,3854,29,49,69,2.9,4.9,6.9,,,,,,1
ruiSuGHJf6Q_001231,train,other: turning,1231,1339,55,68,109,5.5,6.8,10.9,,,,,,1
jFFhYwgepmY_002431,train,other: turning,2431,2519,19,38,89,1.9,3.8,8.9,,,,,,1
CyeT8rEQOpQ_003695,train,other: turning,3695,3792,41,62,98,4.1,6.2,9.8,,,,,,1
0RJPQ_97dcs_001974,train,other: turning,1974,2107,43,79,134,4.3,7.9,13.4,,,,,,1
PfJ2CudpCgE_003154,train,other: turning,3154,3236,39,69,83,3.9,6.9,8.3,,,,,,1
hfwb3mZZ0fs_003392,train,other: turning,3392,3470,27,51,79,2.7,5.1,7.9,,,,,,1
hfwb3mZZ0fs_001223,train,other: turning,1223,1268,2,21,46,0.2,2.1,4.6,,,,,,1
kld-iYpdjyo_006188,train,other: turning,6188,6253,26,49,66,2.6,4.9,6.6,,,,,,1
xjbbH74SwTg_000812,train,other: turning,812,910,46,66,99,4.6,6.6,9.9,,,,,,1
9Q0FCoNxL8I_001552,train,other: turning,1552,1664,39,65,113,3.9,6.5,11.3,,,,,,1
HaC3LrJiTmQ_002720,train,other: turning,2720,2933,71,100,214,7.1,10.0,21.4,,,,,,1
nHvTqyRntbY_004602,train,other: turning,4602,4697,34,54,96,3.4,5.4,9.6,,,,,,1
5vKPYV5w6pw_005653,train,other: turning,5653,5762,38,54,110,3.8,5.4,11.0,,,,,,1
pWZSG2cUdEo_000052,train,other: turning,52,164,39,44,113,3.9,4.4,11.3,,,,,,1
J-j5eIHg8I0_004326,train,other: turning,4326,4414,33,62,89,3.3,6.2,8.9,,,,,,1
LfKfK4I5RPE_003812,train,other: turning,3812,3913,35,71,102,3.5,7.1,10.2,,,,,,1
eN6y6-4C1Rc_006167,train,other: turning,6167,6269,26,44,103,2.6,4.4,10.3,,,,,,1
bhA2ckvE-TQ_001611,train,other: turning,1611,1689,20,37,79,2.0,3.7,7.9,,,,,,1
Y4rb2_HaBdQ_002036,train,other: turning,2036,2128,21,36,93,2.1,3.6,9.3,,,,,,1
nHvTqyRntbY_002652,train,other: turning,2652,2753,42,65,102,4.2,6.5,10.2,,,,,,1
pQdl0apLT70_004452,train,other: turning,4452,4532,22,58,81,2.2,5.8,8.1,,,,,,1
LfKfK4I5RPE_004619,train,other: turning,4619,4719,32,69,101,3.2,6.9,10.1,,,,,,1
4K_6s1n6BpU_001144,train,other: turning,1144,1211,31,45,68,3.1,4.5,6.8,,,,,,1
UOjQsfDXjO0_003467,train,other: turning,3467,3605,52,80,139,5.2,8.0,13.9,,,,,,1
DyzL2sahobA_000861,train,other: turning,861,954,40,68,94,4.0,6.8,9.4,,,,,,1
mrIFkGZbNjc_003276,train,other: turning,3276,3354,21,54,79,2.1,5.4,7.9,,,,,,1
zRZ9PJguIfE_005031,train,other: turning,5031,5180,75,94,150,7.5,9.4,15.0,,,,,,1
bhA2ckvE-TQ_002907,train,other: turning,2907,3018,44,65,112,4.4,6.5,11.2,,,,,,1
W6YrlYyWguc_001536,train,other: turning,1536,1644,45,66,109,4.5,6.6,10.9,,,,,,1
xToi8YVZM8o_000690,train,other: turning,690,808,54,78,119,5.4,7.8,11.9,,,,,,1
Sihe6aeyLHg_004041,train,other: turning,4041,4118,23,47,78,2.3,4.7,7.8,,,,,,1
88LcRU7uEFE_001047,train,other: turning,1047,1135,43,71,89,4.3,7.1,8.9,,,,,,1
Hx8FMhmdOQU_000905,train,other: turning,905,993,31,55,89,3.1,5.5,8.9,,,,,,1
uFwnmh0GpBo_001082,train,other: turning,1082,1230,47,89,149,4.7,8.9,14.9,,,,,,1
P5MjgFmqouA_003505,train,other: turning,3505,3593,29,61,89,2.9,6.1,8.9,,,,,,1
QeuzUfHIWYU_005178,train,other: turning,5178,5256,40,58,79,4.0,5.8,7.9,,,,,,1
K1r3m5OrmB4_003916,train,other: turning,3916,4008,39,63,93,3.9,6.3,9.3,,,,,,1
lKMwX4nA64k_003183,train,other: turning,3183,3283,31,48,101,3.1,4.8,10.1,,,,,,1
O9uvBFovKj8_000319,train,other: turning,319,420,29,50,102,2.9,5.0,10.2,,,,,,1
PEwiwzyTjX0_001508,train,other: turning,1508,1601,21,61,94,2.1,6.1,9.4,,,,,,1
Pbw0A-RCjcw_001170,train,other: turning,1170,1288,57,79,119,5.7,7.9,11.9,,,,,,1
UOjQsfDXjO0_003227,train,other: turning,3227,3345,44,79,119,4.4,7.9,11.9,,,,,,1
nvVk7L3GrJQ_005513,train,other: turning,5513,5578,29,44,66,2.9,4.4,6.6,,,,,,1
Nc9SDBksPPA_000171,train,other: turning,171,279,36,56,109,3.6,5.6,10.9,,,,,,1
vdLn-qswnRo_001611,train,other: turning,1611,1705,39,58,95,3.9,5.8,9.5,,,,,,1
CyeT8rEQOpQ_001932,train,other: turning,1932,2003,36,53,72,3.6,5.3,7.2,,,,,,1
a_VxrUq9PmA_003973,train,other: turning,3973,4078,38,60,106,3.8,6.0,10.6,,,,,,1
p-fBcE77G4c_002340,train,other: turning,2340,2443,49,68,104,4.9,6.8,10.4,,,,,,1
pOJpwWmEcFg_005037,train,other: turning,5037,5125,31,49,89,3.1,4.9,8.9,,,,,,1
ruiSuGHJf6Q_004660,train,other: turning,4660,4748,42,52,89,4.2,5.2,8.9,,,,,,1
DyzL2sahobA_000073,train,other: turning,73,219,60,96,147,6.0,9.6,14.7,,,,,,1
7uTMZ5-aWKA_000860,train,other: turning,860,968,58,87,109,5.8,8.7,10.9,,,,,,1
T7TkJVmGyts_000891,train,other: turning,891,1009,41,67,119,4.1,6.7,11.9,,,,,,1
yr0gNIxRluE_001080,train,other: turning,1080,1168,31,73,89,3.1,7.3,8.9,,,,,,1
T7TkJVmGyts_000191,train,other: turning,191,279,48,74,89,4.8,7.4,8.9,,,,,,1
nADqn-DZ-Dc_000740,train,other: turning,740,848,64,79,109,6.4,7.9,10.9,,,,,,1
O9uvBFovKj8_000211,train,other: turning,211,317,43,65,107,4.3,6.5,10.7,,,,,,1
a_VxrUq9PmA_005151,train,other: turning,5151,5250,46,74,100,4.6,7.4,10.0,,,,,,1
lmykriTbncM_004234,train,other: turning,4234,4328,44,59,95,4.4,5.9,9.5,,,,,,1
Vtpe3HAIEm4_003608,train,other: turning,3608,3694,39,56,87,3.9,5.6,8.7,,,,,,1
88LcRU7uEFE_001238,train,other: turning,1238,1346,43,79,109,4.3,7.9,10.9,,,,,,1
uFwnmh0GpBo_000842,train,other: turning,842,960,45,69,119,4.5,6.9,11.9,,,,,,1
p-fBcE77G4c_003392,train,other: turning,3392,3514,40,61,123,4.0,6.1,12.3,,,,,,1
Q7VBPeGwJWw_002894,train,other: turning,2894,2952,18,35,59,1.8,3.5,5.9,,,,,,1
d2SCftR5sWc_003264,train,other: turning,3264,3362,22,62,99,2.2,6.2,9.9,,,,,,1
ruiSuGHJf6Q_000371,train,other: turning,371,479,35,58,109,3.5,5.8,10.9,,,,,,1
ieP36TLihGM_002993,train,other: turning,2993,3081,28,48,89,2.8,4.8,8.9,,,,,,1
O9uvBFovKj8_001912,train,other: turning,1912,2027,35,83,116,3.5,8.3,11.6,,,,,,1
zRZ9PJguIfE_001319,train,other: turning,1319,1407,41,55,89,4.1,5.5,8.9,,,,,,1
JHfjuFrnpjA_004861,train,other: turning,4861,4950,31,48,90,3.1,4.8,9.0,,,,,,1
u33fdjUY_Iw_001593,train,other: turning,1593,1680,31,47,88,3.1,4.7,8.8,,,,,,1
pOJpwWmEcFg_002252,train,other: turning,2252,2350,26,54,99,2.6,5.4,9.9,,,,,,1
sdqIDbZJfy0_002638,train,other: turning,2638,2736,38,56,99,3.8,5.6,9.9,,,,,,1
L334aqEJxys_000928,train,other: turning,928,1035,51,82,108,5.1,8.2,10.8,,,,,,1
CyeT8rEQOpQ_005549,train,other: turning,5549,5607,36,58,59,3.6,5.8,5.9,,,,,,1
4wKjxDXnmYs_001994,train,other: turning,1994,2053,19,33,60,1.9,3.3,6.0,,,,,,1
lKMwX4nA64k_001926,train,other: turning,1926,2050,68,101,125,6.8,10.1,12.5,,,,,,1
GkDXwJXjQx0_001355,train,other: turning,1355,1409,14,36,55,1.4,3.6,5.5,,,,,,1
vZSr9dhRxlE_000052,train,other: turning,52,173,31,70,122,3.1,7.0,12.2,,,,,,1
hdOtS-BpUPY_001912,train,other: turning,1912,2104,25,39,193,2.5,3.9,19.3,,,,,,1
WWyeuvpHmfc_002453,train,other: turning,2453,2539,32,44,87,3.2,4.4,8.7,,,,,,1
JkYzYrJpSoQ_004958,train,other: turning,4958,5026,15,29,69,1.5,2.9,6.9,,,,,,1
GdyJqgxlSxs_006240,train,other: turning,6240,6315,36,41,76,3.6,4.1,7.6,,,,,,1
D_pyFV4nKd4_003804,train,other: turning,3804,3892,45,81,89,4.5,8.1,8.9,,,,,,1
nvVk7L3GrJQ_001826,train,other: turning,1826,1913,35,59,88,3.5,5.9,8.8,,,,,,1
h55PiQMnlJY_001243,train,other: turning,1243,1381,60,102,139,6.0,10.2,13.9,,,,,,1
UOjQsfDXjO0_001011,train,other: turning,1011,1180,70,97,170,7.0,9.7,17.0,,,,,,1
Nc9SDBksPPA_004404,train,other: turning,4404,4492,48,62,89,4.8,6.2,8.9,,,,,,1
Pbw0A-RCjcw_002742,train,other: turning,2742,2820,26,49,79,2.6,4.9,7.9,,,,,,1
HaC3LrJiTmQ_005125,train,other: turning,5125,5240,38,54,116,3.8,5.4,11.6,,,,,,1
Izf9l3VWQuo_004675,train,other: turning,4675,4775,43,73,101,4.3,7.3,10.1,,,,,,1
1u69z-wsDIc_004094,train,other: turning,4094,4193,48,73,100,4.8,7.3,10.0,,,,,,1
6E2N9ld0eHg_000972,train,other: turning,972,1081,50,82,110,5.0,8.2,11.0,,,,,,1
UKBuDqU8qTM_003400,train,other: turning,3400,3468,35,52,69,3.5,5.2,6.9,,,,,,1
RPNiqsdt6-w_003437,train,other: turning,3437,3545,61,82,109,6.1,8.2,10.9,,,,,,1
DpQBo4gb6Lw_002812,train,other: turning,2812,2870,27,49,59,2.7,4.9,5.9,,,,,,1
O9uvBFovKj8_001801,train,other: turning,1801,1910,31,75,110,3.1,7.5,11.0,,,,,,1
d2SCftR5sWc_001121,train,other: turning,1121,1299,83,128,179,8.3,12.8,17.9,,,,,,1
UbDCiQVuzPY_003772,train,other: turning,3772,3860,25,55,89,2.5,5.5,8.9,,,,,,1
gXezhrOijmQ_002530,train,other: turning,2530,2618,27,89,89,2.7,8.9,8.9,,,,,,1
ruiSuGHJf6Q_002157,train,other: turning,2157,2255,57,70,99,5.7,7.0,9.9,,,,,,1
IIuaTrT3pp0_000594,train,other: turning,594,658,20,48,65,2.0,4.8,6.5,,,,,,1
yr0gNIxRluE_002389,train,other: turning,2389,2527,68,100,139,6.8,10.0,13.9,,,,,,1
4wKjxDXnmYs_000219,train,other: turning,219,309,27,58,91,2.7,5.8,9.1,,,,,,1
ahKX0rtdMJc_004883,train,other: turning,4883,4954,17,57,72,1.7,5.7,7.2,,,,,,1
UbDCiQVuzPY_001045,train,other: turning,1045,1143,51,66,99,5.1,6.6,9.9,,,,,,1
ha-IeID24As_002404,train,other: turning,2404,2479,21,44,76,2.1,4.4,7.6,,,,,,1
W6YrlYyWguc_004017,train,other: turning,4017,4085,34,53,69,3.4,5.3,6.9,,,,,,1
DpQBo4gb6Lw_002562,train,other: turning,2562,2689,32,60,128,3.2,6.0,12.8,,,,,,1
y4Evv5By6sg_001238,train,other: turning,1238,1346,54,70,109,5.4,7.0,10.9,,,,,,1
fsqORUrKLYg_000895,train,other: turning,895,983,23,89,89,2.3,8.9,8.9,,,,,,1
9Q0FCoNxL8I_002217,train,other: turning,2217,2342,61,79,126,6.1,7.9,12.6,,,,,,1
WWyeuvpHmfc_001621,train,other: turning,1621,1708,31,47,88,3.1,4.7,8.8,,,,,,1
0z7J7rOpTic_002166,train,other: turning,2166,2255,32,55,90,3.2,5.5,9.0,,,,,,1
d2SCftR5sWc_001995,train,other: turning,1995,2093,18,43,99,1.8,4.3,9.9,,,,,,1
TlBhM9Xbr2o_003064,train,other: turning,3064,3151,41,64,88,4.1,6.4,8.8,,,,,,1
Eq7_uD2yN5Y_003939,train,other: turning,3939,4047,40,78,109,4.0,7.8,10.9,,,,,,1
sUbP4j8rAic_002839,train,other: turning,2839,2987,38,75,149,3.8,7.5,14.9,,,,,,1
RPNiqsdt6-w_003647,train,other: turning,3647,3725,27,42,79,2.7,4.2,7.9,,,,,,1
9Q0FCoNxL8I_000927,train,other: turning,927,1089,36,71,163,3.6,7.1,16.3,,,,,,1
eN6y6-4C1Rc_004776,train,other: turning,4776,4862,28,50,87,2.8,5.0,8.7,,,,,,1
O9uvBFovKj8_002330,train,other: turning,2330,2429,11,53,100,1.1,5.3,10.0,,,,,,1
3sGShQb_HwU_000454,train,other: turning,454,573,44,64,120,4.4,6.4,12.0,,,,,,1
0RJPQ_97dcs_001878,train,other: turning,1878,1972,10,29,95,1.0,2.9,9.5,,,,,,1
Hx8FMhmdOQU_000715,train,other: turning,715,813,28,89,99,2.8,8.9,9.9,,,,,,1
T7TkJVmGyts_000771,train,other: turning,771,889,57,88,119,5.7,8.8,11.9,,,,,,1
bcpfYpmDcp0_002666,train,other: turning,2666,2782,32,61,117,3.2,6.1,11.7,,,,,,1
ruiSuGHJf6Q_004209,train,other: turning,4209,4297,34,65,89,3.4,6.5,8.9,,,,,,1
d2SCftR5sWc_000411,train,other: turning,411,499,32,63,89,3.2,6.3,8.9,,,,,,1
u33fdjUY_Iw_006176,train,other: turning,6176,6380,21,38,205,2.1,3.8,20.5,,,,,,1
f482qwPz7ns_004706,train,other: turning,4706,4804,27,53,99,2.7,5.3,9.9,,,,,,1
xVfPBzDnI2Q_004775,train,other: turning,4775,4864,46,65,90,4.6,6.5,9.0,,,,,,1
gZbGLa253Ak_001042,train,other: turning,1042,1150,41,89,109,4.1,8.9,10.9,,,,,,1
gZbGLa253Ak_001362,train,other: turning,1362,1480,27,98,119,2.7,9.8,11.9,,,,,,1
Hkui6PJboFg_003406,train,other: turning,3406,3513,39,77,108,3.9,7.7,10.8,,,,,,1
fdvMUP8qvzw_000501,train,other: turning,501,621,25,55,121,2.5,5.5,12.1,,,,,,1
UOjQsfDXjO0_000901,train,other: turning,901,1009,41,67,109,4.1,6.7,10.9,,,,,,1
JkYzYrJpSoQ_004772,train,other: turning,4772,4869,28,61,98,2.8,6.1,9.8,,,,,,1
0qfbmt4G8Rw_000870,train,other: turning,870,968,46,71,99,4.6,7.1,9.9,,,,,,1
DSBGS6aRzgc_000181,train,other: turning,181,289,42,76,109,4.2,7.6,10.9,,,,,,1
T89zSiaMNgM_002525,train,other: turning,2525,2638,37,89,114,3.7,8.9,11.4,,,,,,1
RPNiqsdt6-w_002547,train,other: turning,2547,2658,36,76,112,3.6,7.6,11.2,,,,,,1
hdOtS-BpUPY_000820,train,other: turning,820,919,39,69,100,3.9,6.9,10.0,,,,,,1
O9uvBFovKj8_001467,train,other: turning,1467,1575,32,58,109,3.2,5.8,10.9,,,,,,1
QERvirE3S5s_002496,train,other: turning,2496,2570,25,48,75,2.5,4.8,7.5,,,,,,1
5vKPYV5w6pw_002807,train,other: turning,2807,2916,47,83,110,4.7,8.3,11.0,,,,,,1
JkYzYrJpSoQ_000344,train,other: turning,344,462,22,82,119,2.2,8.2,11.9,,,,,,1
DpQBo4gb6Lw_004109,train,other: turning,4109,4177,20,61,69,2.0,6.1,6.9,,,,,,1
LfKfK4I5RPE_000632,train,other: turning,632,720,24,61,89,2.4,6.1,8.9,,,,,,1
90gyBengKDs_001327,train,other: turning,1327,1405,36,61,79,3.6,6.1,7.9,,,,,,1
K1r3m5OrmB4_005466,train,other: turning,5466,5566,45,75,101,4.5,7.5,10.1,,,,,,1
UOjQsfDXjO0_005414,train,other: turning,5414,5612,134,169,199,13.4,16.9,19.9,,,,,,1
kVhgFPPG-wo_005100,train,other: turning,5100,5180,21,49,81,2.1,4.9,8.1,,,,,,1
yr0gNIxRluE_001275,train,other: turning,1275,1359,30,69,85,3.0,6.9,8.5,,,,,,1
r6_ZhT7rmhM_002002,train,other: turning,2002,2101,42,63,100,4.2,6.3,10.0,,,,,,1
uFwnmh0GpBo_000641,train,other: turning,641,739,36,57,99,3.6,5.7,9.9,,,,,,1
TNZv-NBcV5U_003040,train,other: turning,3040,3121,8,25,82,0.8,2.5,8.2,,,,,,1
Hd2IzHAfkCI_001472,train,other: turning,1472,1560,27,68,89,2.7,6.8,8.9,,,,,,1
W6YrlYyWguc_000616,train,other: turning,616,734,57,80,119,5.7,8.0,11.9,,,,,,1
t_bCDlNOhJc_001392,train,other: turning,1392,1490,56,78,99,5.6,7.8,9.9,,,,,,1
JmwUVoOrgk8_000849,train,other: turning,849,947,7,47,99,0.7,4.7,9.9,,,,,,1
hy433gakFeo_001443,train,other: turning,1443,1493,4,30,51,0.4,3.0,5.1,,,,,,1
qYonJ4w6SZs_000075,train,other: turning,75,189,70,84,115,7.0,8.4,11.5,,,,,,1
2TmFM9p1KF8_003322,train,other: turning,3322,3407,40,69,86,4.0,6.9,8.6,,,,,,1
ieP36TLihGM_004444,train,other: turning,4444,4513,27,45,70,2.7,4.5,7.0,,,,,,1
RPNiqsdt6-w_003727,train,other: turning,3727,3845,70,95,119,7.0,9.5,11.9,,,,,,1
OPj7lUQOre8_004206,train,other: turning,4206,4284,50,63,79,5.0,6.3,7.9,,,,,,1
PqbpIHZvjMA_001793,train,other: turning,1793,1931,40,72,139,4.0,7.2,13.9,,,,,,1
UbDCiQVuzPY_003172,train,other: turning,3172,3250,49,64,79,4.9,6.4,7.9,,,,,,1
4K_6s1n6BpU_003177,train,other: turning,3177,3235,14,42,59,1.4,4.2,5.9,,,,,,1
nHvTqyRntbY_000231,train,other: turning,231,321,16,52,91,1.6,5.2,9.1,,,,,,1
hdOtS-BpUPY_000191,train,other: turning,191,301,43,77,111,4.3,7.7,11.1,,,,,,1
t_bCDlNOhJc_000191,train,other: turning,191,339,52,94,149,5.2,9.4,14.9,,,,,,1
K1r3m5OrmB4_001626,train,other: turning,1626,1705,35,53,80,3.5,5.3,8.0,,,,,,1
qzMjfBx1KI0_000994,train,other: turning,994,1097,35,62,104,3.5,6.2,10.4,,,,,,1
hfwb3mZZ0fs_002727,train,other: turning,2727,2813,35,64,87,3.5,6.4,8.7,,,,,,1
kjVywUi1WK4_004247,train,other: turning,4247,4335,49,68,89,4.9,6.8,8.9,,,,,,1
Nc9SDBksPPA_001912,train,other: turning,1912,1997,40,50,86,4.0,5.0,8.6,,,,,,1
J_ggxJD3Uy8_003633,train,other: turning,3633,3700,24,50,68,2.4,5.0,6.8,,,,,,1
a_VxrUq9PmA_001247,train,other: turning,1247,1366,54,86,120,5.4,8.6,12.0,,,,,,1
xVfPBzDnI2Q_000760,train,other: turning,760,838,25,49,79,2.5,4.9,7.9,,,,,,1
6E2N9ld0eHg_004509,train,other: turning,4509,4587,37,58,79,3.7,5.8,7.9,,,,,,1
5vKPYV5w6pw_004324,train,other: turning,4324,4412,49,65,89,4.9,6.5,8.9,,,,,,1
IQwS7BEjUxM_005090,train,other: turning,5090,5261,22,69,172,2.2,6.9,17.2,,,,,,1
gDjeTHGWX9c_002228,train,other: turning,2228,2308,26,54,81,2.6,5.4,8.1,,,,,,1
mrIFkGZbNjc_000545,train,other: turning,545,650,38,57,106,3.8,5.7,10.6,,,,,,1
kld-iYpdjyo_003678,train,other: turning,3678,3750,8,27,73,0.8,2.7,7.3,,,,,,1
y4Evv5By6sg_000538,train,other: turning,538,646,50,71,109,5.0,7.1,10.9,,,,,,1
sdqIDbZJfy0_005020,train,other: turning,5020,5108,28,56,89,2.8,5.6,8.9,,,,,,1
p8q77QzOdUs_000211,train,other: turning,211,309,46,63,99,4.6,6.3,9.9,,,,,,1
Rrcjy5t8b20_004499,train,other: turning,4499,4558,20,40,60,2.0,4.0,6.0,,,,,,1
UKBuDqU8qTM_000481,train,other: turning,481,589,39,42,109,3.9,4.2,10.9,,,,,,1
9Q0FCoNxL8I_000786,train,other: turning,786,925,67,94,140,6.7,9.4,14.0,,,,,,1
yr0gNIxRluE_000502,train,other: turning,502,611,33,63,110,3.3,6.3,11.0,,,,,,1
fb5i7JlmJdg_000833,train,other: turning,833,921,40,83,89,4.0,8.3,8.9,,,,,,1
T7TkJVmGyts_000075,train,other: turning,75,189,29,68,115,2.9,6.8,11.5,,,,,,1
pWZSG2cUdEo_000908,train,other: turning,908,996,36,63,89,3.6,6.3,8.9,,,,,,1
UbDCiQVuzPY_003862,train,other: turning,3862,3980,42,68,119,4.2,6.8,11.9,,,,,,1
oZaUkhs_H-s_003811,train,other: turning,3811,3920,33,57,110,3.3,5.7,11.0,,,,,,1
mrIFkGZbNjc_000872,train,other: turning,872,951,25,45,80,2.5,4.5,8.0,,,,,,1
ha-IeID24As_000073,train,other: turning,73,195,70,97,123,7.0,9.7,12.3,,,,,,1
a_VxrUq9PmA_005252,train,other: turning,5252,5360,31,75,109,3.1,7.5,10.9,,,,,,1
oZaUkhs_H-s_004452,train,other: turning,4452,4561,54,67,110,5.4,6.7,11.0,,,,,,1
kld-iYpdjyo_000137,train,other: turning,137,249,47,79,113,4.7,7.9,11.3,,,,,,1
t_bCDlNOhJc_000521,train,other: turning,521,629,56,81,109,5.6,8.1,10.9,,,,,,1
fsqORUrKLYg_000775,train,other: turning,775,893,19,40,119,1.9,4.0,11.9,,,,,,1
jFFhYwgepmY_003931,train,other: turning,3931,4029,42,68,99,4.2,6.8,9.9,,,,,,1
kVhgFPPG-wo_002705,train,other: turning,2705,2792,37,68,88,3.7,6.8,8.8,,,,,,1
LfKfK4I5RPE_004254,train,other: turning,4254,4327,33,59,74,3.3,5.9,7.4,,,,,,1
l1XbmdmGr0Q_002901,train,other: turning,2901,2987,34,52,87,3.4,5.2,8.7,,,,,,1
PqbpIHZvjMA_000677,train,other: turning,677,755,32,50,79,3.2,5.0,7.9,,,,,,1
p8q77QzOdUs_004110,train,other: turning,4110,4189,39,54,80,3.9,5.4,8.0,,,,,,1
Hx8FMhmdOQU_005251,train,other: turning,5251,5349,21,47,99,2.1,4.7,9.9,,,,,,1
sdqIDbZJfy0_002451,train,other: turning,2451,2549,35,54,99,3.5,5.4,9.9,,,,,,1
mrIFkGZbNjc_001133,train,other: turning,1133,1211,33,52,79,3.3,5.2,7.9,,,,,,1
IQwS7BEjUxM_005263,train,other: turning,5263,5401,61,95,139,6.1,9.5,13.9,,,,,,1
Tsl84N96WM8_001371,train,other: turning,1371,1510,35,69,140,3.5,6.9,14.0,,,,,,1
6E2N9ld0eHg_000872,train,other: turning,872,970,52,79,99,5.2,7.9,9.9,,,,,,1
4wKjxDXnmYs_004962,train,other: turning,4962,5028,21,66,67,2.1,6.6,6.7,,,,,,1
LfKfK4I5RPE_000822,train,other: turning,822,930,40,78,109,4.0,7.8,10.9,,,,,,1
T89zSiaMNgM_004504,train,other: turning,4504,4603,21,52,100,2.1,5.2,10.0,,,,,,1
d2SCftR5sWc_003574,train,other: turning,3574,3662,21,44,89,2.1,4.4,8.9,,,,,,1
Hkui6PJboFg_004330,train,other: turning,4330,4418,16,50,89,1.6,5.0,8.9,,,,,,1
ieP36TLihGM_000311,train,other: turning,311,399,28,61,89,2.8,6.1,8.9,,,,,,1
FqJ4IfRLKmA_004242,train,other: turning,4242,4360,76,98,119,7.6,9.8,11.9,,,,,,1
D_pyFV4nKd4_002733,train,other: turning,2733,2872,38,99,140,3.8,9.9,14.0,,,,,,1
JkYzYrJpSoQ_002340,train,other: turning,2340,2418,30,54,79,3.0,5.4,7.9,,,,,,1
ZIts2XH28SA_000922,train,other: turning,922,1030,51,81,109,5.1,8.1,10.9,,,,,,1
d2SCftR5sWc_002626,train,other: turning,2626,2744,23,87,119,2.3,8.7,11.9,,,,,,1
bhA2ckvE-TQ_003592,train,other: turning,3592,3749,54,94,158,5.4,9.4,15.8,,,,,,1
UOjQsfDXjO0_000501,train,other: turning,501,619,58,75,119,5.8,7.5,11.9,,,,,,1
LfKfK4I5RPE_004539,train,other: turning,4539,4617,26,57,79,2.6,5.7,7.9,,,,,,1
Y4rb2_HaBdQ_001571,train,other: turning,1571,1635,30,49,65,3.0,4.9,6.5,,,,,,1
ha-IeID24As_000717,train,other: turning,717,805,43,68,89,4.3,6.8,8.9,,,,,,1
V3--0ubJkNE_000235,train,other: turning,235,338,10,39,104,1.0,3.9,10.4,,,,,,1
L334aqEJxys_001734,train,other: turning,1734,1872,42,86,139,4.2,8.6,13.9,,,,,,1
bI9JzQSrEGo_005086,train,other: turning,5086,5168,12,39,83,1.2,3.9,8.3,,,,,,1
ahKX0rtdMJc_000181,train,other: turning,181,289,51,86,109,5.1,8.6,10.9,,,,,,1
V3--0ubJkNE_004713,train,other: turning,4713,4796,33,61,84,3.3,6.1,8.4,,,,,,1
nADqn-DZ-Dc_000640,train,other: turning,640,738,63,84,99,6.3,8.4,9.9,,,,,,1
qYonJ4w6SZs_004015,train,other: turning,4015,4109,31,67,95,3.1,6.7,9.5,,,,,,1
90gyBengKDs_003225,train,other: turning,3225,3273,21,40,49,2.1,4.0,4.9,,,,,,1
f482qwPz7ns_001506,train,other: turning,1506,1577,40,56,72,4.0,5.6,7.2,,,,,,1
l1XbmdmGr0Q_001480,train,other: turning,1480,1569,32,55,90,3.2,5.5,9.0,,,,,,1
8dI7OolIEXY_000795,train,other: turning,795,878,19,44,84,1.9,4.4,8.4,,,,,,1
88LcRU7uEFE_004664,train,other: turning,4664,4890,15,52,227,1.5,5.2,22.7,,,,,,1
Nc9SDBksPPA_003206,train,other: turning,3206,3304,51,63,99,5.1,6.3,9.9,,,,,,1
TlBhM9Xbr2o_004220,train,other: turning,4220,4295,18,45,76,1.8,4.5,7.6,,,,,,1
f482qwPz7ns_001006,train,other: turning,1006,1093,39,62,88,3.9,6.2,8.8,,,,,,1
jKwCC2RhxJE_000704,train,other: turning,704,802,43,65,99,4.3,6.5,9.9,,,,,,1
h55PiQMnlJY_000724,train,other: turning,724,822,34,54,99,3.4,5.4,9.9,,,,,,1
ezY7QrSWeWw_000021,train,other: turning,21,92,35,65,72,3.5,6.5,7.2,,,,,,1
RASKiMoxhOE_005202,train,other: turning,5202,5250,31,47,49,3.1,4.7,4.9,,,,,,1
J-j5eIHg8I0_000582,train,other: turning,582,721,69,92,140,6.9,9.2,14.0,,,,,,1
5vKPYV5w6pw_002077,train,other: turning,2077,2204,28,115,128,2.8,11.5,12.8,,,,,,1
UOjQsfDXjO0_000761,train,other: turning,761,899,44,82,139,4.4,8.2,13.9,,,,,,1
JV0D-YkWHD8_002752,train,other: turning,2752,2831,28,59,80,2.8,5.9,8.0,,,,,,1
6E2N9ld0eHg_000751,train,other: turning,751,870,48,74,120,4.8,7.4,12.0,,,,,,1
0z7J7rOpTic_000191,train,other: turning,191,259,37,50,69,3.7,5.0,6.9,,,,,,1
xpOyD-qrQUw_001882,train,other: turning,1882,1969,29,45,88,2.9,4.5,8.8,,,,,,1
u33fdjUY_Iw_001071,train,other: turning,1071,1180,59,91,110,5.9,9.1,11.0,,,,,,1
J-j5eIHg8I0_000387,train,other: turning,387,503,60,117,117,6.0,11.7,11.7,,,,,,1
K1r3m5OrmB4_006095,train,other: turning,6095,6155,14,42,61,1.4,4.2,6.1,,,,,,1
fdvMUP8qvzw_001106,train,other: turning,1106,1205,33,72,100,3.3,7.2,10.0,,,,,,1
d2SCftR5sWc_002516,train,other: turning,2516,2624,28,51,109,2.8,5.1,10.9,,,,,,1
Zpo0kwg1XEQ_001134,train,other: turning,1134,1216,28,48,83,2.8,4.8,8.3,,,,,,1
bhA2ckvE-TQ_001483,train,other: turning,1483,1609,28,50,127,2.8,5.0,12.7,,,,,,1
DSBGS6aRzgc_003880,train,other: turning,3880,3974,51,67,95,5.1,6.7,9.5,,,,,,1
YBEYOS3A3Ic_004656,train,other: turning,4656,4731,30,49,76,3.0,4.9,7.6,,,,,,1
mrIFkGZbNjc_003577,train,other: turning,3577,3655,36,55,79,3.6,5.5,7.9,,,,,,1
fdvMUP8qvzw_004102,train,other: turning,4102,4170,34,51,69,3.4,5.1,6.9,,,,,,1
8dI7OolIEXY_004927,train,other: turning,4927,5011,36,67,85,3.6,6.7,8.5,,,,,,1
CyeT8rEQOpQ_003623,train,other: turning,3623,3693,35,71,71,3.5,7.1,7.1,,,,,,1
h55PiQMnlJY_000231,train,other: turning,231,389,58,88,159,5.8,8.8,15.9,,,,,,1
Nc9SDBksPPA_004823,train,other: turning,4823,4922,46,84,100,4.6,8.4,10.0,,,,,,1
HaC3LrJiTmQ_001752,train,other: turning,1752,1855,43,83,104,4.3,8.3,10.4,,,,,,1
ecRog9N1Qf0_004683,train,other: turning,4683,4741,11,38,59,1.1,3.8,5.9,,,,,,1
gZbGLa253Ak_003649,train,other: turning,3649,3757,34,80,109,3.4,8.0,10.9,,,,,,1
WWyeuvpHmfc_001537,train,other: turning,1537,1619,14,40,83,1.4,4.0,8.3,,,,,,1
0qfbmt4G8Rw_002856,train,other: turning,2856,2957,32,67,102,3.2,6.7,10.2,,,,,,1
h55PiQMnlJY_002661,train,other: turning,2661,2749,40,62,89,4.0,6.2,8.9,,,,,,1
gXezhrOijmQ_005158,train,other: turning,5158,5243,26,58,86,2.6,5.8,8.6,,,,,,1
UjkeNSr2dXQ_004135,train,other: turning,4135,4213,24,37,79,2.4,3.7,7.9,,,,,,1
fdvMUP8qvzw_005225,train,other: turning,5225,5323,34,49,99,3.4,4.9,9.9,,,,,,1
lKMwX4nA64k_004695,train,other: turning,4695,4787,27,41,93,2.7,4.1,9.3,,,,,,1
UbDCiQVuzPY_002006,train,other: turning,2006,2084,27,39,79,2.7,3.9,7.9,,,,,,1
Eq7_uD2yN5Y_004239,train,other: turning,4239,4337,50,92,99,5.0,9.2,9.9,,,,,,1
PqbpIHZvjMA_000757,train,other: turning,757,835,29,50,79,2.9,5.0,7.9,,,,,,1
Tsl84N96WM8_001512,train,other: turning,1512,1623,31,65,112,3.1,6.5,11.2,,,,,,1
pOJpwWmEcFg_000731,train,other: turning,731,849,43,74,119,4.3,7.4,11.9,,,,,,1
7uTMZ5-aWKA_000760,train,other: turning,760,858,49,83,99,4.9,8.3,9.9,,,,,,1
88LcRU7uEFE_000907,train,other: turning,907,1045,24,63,139,2.4,6.3,13.9,,,,,,1
lKMwX4nA64k_004346,train,other: turning,4346,4441,41,56,96,4.1,5.6,9.6,,,,,,1
4OGV0AbV91U_000264,train,other: turning,264,347,31,53,84,3.1,5.3,8.4,,,,,,1
hfwb3mZZ0fs_002552,train,other: turning,2552,2630,40,75,79,4.0,7.5,7.9,,,,,,1
ieP36TLihGM_001739,train,other: turning,1739,1857,56,88,119,5.6,8.8,11.9,,,,,,1
4wKjxDXnmYs_005098,train,other: turning,5098,5159,28,55,62,2.8,5.5,6.2,,,,,,1
3Sqeb-l1RPA_005028,train,other: turning,5028,5121,44,72,94,4.4,7.2,9.4,,,,,,1
UKBuDqU8qTM_000895,train,other: turning,895,983,35,55,89,3.5,5.5,8.9,,,,,,1
Sihe6aeyLHg_004865,train,other: turning,4865,4992,107,116,128,10.7,11.6,12.8,,,,,,1
WWyeuvpHmfc_005628,train,other: turning,5628,5697,14,49,70,1.4,4.9,7.0,,,,,,1
HaC3LrJiTmQ_003433,train,other: turning,3433,3537,46,88,105,4.6,8.8,10.5,,,,,,1
bcpfYpmDcp0_001132,train,other: turning,1132,1211,26,44,80,2.6,4.4,8.0,,,,,,1
mrIFkGZbNjc_004331,train,other: turning,4331,4430,51,71,100,5.1,7.1,10.0,,,,,,1
TlBhM9Xbr2o_004624,train,other: turning,4624,4695,31,52,72,3.1,5.2,7.2,,,,,,1
qYonJ4w6SZs_001288,train,other: turning,1288,1464,46,167,177,4.6,16.7,17.7,,,,,,1
Nc9SDBksPPA_000391,train,other: turning,391,529,40,58,139,4.0,5.8,13.9,,,,,,1
mrIFkGZbNjc_001971,train,other: turning,1971,2098,75,96,128,7.5,9.6,12.8,,,,,,1
OPj7lUQOre8_000211,train,other: turning,211,309,52,73,99,5.2,7.3,9.9,,,,,,1
IOoVklIZLMw_001168,train,other: turning,1168,1252,57,71,85,5.7,7.1,8.5,,,,,,1
PqbpIHZvjMA_002500,train,other: turning,2500,2629,102,130,130,10.2,13.0,13.0,,,,,,1
UbDCiQVuzPY_000814,train,other: turning,814,1043,53,87,230,5.3,8.7,23.0,,,,,,1
ieP36TLihGM_004515,train,other: turning,4515,4593,34,42,79,3.4,4.2,7.9,,,,,,1
e3hXj7S3QyA_001260,train,other: turning,1260,1324,18,49,65,1.8,4.9,6.5,,,,,,1
UbDCiQVuzPY_001145,train,other: turning,1145,1263,70,100,119,7.0,10.0,11.9,,,,,,1
fb5i7JlmJdg_005653,train,other: turning,5653,5771,61,94,119,6.1,9.4,11.9,,,,,,1
f482qwPz7ns_001821,train,other: turning,1821,1941,42,67,121,4.2,6.7,12.1,,,,,,1
hfwb3mZZ0fs_002815,train,other: turning,2815,2928,33,74,114,3.3,7.4,11.4,,,,,,1
5vKPYV5w6pw_002475,train,other: turning,2475,2665,38,60,191,3.8,6.0,19.1,,,,,,1
y4Evv5By6sg_000338,train,other: turning,338,446,53,95,109,5.3,9.5,10.9,,,,,,1
fsqORUrKLYg_004710,train,other: turning,4710,4818,49,65,109,4.9,6.5,10.9,,,,,,1
ha-IeID24As_000597,train,other: turning,597,715,46,66,119,4.6,6.6,11.9,,,,,,1
y4Evv5By6sg_004585,train,other: turning,4585,4693,43,58,109,4.3,5.8,10.9,,,,,,1
4wKjxDXnmYs_001491,train,other: turning,1491,1571,46,78,81,4.6,7.8,8.1,,,,,,1
kN-2mc561GY_001829,train,other: turning,1829,1925,58,84,97,5.8,8.4,9.7,,,,,,1
0qfbmt4G8Rw_003068,train,other: turning,3068,3334,30,222,267,3.0,22.2,26.7,,,,,,1
L334aqEJxys_004487,train,other: turning,4487,4588,49,83,102,4.9,8.3,10.2,,,,,,1
zRZ9PJguIfE_004095,train,other: turning,4095,4213,45,63,119,4.5,6.3,11.9,,,,,,1
ujVRDgGVzlQ_002150,train,other: turning,2150,2220,19,33,71,1.9,3.3,7.1,,,,,,1
HzVbo46kkBA_003734,train,other: turning,3734,3832,61,80,99,6.1,8.0,9.9,,,,,,1
88LcRU7uEFE_002175,train,other: turning,2175,2273,34,57,99,3.4,5.7,9.9,,,,,,1
nvVk7L3GrJQ_001915,train,other: turning,1915,2017,33,55,103,3.3,5.5,10.3,,,,,,1
t_bCDlNOhJc_004165,train,other: turning,4165,4263,35,68,99,3.5,6.8,9.9,,,,,,1
O9uvBFovKj8_002250,train,other: turning,2250,2328,32,52,79,3.2,5.2,7.9,,,,,,1
qYonJ4w6SZs_003872,train,other: turning,3872,4013,84,109,142,8.4,10.9,14.2,,,,,,1
OPj7lUQOre8_005797,train,other: turning,5797,5910,47,80,114,4.7,8.0,11.4,,,,,,1
UOjQsfDXjO0_005794,train,other: turning,5794,5949,64,90,156,6.4,9.0,15.6,,,,,,1
0qfbmt4G8Rw_001753,train,other: turning,1753,1841,53,66,89,5.3,6.6,8.9,,,,,,1
Tsl84N96WM8_001051,train,other: turning,1051,1129,32,50,79,3.2,5.0,7.9,,,,,,1
UKBuDqU8qTM_000701,train,other: turning,701,799,40,61,99,4.0,6.1,9.9,,,,,,1
DyzL2sahobA_002862,train,other: turning,2862,2940,35,58,79,3.5,5.8,7.9,,,,,,1
bFGmOp9H3MA_005890,train,other: turning,5890,5967,27,57,78,2.7,5.7,7.8,,,,,,1
V3--0ubJkNE_000062,train,other: turning,62,148,28,42,87,2.8,4.2,8.7,,,,,,1
D_pyFV4nKd4_003333,train,other: turning,3333,3411,13,45,79,1.3,4.5,7.9,,,,,,1
zRZ9PJguIfE_004215,train,other: turning,4215,4293,27,52,79,2.7,5.2,7.9,,,,,,1
UKBuDqU8qTM_003999,train,other: turning,3999,4268,32,61,270,3.2,6.1,27.0,,,,,,1
T89zSiaMNgM_001439,train,other: turning,1439,1560,50,63,122,5.0,6.3,12.2,,,,,,1
UOjQsfDXjO0_000621,train,other: turning,621,759,32,69,139,3.2,6.9,13.9,,,,,,1
JV0D-YkWHD8_004477,train,other: turning,4477,4562,23,51,86,2.3,5.1,8.6,,,,,,1
TlBhM9Xbr2o_003366,train,other: turning,3366,3433,26,43,68,2.6,4.3,6.8,,,,,,1
pOJpwWmEcFg_002111,train,other: turning,2111,2250,34,69,140,3.4,6.9,14.0,,,,,,1
JkYzYrJpSoQ_001455,train,other: turning,1455,1554,40,61,100,4.0,6.1,10.0,,,,,,1
9Q0FCoNxL8I_001666,train,other: turning,1666,1734,22,69,69,2.2,6.9,6.9,,,,,,1
fsqORUrKLYg_000675,train,other: turning,675,773,45,62,99,4.5,6.2,9.9,,,,,,1
8dI7OolIEXY_001612,train,other: turning,1612,1710,25,54,99,2.5,5.4,9.9,,,,,,1
qYonJ4w6SZs_004216,train,other: turning,4216,4327,35,65,112,3.5,6.5,11.2,,,,,,1
Hd2IzHAfkCI_003611,train,other: turning,3611,3699,38,63,89,3.8,6.3,8.9,,,,,,1
mrIFkGZbNjc_000752,train,other: turning,752,870,58,73,119,5.8,7.3,11.9,,,,,,1
Hx8FMhmdOQU_000995,train,other: turning,995,1105,44,104,111,4.4,10.4,11.1,,,,,,1
Tsl84N96WM8_003746,train,other: turning,3746,3865,67,104,120,6.7,10.4,12.0,,,,,,1
sdqIDbZJfy0_003642,train,other: turning,3642,3730,22,44,89,2.2,4.4,8.9,,,,,,1
uO2zGO5ydBc_003652,train,other: turning,3652,3724,33,52,73,3.3,5.2,7.3,,,,,,1
LfKfK4I5RPE_004721,train,other: turning,4721,4799,44,65,79,4.4,6.5,7.9,,,,,,1
JV0D-YkWHD8_003816,train,other: turning,3816,3891,8,41,76,0.8,4.1,7.6,,,,,,1
f482qwPz7ns_002969,train,ego: oncoming,2969,3174,78,107,206,7.8,10.7,20.6,,,,,,1
nvVk7L3GrJQ_004799,train,ego: oncoming,4799,4870,36,44,72,3.6,4.4,7.2,,,,,,1
W6YrlYyWguc_000736,train,ego: oncoming,736,854,54,76,119,5.4,7.6,11.9,,,,,,1
PYL3JcSsS6o_004146,train,ego: oncoming,4146,4234,33,65,89,3.3,6.5,8.9,,,,,,1
JmwUVoOrgk8_001359,train,ego: oncoming,1359,1477,56,80,119,5.6,8.0,11.9,,,,,,1
0z7J7rOpTic_000261,train,ego: oncoming,261,439,34,63,179,3.4,6.3,17.9,,,,,,1
yr0gNIxRluE_000231,train,ego: oncoming,231,289,43,58,59,4.3,5.8,5.9,,,,,,1
O9uvBFovKj8_004288,train,ego: oncoming,4288,4349,49,62,62,4.9,6.2,6.2,,,,,,1
HaC3LrJiTmQ_001210,train,ego: oncoming,1210,1398,37,81,189,3.7,8.1,18.9,,,,,,1
ha-IeID24As_001567,train,ego: oncoming,1567,1645,34,77,79,3.4,7.7,7.9,,,,,,1
t4Cvbdtebk0_000685,train,ego: oncoming,685,795,65,111,111,6.5,11.1,11.1,,,,,,1
xpOyD-qrQUw_003463,train,ego: oncoming,3463,3532,29,47,70,2.9,4.7,7.0,,,,,,1
UOjQsfDXjO0_004067,train,ego: oncoming,4067,4142,65,76,76,6.5,7.6,7.6,,,,,,1
kVhgFPPG-wo_005659,train,ego: oncoming,5659,5753,46,71,95,4.6,7.1,9.5,,,,,,1
xToi8YVZM8o_004022,train,ego: oncoming,4022,4109,36,66,88,3.6,6.6,8.8,,,,,,1
EY8x-fyQkbk_003774,train,ego: oncoming,3774,3861,23,68,88,2.3,6.8,8.8,,,,,,1
gZbGLa253Ak_000521,train,ego: oncoming,521,619,43,74,99,4.3,7.4,9.9,,,,,,1
gZbGLa253Ak_000431,train,ego: oncoming,431,519,43,69,89,4.3,6.9,8.9,,,,,,1
DpQBo4gb6Lw_003414,train,ego: oncoming,3414,3522,46,62,109,4.6,6.2,10.9,,,,,,1
pOJpwWmEcFg_003150,train,ego: oncoming,3150,3239,30,63,90,3.0,6.3,9.0,,,,,,1
eA-kbOZ1_sc_001173,train,ego: oncoming,1173,1214,28,42,42,2.8,4.2,4.2,,,,,,1
WWyeuvpHmfc_004984,train,ego: oncoming,4984,5064,43,55,81,4.3,5.5,8.1,,,,,,1
0qfbmt4G8Rw_001501,train,ego: oncoming,1501,1600,37,66,100,3.7,6.6,10.0,,,,,,1
K1r3m5OrmB4_002474,train,ego: oncoming,2474,2564,28,45,91,2.8,4.5,9.1,,,,,,1
Nc9SDBksPPA_005569,train,ego: oncoming,5569,5724,81,113,156,8.1,11.3,15.6,,,,,,1
f482qwPz7ns_004272,train,ego: oncoming,4272,4371,73,87,100,7.3,8.7,10.0,,,,,,1
bcpfYpmDcp0_002436,train,ego: oncoming,2436,2469,21,34,34,2.1,3.4,3.4,,,,,,1
D_pyFV4nKd4_002974,train,ego: oncoming,2974,3101,38,115,128,3.8,11.5,12.8,,,,,,1
3sGShQb_HwU_000072,train,ego: oncoming,72,135,49,64,64,4.9,6.4,6.4,,,,,,1
JkYzYrJpSoQ_004398,train,ego: oncoming,4398,4516,63,94,119,6.3,9.4,11.9,,,,,,1
X8VgGb1fJDU_001564,train,ego: oncoming,1564,1675,54,80,112,5.4,8.0,11.2,,,,,,1
krPRThe7R4g_000515,train,ego: oncoming,515,586,31,53,72,3.1,5.3,7.2,,,,,,1
88LcRU7uEFE_002971,train,ego: oncoming,2971,3059,39,89,89,3.9,8.9,8.9,,,,,,1
K1r3m5OrmB4_001450,train,ego: oncoming,1450,1559,44,87,110,4.4,8.7,11.0,,,,,,1
Hkui6PJboFg_000400,train,ego: oncoming,400,496,34,72,97,3.4,7.2,9.7,,,,,,1
gXezhrOijmQ_005541,train,ego: oncoming,5541,5639,48,99,99,4.8,9.9,9.9,,,,,,1
ha-IeID24As_005296,train,ego: oncoming,5296,5384,41,76,89,4.1,7.6,8.9,,,,,,1
T7TkJVmGyts_002538,train,ego: oncoming,2538,2656,42,71,119,4.2,7.1,11.9,,,,,,1
3sGShQb_HwU_005157,train,ego: oncoming,5157,5283,49,96,127,4.9,9.6,12.7,,,,,,1
2TmFM9p1KF8_005473,train,ego: oncoming,5473,5560,37,55,88,3.7,5.5,8.8,,,,,,1
Y4rb2_HaBdQ_001876,train,ego: oncoming,1876,2034,59,110,159,5.9,11.0,15.9,,,,,,1
IQwS7BEjUxM_001295,train,ego: oncoming,1295,1342,40,48,48,4.0,4.8,4.8,,,,,,1
kVhgFPPG-wo_005945,train,ego: oncoming,5945,6010,23,40,66,2.3,4.0,6.6,,,,,,1
a_VxrUq9PmA_001847,train,ego: oncoming,1847,1955,39,109,109,3.9,10.9,10.9,,,,,,1
eN6y6-4C1Rc_003060,train,ego: oncoming,3060,3136,35,47,77,3.5,4.7,7.7,,,,,,1
uO2zGO5ydBc_003873,train,ego: oncoming,3873,3960,27,67,88,2.7,6.7,8.8,,,,,,1
gZbGLa253Ak_000621,train,ego: oncoming,621,719,53,66,99,5.3,6.6,9.9,,,,,,1
DSBGS6aRzgc_001974,train,ego: oncoming,1974,2072,17,55,99,1.7,5.5,9.9,,,,,,1
3sGShQb_HwU_002696,train,ego: oncoming,2696,2804,40,81,109,4.0,8.1,10.9,,,,,,1
IFhWIS-Gwps_000642,train,ego: oncoming,642,780,47,90,139,4.7,9.0,13.9,,,,,,1
88LcRU7uEFE_000200,train,ego: oncoming,200,368,43,141,169,4.3,14.1,16.9,,,,,,1
p8q77QzOdUs_000842,train,ego: oncoming,842,920,32,60,79,3.2,6.0,7.9,,,,,,1
Hx8FMhmdOQU_004468,train,ego: oncoming,4468,4556,38,89,89,3.8,8.9,8.9,,,,,,1
kN-2mc561GY_001947,train,ego: oncoming,1947,2045,35,63,99,3.5,6.3,9.9,,,,,,1
fHUJcUaW2mE_002595,train,ego: oncoming,2595,2700,42,75,106,4.2,7.5,10.6,,,,,,1
RPNiqsdt6-w_000714,train,ego: oncoming,714,802,45,57,89,4.5,5.7,8.9,,,,,,1
xVfPBzDnI2Q_004688,train,ego: oncoming,4688,4773,54,67,86,5.4,6.7,8.6,,,,,,1
HzVbo46kkBA_002218,train,ego: oncoming,2218,2279,50,62,62,5.0,6.2,6.2,,,,,,1
kld-iYpdjyo_001523,train,ego: oncoming,1523,1609,27,49,87,2.7,4.9,8.7,,,,,,1
EY8x-fyQkbk_005676,train,ego: oncoming,5676,5765,53,79,90,5.3,7.9,9.0,,,,,,1
Tsl84N96WM8_002022,train,ego: oncoming,2022,2120,51,71,99,5.1,7.1,9.9,,,,,,1
ZIts2XH28SA_001572,train,ego: oncoming,1572,1670,34,83,99,3.4,8.3,9.9,,,,,,1
VxWJchENocA_000160,train,ego: oncoming,160,246,34,54,87,3.4,5.4,8.7,,,,,,1
bhA2ckvE-TQ_001256,train,ego: oncoming,1256,1381,38,101,126,3.8,10.1,12.6,,,,,,1
Z9K13eBUwJM_004263,train,ego: oncoming,4263,4301,30,39,39,3.0,3.9,3.9,,,,,,1
ha-IeID24As_002002,train,ego: oncoming,2002,2100,41,71,99,4.1,7.1,9.9,,,,,,1
UbDCiQVuzPY_001786,train,ego: oncoming,1786,1864,26,62,79,2.6,6.2,7.9,,,,,,1
JV0D-YkWHD8_000529,train,ego: oncoming,529,608,29,48,80,2.9,4.8,8.0,,,,,,1
qzMjfBx1KI0_004197,train,ego: oncoming,4197,4290,42,62,94,4.2,6.2,9.4,,,,,,1
PqbpIHZvjMA_001138,train,ego: oncoming,1138,1207,58,70,70,5.8,7.0,7.0,,,,,,1
p-fBcE77G4c_004488,train,ego: oncoming,4488,4551,27,42,64,2.7,4.2,6.4,,,,,,1
CyeT8rEQOpQ_005131,train,ego: oncoming,5131,5194,23,44,64,2.3,4.4,6.4,,,,,,1
d2SCftR5sWc_001301,train,ego: oncoming,1301,1399,23,89,99,2.3,8.9,9.9,,,,,,1
pQdl0apLT70_002009,train,ego: oncoming,2009,2113,52,65,105,5.2,6.5,10.5,,,,,,1
pQdl0apLT70_004755,train,ego: oncoming,4755,4808,18,29,54,1.8,2.9,5.4,,,,,,1
f482qwPz7ns_004373,train,ego: oncoming,4373,4498,30,110,126,3.0,11.0,12.6,,,,,,1
O9uvBFovKj8_003888,train,ego: oncoming,3888,3986,39,71,99,3.9,7.1,9.9,,,,,,1
gXezhrOijmQ_001154,train,ego: oncoming,1154,1272,65,117,119,6.5,11.7,11.9,,,,,,1
Z9K13eBUwJM_005606,train,ego: oncoming,5606,5668,22,38,63,2.2,3.8,6.3,,,,,,1
3sGShQb_HwU_003819,train,ego: oncoming,3819,3917,37,69,99,3.7,6.9,9.9,,,,,,1
ruiSuGHJf6Q_003619,train,ego: oncoming,3619,3737,63,83,119,6.3,8.3,11.9,,,,,,1
0RJPQ_97dcs_002194,train,ego: oncoming,2194,2294,5,16,101,0.5,1.6,10.1,,,,,,1
nvVk7L3GrJQ_003544,train,ego: oncoming,3544,3637,45,73,94,4.5,7.3,9.4,,,,,,1
JV0D-YkWHD8_002676,train,ego: oncoming,2676,2750,24,52,75,2.4,5.2,7.5,,,,,,1
PfJ2CudpCgE_002001,train,ego: oncoming,2001,2077,13,77,77,1.3,7.7,7.7,,,,,,1
ahKX0rtdMJc_003838,train,ego: oncoming,3838,3926,40,51,89,4.0,5.1,8.9,,,,,,1
Q7VBPeGwJWw_002431,train,ego: oncoming,2431,2471,35,41,41,3.5,4.1,4.1,,,,,,1
3sGShQb_HwU_000264,train,ego: oncoming,264,352,52,62,89,5.2,6.2,8.9,,,,,,1
PEwiwzyTjX0_000492,train,ego: oncoming,492,587,44,86,96,4.4,8.6,9.6,,,,,,1
bFGmOp9H3MA_003511,train,ego: oncoming,3511,3706,39,178,196,3.9,17.8,19.6,,,,,,1
bI9JzQSrEGo_002106,train,ego: oncoming,2106,2189,25,38,84,2.5,3.8,8.4,,,,,,1
Hd2IzHAfkCI_000073,train,ego: oncoming,73,189,55,90,117,5.5,9.0,11.7,,,,,,1
bcpfYpmDcp0_000746,train,ego: oncoming,746,816,28,55,71,2.8,5.5,7.1,,,,,,1
fHUJcUaW2mE_000467,train,ego: oncoming,467,536,59,70,70,5.9,7.0,7.0,,,,,,1
y4Evv5By6sg_001595,train,ego: oncoming,1595,1653,55,59,59,5.5,5.9,5.9,,,,,,1
JHfjuFrnpjA_003052,train,ego: oncoming,3052,3097,42,46,46,4.2,4.6,4.6,,,,,,1
IOoVklIZLMw_000768,train,ego: oncoming,768,867,49,78,100,4.9,7.8,10.0,,,,,,1
4OGV0AbV91U_000434,train,ego: oncoming,434,488,47,55,55,4.7,5.5,5.5,,,,,,1
ecRog9N1Qf0_001998,train,ego: oncoming,1998,2095,24,33,98,2.4,3.3,9.8,,,,,,1
JkYzYrJpSoQ_000211,train,ego: oncoming,211,342,69,95,132,6.9,9.5,13.2,,,,,,1
yhtzAKqRyXw_000694,train,ego: oncoming,694,776,23,43,83,2.3,4.3,8.3,,,,,,1
W6YrlYyWguc_004686,train,ego: oncoming,4686,4794,35,76,109,3.5,7.6,10.9,,,,,,1
Hd2IzHAfkCI_003701,train,ego: oncoming,3701,3789,37,49,89,3.7,4.9,8.9,,,,,,1
gZbGLa253Ak_000221,train,ego: oncoming,221,306,66,78,86,6.6,7.8,8.6,,,,,,1
RASKiMoxhOE_004202,train,ego: oncoming,4202,4282,33,49,81,3.3,4.9,8.1,,,,,,1
d2SCftR5sWc_000611,train,ego: oncoming,611,709,44,99,99,4.4,9.9,9.9,,,,,,1
J-j5eIHg8I0_001917,train,ego: oncoming,1917,2035,17,57,119,1.7,5.7,11.9,,,,,,1
IOoVklIZLMw_003156,train,ego: oncoming,3156,3223,57,68,68,5.7,6.8,6.8,,,,,,1
RPNiqsdt6-w_000924,train,ego: oncoming,924,1032,42,72,109,4.2,7.2,10.9,,,,,,1
PfJ2CudpCgE_005287,train,ego: oncoming,5287,5353,29,63,67,2.9,6.3,6.7,,,,,,1
L334aqEJxys_002627,train,ego: oncoming,2627,2730,37,79,104,3.7,7.9,10.4,,,,,,1
mrIFkGZbNjc_001871,train,ego: oncoming,1871,1969,46,86,99,4.6,8.6,9.9,,,,,,1
OPj7lUQOre8_004026,train,ego: oncoming,4026,4114,48,72,89,4.8,7.2,8.9,,,,,,1
Eq7_uD2yN5Y_000073,train,ego: oncoming,73,118,37,46,46,3.7,4.6,4.6,,,,,,1
3Sqeb-l1RPA_004406,train,ego: oncoming,4406,4503,26,71,98,2.6,7.1,9.8,,,,,,1
JkYzYrJpSoQ_002610,train,ego: oncoming,2610,2698,43,49,89,4.3,4.9,8.9,,,,,,1
qYonJ4w6SZs_003595,train,ego: oncoming,3595,3688,46,86,94,4.6,8.6,9.4,,,,,,1
4K_6s1n6BpU_000428,train,ego: oncoming,428,530,37,44,103,3.7,4.4,10.3,,,,,,1
UbDCiQVuzPY_003252,train,ego: oncoming,3252,3340,37,54,89,3.7,5.4,8.9,,,,,,1
QeuzUfHIWYU_001196,train,ego: oncoming,1196,1294,36,56,99,3.6,5.6,9.9,,,,,,1
JHfjuFrnpjA_003694,train,ego: oncoming,3694,3792,65,99,99,6.5,9.9,9.9,,,,,,1
L334aqEJxys_001874,train,ego: oncoming,1874,1965,57,92,92,5.7,9.2,9.2,,,,,,1
yB6fjM1UUC0_000721,train,ego: oncoming,721,829,47,84,109,4.7,8.4,10.9,,,,,,1
t4Cvbdtebk0_000897,train,ego: oncoming,897,994,39,70,98,3.9,7.0,9.8,,,,,,1
ieP36TLihGM_000754,train,ego: oncoming,754,825,60,72,72,6.0,7.2,7.2,,,,,,1
gZbGLa253Ak_000821,train,ego: oncoming,821,930,62,93,110,6.2,9.3,11.0,,,,,,1
ha-IeID24As_001886,train,ego: oncoming,1886,2000,55,104,115,5.5,10.4,11.5,,,,,,1
fHUJcUaW2mE_000181,train,ego: oncoming,181,238,40,52,58,4.0,5.2,5.8,,,,,,1
3u_CIo9IaWo_000221,train,ego: oncoming,221,275,43,55,55,4.3,5.5,5.5,,,,,,1
a_VxrUq9PmA_000386,train,ego: oncoming,386,574,48,76,189,4.8,7.6,18.9,,,,,,1
7uTMZ5-aWKA_001295,train,ego: oncoming,1295,1398,51,83,104,5.1,8.3,10.4,,,,,,1
f482qwPz7ns_004500,train,ego: oncoming,4500,4547,43,48,48,4.3,4.8,4.8,,,,,,1
CyeT8rEQOpQ_000546,train,ego: oncoming,546,603,41,58,58,4.1,5.8,5.8,,,,,,1
JmwUVoOrgk8_000152,train,ego: oncoming,152,248,22,34,97,2.2,3.4,9.7,,,,,,1
JHfjuFrnpjA_005052,train,ego: oncoming,5052,5227,30,59,176,3.0,5.9,17.6,,,,,,1
LfKfK4I5RPE_002216,train,ego: oncoming,2216,2294,30,63,79,3.0,6.3,7.9,,,,,,1
HaC3LrJiTmQ_001400,train,ego: oncoming,1400,1458,43,58,59,4.3,5.8,5.9,,,,,,1
RASKiMoxhOE_000156,train,ego: oncoming,156,189,24,34,34,2.4,3.4,3.4,,,,,,1
p8q77QzOdUs_000922,train,ego: oncoming,922,1030,55,71,109,5.5,7.1,10.9,,,,,,1
P5MjgFmqouA_004683,train,ego: oncoming,4683,4793,31,56,111,3.1,5.6,11.1,,,,,,1
nvVk7L3GrJQ_000709,train,ego: oncoming,709,776,12,30,68,1.2,3.0,6.8,,,,,,1
88LcRU7uEFE_001348,train,ego: oncoming,1348,1387,35,40,40,3.5,4.0,4.0,,,,,,1
Hkui6PJboFg_002099,train,ego: oncoming,2099,2179,8,41,81,0.8,4.1,8.1,,,,,,1
fHUJcUaW2mE_001433,train,ego: oncoming,1433,1519,34,68,87,3.4,6.8,8.7,,,,,,1
QeuzUfHIWYU_001096,train,ego: oncoming,1096,1149,47,54,54,4.7,5.4,5.4,,,,,,1
OPj7lUQOre8_004116,train,ego: oncoming,4116,4204,31,67,89,3.1,6.7,8.9,,,,,,1
8dI7OolIEXY_005602,train,ego: oncoming,5602,5679,30,50,78,3.0,5.0,7.8,,,,,,1
6E2N9ld0eHg_000290,train,ego: oncoming,290,388,52,84,99,5.2,8.4,9.9,,,,,,1
JHfjuFrnpjA_000631,train,ego: oncoming,631,719,40,89,89,4.0,8.9,8.9,,,,,,1
QERvirE3S5s_000416,train,ego: oncoming,416,533,37,108,118,3.7,10.8,11.8,,,,,,1
PqbpIHZvjMA_001015,train,ego: oncoming,1015,1136,46,69,122,4.6,6.9,12.2,,,,,,1
TNZv-NBcV5U_004857,train,ego: oncoming,4857,4924,39,55,68,3.9,5.5,6.8,,,,,,1
gXezhrOijmQ_000808,train,ego: oncoming,808,947,81,121,140,8.1,12.1,14.0,,,,,,1
PqbpIHZvjMA_001249,train,ego: oncoming,1249,1291,38,43,43,3.8,4.3,4.3,,,,,,1
O9uvBFovKj8_003988,train,ego: oncoming,3988,4050,50,63,63,5.0,6.3,6.3,,,,,,1
p-fBcE77G4c_003689,train,ego: oncoming,3689,3751,37,49,63,3.7,4.9,6.3,,,,,,1
YBEYOS3A3Ic_002698,train,ego: oncoming,2698,2816,64,86,119,6.4,8.6,11.9,,,,,,1
IQwS7BEjUxM_001640,train,ego: oncoming,1640,1781,57,92,142,5.7,9.2,14.2,,,,,,1
4wKjxDXnmYs_000117,train,ego: oncoming,117,217,36,67,101,3.6,6.7,10.1,,,,,,1
t_bCDlNOhJc_000982,train,ego: oncoming,982,1100,46,89,119,4.6,8.9,11.9,,,,,,1
fWJbp43k644_002921,train,ego: oncoming,2921,3003,25,61,83,2.5,6.1,8.3,,,,,,1
uFwnmh0GpBo_000075,train,ego: oncoming,75,179,44,64,105,4.4,6.4,10.5,,,,,,1
HaC3LrJiTmQ_004921,train,ego: oncoming,4921,5013,42,79,93,4.2,7.9,9.3,,,,,,1
FqJ4IfRLKmA_001431,train,ego: oncoming,1431,1549,42,64,119,4.2,6.4,11.9,,,,,,1
jv7vz_55H8M_003170,train,ego: oncoming,3170,3276,38,57,107,3.8,5.7,10.7,,,,,,1
fdvMUP8qvzw_000969,train,ego: oncoming,969,1012,11,40,44,1.1,4.0,4.4,,,,,,1
Nc9SDBksPPA_003735,train,ego: oncoming,3735,3833,45,70,99,4.5,7.0,9.9,,,,,,1
qzMjfBx1KI0_000509,train,ego: oncoming,509,601,24,59,93,2.4,5.9,9.3,,,,,,1
DkjTJcCXipY_000543,train,ego: oncoming,543,591,34,49,49,3.4,4.9,4.9,,,,,,1
ZIts2XH28SA_002713,train,ego: oncoming,2713,2818,52,80,106,5.2,8.0,10.6,,,,,,1
sUbP4j8rAic_001819,train,ego: oncoming,1819,1926,65,91,108,6.5,9.1,10.8,,,,,,1
HeK6zbf8I9Y_000191,train,ego: oncoming,191,235,20,45,45,2.0,4.5,4.5,,,,,,1
mrIFkGZbNjc_001556,train,ego: oncoming,1556,1759,46,70,204,4.6,7.0,20.4,,,,,,1
3tEZvtQZ18Q_000073,train,ego: oncoming,73,189,44,99,117,4.4,9.9,11.7,,,,,,1
PqbpIHZvjMA_000454,train,ego: oncoming,454,555,52,73,102,5.2,7.3,10.2,,,,,,1
OPj7lUQOre8_001271,train,ego: oncoming,1271,1389,106,119,119,10.6,11.9,11.9,,,,,,1
RPNiqsdt6-w_001564,train,ego: oncoming,1564,1682,67,92,119,6.7,9.2,11.9,,,,,,1
gZbGLa253Ak_004167,train,ego: oncoming,4167,4264,40,98,98,4.0,9.8,9.8,,,,,,1
PYL3JcSsS6o_005087,train,ego: oncoming,5087,5132,39,46,46,3.9,4.6,4.6,,,,,,1
eWWgJznGg6U_002482,train,ego: oncoming,2482,2560,27,56,79,2.7,5.6,7.9,,,,,,1
fWJbp43k644_002781,train,ego: oncoming,2781,2864,29,51,84,2.9,5.1,8.4,,,,,,1
mrIFkGZbNjc_001353,train,ego: oncoming,1353,1401,43,49,49,4.3,4.9,4.9,,,,,,1
yr0gNIxRluE_004882,train,ego: oncoming,4882,4996,28,64,115,2.8,6.4,11.5,,,,,,1
D_pyFV4nKd4_001265,train,ego: oncoming,1265,1322,53,58,58,5.3,5.8,5.8,,,,,,1
JkYzYrJpSoQ_005028,train,ego: oncoming,5028,5088,54,61,61,5.4,6.1,6.1,,,,,,1
4wKjxDXnmYs_000547,train,ego: oncoming,547,649,52,71,103,5.2,7.1,10.3,,,,,,1
Z9K13eBUwJM_003595,train,ego: oncoming,3595,3723,89,96,129,8.9,9.6,12.9,,,,,,1
fHUJcUaW2mE_000073,train,ego: oncoming,73,179,56,107,107,5.6,10.7,10.7,,,,,,1
UKBuDqU8qTM_002199,train,ego: oncoming,2199,2297,44,70,99,4.4,7.0,9.9,,,,,,1
1u69z-wsDIc_001251,train,ego: oncoming,1251,1346,33,69,96,3.3,6.9,9.6,,,,,,1
3u_CIo9IaWo_002136,train,ego: oncoming,2136,2247,45,86,112,4.5,8.6,11.2,,,,,,1
T7TkJVmGyts_003165,train,ego: oncoming,3165,3263,40,62,99,4.0,6.2,9.9,,,,,,1
ZIts2XH28SA_003087,train,ego: oncoming,3087,3132,20,46,46,2.0,4.6,4.6,,,,,,1
fsqORUrKLYg_004180,train,ego: oncoming,4180,4297,53,89,118,5.3,8.9,11.8,,,,,,1
3u_CIo9IaWo_000439,train,ego: oncoming,439,498,17,40,60,1.7,4.0,6.0,,,,,,1
kld-iYpdjyo_002613,train,ego: oncoming,2613,2711,48,56,99,4.8,5.6,9.9,,,,,,1
Z9K13eBUwJM_001276,train,ego: oncoming,1276,1321,6,29,46,0.6,2.9,4.6,,,,,,1
IOoVklIZLMw_000191,train,ego: oncoming,191,243,46,53,53,4.6,5.3,5.3,,,,,,1
gZbGLa253Ak_002907,train,ego: oncoming,2907,3013,25,90,107,2.5,9.0,10.7,,,,,,1
8dI7OolIEXY_000419,train,ego: oncoming,419,551,63,74,133,6.3,7.4,13.3,,,,,,1
RPNiqsdt6-w_000804,train,ego: oncoming,804,922,51,111,119,5.1,11.1,11.9,,,,,,1
xToi8YVZM8o_000076,train,ego: oncoming,76,229,99,118,154,9.9,11.8,15.4,,,,,,1
Q7VBPeGwJWw_001964,train,ego: oncoming,1964,2084,36,84,121,3.6,8.4,12.1,,,,,,1
kjVywUi1WK4_002183,train,ego: oncoming,2183,2254,31,72,72,3.1,7.2,7.2,,,,,,1
IOoVklIZLMw_000869,train,ego: oncoming,869,933,48,64,65,4.8,6.4,6.5,,,,,,1
6E2N9ld0eHg_001373,train,ego: oncoming,1373,1427,42,55,55,4.2,5.5,5.5,,,,,,1
a_VxrUq9PmA_001718,train,ego: oncoming,1718,1845,67,97,128,6.7,9.7,12.8,,,,,,1
L334aqEJxys_000820,train,ego: oncoming,820,905,74,86,86,7.4,8.6,8.6,,,,,,1
dZG1VKsgs60_000073,train,ego: oncoming,73,211,87,109,139,8.7,10.9,13.9,,,,,,1
fb5i7JlmJdg_000583,train,ego: oncoming,583,721,72,109,139,7.2,10.9,13.9,,,,,,1
ruiSuGHJf6Q_003219,train,ego: oncoming,3219,3377,64,147,159,6.4,14.7,15.9,,,,,,1
Q7VBPeGwJWw_000670,train,ego: oncoming,670,732,25,63,63,2.5,6.3,6.3,,,,,,1
3u_CIo9IaWo_004717,train,ego: oncoming,4717,4836,49,104,120,4.9,10.4,12.0,,,,,,1
cfrLchAShxQ_001784,train,ego: oncoming,1784,1884,47,60,101,4.7,6.0,10.1,,,,,,1
kld-iYpdjyo_003579,train,other: moving_ahead_or_waiting,3579,3676,45,60,98,4.5,6.0,9.8,,,,,,1
VxWJchENocA_001827,train,other: moving_ahead_or_waiting,1827,1908,15,47,82,1.5,4.7,8.2,,,,,,1
qYonJ4w6SZs_000852,train,other: moving_ahead_or_waiting,852,950,30,54,99,3.0,5.4,9.9,,,,,,1
gXezhrOijmQ_004878,train,other: moving_ahead_or_waiting,4878,4976,53,99,99,5.3,9.9,9.9,,,,,,1
IOoVklIZLMw_000526,train,other: moving_ahead_or_waiting,526,766,22,88,241,2.2,8.8,24.1,,,,,,1
FqJ4IfRLKmA_000351,train,other: moving_ahead_or_waiting,351,439,25,83,89,2.5,8.3,8.9,,,,,,1
88LcRU7uEFE_005162,train,other: moving_ahead_or_waiting,5162,5265,43,102,104,4.3,10.2,10.4,,,,,,1
UbDCiQVuzPY_004203,train,other: moving_ahead_or_waiting,4203,4311,33,67,109,3.3,6.7,10.9,,,,,,1
Hd2IzHAfkCI_003040,train,other: moving_ahead_or_waiting,3040,3178,26,86,139,2.6,8.6,13.9,,,,,,1
P5MjgFmqouA_005382,train,other: moving_ahead_or_waiting,5382,5498,39,70,117,3.9,7.0,11.7,,,,,,1
RPNiqsdt6-w_001924,train,other: moving_ahead_or_waiting,1924,2092,115,169,169,11.5,16.9,16.9,,,,,,1
UKBuDqU8qTM_003815,train,other: moving_ahead_or_waiting,3815,3997,24,183,183,2.4,18.3,18.3,,,,,,1
88LcRU7uEFE_005668,train,other: moving_ahead_or_waiting,5668,5783,57,97,116,5.7,9.7,11.6,,,,,,1
Izf9l3VWQuo_002152,train,other: moving_ahead_or_waiting,2152,2330,40,84,179,4.0,8.4,17.9,,,,,,1
PYL3JcSsS6o_001402,train,other: moving_ahead_or_waiting,1402,1490,46,71,89,4.6,7.1,8.9,,,,,,1
ieP36TLihGM_004124,train,other: moving_ahead_or_waiting,4124,4232,45,88,109,4.5,8.8,10.9,,,,,,1
ahKX0rtdMJc_002751,train,other: moving_ahead_or_waiting,2751,2849,47,69,99,4.7,6.9,9.9,,,,,,1
K1r3m5OrmB4_002652,train,other: moving_ahead_or_waiting,2652,2760,7,26,109,0.7,2.6,10.9,,,,,,1
Hd2IzHAfkCI_004534,train,other: moving_ahead_or_waiting,4534,4642,45,75,109,4.5,7.5,10.9,,,,,,1
ieP36TLihGM_001114,train,other: moving_ahead_or_waiting,1114,1222,40,60,109,4.0,6.0,10.9,,,,,,1
2SAby_5t94M_000274,train,other: moving_ahead_or_waiting,274,392,32,89,119,3.2,8.9,11.9,,,,,,1
ha-IeID24As_000197,train,other: moving_ahead_or_waiting,197,332,55,92,136,5.5,9.2,13.6,,,,,,1
bFGmOp9H3MA_002182,train,other: moving_ahead_or_waiting,2182,2260,47,73,79,4.7,7.3,7.9,,,,,,1
DyzL2sahobA_002044,train,other: moving_ahead_or_waiting,2044,2152,25,91,109,2.5,9.1,10.9,,,,,,1
J-j5eIHg8I0_004081,train,other: moving_ahead_or_waiting,4081,4207,30,61,127,3.0,6.1,12.7,,,,,,1
sUbP4j8rAic_000282,train,other: moving_ahead_or_waiting,282,380,33,68,99,3.3,6.8,9.9,,,,,,1
DpQBo4gb6Lw_000281,train,other: moving_ahead_or_waiting,281,378,45,70,98,4.5,7.0,9.8,,,,,,1
V3--0ubJkNE_001982,train,other: moving_ahead_or_waiting,1982,2068,28,40,87,2.8,4.0,8.7,,,,,,1
kVhgFPPG-wo_002048,train,other: moving_ahead_or_waiting,2048,2113,7,29,66,0.7,2.9,6.6,,,,,,1
qYonJ4w6SZs_000429,train,other: moving_ahead_or_waiting,429,552,42,96,124,4.2,9.6,12.4,,,,,,1
r6_ZhT7rmhM_000200,train,other: moving_ahead_or_waiting,200,322,47,67,123,4.7,6.7,12.3,,,,,,1
bhA2ckvE-TQ_001156,train,other: moving_ahead_or_waiting,1156,1254,47,98,99,4.7,9.8,9.9,,,,,,1
0RJPQ_97dcs_002296,train,other: moving_ahead_or_waiting,2296,2407,65,86,112,6.5,8.6,11.2,,,,,,1
HzVbo46kkBA_001321,train,other: moving_ahead_or_waiting,1321,1419,25,57,99,2.5,5.7,9.9,,,,,,1
T7TkJVmGyts_000551,train,other: moving_ahead_or_waiting,551,669,44,91,119,4.4,9.1,11.9,,,,,,1
sdqIDbZJfy0_001491,train,other: moving_ahead_or_waiting,1491,1677,32,64,187,3.2,6.4,18.7,,,,,,1
sUbP4j8rAic_002733,train,other: moving_ahead_or_waiting,2733,2837,26,51,105,2.6,5.1,10.5,,,,,,1
HaC3LrJiTmQ_003779,train,other: moving_ahead_or_waiting,3779,3882,34,54,104,3.4,5.4,10.4,,,,,,1
6E2N9ld0eHg_003618,train,other: moving_ahead_or_waiting,3618,3706,27,56,89,2.7,5.6,8.9,,,,,,1
RASKiMoxhOE_004071,train,other: moving_ahead_or_waiting,4071,4200,36,94,130,3.6,9.4,13.0,,,,,,1
ujVRDgGVzlQ_004366,train,other: moving_ahead_or_waiting,4366,4487,62,74,122,6.2,7.4,12.2,,,,,,1
Hd2IzHAfkCI_003390,train,other: moving_ahead_or_waiting,3390,3498,15,109,109,1.5,10.9,10.9,,,,,,1
4K_6s1n6BpU_006390,train,other: moving_ahead_or_waiting,6390,6452,9,39,63,0.9,3.9,6.3,,,,,,1
a_VxrUq9PmA_004850,train,other: moving_ahead_or_waiting,4850,5009,16,48,160,1.6,4.8,16.0,,,,,,1
l1XbmdmGr0Q_000169,train,other: moving_ahead_or_waiting,169,272,39,74,104,3.9,7.4,10.4,,,,,,1
a_VxrUq9PmA_002894,train,other: moving_ahead_or_waiting,2894,3032,50,99,139,5.0,9.9,13.9,,,,,,1
5vKPYV5w6pw_003644,train,other: moving_ahead_or_waiting,3644,3765,35,74,122,3.5,7.4,12.2,,,,,,1
oZaUkhs_H-s_004703,train,other: moving_ahead_or_waiting,4703,4801,40,69,99,4.0,6.9,9.9,,,,,,1
uFwnmh0GpBo_004609,train,other: moving_ahead_or_waiting,4609,4707,39,49,99,3.9,4.9,9.9,,,,,,1
3sGShQb_HwU_000665,train,other: moving_ahead_or_waiting,665,803,26,101,139,2.6,10.1,13.9,,,,,,1
T7TkJVmGyts_001628,train,other: moving_ahead_or_waiting,1628,1876,48,82,249,4.8,8.2,24.9,,,,,,1
Rrcjy5t8b20_001757,train,other: moving_ahead_or_waiting,1757,1826,18,36,70,1.8,3.6,7.0,,,,,,1
9Q0FCoNxL8I_003090,train,other: moving_ahead_or_waiting,3090,3216,51,99,127,5.1,9.9,12.7,,,,,,1
QERvirE3S5s_003284,train,other: moving_ahead_or_waiting,3284,3406,46,86,123,4.6,8.6,12.3,,,,,,1
DpQBo4gb6Lw_003924,train,other: moving_ahead_or_waiting,3924,4041,31,88,118,3.1,8.8,11.8,,,,,,1
IFhWIS-Gwps_006044,train,other: moving_ahead_or_waiting,6044,6192,11,57,149,1.1,5.7,14.9,,,,,,1
d2SCftR5sWc_004699,train,other: moving_ahead_or_waiting,4699,4819,33,65,121,3.3,6.5,12.1,,,,,,1
Hd2IzHAfkCI_002940,train,other: moving_ahead_or_waiting,2940,3038,30,82,99,3.0,8.2,9.9,,,,,,1
kjVywUi1WK4_003502,train,other: moving_ahead_or_waiting,3502,3548,1,21,47,0.1,2.1,4.7,,,,,,1
Hkui6PJboFg_004978,train,other: moving_ahead_or_waiting,4978,5060,32,58,83,3.2,5.8,8.3,,,,,,1
PfJ2CudpCgE_003238,train,other: moving_ahead_or_waiting,3238,3330,35,93,93,3.5,9.3,9.3,,,,,,1
Hkui6PJboFg_005872,train,other: moving_ahead_or_waiting,5872,5955,40,83,84,4.0,8.3,8.4,,,,,,1
PYL3JcSsS6o_005730,train,other: moving_ahead_or_waiting,5730,5859,38,94,130,3.8,9.4,13.0,,,,,,1
Hd2IzHAfkCI_003180,train,other: moving_ahead_or_waiting,3180,3278,6,62,99,0.6,6.2,9.9,,,,,,1
d2SCftR5sWc_000861,train,other: moving_ahead_or_waiting,861,1119,35,234,259,3.5,23.4,25.9,,,,,,1
V3--0ubJkNE_006041,train,other: moving_ahead_or_waiting,6041,6105,22,50,65,2.2,5.0,6.5,,,,,,1
vdLn-qswnRo_005895,train,other: moving_ahead_or_waiting,5895,5982,17,45,88,1.7,4.5,8.8,,,,,,1
Hx8FMhmdOQU_002751,train,other: moving_ahead_or_waiting,2751,2889,41,137,139,4.1,13.7,13.9,,,,,,1
yr0gNIxRluE_001716,train,other: moving_ahead_or_waiting,1716,1837,33,56,122,3.3,5.6,12.2,,,,,,1
d2SCftR5sWc_003144,train,other: moving_ahead_or_waiting,3144,3262,38,119,119,3.8,11.9,11.9,,,,,,1
qzMjfBx1KI0_004118,train,other: moving_ahead_or_waiting,4118,4195,9,21,78,0.9,2.1,7.8,,,,,,1
pOJpwWmEcFg_004491,train,other: moving_ahead_or_waiting,4491,4599,40,66,109,4.0,6.6,10.9,,,,,,1
r6_ZhT7rmhM_003295,train,other: moving_ahead_or_waiting,3295,3381,26,48,87,2.6,4.8,8.7,,,,,,1
T7TkJVmGyts_001388,train,other: moving_ahead_or_waiting,1388,1506,28,56,119,2.8,5.6,11.9,,,,,,1
V3--0ubJkNE_004156,train,other: moving_ahead_or_waiting,4156,4240,32,50,85,3.2,5.0,8.5,,,,,,1
HzVbo46kkBA_001421,train,other: moving_ahead_or_waiting,1421,1520,30,71,100,3.0,7.1,10.0,,,,,,1
Tsl84N96WM8_004717,train,other: moving_ahead_or_waiting,4717,4885,67,120,169,6.7,12.0,16.9,,,,,,1
RPNiqsdt6-w_004434,train,other: moving_ahead_or_waiting,4434,4532,62,83,99,6.2,8.3,9.9,,,,,,1
xVfPBzDnI2Q_005736,train,other: moving_ahead_or_waiting,5736,5803,34,44,68,3.4,4.4,6.8,,,,,,1
Z9K13eBUwJM_004006,train,other: moving_ahead_or_waiting,4006,4164,130,148,159,13.0,14.8,15.9,,,,,,1
qYonJ4w6SZs_001065,train,other: moving_ahead_or_waiting,1065,1167,39,56,103,3.9,5.6,10.3,,,,,,1
Izf9l3VWQuo_002783,train,other: moving_ahead_or_waiting,2783,2881,32,53,99,3.2,5.3,9.9,,,,,,1
DSBGS6aRzgc_001302,train,other: moving_ahead_or_waiting,1302,1416,37,93,115,3.7,9.3,11.5,,,,,,1
PYL3JcSsS6o_001492,train,other: moving_ahead_or_waiting,1492,1567,42,76,76,4.2,7.6,7.6,,,,,,1
Tsl84N96WM8_001252,train,other: moving_ahead_or_waiting,1252,1369,40,91,118,4.0,9.1,11.8,,,,,,1
KOm5jw8vGrE_001269,train,other: moving_ahead_or_waiting,1269,1345,22,42,77,2.2,4.2,7.7,,,,,,1
oZaUkhs_H-s_002367,train,other: moving_ahead_or_waiting,2367,2485,31,97,119,3.1,9.7,11.9,,,,,,1
WWyeuvpHmfc_005861,train,other: moving_ahead_or_waiting,5861,5989,64,89,129,6.4,8.9,12.9,,,,,,1
LfKfK4I5RPE_002737,train,other: moving_ahead_or_waiting,2737,2835,38,54,99,3.8,5.4,9.9,,,,,,1
0RJPQ_97dcs_002409,train,other: moving_ahead_or_waiting,2409,2508,52,92,100,5.2,9.2,10.0,,,,,,1
y1vGuUK0db4_004994,train,other: moving_ahead_or_waiting,4994,5082,50,88,89,5.0,8.8,8.9,,,,,,1
eN6y6-4C1Rc_001093,train,other: moving_ahead_or_waiting,1093,1194,64,88,102,6.4,8.8,10.2,,,,,,1
hdOtS-BpUPY_002205,train,other: moving_ahead_or_waiting,2205,2293,39,53,89,3.9,5.3,8.9,,,,,,1
Hx8FMhmdOQU_005351,train,other: moving_ahead_or_waiting,5351,5478,7,82,128,0.7,8.2,12.8,,,,,,1
3sGShQb_HwU_003518,train,other: moving_ahead_or_waiting,3518,3677,18,58,160,1.8,5.8,16.0,,,,,,1
bhA2ckvE-TQ_000836,train,other: moving_ahead_or_waiting,836,944,39,74,109,3.9,7.4,10.9,,,,,,1
3u_CIo9IaWo_005125,train,other: moving_ahead_or_waiting,5125,5233,53,87,109,5.3,8.7,10.9,,,,,,1
HaC3LrJiTmQ_003639,train,other: moving_ahead_or_waiting,3639,3777,70,138,139,7.0,13.8,13.9,,,,,,1
uFwnmh0GpBo_005240,train,other: moving_ahead_or_waiting,5240,5398,83,111,159,8.3,11.1,15.9,,,,,,1
PYL3JcSsS6o_001927,train,other: moving_ahead_or_waiting,1927,2045,30,59,119,3.0,5.9,11.9,,,,,,1
fsqORUrKLYg_004299,train,other: moving_ahead_or_waiting,4299,4477,34,69,179,3.4,6.9,17.9,,,,,,1
uFwnmh0GpBo_005089,train,other: moving_ahead_or_waiting,5089,5238,86,128,150,8.6,12.8,15.0,,,,,,1
sdqIDbZJfy0_001298,train,other: moving_ahead_or_waiting,1298,1378,40,56,81,4.0,5.6,8.1,,,,,,1
T89zSiaMNgM_005826,train,other: moving_ahead_or_waiting,5826,5925,27,79,100,2.7,7.9,10.0,,,,,,1
r6_ZhT7rmhM_004220,train,other: moving_ahead_or_waiting,4220,4289,15,30,70,1.5,3.0,7.0,,,,,,1
xjbbH74SwTg_004146,train,other: moving_ahead_or_waiting,4146,4244,37,59,99,3.7,5.9,9.9,,,,,,1
Tsl84N96WM8_004267,train,other: moving_ahead_or_waiting,4267,4365,39,76,99,3.9,7.6,9.9,,,,,,1
l1XbmdmGr0Q_004924,train,other: moving_ahead_or_waiting,4924,4995,22,36,72,2.2,3.6,7.2,,,,,,1
ha-IeID24As_001058,train,other: moving_ahead_or_waiting,1058,1145,37,60,88,3.7,6.0,8.8,,,,,,1
4K_6s1n6BpU_004134,train,other: moving_ahead_or_waiting,4134,4202,20,48,69,2.0,4.8,6.9,,,,,,1
Pbw0A-RCjcw_000702,train,other: moving_ahead_or_waiting,702,785,28,48,84,2.8,4.8,8.4,,,,,,1
hdOtS-BpUPY_001551,train,other: moving_ahead_or_waiting,1551,1658,37,49,108,3.7,4.9,10.8,,,,,,1
lmykriTbncM_001268,train,other: moving_ahead_or_waiting,1268,1358,49,62,91,4.9,6.2,9.1,,,,,,1
u33fdjUY_Iw_004814,train,other: moving_ahead_or_waiting,4814,4896,23,58,83,2.3,5.8,8.3,,,,,,1
QERvirE3S5s_002054,train,other: moving_ahead_or_waiting,2054,2160,53,93,107,5.3,9.3,10.7,,,,,,1
ieP36TLihGM_004797,train,other: moving_ahead_or_waiting,4797,4945,55,75,149,5.5,7.5,14.9,,,,,,1
3sGShQb_HwU_002616,train,other: moving_ahead_or_waiting,2616,2694,19,79,79,1.9,7.9,7.9,,,,,,1
7uTMZ5-aWKA_004561,train,other: moving_ahead_or_waiting,4561,4720,38,122,160,3.8,12.2,16.0,,,,,,1
vZSr9dhRxlE_000828,train,other: moving_ahead_or_waiting,828,923,18,52,96,1.8,5.2,9.6,,,,,,1
UOjQsfDXjO0_004178,train,other: moving_ahead_or_waiting,4178,4256,29,60,79,2.9,6.0,7.9,,,,,,1
W6YrlYyWguc_004087,train,other: moving_ahead_or_waiting,4087,4185,32,62,99,3.2,6.2,9.9,,,,,,1
bhA2ckvE-TQ_002032,train,other: moving_ahead_or_waiting,2032,2180,12,41,149,1.2,4.1,14.9,,,,,,1
a_VxrUq9PmA_001368,train,other: moving_ahead_or_waiting,1368,1506,35,105,139,3.5,10.5,13.9,,,,,,1
qYonJ4w6SZs_000704,train,other: moving_ahead_or_waiting,704,850,47,68,147,4.7,6.8,14.7,,,,,,1
DpQBo4gb6Lw_000687,train,other: moving_ahead_or_waiting,687,905,63,106,219,6.3,10.6,21.9,,,,,,1
Nc9SDBksPPA_004115,train,other: moving_ahead_or_waiting,4115,4204,41,56,90,4.1,5.6,9.0,,,,,,1
WWyeuvpHmfc_002848,train,other: moving_ahead_or_waiting,2848,2930,20,37,83,2.0,3.7,8.3,,,,,,1
ha-IeID24As_000958,train,other: moving_ahead_or_waiting,958,1056,35,75,99,3.5,7.5,9.9,,,,,,1
8dI7OolIEXY_006081,train,other: moving_ahead_or_waiting,6081,6139,2,34,59,0.2,3.4,5.9,,,,,,1
4K_6s1n6BpU_005836,train,other: moving_ahead_or_waiting,5836,5900,22,50,65,2.2,5.0,6.5,,,,,,1
HzVbo46kkBA_003240,train,other: moving_ahead_or_waiting,3240,3342,15,68,103,1.5,6.8,10.3,,,,,,1
ieP36TLihGM_001224,train,other: moving_ahead_or_waiting,1224,1322,39,61,99,3.9,6.1,9.9,,,,,,1
IQwS7BEjUxM_001011,train,other: moving_ahead_or_waiting,1011,1112,30,65,102,3.0,6.5,10.2,,,,,,1
sdqIDbZJfy0_001679,train,other: moving_ahead_or_waiting,1679,1844,38,83,166,3.8,8.3,16.6,,,,,,1
JHfjuFrnpjA_002644,train,other: moving_ahead_or_waiting,2644,2707,21,53,64,2.1,5.3,6.4,,,,,,1
ruiSuGHJf6Q_002357,train,other: moving_ahead_or_waiting,2357,2445,33,58,89,3.3,5.8,8.9,,,,,,1
ahKX0rtdMJc_000371,train,other: moving_ahead_or_waiting,371,471,31,79,101,3.1,7.9,10.1,,,,,,1
ieP36TLihGM_002713,train,other: leave_to_left,2713,2791,16,47,79,1.6,4.7,7.9,,,,,,1
RPNiqsdt6-w_002094,train,other: leave_to_left,2094,2182,28,65,89,2.8,6.5,8.9,,,,,,1
Izf9l3VWQuo_004502,train,other: leave_to_left,4502,4673,55,87,172,5.5,8.7,17.2,,,,,,1
EY8x-fyQkbk_006234,train,other: leave_to_left,6234,6332,23,34,99,2.3,3.4,9.9,,,,,,1
hdOtS-BpUPY_000921,train,other: leave_to_left,921,1039,31,88,119,3.1,8.8,11.9,,,,,,1
bhA2ckvE-TQ_001383,train,other: leave_to_left,1383,1481,28,69,99,2.8,6.9,9.9,,,,,,1
T7TkJVmGyts_000281,train,other: leave_to_left,281,387,42,107,107,4.2,10.7,10.7,,,,,,1
kVhgFPPG-wo_000301,train,other: leave_to_left,301,425,46,88,125,4.6,8.8,12.5,,,,,,1
QERvirE3S5s_000535,train,other: leave_to_left,535,652,83,118,118,8.3,11.8,11.8,,,,,,1
Hd2IzHAfkCI_000899,train,other: leave_to_left,899,997,50,72,99,5.0,7.2,9.9,,,,,,1
gXezhrOijmQ_000592,train,other: leave_to_left,592,706,64,115,115,6.4,11.5,11.5,,,,,,1
7uTMZ5-aWKA_002267,train,other: leave_to_left,2267,2439,6,131,173,0.6,13.1,17.3,,,,,,1
IQwS7BEjUxM_000221,train,other: leave_to_left,221,307,53,66,87,5.3,6.6,8.7,,,,,,1
1u69z-wsDIc_001575,train,other: leave_to_left,1575,1683,39,82,109,3.9,8.2,10.9,,,,,,1
WWyeuvpHmfc_003179,train,other: leave_to_left,3179,3253,25,55,75,2.5,5.5,7.5,,,,,,1
PYL3JcSsS6o_002858,train,other: leave_to_left,2858,2956,30,63,99,3.0,6.3,9.9,,,,,,1
ZIts2XH28SA_004522,train,other: leave_to_left,4522,4665,52,115,144,5.2,11.5,14.4,,,,,,1
8dI7OolIEXY_001712,train,other: leave_to_left,1712,1831,25,81,120,2.5,8.1,12.0,,,,,,1
qzMjfBx1KI0_001099,train,other: leave_to_left,1099,1257,35,95,159,3.5,9.5,15.9,,,,,,1
IQwS7BEjUxM_000520,train,other: leave_to_left,520,588,15,28,69,1.5,2.8,6.9,,,,,,1
pWZSG2cUdEo_001520,train,other: leave_to_left,1520,1624,33,93,105,3.3,9.3,10.5,,,,,,1
3sGShQb_HwU_004499,train,other: leave_to_left,4499,4597,28,88,99,2.8,8.8,9.9,,,,,,1
y4Evv5By6sg_002822,train,other: leave_to_left,2822,2910,41,53,89,4.1,5.3,8.9,,,,,,1
RPNiqsdt6-w_002184,train,other: leave_to_left,2184,2275,31,61,92,3.1,6.1,9.2,,,,,,1
3Sqeb-l1RPA_004606,train,other: leave_to_left,4606,4714,40,82,109,4.0,8.2,10.9,,,,,,1
P5MjgFmqouA_001596,train,other: leave_to_left,1596,1695,39,75,100,3.9,7.5,10.0,,,,,,1
L334aqEJxys_002136,train,other: leave_to_left,2136,2274,12,106,139,1.2,10.6,13.9,,,,,,1
yB6fjM1UUC0_000074,train,other: leave_to_left,74,239,74,104,166,7.4,10.4,16.6,,,,,,1
9Q0FCoNxL8I_000448,train,other: leave_to_left,448,527,33,50,80,3.3,5.0,8.0,,,,,,1
ruiSuGHJf6Q_002017,train,other: leave_to_left,2017,2155,39,127,139,3.9,12.7,13.9,,,,,,1
QeuzUfHIWYU_001717,train,other: leave_to_left,1717,1875,41,149,159,4.1,14.9,15.9,,,,,,1
Pbw0A-RCjcw_004251,train,other: leave_to_left,4251,4369,30,90,119,3.0,9.0,11.9,,,,,,1
X8VgGb1fJDU_000052,train,other: leave_to_left,52,196,55,70,145,5.5,7.0,14.5,,,,,,1
LfKfK4I5RPE_001361,train,other: leave_to_left,1361,1439,42,56,79,4.2,5.6,7.9,,,,,,1
fHUJcUaW2mE_001204,train,other: leave_to_left,1204,1311,31,62,108,3.1,6.2,10.8,,,,,,1
ha-IeID24As_002293,train,other: leave_to_left,2293,2402,33,69,110,3.3,6.9,11.0,,,,,,1
Hx8FMhmdOQU_003992,train,other: leave_to_left,3992,4130,58,118,139,5.8,11.8,13.9,,,,,,1
9Q0FCoNxL8I_000221,train,other: leave_to_left,221,346,14,76,126,1.4,7.6,12.6,,,,,,1
sdqIDbZJfy0_000291,train,other: leave_to_left,291,429,40,104,139,4.0,10.4,13.9,,,,,,1
LfKfK4I5RPE_001271,train,other: leave_to_left,1271,1359,27,55,89,2.7,5.5,8.9,,,,,,1
OWtbKblBOKI_005624,train,other: leave_to_left,5624,5782,14,82,159,1.4,8.2,15.9,,,,,,1
yr0gNIxRluE_003778,train,other: leave_to_left,3778,3970,35,169,193,3.5,16.9,19.3,,,,,,1
2SAby_5t94M_000819,train,other: leave_to_left,819,903,18,53,85,1.8,5.3,8.5,,,,,,1
3sGShQb_HwU_002511,train,other: leave_to_left,2511,2614,13,49,104,1.3,4.9,10.4,,,,,,1
2SAby_5t94M_002329,train,other: leave_to_left,2329,2444,51,96,116,5.1,9.6,11.6,,,,,,1
LfKfK4I5RPE_001689,train,other: leave_to_left,1689,1777,45,73,89,4.5,7.3,8.9,,,,,,1
oZaUkhs_H-s_002166,train,other: leave_to_left,2166,2365,37,64,200,3.7,6.4,20.0,,,,,,1
sdqIDbZJfy0_000181,train,other: leave_to_left,181,289,49,73,109,4.9,7.3,10.9,,,,,,1
P5MjgFmqouA_004583,train,other: leave_to_left,4583,4681,32,57,99,3.2,5.7,9.9,,,,,,1
yhtzAKqRyXw_003288,train,other: leave_to_left,3288,3364,37,53,77,3.7,5.3,7.7,,,,,,1
u33fdjUY_Iw_002425,train,other: leave_to_left,2425,2509,30,48,85,3.0,4.8,8.5,,,,,,1
ruiSuGHJf6Q_002257,train,other: leave_to_left,2257,2355,37,60,99,3.7,6.0,9.9,,,,,,1
yr0gNIxRluE_000301,train,other: leave_to_left,301,399,36,64,99,3.6,6.4,9.9,,,,,,1
V3--0ubJkNE_001160,train,other: leave_to_left,1160,1380,21,121,221,2.1,12.1,22.1,,,,,,1
cfrLchAShxQ_005102,train,other: leave_to_left,5102,5194,34,77,93,3.4,7.7,9.3,,,,,,1
W6YrlYyWguc_001116,train,other: leave_to_left,1116,1274,62,111,159,6.2,11.1,15.9,,,,,,1
sUbP4j8rAic_000483,train,other: leave_to_left,483,598,31,63,116,3.1,6.3,11.6,,,,,,1
0RJPQ_97dcs_002510,train,other: leave_to_left,2510,2602,26,59,93,2.6,5.9,9.3,,,,,,1
OWtbKblBOKI_001226,train,other: leave_to_left,1226,1302,26,51,77,2.6,5.1,7.7,,,,,,1
uFwnmh0GpBo_002388,train,other: leave_to_left,2388,2527,44,69,140,4.4,6.9,14.0,,,,,,1
VxWJchENocA_002584,train,other: leave_to_left,2584,2661,26,45,78,2.6,4.5,7.8,,,,,,1
TlBhM9Xbr2o_000062,train,other: leave_to_left,62,196,53,98,135,5.3,9.8,13.5,,,,,,1
UKBuDqU8qTM_004969,train,other: leave_to_left,4969,5047,47,55,79,4.7,5.5,7.9,,,,,,1
f482qwPz7ns_005724,train,other: leave_to_left,5724,5937,106,148,214,10.6,14.8,21.4,,,,,,1
Sihe6aeyLHg_002928,train,other: leave_to_left,2928,3071,63,113,144,6.3,11.3,14.4,,,,,,1
l1XbmdmGr0Q_001366,train,other: leave_to_left,1366,1478,79,112,113,7.9,11.2,11.3,,,,,,1
GDejMONyY4U_005509,train,other: leave_to_left,5509,5588,25,62,80,2.5,6.2,8.0,,,,,,1
qzMjfBx1KI0_003899,train,other: leave_to_left,3899,3979,12,37,81,1.2,3.7,8.1,,,,,,1
t_bCDlNOhJc_002703,train,other: leave_to_left,2703,2851,67,101,149,6.7,10.1,14.9,,,,,,1
p-fBcE77G4c_004708,train,other: leave_to_left,4708,4837,15,123,130,1.5,12.3,13.0,,,,,,1
RASKiMoxhOE_000356,train,other: leave_to_left,356,446,43,76,91,4.3,7.6,9.1,,,,,,1
r6_ZhT7rmhM_003566,train,other: leave_to_left,3566,3666,39,72,101,3.9,7.2,10.1,,,,,,1
sdqIDbZJfy0_002086,train,other: leave_to_left,2086,2202,28,71,117,2.8,7.1,11.7,,,,,,1
Tsl84N96WM8_002692,train,other: leave_to_left,2692,2819,48,97,128,4.8,9.7,12.8,,,,,,1
RPNiqsdt6-w_005135,train,other: leave_to_left,5135,5233,30,73,99,3.0,7.3,9.9,,,,,,1
PqbpIHZvjMA_004325,train,other: leave_to_left,4325,4432,37,53,108,3.7,5.3,10.8,,,,,,1
lKMwX4nA64k_005606,train,other: leave_to_left,5606,5681,34,46,76,3.4,4.6,7.6,,,,,,1
qzMjfBx1KI0_002109,train,other: leave_to_left,2109,2225,34,53,117,3.4,5.3,11.7,,,,,,1
oZaUkhs_H-s_001677,train,other: leave_to_left,1677,1804,33,85,128,3.3,8.5,12.8,,,,,,1
RPNiqsdt6-w_004782,train,other: leave_to_left,4782,4903,42,97,122,4.2,9.7,12.2,,,,,,1
K1r3m5OrmB4_001561,train,other: leave_to_left,1561,1624,24,38,64,2.4,3.8,6.4,,,,,,1
xToi8YVZM8o_001851,train,other: leave_to_left,1851,1999,42,95,149,4.2,9.5,14.9,,,,,,1
nADqn-DZ-Dc_000990,train,other: leave_to_left,990,1104,56,84,115,5.6,8.4,11.5,,,,,,1
nvVk7L3GrJQ_002738,train,other: leave_to_left,2738,2824,45,68,87,4.5,6.8,8.7,,,,,,1
bcpfYpmDcp0_002863,train,other: leave_to_left,2863,2967,34,59,105,3.4,5.9,10.5,,,,,,1
Tsl84N96WM8_003386,train,other: leave_to_left,3386,3524,41,118,139,4.1,11.8,13.9,,,,,,1
T7TkJVmGyts_000671,train,other: leave_to_left,671,769,30,68,99,3.0,6.8,9.9,,,,,,1
oZaUkhs_H-s_001427,train,other: leave_to_left,1427,1525,27,83,99,2.7,8.3,9.9,,,,,,1
QeuzUfHIWYU_000075,train,other: leave_to_left,75,219,52,116,145,5.2,11.6,14.5,,,,,,1
IQwS7BEjUxM_001878,train,other: leave_to_left,1878,1976,54,92,99,5.4,9.2,9.9,,,,,,1
ZIts2XH28SA_000652,train,other: leave_to_left,652,770,39,79,119,3.9,7.9,11.9,,,,,,1
xpOyD-qrQUw_001971,train,other: leave_to_left,1971,2097,62,91,127,6.2,9.1,12.7,,,,,,1
RASKiMoxhOE_005972,train,other: leave_to_left,5972,6034,25,48,63,2.5,4.8,6.3,,,,,,1
Pbw0A-RCjcw_002212,train,other: leave_to_left,2212,2258,20,47,47,2.0,4.7,4.7,,,,,,1
OPj7lUQOre8_005496,train,other: leave_to_left,5496,5645,36,114,150,3.6,11.4,15.0,,,,,,1
ahKX0rtdMJc_005172,train,other: leave_to_left,5172,5343,57,84,172,5.7,8.4,17.2,,,,,,1
r6_ZhT7rmhM_000710,train,other: leave_to_left,710,811,27,46,102,2.7,4.6,10.2,,,,,,1
xVfPBzDnI2Q_000222,train,other: leave_to_left,222,380,85,109,159,8.5,10.9,15.9,,,,,,1
uO2zGO5ydBc_002156,train,other: leave_to_left,2156,2270,54,84,115,5.4,8.4,11.5,,,,,,1
7uTMZ5-aWKA_001828,train,other: leave_to_left,1828,1973,41,125,146,4.1,12.5,14.6,,,,,,1
oZaUkhs_H-s_001257,train,other: leave_to_left,1257,1425,78,147,169,7.8,14.7,16.9,,,,,,1
t4Cvbdtebk0_001749,train,other: leave_to_left,1749,1827,39,57,79,3.9,5.7,7.9,,,,,,1
Tsl84N96WM8_005523,train,other: leave_to_left,5523,5677,27,133,155,2.7,13.3,15.5,,,,,,1
IQwS7BEjUxM_000821,train,other: leave_to_left,821,1009,31,105,189,3.1,10.5,18.9,,,,,,1
uO2zGO5ydBc_000388,train,other: leave_to_left,388,457,8,31,70,0.8,3.1,7.0,,,,,,1
IOoVklIZLMw_000390,train,other: leave_to_left,390,524,33,72,135,3.3,7.2,13.5,,,,,,1
pOJpwWmEcFg_002352,train,other: leave_to_left,2352,2500,15,55,149,1.5,5.5,14.9,,,,,,1
9Q0FCoNxL8I_004360,train,other: leave_to_left,4360,4473,20,85,114,2.0,8.5,11.4,,,,,,1
OPj7lUQOre8_000751,train,other: leave_to_left,751,889,31,89,139,3.1,8.9,13.9,,,,,,1
bhA2ckvE-TQ_004500,train,other: leave_to_left,4500,4626,36,91,127,3.6,9.1,12.7,,,,,,1
W6YrlYyWguc_002877,train,other: unknown,2877,2984,28,62,108,2.8,6.2,10.8,,,,,,1
4K_6s1n6BpU_006000,train,other: unknown,6000,6062,23,51,63,2.3,5.1,6.3,,,,,,1
hfwb3mZZ0fs_002930,train,other: unknown,2930,3018,50,72,89,5.0,7.2,8.9,,,,,,1
hdOtS-BpUPY_004623,train,other: unknown,4623,4803,39,78,181,3.9,7.8,18.1,,,,,,1
88LcRU7uEFE_004584,train,other: unknown,4584,4662,5,64,79,0.5,6.4,7.9,,,,,,1
F9-aR2Ocso4_001309,train,other: unknown,1309,1371,17,30,63,1.7,3.0,6.3,,,,,,1
WWyeuvpHmfc_004541,train,other: unknown,4541,4647,36,78,107,3.6,7.8,10.7,,,,,,1
hdOtS-BpUPY_003210,train,other: unknown,3210,3288,23,47,79,2.3,4.7,7.9,,,,,,1
L334aqEJxys_005405,train,other: unknown,5405,5653,161,235,249,16.1,23.5,24.9,,,,,,1
sdqIDbZJfy0_002204,train,other: unknown,2204,2335,57,75,132,5.7,7.5,13.2,,,,,,1
3tEZvtQZ18Q_001907,train,other: unknown,1907,1985,24,50,79,2.4,5.0,7.9,,,,,,1
qYonJ4w6SZs_005555,train,other: unknown,5555,5643,24,43,89,2.4,4.3,8.9,,,,,,1
r6_ZhT7rmhM_002652,train,other: unknown,2652,2795,19,56,144,1.9,5.6,14.4,,,,,,1
xpOyD-qrQUw_000712,train,other: unknown,712,809,36,46,98,3.6,4.6,9.8,,,,,,1
DSBGS6aRzgc_001842,train,other: unknown,1842,1972,26,79,131,2.6,7.9,13.1,,,,,,1
L334aqEJxys_005655,train,other: unknown,5655,5763,43,51,109,4.3,5.1,10.9,,,,,,1
8dI7OolIEXY_002008,train,other: unknown,2008,2166,32,145,159,3.2,14.5,15.9,,,,,,1
Nc9SDBksPPA_003406,train,other: unknown,3406,3513,31,82,108,3.1,8.2,10.8,,,,,,1
9Q0FCoNxL8I_002344,train,other: unknown,2344,2502,39,119,159,3.9,11.9,15.9,,,,,,1
a_VxrUq9PmA_004170,train,other: unknown,4170,4309,35,140,140,3.5,14.0,14.0,,,,,,1
HaC3LrJiTmQ_006147,train,other: unknown,6147,6257,61,95,111,6.1,9.5,11.1,,,,,,1
dZG1VKsgs60_004470,train,other: unknown,4470,4617,21,51,148,2.1,5.1,14.8,,,,,,1
Izf9l3VWQuo_001791,train,other: unknown,1791,1887,42,97,97,4.2,9.7,9.7,,,,,,1
HzVbo46kkBA_004225,train,other: unknown,4225,4321,41,69,97,4.1,6.9,9.7,,,,,,1
T89zSiaMNgM_004715,train,other: lateral,4715,4816,30,60,102,3.0,6.0,10.2,,,,,,1
nADqn-DZ-Dc_000314,train,other: lateral,314,428,37,69,115,3.7,6.9,11.5,,,,,,1
u33fdjUY_Iw_004621,train,other: lateral,4621,4733,38,58,113,3.8,5.8,11.3,,,,,,1
CyeT8rEQOpQ_002093,train,other: lateral,2093,2188,42,67,96,4.2,6.7,9.6,,,,,,1
Sihe6aeyLHg_005992,train,other: lateral,5992,6079,32,64,88,3.2,6.4,8.8,,,,,,1
OPj7lUQOre8_001150,train,other: lateral,1150,1269,25,84,120,2.5,8.4,12.0,,,,,,1
Vtpe3HAIEm4_001304,train,other: lateral,1304,1390,29,59,87,2.9,5.9,8.7,,,,,,1
8dI7OolIEXY_001208,train,other: lateral,1208,1285,48,76,78,4.8,7.6,7.8,,,,,,1
yr0gNIxRluE_004553,train,other: lateral,4553,4641,45,62,89,4.5,6.2,8.9,,,,,,1
4wKjxDXnmYs_005664,train,other: lateral,5664,5822,36,134,159,3.6,13.4,15.9,,,,,,1
D_pyFV4nKd4_001164,train,other: lateral,1164,1263,18,100,100,1.8,10.0,10.0,,,,,,1
JV0D-YkWHD8_004686,train,other: lateral,4686,4766,15,77,81,1.5,7.7,8.1,,,,,,1
JV0D-YkWHD8_002033,train,other: lateral,2033,2122,36,90,90,3.6,9.0,9.0,,,,,,1
6E2N9ld0eHg_005577,train,other: lateral,5577,5715,67,119,139,6.7,11.9,13.9,,,,,,1
fb5i7JlmJdg_003468,train,other: lateral,3468,3576,27,77,109,2.7,7.7,10.9,,,,,,1
jFFhYwgepmY_001951,train,other: lateral,1951,2049,47,65,99,4.7,6.5,9.9,,,,,,1
Izf9l3VWQuo_004777,train,other: lateral,4777,4875,38,62,99,3.8,6.2,9.9,,,,,,1
yhtzAKqRyXw_000328,train,other: lateral,328,426,44,59,99,4.4,5.9,9.9,,,,,,1
sUbP4j8rAic_005758,train,other: lateral,5758,5878,33,89,121,3.3,8.9,12.1,,,,,,1
h55PiQMnlJY_000934,train,other: lateral,934,1032,32,65,99,3.2,6.5,9.9,,,,,,1
vdLn-qswnRo_002769,train,other: lateral,2769,2899,54,101,131,5.4,10.1,13.1,,,,,,1
t_bCDlNOhJc_005401,train,other: lateral,5401,5519,46,58,119,4.6,5.8,11.9,,,,,,1
uFwnmh0GpBo_001812,train,other: lateral,1812,1925,23,91,114,2.3,9.1,11.4,,,,,,1
Nc9SDBksPPA_003306,train,other: lateral,3306,3404,32,81,99,3.2,8.1,9.9,,,,,,1
hdOtS-BpUPY_003081,train,other: lateral,3081,3208,44,81,128,4.4,8.1,12.8,,,,,,1
3Sqeb-l1RPA_001295,train,other: lateral,1295,1409,47,109,115,4.7,10.9,11.5,,,,,,1
Hkui6PJboFg_000906,train,other: lateral,906,1036,105,116,131,10.5,11.6,13.1,,,,,,1
9Q0FCoNxL8I_001963,train,other: lateral,1963,2074,27,95,112,2.7,9.5,11.2,,,,,,1
mrIFkGZbNjc_002100,train,other: lateral,2100,2248,49,122,149,4.9,12.2,14.9,,,,,,1
Tsl84N96WM8_004367,train,other: lateral,4367,4575,23,51,209,2.3,5.1,20.9,,,,,,1
88LcRU7uEFE_002635,train,other: lateral,2635,2773,25,51,139,2.5,5.1,13.9,,,,,,1
Hkui6PJboFg_005752,train,other: lateral,5752,5870,38,91,119,3.8,9.1,11.9,,,,,,1
uO2zGO5ydBc_003553,train,other: lateral,3553,3650,44,76,98,4.4,7.6,9.8,,,,,,1
hfwb3mZZ0fs_000740,train,other: lateral,740,825,25,57,86,2.5,5.7,8.6,,,,,,1
OPj7lUQOre8_004997,train,other: lateral,4997,5175,134,159,179,13.4,15.9,17.9,,,,,,1
eWWgJznGg6U_003751,train,other: lateral,3751,3868,46,110,118,4.6,11.0,11.8,,,,,,1
r6_ZhT7rmhM_003846,train,other: lateral,3846,3991,38,72,146,3.8,7.2,14.6,,,,,,1
nHvTqyRntbY_002461,train,other: lateral,2461,2552,26,41,92,2.6,4.1,9.2,,,,,,1
gDjeTHGWX9c_000512,train,other: lateral,512,654,48,110,143,4.8,11.0,14.3,,,,,,1
xVfPBzDnI2Q_001384,train,other: lateral,1384,1452,15,33,69,1.5,3.3,6.9,,,,,,1
88LcRU7uEFE_005337,train,other: lateral,5337,5514,35,85,178,3.5,8.5,17.8,,,,,,1
Izf9l3VWQuo_001889,train,other: lateral,1889,2027,53,112,139,5.3,11.2,13.9,,,,,,1
4wKjxDXnmYs_000720,train,other: lateral,720,817,9,97,98,0.9,9.7,9.8,,,,,,1
PEwiwzyTjX0_001169,train,other: lateral,1169,1220,31,50,52,3.1,5.0,5.2,,,,,,1
r6_ZhT7rmhM_004996,train,other: lateral,4996,5122,77,97,127,7.7,9.7,12.7,,,,,,1
qzMjfBx1KI0_005715,train,other: lateral,5715,5845,59,99,131,5.9,9.9,13.1,,,,,,1
JV0D-YkWHD8_003035,train,other: lateral,3035,3122,36,88,88,3.6,8.8,8.8,,,,,,1
sUbP4j8rAic_002517,train,other: lateral,2517,2605,31,49,89,3.1,4.9,8.9,,,,,,1
h55PiQMnlJY_001980,train,other: lateral,1980,2128,46,74,149,4.6,7.4,14.9,,,,,,1
xpOyD-qrQUw_000633,train,other: lateral,633,710,29,49,78,2.9,4.9,7.8,,,,,,1
kjVywUi1WK4_003259,train,other: lateral,3259,3386,76,97,128,7.6,9.7,12.8,,,,,,1
e3hXj7S3QyA_001344,train,other: lateral,1344,1484,76,134,141,7.6,13.4,14.1,,,,,,1
hdOtS-BpUPY_001328,train,other: lateral,1328,1448,45,72,121,4.5,7.2,12.1,,,,,,1
fWJbp43k644_003548,train,other: lateral,3548,3645,22,54,98,2.2,5.4,9.8,,,,,,1
UbDCiQVuzPY_002416,train,other: lateral,2416,2515,35,77,100,3.5,7.7,10.0,,,,,,1
0qfbmt4G8Rw_001417,train,other: lateral,1417,1499,39,60,83,3.9,6.0,8.3,,,,,,1
Vtpe3HAIEm4_002771,train,other: lateral,2771,2867,30,53,97,3.0,5.3,9.7,,,,,,1
t_bCDlNOhJc_001632,train,other: lateral,1632,1740,31,78,109,3.1,7.8,10.9,,,,,,1
cfrLchAShxQ_004572,train,other: lateral,4572,4660,10,48,89,1.0,4.8,8.9,,,,,,1
Z9K13eBUwJM_006062,train,other: lateral,6062,6112,13,30,51,1.3,3.0,5.1,,,,,,1
HaC3LrJiTmQ_000182,train,other: lateral,182,305,34,70,124,3.4,7.0,12.4,,,,,,1
UOjQsfDXjO0_004616,train,other: lateral,4616,4711,28,43,96,2.8,4.3,9.6,,,,,,1
HbxPs2D_eJw_005338,train,other: lateral,5338,5418,9,46,81,0.9,4.6,8.1,,,,,,1
ZIts2XH28SA_002126,train,other: lateral,2126,2204,24,51,79,2.4,5.1,7.9,,,,,,1
9Q0FCoNxL8I_003976,train,other: lateral,3976,4094,42,73,119,4.2,7.3,11.9,,,,,,1
J-j5eIHg8I0_003855,train,other: lateral,3855,3977,25,89,123,2.5,8.9,12.3,,,,,,1
eN6y6-4C1Rc_004177,train,other: lateral,4177,4268,34,65,92,3.4,6.5,9.2,,,,,,1
UKBuDqU8qTM_000191,train,other: lateral,191,369,46,66,179,4.6,6.6,17.9,,,,,,1
xVfPBzDnI2Q_005155,train,other: lateral,5155,5237,39,52,83,3.9,5.2,8.3,,,,,,1
cfrLchAShxQ_000987,train,other: lateral,987,1042,2,41,56,0.2,4.1,5.6,,,,,,1
QeuzUfHIWYU_000976,train,other: lateral,976,1094,34,86,119,3.4,8.6,11.9,,,,,,1
OWtbKblBOKI_002000,train,other: lateral,2000,2083,31,44,84,3.1,4.4,8.4,,,,,,1
88LcRU7uEFE_002775,train,other: lateral,2775,2880,9,75,106,0.9,7.5,10.6,,,,,,1
88LcRU7uEFE_004892,train,other: lateral,4892,5061,34,85,170,3.4,8.5,17.0,,,,,,1
yr0gNIxRluE_003508,train,other: lateral,3508,3611,37,51,104,3.7,5.1,10.4,,,,,,1
vdLn-qswnRo_005153,train,other: lateral,5153,5229,36,63,77,3.6,6.3,7.7,,,,,,1
8dI7OolIEXY_004373,train,other: lateral,4373,4464,35,71,92,3.5,7.1,9.2,,,,,,1
bcpfYpmDcp0_001895,train,other: lateral,1895,2002,36,74,108,3.6,7.4,10.8,,,,,,1
WWyeuvpHmfc_000051,train,other: lateral,51,203,35,122,153,3.5,12.2,15.3,,,,,,1
ha-IeID24As_004012,train,other: lateral,4012,4110,20,35,99,2.0,3.5,9.9,,,,,,1
krPRThe7R4g_001080,train,other: lateral,1080,1150,11,52,71,1.1,5.2,7.1,,,,,,1
hdOtS-BpUPY_001121,train,other: lateral,1121,1219,31,62,99,3.1,6.2,9.9,,,,,,1
UbDCiQVuzPY_000199,train,other: lateral,199,437,56,92,239,5.6,9.2,23.9,,,,,,1
3sGShQb_HwU_001706,train,other: lateral,1706,1824,51,119,119,5.1,11.9,11.9,,,,,,1
RPNiqsdt6-w_003096,train,other: lateral,3096,3185,42,69,90,4.2,6.9,9.0,,,,,,1
Eq7_uD2yN5Y_002726,train,other: lateral,2726,2804,22,57,79,2.2,5.7,7.9,,,,,,1
Nc9SDBksPPA_001351,train,other: lateral,1351,1460,25,72,110,2.5,7.2,11.0,,,,,,1
oZaUkhs_H-s_004362,train,other: lateral,4362,4450,34,57,89,3.4,5.7,8.9,,,,,,1
Z9K13eBUwJM_001897,train,other: lateral,1897,1991,33,76,95,3.3,7.6,9.5,,,,,,1
HeK6zbf8I9Y_001586,train,other: lateral,1586,1680,41,80,95,4.1,8.0,9.5,,,,,,1
OPj7lUQOre8_001901,train,other: lateral,1901,1999,42,75,99,4.2,7.5,9.9,,,,,,1
0RJPQ_97dcs_004867,train,other: lateral,4867,4955,42,70,89,4.2,7.0,8.9,,,,,,1
nHvTqyRntbY_005216,train,other: lateral,5216,5328,32,64,113,3.2,6.4,11.3,,,,,,1
JHfjuFrnpjA_000211,train,other: lateral,211,349,71,94,139,7.1,9.4,13.9,,,,,,1
QeuzUfHIWYU_002117,train,other: lateral,2117,2235,43,70,119,4.3,7.0,11.9,,,,,,1
cfrLchAShxQ_004183,train,other: lateral,4183,4258,31,41,76,3.1,4.1,7.6,,,,,,1
a_VxrUq9PmA_002497,train,other: lateral,2497,2680,48,166,184,4.8,16.6,18.4,,,,,,1
t4Cvbdtebk0_003096,train,other: lateral,3096,3223,42,93,128,4.2,9.3,12.8,,,,,,1
T89zSiaMNgM_002366,train,other: lateral,2366,2523,48,105,158,4.8,10.5,15.8,,,,,,1
Hx8FMhmdOQU_005071,train,other: lateral,5071,5149,38,66,79,3.8,6.6,7.9,,,,,,1
a_VxrUq9PmA_000576,train,other: lateral,576,654,49,79,79,4.9,7.9,7.9,,,,,,1
ieP36TLihGM_005433,train,other: lateral,5433,5581,44,63,149,4.4,6.3,14.9,,,,,,1
3Sqeb-l1RPA_000361,train,other: lateral,361,519,106,144,159,10.6,14.4,15.9,,,,,,1
xpOyD-qrQUw_004442,train,other: lateral,4442,4545,37,73,104,3.7,7.3,10.4,,,,,,1
8dI7OolIEXY_006220,train,other: lateral,6220,6286,26,39,67,2.6,3.9,6.7,,,,,,1
ha-IeID24As_003628,train,other: lateral,3628,3726,25,58,99,2.5,5.8,9.9,,,,,,1
sUbP4j8rAic_002989,train,other: lateral,2989,3097,30,56,109,3.0,5.6,10.9,,,,,,1
y1vGuUK0db4_000052,train,other: lateral,52,228,71,87,177,7.1,8.7,17.7,,,,,,1
Nc9SDBksPPA_000840,train,other: lateral,840,959,45,58,120,4.5,5.8,12.0,,,,,,1
88LcRU7uEFE_002033,train,other: lateral,2033,2173,49,119,141,4.9,11.9,14.1,,,,,,1
QERvirE3S5s_001180,train,other: lateral,1180,1288,34,74,109,3.4,7.4,10.9,,,,,,1
qYonJ4w6SZs_005645,train,other: lateral,5645,5722,30,49,78,3.0,4.9,7.8,,,,,,1
xVfPBzDnI2Q_000589,train,other: lateral,589,684,25,54,96,2.5,5.4,9.6,,,,,,1
uFwnmh0GpBo_000741,train,other: lateral,741,840,36,72,100,3.6,7.2,10.0,,,,,,1
HaC3LrJiTmQ_002330,train,other: lateral,2330,2543,38,81,214,3.8,8.1,21.4,,,,,,1
Tsl84N96WM8_002122,train,other: lateral,2122,2260,35,102,139,3.5,10.2,13.9,,,,,,1
DpQBo4gb6Lw_001047,train,other: lateral,1047,1173,55,100,127,5.5,10.0,12.7,,,,,,1
uO2zGO5ydBc_004319,train,other: lateral,4319,4452,40,88,134,4.0,8.8,13.4,,,,,,1
lmykriTbncM_004162,train,other: lateral,4162,4232,26,46,71,2.6,4.6,7.1,,,,,,1
ahKX0rtdMJc_001827,train,other: lateral,1827,1926,35,68,100,3.5,6.8,10.0,,,,,,1
hfwb3mZZ0fs_003876,train,other: lateral,3876,3974,19,63,99,1.9,6.3,9.9,,,,,,1
PEwiwzyTjX0_001311,train,other: lateral,1311,1406,31,57,96,3.1,5.7,9.6,,,,,,1
UOjQsfDXjO0_003347,train,other: lateral,3347,3465,55,86,119,5.5,8.6,11.9,,,,,,1
nHvTqyRntbY_004099,train,other: lateral,4099,4173,33,58,75,3.3,5.8,7.5,,,,,,1
T89zSiaMNgM_005595,train,other: lateral,5595,5694,26,60,100,2.6,6.0,10.0,,,,,,1
yr0gNIxRluE_000874,train,other: lateral,874,1078,11,187,205,1.1,18.7,20.5,,,,,,1
mrIFkGZbNjc_001213,train,other: lateral,1213,1351,62,106,139,6.2,10.6,13.9,,,,,,1
PEwiwzyTjX0_003235,train,other: lateral,3235,3312,12,57,78,1.2,5.7,7.8,,,,,,1
ujVRDgGVzlQ_003313,train,other: lateral,3313,3435,56,72,123,5.6,7.2,12.3,,,,,,1
bcpfYpmDcp0_000156,train,other: lateral,156,241,38,62,86,3.8,6.2,8.6,,,,,,1
mrIFkGZbNjc_000455,train,other: lateral,455,543,46,63,89,4.6,6.3,8.9,,,,,,1
JV0D-YkWHD8_002308,train,other: lateral,2308,2419,36,77,112,3.6,7.7,11.2,,,,,,1
u33fdjUY_Iw_001182,train,ego: leave_to_left,1182,1292,49,111,111,4.9,11.1,11.1,,,,,,1
3sGShQb_HwU_002370,train,ego: leave_to_left,2370,2509,28,127,140,2.8,12.7,14.0,,,,,,1
fsqORUrKLYg_001335,train,ego: leave_to_left,1335,1460,42,76,126,4.2,7.6,12.6,,,,,,1
RPNiqsdt6-w_004905,train,ego: leave_to_left,4905,5023,52,78,119,5.2,7.8,11.9,,,,,,1
bI9JzQSrEGo_003601,train,ego: leave_to_left,3601,3705,39,90,105,3.9,9.0,10.5,,,,,,1
6E2N9ld0eHg_004038,train,ego: leave_to_left,4038,4177,58,139,140,5.8,13.9,14.0,,,,,,1
4K_6s1n6BpU_002324,train,ego: leave_to_left,2324,2420,19,80,97,1.9,8.0,9.7,,,,,,1
krPRThe7R4g_002294,train,ego: leave_to_left,2294,2381,27,63,88,2.7,6.3,8.8,,,,,,1
GdyJqgxlSxs_004915,train,ego: leave_to_left,4915,4996,23,72,82,2.3,7.2,8.2,,,,,,1
HzVbo46kkBA_000447,train,ego: leave_to_left,447,568,38,101,122,3.8,10.1,12.2,,,,,,1
3Sqeb-l1RPA_005580,train,ego: leave_to_left,5580,5675,22,86,96,2.2,8.6,9.6,,,,,,1
W6YrlYyWguc_001276,train,ego: leave_to_left,1276,1414,22,105,139,2.2,10.5,13.9,,,,,,1
Izf9l3VWQuo_001250,train,ego: leave_to_left,1250,1377,102,128,128,10.2,12.8,12.8,,,,,,1
3tEZvtQZ18Q_005270,train,ego: leave_to_left,5270,5358,33,74,89,3.3,7.4,8.9,,,,,,1
p-fBcE77G4c_004624,train,ego: leave_to_left,4624,4706,35,67,83,3.5,6.7,8.3,,,,,,1
3sGShQb_HwU_003679,train,ego: leave_to_left,3679,3817,44,125,139,4.4,12.5,13.9,,,,,,1
ZIts2XH28SA_002206,train,ego: leave_to_left,2206,2308,42,99,103,4.2,9.9,10.3,,,,,,1
0qfbmt4G8Rw_000306,train,ego: leave_to_left,306,433,65,108,128,6.5,10.8,12.8,,,,,,1
xToi8YVZM8o_000810,train,ego: leave_to_left,810,949,42,108,140,4.2,10.8,14.0,,,,,,1
D_pyFV4nKd4_004710,train,ego: leave_to_left,4710,4798,36,75,89,3.6,7.5,8.9,,,,,,1
Hx8FMhmdOQU_002333,train,ego: leave_to_left,2333,2451,35,88,119,3.5,8.8,11.9,,,,,,1
t4Cvbdtebk0_000445,train,ego: leave_to_left,445,603,42,134,159,4.2,13.4,15.9,,,,,,1
lKMwX4nA64k_000148,train,ego: leave_to_left,148,306,36,93,159,3.6,9.3,15.9,,,,,,1
K1r3m5OrmB4_006005,train,ego: leave_to_left,6005,6093,44,80,89,4.4,8.0,8.9,,,,,,1
h55PiQMnlJY_002226,train,ego: leave_to_left,2226,2324,38,78,99,3.8,7.8,9.9,,,,,,1
Sihe6aeyLHg_004756,train,ego: leave_to_left,4756,4863,41,84,108,4.1,8.4,10.8,,,,,,1
IOoVklIZLMw_005100,train,ego: leave_to_left,5100,5208,44,93,109,4.4,9.3,10.9,,,,,,1
fb5i7JlmJdg_002929,train,ego: leave_to_left,2929,3067,36,97,139,3.6,9.7,13.9,,,,,,1
Hx8FMhmdOQU_001889,train,ego: leave_to_left,1889,2027,19,133,139,1.9,13.3,13.9,,,,,,1
dZG1VKsgs60_003041,train,ego: leave_to_left,3041,3141,33,86,101,3.3,8.6,10.1,,,,,,1
0qfbmt4G8Rw_000760,train,ego: leave_to_left,760,868,60,90,109,6.0,9.0,10.9,,,,,,1
UjkeNSr2dXQ_005585,train,ego: leave_to_left,5585,5692,50,80,108,5.0,8.0,10.8,,,,,,1
Hx8FMhmdOQU_001357,train,ego: leave_to_left,1357,1482,16,91,126,1.6,9.1,12.6,,,,,,1
EJ4VM9wLNXQ_001942,train,ego: leave_to_left,1942,2021,35,79,80,3.5,7.9,8.0,,,,,,1
3tEZvtQZ18Q_003265,train,ego: leave_to_left,3265,3418,135,153,154,13.5,15.3,15.4,,,,,,1
f482qwPz7ns_001405,train,ego: leave_to_left,1405,1504,53,72,100,5.3,7.2,10.0,,,,,,1
Izf9l3VWQuo_004140,train,ego: leave_to_left,4140,4254,56,109,115,5.6,10.9,11.5,,,,,,1
yhtzAKqRyXw_003366,train,ego: leave_to_left,3366,3440,8,41,75,0.8,4.1,7.5,,,,,,1
Z9K13eBUwJM_005751,train,ego: leave_to_left,5751,5831,29,70,81,2.9,7.0,8.1,,,,,,1
5vKPYV5w6pw_003767,train,ego: leave_to_left,3767,3819,41,53,53,4.1,5.3,5.3,,,,,,1
p8q77QzOdUs_001132,train,ego: leave_to_left,1132,1270,56,111,139,5.6,11.1,13.9,,,,,,1
4wKjxDXnmYs_004807,train,ego: leave_to_left,4807,4900,35,77,94,3.5,7.7,9.4,,,,,,1
ieP36TLihGM_002573,train,ego: leave_to_left,2573,2711,66,139,139,6.6,13.9,13.9,,,,,,1
V3--0ubJkNE_000340,train,ego: leave_to_left,340,451,21,79,112,2.1,7.9,11.2,,,,,,1
3tEZvtQZ18Q_003774,train,ego: leave_to_left,3774,3893,71,120,120,7.1,12.0,12.0,,,,,,1
LfKfK4I5RPE_000211,train,ego: leave_to_left,211,319,30,80,109,3.0,8.0,10.9,,,,,,1
CyeT8rEQOpQ_001010,train,ego: leave_to_left,1010,1104,26,94,95,2.6,9.4,9.5,,,,,,1
1u69z-wsDIc_001151,train,ego: leave_to_left,1151,1249,34,86,99,3.4,8.6,9.9,,,,,,1
2TmFM9p1KF8_005030,train,ego: leave_to_left,5030,5157,44,103,128,4.4,10.3,12.8,,,,,,1
GDejMONyY4U_005840,train,ego: leave_to_left,5840,5970,24,120,131,2.4,12.0,13.1,,,,,,1
d2SCftR5sWc_000711,train,ego: leave_to_left,711,859,36,115,149,3.6,11.5,14.9,,,,,,1
3sGShQb_HwU_002137,train,ego: leave_to_left,2137,2210,46,74,74,4.6,7.4,7.4,,,,,,1
WWyeuvpHmfc_004010,train,ego: leave_to_left,4010,4099,30,48,90,3.0,4.8,9.0,,,,,,1
DSBGS6aRzgc_002974,train,ego: leave_to_left,2974,3092,49,119,119,4.9,11.9,11.9,,,,,,1
DSBGS6aRzgc_001569,train,ego: leave_to_left,1569,1717,72,143,149,7.2,14.3,14.9,,,,,,1
ruiSuGHJf6Q_000881,train,ego: leave_to_left,881,1019,74,120,139,7.4,12.0,13.9,,,,,,1
UjkeNSr2dXQ_004340,train,ego: leave_to_left,4340,4435,30,85,96,3.0,8.5,9.6,,,,,,1
ahKX0rtdMJc_003928,train,ego: leave_to_left,3928,4026,59,97,99,5.9,9.7,9.9,,,,,,1
dZG1VKsgs60_003143,train,ego: leave_to_left,3143,3245,27,103,103,2.7,10.3,10.3,,,,,,1
kVhgFPPG-wo_000798,train,ego: leave_to_left,798,954,17,128,157,1.7,12.8,15.7,,,,,,1
3u_CIo9IaWo_001464,train,ego: leave_to_left,1464,1727,230,260,264,23.0,26.0,26.4,,,,,,1
Z9K13eBUwJM_004400,train,ego: leave_to_left,4400,4539,49,88,140,4.9,8.8,14.0,,,,,,1
OPj7lUQOre8_004807,train,ego: leave_to_left,4807,4885,40,48,79,4.0,4.8,7.9,,,,,,1
lmykriTbncM_000371,train,ego: leave_to_left,371,456,67,86,86,6.7,8.6,8.6,,,,,,1
sUbP4j8rAic_000600,train,ego: leave_to_left,600,698,40,75,99,4.0,7.5,9.9,,,,,,1
LfKfK4I5RPE_004133,train,ego: leave_to_left,4133,4252,48,107,120,4.8,10.7,12.0,,,,,,1
DSBGS6aRzgc_000661,train,ego: leave_to_left,661,747,78,87,87,7.8,8.7,8.7,,,,,,1
3u_CIo9IaWo_004218,train,ego: leave_to_left,4218,4503,45,124,286,4.5,12.4,28.6,,,,,,1
t4Cvbdtebk0_001473,train,ego: leave_to_left,1473,1554,33,82,82,3.3,8.2,8.2,,,,,,1
1u69z-wsDIc_004789,train,ego: leave_to_left,4789,4968,31,151,180,3.1,15.1,18.0,,,,,,1
xjbbH74SwTg_001012,train,ego: leave_to_left,1012,1157,73,129,146,7.3,12.9,14.6,,,,,,1
88LcRU7uEFE_003061,train,ego: leave_to_left,3061,3188,15,127,128,1.5,12.7,12.8,,,,,,1
yhtzAKqRyXw_001650,train,ego: leave_to_left,1650,1755,29,81,106,2.9,8.1,10.6,,,,,,1
JHfjuFrnpjA_001583,train,ego: leave_to_left,1583,1737,69,155,155,6.9,15.5,15.5,,,,,,1
Hx8FMhmdOQU_001208,train,ego: leave_to_left,1208,1355,38,108,148,3.8,10.8,14.8,,,,,,1
QeuzUfHIWYU_000221,train,ego: leave_to_left,221,347,37,109,127,3.7,10.9,12.7,,,,,,1
Hd2IzHAfkCI_003891,train,ego: leave_to_left,3891,3989,30,91,99,3.0,9.1,9.9,,,,,,1
fb5i7JlmJdg_004882,train,ego: leave_to_left,4882,4950,30,44,69,3.0,4.4,6.9,,,,,,1
Z9K13eBUwJM_000871,train,ego: leave_to_left,871,972,43,86,102,4.3,8.6,10.2,,,,,,1
1u69z-wsDIc_001022,train,ego: leave_to_left,1022,1149,53,100,128,5.3,10.0,12.8,,,,,,1
kld-iYpdjyo_005493,train,ego: leave_to_left,5493,5651,57,152,159,5.7,15.2,15.9,,,,,,1
L334aqEJxys_001608,train,ego: leave_to_left,1608,1732,77,125,125,7.7,12.5,12.5,,,,,,1
9Q0FCoNxL8I_004475,train,ego: leave_to_left,4475,4593,33,90,119,3.3,9.0,11.9,,,,,,1
dZG1VKsgs60_000213,train,ego: leave_to_left,213,480,47,96,268,4.7,9.6,26.8,,,,,,1
3sGShQb_HwU_004719,train,ego: leave_to_left,4719,4847,53,113,129,5.3,11.3,12.9,,,,,,1
L334aqEJxys_001434,train,ego: leave_to_left,1434,1606,45,109,173,4.5,10.9,17.3,,,,,,1
ecRog9N1Qf0_002665,train,ego: leave_to_left,2665,2754,13,60,90,1.3,6.0,9.0,,,,,,1
kVhgFPPG-wo_003295,train,ego: leave_to_left,3295,3393,40,70,99,4.0,7.0,9.9,,,,,,1
0z7J7rOpTic_006272,train,ego: leave_to_left,6272,6450,64,155,179,6.4,15.5,17.9,,,,,,1
fTmYppzzloc_000052,train,ego: leave_to_left,52,181,53,91,130,5.3,9.1,13.0,,,,,,1
DSBGS6aRzgc_001205,train,ego: leave_to_left,1205,1300,29,96,96,2.9,9.6,9.6,,,,,,1
DyzL2sahobA_002942,train,ego: leave_to_left,2942,3060,29,71,119,2.9,7.1,11.9,,,,,,1
V3--0ubJkNE_002152,train,ego: leave_to_left,2152,2280,46,103,129,4.6,10.3,12.9,,,,,,1
fsqORUrKLYg_000073,train,ego: leave_to_left,73,209,45,115,137,4.5,11.5,13.7,,,,,,1
5vKPYV5w6pw_001084,train,ego: leave_to_left,1084,1211,45,96,128,4.5,9.6,12.8,,,,,,1
Z9K13eBUwJM_004745,train,ego: leave_to_left,4745,4823,36,73,79,3.6,7.3,7.9,,,,,,1
EY8x-fyQkbk_005102,train,ego: leave_to_left,5102,5225,57,116,124,5.7,11.6,12.4,,,,,,1
Z9K13eBUwJM_001488,train,ego: leave_to_left,1488,1585,24,73,98,2.4,7.3,9.8,,,,,,1
Hfs4AlBmg70_000145,train,ego: leave_to_left,145,234,24,48,90,2.4,4.8,9.0,,,,,,1
h55PiQMnlJY_000073,train,ego: leave_to_left,73,229,61,137,157,6.1,13.7,15.7,,,,,,1
LfKfK4I5RPE_005555,train,ego: leave_to_left,5555,5723,65,146,169,6.5,14.6,16.9,,,,,,1
HzVbo46kkBA_000187,train,ego: leave_to_left,187,335,48,131,149,4.8,13.1,14.9,,,,,,1
xjbbH74SwTg_005400,train,ego: leave_to_left,5400,5519,56,84,120,5.6,8.4,12.0,,,,,,1
l1XbmdmGr0Q_004634,train,ego: leave_to_left,4634,4721,34,74,88,3.4,7.4,8.8,,,,,,1
T89zSiaMNgM_000407,train,ego: leave_to_left,407,530,81,124,124,8.1,12.4,12.4,,,,,,1
8dI7OolIEXY_000051,train,ego: leave_to_left,51,202,99,125,152,9.9,12.5,15.2,,,,,,1
K1r3m5OrmB4_000139,train,ego: leave_to_left,139,234,19,63,96,1.9,6.3,9.6,,,,,,1
UKBuDqU8qTM_003310,train,other: oncoming,3310,3398,30,45,89,3.0,4.5,8.9,,,,,,1
t_bCDlNOhJc_000075,train,other: oncoming,75,189,52,63,115,5.2,6.3,11.5,,,,,,1
oZaUkhs_H-s_004803,train,other: oncoming,4803,4911,37,52,109,3.7,5.2,10.9,,,,,,1
ha-IeID24As_003510,train,other: oncoming,3510,3626,30,66,117,3.0,6.6,11.7,,,,,,1
kVhgFPPG-wo_004652,train,other: oncoming,4652,4714,7,46,63,0.7,4.6,6.3,,,,,,1
Z9K13eBUwJM_005670,train,other: oncoming,5670,5749,25,41,80,2.5,4.1,8.0,,,,,,1
hfwb3mZZ0fs_002466,train,other: oncoming,2466,2550,33,59,85,3.3,5.9,8.5,,,,,,1
sUbP4j8rAic_000930,train,other: oncoming,930,1048,50,58,119,5.0,5.8,11.9,,,,,,1
dZG1VKsgs60_003613,train,other: oncoming,3613,3713,24,86,101,2.4,8.6,10.1,,,,,,1
0z7J7rOpTic_001073,train,other: oncoming,1073,1284,28,68,212,2.8,6.8,21.2,,,,,,1
0qfbmt4G8Rw_000970,train,other: oncoming,970,1058,46,61,89,4.6,6.1,8.9,,,,,,1
OPj7lUQOre8_000631,train,other: oncoming,631,749,55,87,119,5.5,8.7,11.9,,,,,,1
f482qwPz7ns_000186,train,other: oncoming,186,277,46,69,92,4.6,6.9,9.2,,,,,,1
O9uvBFovKj8_000983,train,other: oncoming,983,1121,40,53,139,4.0,5.3,13.9,,,,,,1
Pbw0A-RCjcw_001851,train,other: oncoming,1851,1965,38,80,115,3.8,8.0,11.5,,,,,,1
O9uvBFovKj8_001123,train,other: oncoming,1123,1245,30,98,123,3.0,9.8,12.3,,,,,,1
Sihe6aeyLHg_006155,train,other: oncoming,6155,6231,45,58,77,4.5,5.8,7.7,,,,,,1
FqJ4IfRLKmA_001041,train,other: oncoming,1041,1139,52,74,99,5.2,7.4,9.9,,,,,,1
RPNiqsdt6-w_001034,train,other: oncoming,1034,1172,91,111,139,9.1,11.1,13.9,,,,,,1
d2SCftR5sWc_000301,train,other: oncoming,301,409,34,82,109,3.4,8.2,10.9,,,,,,1
hdOtS-BpUPY_001221,train,other: oncoming,1221,1326,31,76,106,3.1,7.6,10.6,,,,,,1
gXezhrOijmQ_001728,train,other: oncoming,1728,1816,42,72,89,4.2,7.2,8.9,,,,,,1
ha-IeID24As_006032,train,other: oncoming,6032,6138,36,99,107,3.6,9.9,10.7,,,,,,1
D_pyFV4nKd4_004430,train,other: oncoming,4430,4528,58,76,99,5.8,7.6,9.9,,,,,,1
xjbbH74SwTg_003886,train,other: oncoming,3886,3984,33,55,99,3.3,5.5,9.9,,,,,,1
5vKPYV5w6pw_000518,train,other: oncoming,518,621,59,77,104,5.9,7.7,10.4,,,,,,1
6E2N9ld0eHg_004289,train,other: oncoming,4289,4397,23,81,109,2.3,8.1,10.9,,,,,,1
88LcRU7uEFE_001801,train,other: oncoming,1801,1911,46,92,111,4.6,9.2,11.1,,,,,,1
D_pyFV4nKd4_003103,train,other: oncoming,3103,3231,40,90,129,4.0,9.0,12.9,,,,,,1
d2SCftR5sWc_003792,train,other: oncoming,3792,3880,35,67,89,3.5,6.7,8.9,,,,,,1
oZaUkhs_H-s_000831,train,other: oncoming,831,925,30,44,95,3.0,4.4,9.5,,,,,,1
8dI7OolIEXY_005531,train,other: oncoming,5531,5600,25,38,70,2.5,3.8,7.0,,,,,,1
Eq7_uD2yN5Y_001088,train,other: oncoming,1088,1186,51,65,99,5.1,6.5,9.9,,,,,,1
0qfbmt4G8Rw_003440,train,other: oncoming,3440,3549,44,78,110,4.4,7.8,11.0,,,,,,1
lmykriTbncM_001959,train,other: oncoming,1959,2082,53,70,124,5.3,7.0,12.4,,,,,,1
dZG1VKsgs60_002869,train,other: oncoming,2869,3039,122,139,171,12.2,13.9,17.1,,,,,,1
T89zSiaMNgM_001562,train,other: oncoming,1562,1689,39,66,128,3.9,6.6,12.8,,,,,,1
Tsl84N96WM8_001131,train,other: oncoming,1131,1250,35,74,120,3.5,7.4,12.0,,,,,,1
pQdl0apLT70_002924,train,other: oncoming,2924,3043,10,45,120,1.0,4.5,12.0,,,,,,1
gXezhrOijmQ_001628,train,other: oncoming,1628,1726,46,67,99,4.6,6.7,9.9,,,,,,1
RPNiqsdt6-w_001804,train,other: oncoming,1804,1922,53,89,119,5.3,8.9,11.9,,,,,,1
OPj7lUQOre8_000430,train,other: oncoming,430,529,30,50,100,3.0,5.0,10.0,,,,,,1
xVfPBzDnI2Q_002898,train,other: oncoming,2898,2989,34,51,92,3.4,5.1,9.2,,,,,,1
ahKX0rtdMJc_001928,train,other: oncoming,1928,2026,37,58,99,3.7,5.8,9.9,,,,,,1
Nc9SDBksPPA_001139,train,other: oncoming,1139,1228,46,68,90,4.6,6.8,9.0,,,,,,1
Hx8FMhmdOQU_000815,train,other: oncoming,815,903,43,75,89,4.3,7.5,8.9,,,,,,1
sdqIDbZJfy0_002738,train,other: oncoming,2738,2809,23,48,72,2.3,4.8,7.2,,,,,,1
HaC3LrJiTmQ_005015,train,other: oncoming,5015,5123,42,58,109,4.2,5.8,10.9,,,,,,1
h55PiQMnlJY_000391,train,other: oncoming,391,491,39,58,101,3.9,5.8,10.1,,,,,,1
J-j5eIHg8I0_000274,train,other: oncoming,274,385,67,88,112,6.7,8.8,11.2,,,,,,1
l1XbmdmGr0Q_003728,train,other: oncoming,3728,3803,49,66,76,4.9,6.6,7.6,,,,,,1
LfKfK4I5RPE_003543,train,other: oncoming,3543,3640,36,63,98,3.6,6.3,9.8,,,,,,1
Nc9SDBksPPA_002268,train,other: oncoming,2268,2376,68,103,109,6.8,10.3,10.9,,,,,,1
oZaUkhs_H-s_005415,train,other: oncoming,5415,5523,37,73,109,3.7,7.3,10.9,,,,,,1
Pbw0A-RCjcw_002335,train,other: oncoming,2335,2453,43,71,119,4.3,7.1,11.9,,,,,,1
DSBGS6aRzgc_001091,train,other: oncoming,1091,1198,43,99,108,4.3,9.9,10.8,,,,,,1
Rrcjy5t8b20_003610,train,other: oncoming,3610,3681,19,45,72,1.9,4.5,7.2,,,,,,1
sdqIDbZJfy0_005200,train,other: oncoming,5200,5323,41,64,124,4.1,6.4,12.4,,,,,,1
DSBGS6aRzgc_000291,train,other: oncoming,291,369,44,57,79,4.4,5.7,7.9,,,,,,1
gZbGLa253Ak_001482,train,other: oncoming,1482,1581,36,82,100,3.6,8.2,10.0,,,,,,1
Hx8FMhmdOQU_002991,train,other: oncoming,2991,3089,43,78,99,4.3,7.8,9.9,,,,,,1
P5MjgFmqouA_001697,train,other: oncoming,1697,1795,52,64,99,5.2,6.4,9.9,,,,,,1
kVhgFPPG-wo_000508,train,other: leave_to_right,508,585,17,30,78,1.7,3.0,7.8,,,,,,1
2SAby_5t94M_001001,train,other: leave_to_right,1001,1120,32,79,120,3.2,7.9,12.0,,,,,,1
UOjQsfDXjO0_004376,train,other: leave_to_right,4376,4494,51,99,119,5.1,9.9,11.9,,,,,,1
zRZ9PJguIfE_001741,train,other: leave_to_right,1741,1880,31,98,140,3.1,9.8,14.0,,,,,,1
0qfbmt4G8Rw_001060,train,other: leave_to_right,1060,1199,51,108,140,5.1,10.8,14.0,,,,,,1
y4Evv5By6sg_004945,train,other: leave_to_right,4945,5068,71,106,124,7.1,10.6,12.4,,,,,,1
xjbbH74SwTg_004246,train,other: leave_to_right,4246,4344,48,63,99,4.8,6.3,9.9,,,,,,1
UKBuDqU8qTM_005330,train,other: leave_to_right,5330,5428,35,62,99,3.5,6.2,9.9,,,,,,1
qzMjfBx1KI0_005285,train,other: leave_to_right,5285,5374,24,67,90,2.4,6.7,9.0,,,,,,1
ruiSuGHJf6Q_003458,train,other: leave_to_right,3458,3617,41,65,160,4.1,6.5,16.0,,,,,,1
bFGmOp9H3MA_004652,train,other: leave_to_right,4652,4749,16,73,98,1.6,7.3,9.8,,,,,,1
Hkui6PJboFg_001217,train,other: leave_to_right,1217,1312,32,66,96,3.2,6.6,9.6,,,,,,1
GdyJqgxlSxs_002754,train,other: leave_to_right,2754,2821,13,58,68,1.3,5.8,6.8,,,,,,1
HzVbo46kkBA_005295,train,other: leave_to_right,5295,5443,67,115,149,6.7,11.5,14.9,,,,,,1
ZIts2XH28SA_000772,train,other: leave_to_right,772,920,31,45,149,3.1,4.5,14.9,,,,,,1
RASKiMoxhOE_003858,train,other: leave_to_right,3858,3993,68,132,136,6.8,13.2,13.6,,,,,,1
cfrLchAShxQ_002362,train,other: leave_to_right,2362,2467,21,91,106,2.1,9.1,10.6,,,,,,1
lmykriTbncM_004634,train,other: leave_to_right,4634,4771,27,63,138,2.7,6.3,13.8,,,,,,1
sUbP4j8rAic_004929,train,other: leave_to_right,4929,5027,47,68,99,4.7,6.8,9.9,,,,,,1
1u69z-wsDIc_002449,train,other: leave_to_right,2449,2577,54,102,129,5.4,10.2,12.9,,,,,,1
ujVRDgGVzlQ_001835,train,other: leave_to_right,1835,1935,29,72,101,2.9,7.2,10.1,,,,,,1
gZbGLa253Ak_002607,train,other: leave_to_right,2607,2695,41,71,89,4.1,7.1,8.9,,,,,,1
OPj7lUQOre8_001011,train,other: leave_to_right,1011,1148,48,105,138,4.8,10.5,13.8,,,,,,1
y1vGuUK0db4_005890,train,other: leave_to_right,5890,5993,54,76,104,5.4,7.6,10.4,,,,,,1
K1r3m5OrmB4_001992,train,other: leave_to_right,1992,2076,13,39,85,1.3,3.9,8.5,,,,,,1
sUbP4j8rAic_004829,train,other: leave_to_right,4829,4927,35,75,99,3.5,7.5,9.9,,,,,,1
HaC3LrJiTmQ_005341,train,other: leave_to_right,5341,5452,28,103,112,2.8,10.3,11.2,,,,,,1
fHUJcUaW2mE_003831,train,other: leave_to_right,3831,3994,27,70,164,2.7,7.0,16.4,,,,,,1
p-fBcE77G4c_005214,train,other: leave_to_right,5214,5305,40,78,92,4.0,7.8,9.2,,,,,,1
Hx8FMhmdOQU_004558,train,other: leave_to_right,4558,4648,37,69,91,3.7,6.9,9.1,,,,,,1
t4Cvbdtebk0_003935,train,other: leave_to_right,3935,4043,43,69,109,4.3,6.9,10.9,,,,,,1
GDejMONyY4U_001571,train,other: leave_to_right,1571,1670,32,66,100,3.2,6.6,10.0,,,,,,1
O9uvBFovKj8_002109,train,other: leave_to_right,2109,2248,12,55,140,1.2,5.5,14.0,,,,,,1
UOjQsfDXjO0_004803,train,other: leave_to_right,4803,4951,44,79,149,4.4,7.9,14.9,,,,,,1
HaC3LrJiTmQ_001857,train,other: leave_to_right,1857,1997,59,116,141,5.9,11.6,14.1,,,,,,1
Vtpe3HAIEm4_001775,train,other: leave_to_right,1775,1906,38,77,132,3.8,7.7,13.2,,,,,,1
T89zSiaMNgM_001295,train,other: leave_to_right,1295,1437,25,94,143,2.5,9.4,14.3,,,,,,1
gZbGLa253Ak_002384,train,other: leave_to_right,2384,2505,41,91,122,4.1,9.1,12.2,,,,,,1
OPj7lUQOre8_000891,train,other: leave_to_right,891,1009,53,91,119,5.3,9.1,11.9,,,,,,1
2SAby_5t94M_001507,train,other: leave_to_right,1507,1665,13,75,159,1.3,7.5,15.9,,,,,,1
uFwnmh0GpBo_000491,train,other: leave_to_right,491,639,34,99,149,3.4,9.9,14.9,,,,,,1
W6YrlYyWguc_002233,train,other: leave_to_right,2233,2384,27,123,152,2.7,12.3,15.2,,,,,,1
xpOyD-qrQUw_005320,train,other: leave_to_right,5320,5392,28,39,73,2.8,3.9,7.3,,,,,,1
p8q77QzOdUs_001721,train,other: leave_to_right,1721,1829,28,69,109,2.8,6.9,10.9,,,,,,1
lKMwX4nA64k_005054,train,other: leave_to_right,5054,5124,15,33,71,1.5,3.3,7.1,,,,,,1
HaC3LrJiTmQ_000682,train,other: leave_to_right,682,919,45,222,238,4.5,22.2,23.8,,,,,,1
t_bCDlNOhJc_001102,train,other: leave_to_right,1102,1240,43,103,139,4.3,10.3,13.9,,,,,,1
VxWJchENocA_001082,train,other: leave_to_right,1082,1128,14,23,47,1.4,2.3,4.7,,,,,,1
gXezhrOijmQ_004598,train,other: leave_to_right,4598,4716,33,119,114,3.3,11.9,11.4,,,,,,1
dZG1VKsgs60_003247,train,other: leave_to_right,3247,3370,29,62,124,2.9,6.2,12.4,,,,,,1
7uTMZ5-aWKA_004187,train,other: leave_to_right,4187,4287,50,81,101,5.0,8.1,10.1,,,,,,1
Tsl84N96WM8_003526,train,other: leave_to_right,3526,3624,31,76,99,3.1,7.6,9.9,,,,,,1
LfKfK4I5RPE_001562,train,other: leave_to_right,1562,1687,35,91,126,3.5,9.1,12.6,,,,,,1
T89zSiaMNgM_002766,train,other: leave_to_right,2766,2904,32,120,139,3.2,12.0,13.9,,,,,,1
sUbP4j8rAic_005403,train,other: leave_to_right,5403,5471,33,48,69,3.3,4.8,6.9,,,,,,1
3tEZvtQZ18Q_003105,train,other: leave_to_right,3105,3263,109,140,159,10.9,14.0,15.9,,,,,,1
QERvirE3S5s_005021,train,other: leave_to_right,5021,5119,38,72,99,3.8,7.2,9.9,,,,,,1
K1r3m5OrmB4_003191,train,other: leave_to_right,3191,3323,24,56,133,2.4,5.6,13.3,,,,,,1
EY8x-fyQkbk_006019,train,other: leave_to_right,6019,6153,40,134,135,4.0,13.4,13.5,,,,,,1
vZSr9dhRxlE_004758,train,other: leave_to_right,4758,4849,26,56,92,2.6,5.6,9.2,,,,,,1
xjbbH74SwTg_003362,train,other: leave_to_right,3362,3483,42,84,122,4.2,8.4,12.2,,,,,,1
5vKPYV5w6pw_003454,train,other: leave_to_right,3454,3642,13,113,189,1.3,11.3,18.9,,,,,,1
T89zSiaMNgM_002240,train,other: leave_to_right,2240,2364,24,79,125,2.4,7.9,12.5,,,,,,1
qzMjfBx1KI0_005498,train,other: leave_to_right,5498,5628,5,103,131,0.5,10.3,13.1,,,,,,1
vdLn-qswnRo_004490,train,other: leave_to_right,4490,4697,59,97,208,5.9,9.7,20.8,,,,,,1
pOJpwWmEcFg_005803,train,other: leave_to_right,5803,5906,56,87,104,5.6,8.7,10.4,,,,,,1
Vtpe3HAIEm4_004510,train,other: leave_to_right,4510,4614,40,74,105,4.0,7.4,10.5,,,,,,1
UjkeNSr2dXQ_005839,train,other: leave_to_right,5839,5903,21,46,65,2.1,4.6,6.5,,,,,,1
UOjQsfDXjO0_004496,train,other: leave_to_right,4496,4614,50,92,119,5.0,9.2,11.9,,,,,,1
gXezhrOijmQ_004978,train,other: leave_to_right,4978,5086,68,95,109,6.8,9.5,10.9,,,,,,1
xVfPBzDnI2Q_000062,train,other: leave_to_right,62,113,32,51,52,3.2,5.1,5.2,,,,,,1
UOjQsfDXjO0_002917,train,other: leave_to_right,2917,3075,38,88,159,3.8,8.8,15.9,,,,,,1
yr0gNIxRluE_001576,train,other: leave_to_right,1576,1714,18,77,139,1.8,7.7,13.9,,,,,,1
sUbP4j8rAic_000700,train,other: leave_to_right,700,818,30,77,119,3.0,7.7,11.9,,,,,,1
Hx8FMhmdOQU_004132,train,other: leave_to_right,4132,4250,39,85,119,3.9,8.5,11.9,,,,,,1
kjVywUi1WK4_001101,train,other: leave_to_right,1101,1183,14,46,83,1.4,4.6,8.3,,,,,,1
UbDCiQVuzPY_001695,train,other: leave_to_right,1695,1784,32,71,90,3.2,7.1,9.0,,,,,,1
Hx8FMhmdOQU_002672,train,other: leave_to_right,2672,2749,26,53,78,2.6,5.3,7.8,,,,,,1
LfKfK4I5RPE_004409,train,other: leave_to_right,4409,4537,46,89,129,4.6,8.9,12.9,,,,,,1
xVfPBzDnI2Q_003321,train,other: leave_to_right,3321,3429,23,71,109,2.3,7.1,10.9,,,,,,1
Pbw0A-RCjcw_000326,train,other: leave_to_right,326,439,20,105,114,2.0,10.5,11.4,,,,,,1
P5MjgFmqouA_003765,train,other: leave_to_right,3765,3918,59,135,154,5.9,13.5,15.4,,,,,,1
9Q0FCoNxL8I_002980,train,other: leave_to_right,2980,3088,42,81,109,4.2,8.1,10.9,,,,,,1
vdLn-qswnRo_000951,train,other: leave_to_right,951,1046,65,77,96,6.5,7.7,9.6,,,,,,1
Z9K13eBUwJM_000974,train,other: leave_to_right,974,1049,33,74,76,3.3,7.4,7.6,,,,,,1
8dI7OolIEXY_002985,train,other: leave_to_right,2985,3074,4,30,90,0.4,3.0,9.0,,,,,,1
bI9JzQSrEGo_001403,train,other: leave_to_right,1403,1459,3,30,57,0.3,3.0,5.7,,,,,,1
3tEZvtQZ18Q_003008,train,other: leave_to_right,3008,3103,29,64,96,2.9,6.4,9.6,,,,,,1
RASKiMoxhOE_005633,train,other: leave_to_right,5633,5693,25,42,61,2.5,4.2,6.1,,,,,,1
Z9K13eBUwJM_001587,train,other: leave_to_right,1587,1711,37,73,125,3.7,7.3,12.5,,,,,,1
RPNiqsdt6-w_004534,train,other: leave_to_right,4534,4640,33,82,107,3.3,8.2,10.7,,,,,,1
ha-IeID24As_001647,train,other: leave_to_right,1647,1796,30,76,150,3.0,7.6,15.0,,,,,,1
7uTMZ5-aWKA_000970,train,other: leave_to_right,970,1078,42,95,109,4.2,9.5,10.9,,,,,,1
xjbbH74SwTg_002887,train,other: leave_to_right,2887,2975,35,60,89,3.5,6.0,8.9,,,,,,1
pQdl0apLT70_001545,train,other: leave_to_right,1545,1655,34,66,111,3.4,6.6,11.1,,,,,,1
2SAby_5t94M_002862,train,other: leave_to_right,2862,2969,21,82,108,2.1,8.2,10.8,,,,,,1
uFwnmh0GpBo_002228,train,other: leave_to_right,2228,2386,42,92,159,4.2,9.2,15.9,,,,,,1
lKMwX4nA64k_005278,train,other: leave_to_right,5278,5349,19,47,72,1.9,4.7,7.2,,,,,,1
bFGmOp9H3MA_004484,train,other: leave_to_right,4484,4568,30,60,85,3.0,6.0,8.5,,,,,,1
3tEZvtQZ18Q_002879,train,other: leave_to_right,2879,3006,67,94,128,6.7,9.4,12.8,,,,,,1
3Sqeb-l1RPA_004716,train,other: leave_to_right,4716,4817,32,74,102,3.2,7.4,10.2,,,,,,1
1u69z-wsDIc_001348,train,other: leave_to_right,1348,1473,38,84,126,3.8,8.4,12.6,,,,,,1
uO2zGO5ydBc_005037,train,other: leave_to_right,5037,5126,37,62,90,3.7,6.2,9.0,,,,,,1
gDjeTHGWX9c_000257,train,other: leave_to_right,257,401,25,64,145,2.5,6.4,14.5,,,,,,1
xjbbH74SwTg_005521,train,other: leave_to_right,5521,5599,29,46,79,2.9,4.6,7.9,,,,,,1
d2SCftR5sWc_004173,train,other: leave_to_right,4173,4271,28,70,99,2.8,7.0,9.9,,,,,,1
ecRog9N1Qf0_004762,train,other: leave_to_right,4762,4847,32,61,86,3.2,6.1,8.6,,,,,,1
Tsl84N96WM8_005383,train,other: leave_to_right,5383,5521,60,75,139,6.0,7.5,13.9,,,,,,1
7uTMZ5-aWKA_001400,train,other: leave_to_right,1400,1503,11,76,104,1.1,7.6,10.4,,,,,,1
gXezhrOijmQ_005088,train,other: leave_to_right,5088,5156,22,55,69,2.2,5.5,6.9,,,,,,1
nHvTqyRntbY_005122,train,other: leave_to_right,5122,5214,20,47,93,2.0,4.7,9.3,,,,,,1
LfKfK4I5RPE_005001,train,other: leave_to_right,5001,5080,26,53,80,2.6,5.3,8.0,,,,,,1
dZG1VKsgs60_005312,train,other: leave_to_right,5312,5430,44,64,119,4.4,6.4,11.9,,,,,,1
Hx8FMhmdOQU_005480,train,other: pedestrian,5480,5598,25,113,119,2.5,11.3,11.9,,,,,,1
gXezhrOijmQ_005245,train,other: pedestrian,5245,5352,36,68,108,3.6,6.8,10.8,,,,,,1
t4Cvbdtebk0_004045,train,other: pedestrian,4045,4213,55,82,169,5.5,8.2,16.9,,,,,,1
T89zSiaMNgM_005313,train,other: pedestrian,5313,5371,19,41,59,1.9,4.1,5.9,,,,,,1
Eq7_uD2yN5Y_005193,train,other: pedestrian,5193,5291,49,62,99,4.9,6.2,9.9,,,,,,1
h55PiQMnlJY_003350,train,other: pedestrian,3350,3470,32,109,121,3.2,10.9,12.1,,,,,,1
kld-iYpdjyo_000051,train,other: pedestrian,51,135,38,75,85,3.8,7.5,8.5,,,,,,1
yr0gNIxRluE_005140,train,other: pedestrian,5140,5249,28,61,110,2.8,6.1,11.0,,,,,,1
UKBuDqU8qTM_004529,train,other: pedestrian,4529,4627,68,77,99,6.8,7.7,9.9,,,,,,1
UjkeNSr2dXQ_001723,train,other: pedestrian,1723,1833,56,72,111,5.6,7.2,11.1,,,,,,1
CyeT8rEQOpQ_003285,train,other: pedestrian,3285,3422,83,120,138,8.3,12.0,13.8,,,,,,1
OWtbKblBOKI_006128,train,other: pedestrian,6128,6208,35,55,81,3.5,5.5,8.1,,,,,,1
xjbbH74SwTg_005163,train,other: pedestrian,5163,5288,60,89,126,6.0,8.9,12.6,,,,,,1
HaC3LrJiTmQ_003988,train,other: pedestrian,3988,4096,38,66,109,3.8,6.6,10.9,,,,,,1
0qfbmt4G8Rw_004575,train,other: pedestrian,4575,4656,22,45,82,2.2,4.5,8.2,,,,,,1
t_bCDlNOhJc_004876,train,other: pedestrian,4876,5066,88,102,191,8.8,10.2,19.1,,,,,,1
dZG1VKsgs60_004299,train,other: pedestrian,4299,4468,76,106,170,7.6,10.6,17.0,,,,,,1
T89zSiaMNgM_002906,train,other: pedestrian,2906,3064,50,119,159,5.0,11.9,15.9,,,,,,1
0z7J7rOpTic_005931,train,other: pedestrian,5931,6009,33,56,79,3.3,5.6,7.9,,,,,,1
T7TkJVmGyts_002778,train,other: pedestrian,2778,2903,28,90,126,2.8,9.0,12.6,,,,,,1
DSBGS6aRzgc_004668,train,other: pedestrian,4668,4776,67,87,109,6.7,8.7,10.9,,,,,,1
fb5i7JlmJdg_005553,train,other: pedestrian,5553,5651,31,45,99,3.1,4.5,9.9,,,,,,1
JkYzYrJpSoQ_003579,train,other: pedestrian,3579,3717,29,44,139,2.9,4.4,13.9,,,,,,1
d2SCftR5sWc_004821,train,other: pedestrian,4821,4983,35,117,163,3.5,11.7,16.3,,,,,,1
3tEZvtQZ18Q_004250,train,other: pedestrian,4250,4368,28,84,119,2.8,8.4,11.9,,,,,,1
CyeT8rEQOpQ_005359,train,other: pedestrian,5359,5471,27,53,113,2.7,5.3,11.3,,,,,,1
yr0gNIxRluE_004998,train,other: pedestrian,4998,5138,26,51,141,2.6,5.1,14.1,,,,,,1
y4Evv5By6sg_005319,train,other: pedestrian,5319,5457,32,63,139,3.2,6.3,13.9,,,,,,1
pOJpwWmEcFg_001728,train,other: obstacle,1728,1872,34,59,145,3.4,5.9,14.5,,,,,,1
y1vGuUK0db4_004742,train,other: obstacle,4742,4818,17,37,77,1.7,3.7,7.7,,,,,,1
nvVk7L3GrJQ_003405,train,other: obstacle,3405,3478,42,65,74,4.2,6.5,7.4,,,,,,1
xjbbH74SwTg_005290,train,other: obstacle,5290,5398,40,72,109,4.0,7.2,10.9,,,,,,1
oZaUkhs_H-s_001157,train,other: obstacle,1157,1255,36,53,99,3.6,5.3,9.9,,,,,,1
fsqORUrKLYg_000551,train,other: obstacle,551,673,52,77,123,5.2,7.7,12.3,,,,,,1
JHfjuFrnpjA_001839,train,other: obstacle,1839,1957,26,62,119,2.6,6.2,11.9,,,,,,1
p-fBcE77G4c_002655,train,other: obstacle,2655,2718,32,56,64,3.2,5.6,6.4,,,,,,1
kld-iYpdjyo_001920,train,other: obstacle,1920,2029,21,53,110,2.1,5.3,11.0,,,,,,1
D_pyFV4nKd4_004800,train,other: obstacle,4800,4893,48,69,94,4.8,6.9,9.4,,,,,,1
p8q77QzOdUs_001272,train,other: obstacle,1272,1334,36,63,63,3.6,6.3,6.3,,,,,,1
JkYzYrJpSoQ_005206,train,other: obstacle,5206,5314,32,89,109,3.2,8.9,10.9,,,,,,1
u33fdjUY_Iw_004735,train,other: obstacle,4735,4812,47,64,78,4.7,6.4,7.8,,,,,,1
cfrLchAShxQ_000310,train,other: obstacle,310,404,25,62,95,2.5,6.2,9.5,,,,,,1
Rrcjy5t8b20_004287,train,other: obstacle,4287,4345,23,39,59,2.3,3.9,5.9,,,,,,1
DyzL2sahobA_001156,train,other: obstacle,1156,1244,29,64,89,2.9,6.4,8.9,,,,,,1
Z9K13eBUwJM_001407,train,other: obstacle,1407,1486,35,73,80,3.5,7.3,8.0,,,,,,1
L334aqEJxys_005087,train,other: obstacle,5087,5195,44,64,109,4.4,6.4,10.9,,,,,,1
0qfbmt4G8Rw_004758,train,other: obstacle,4758,4846,41,60,89,4.1,6.0,8.9,,,,,,1
Hd2IzHAfkCI_003500,train,other: obstacle,3500,3609,38,99,110,3.8,9.9,11.0,,,,,,1
pQdl0apLT70_003769,train,other: obstacle,3769,3843,30,41,75,3.0,4.1,7.5,,,,,,1
pWZSG2cUdEo_001889,train,other: obstacle,1889,2026,46,94,138,4.6,9.4,13.8,,,,,,1
ahKX0rtdMJc_000672,train,other: start_stop_or_stationary,672,750,26,63,79,2.6,6.3,7.9,,,,,,1
sUbP4j8rAic_001340,train,other: start_stop_or_stationary,1340,1448,40,85,109,4.0,8.5,10.9,,,,,,1
HzVbo46kkBA_002077,train,other: start_stop_or_stationary,2077,2216,62,117,140,6.2,11.7,14.0,,,,,,1
HzVbo46kkBA_004044,train,other: start_stop_or_stationary,4044,4122,22,77,79,2.2,7.7,7.9,,,,,,1
IOoVklIZLMw_003025,train,other: start_stop_or_stationary,3025,3154,92,109,130,9.2,10.9,13.0,,,,,,1
Vtpe3HAIEm4_004397,train,other: start_stop_or_stationary,4397,4508,65,79,112,6.5,7.9,11.2,,,,,,1
Tsl84N96WM8_003181,train,other: start_stop_or_stationary,3181,3269,15,39,89,1.5,3.9,8.9,,,,,,1
IQwS7BEjUxM_001978,train,other: start_stop_or_stationary,1978,2094,39,75,117,3.9,7.5,11.7,,,,,,1
fb5i7JlmJdg_003688,train,other: start_stop_or_stationary,3688,3786,38,72,99,3.8,7.2,9.9,,,,,,1
xpOyD-qrQUw_001664,train,other: start_stop_or_stationary,1664,1791,32,45,128,3.2,4.5,12.8,,,,,,1
xpOyD-qrQUw_003846,train,other: start_stop_or_stationary,3846,3940,40,54,95,4.0,5.4,9.5,,,,,,1
8dI7OolIEXY_004734,train,other: start_stop_or_stationary,4734,4816,32,50,83,3.2,5.0,8.3,,,,,,1
8dI7OolIEXY_001461,train,other: start_stop_or_stationary,1461,1533,32,48,73,3.2,4.8,7.3,,,,,,1
4K_6s1n6BpU_004012,train,other: start_stop_or_stationary,4012,4123,63,93,112,6.3,9.3,11.2,,,,,,1
Hd2IzHAfkCI_003280,train,other: start_stop_or_stationary,3280,3388,9,65,109,0.9,6.5,10.9,,,,,,1
fdvMUP8qvzw_005325,train,other: start_stop_or_stationary,5325,5493,15,36,169,1.5,3.6,16.9,,,,,,1
88LcRU7uEFE_005516,train,other: start_stop_or_stationary,5516,5580,30,45,65,3.0,4.5,6.5,,,,,,1
Hd2IzHAfkCI_001302,train,other: start_stop_or_stationary,1302,1390,37,86,89,3.7,8.6,8.9,,,,,,1
mrIFkGZbNjc_002780,train,other: start_stop_or_stationary,2780,2903,47,75,124,4.7,7.5,12.4,,,,,,1
YBEYOS3A3Ic_000667,train,other: start_stop_or_stationary,667,775,42,50,109,4.2,5.0,10.9,,,,,,1
T89zSiaMNgM_005466,train,other: start_stop_or_stationary,5466,5593,51,103,128,5.1,10.3,12.8,,,,,,1
mrIFkGZbNjc_002430,train,other: start_stop_or_stationary,2430,2528,33,75,99,3.3,7.5,9.9,,,,,,1
uO2zGO5ydBc_002821,train,other: start_stop_or_stationary,2821,2907,35,51,87,3.5,5.1,8.7,,,,,,1
1u69z-wsDIc_001685,train,other: start_stop_or_stationary,1685,1783,41,55,99,4.1,5.5,9.9,,,,,,1
fTmYppzzloc_000202,train,other: start_stop_or_stationary,202,280,43,66,79,4.3,6.6,7.9,,,,,,1
DSBGS6aRzgc_004516,train,other: start_stop_or_stationary,4516,4666,29,76,151,2.9,7.6,15.1,,,,,,1
HeK6zbf8I9Y_005063,train,other: start_stop_or_stationary,5063,5116,20,39,54,2.0,3.9,5.4,,,,,,1
p8q77QzOdUs_000732,train,ego: start_stop_or_stationary,732,840,53,78,109,5.3,7.8,10.9,,,,,,1
GRDP68ucrBM_001523,train,ego: start_stop_or_stationary,1523,1572,21,44,50,2.1,4.4,5.0,,,,,,1
Hx8FMhmdOQU_004851,train,ego: start_stop_or_stationary,4851,4969,67,83,119,6.7,8.3,11.9,,,,,,1
pQdl0apLT70_005068,train,ego: start_stop_or_stationary,5068,5102,28,35,35,2.8,3.5,3.5,,,,,,1
7uTMZ5-aWKA_004722,train,ego: start_stop_or_stationary,4722,4831,32,68,110,3.2,6.8,11.0,,,,,,1
5vKPYV5w6pw_000773,train,ego: start_stop_or_stationary,773,872,41,100,100,4.1,10.0,10.0,,,,,,1
J_ggxJD3Uy8_002552,train,ego: start_stop_or_stationary,2552,2602,18,45,51,1.8,4.5,5.1,,,,,,1
ruiSuGHJf6Q_001791,train,ego: start_stop_or_stationary,1791,1889,71,98,99,7.1,9.8,9.9,,,,,,1
cfrLchAShxQ_003896,train,ego: start_stop_or_stationary,3896,3984,50,75,89,5.0,7.5,8.9,,,,,,1
UOjQsfDXjO0_004258,train,ego: start_stop_or_stationary,4258,4374,64,79,117,6.4,7.9,11.7,,,,,,1
Hd2IzHAfkCI_002728,train,ego: start_stop_or_stationary,2728,2837,52,110,110,5.2,11.0,11.0,,,,,,1
EJ4VM9wLNXQ_001061,train,ego: start_stop_or_stationary,1061,1166,48,78,106,4.8,7.8,10.6,,,,,,1
GDejMONyY4U_004921,train,ego: start_stop_or_stationary,4921,5032,57,100,112,5.7,10.0,11.2,,,,,,1
Izf9l3VWQuo_001135,train,ego: start_stop_or_stationary,1135,1248,39,85,114,3.9,8.5,11.4,,,,,,1
1u69z-wsDIc_005779,train,ego: start_stop_or_stationary,5779,5920,101,123,142,10.1,12.3,14.2,,,,,,1
Tsl84N96WM8_000075,train,ego: start_stop_or_stationary,75,239,103,163,165,10.3,16.3,16.5,,,,,,1
sdqIDbZJfy0_005607,train,ego: start_stop_or_stationary,5607,5697,37,55,91,3.7,5.5,9.1,,,,,,1
3tEZvtQZ18Q_001262,train,ego: start_stop_or_stationary,1262,1362,48,70,101,4.8,7.0,10.1,,,,,,1
pQdl0apLT70_000575,train,ego: start_stop_or_stationary,575,662,38,65,88,3.8,6.5,8.8,,,,,,1
RPNiqsdt6-w_002660,train,ego: start_stop_or_stationary,2660,2778,49,119,119,4.9,11.9,11.9,,,,,,1
Eq7_uD2yN5Y_004049,train,ego: start_stop_or_stationary,4049,4137,38,69,89,3.8,6.9,8.9,,,,,,1
ujVRDgGVzlQ_005407,train,ego: start_stop_or_stationary,5407,5478,19,57,72,1.9,5.7,7.2,,,,,,1
Hkui6PJboFg_001910,train,ego: start_stop_or_stationary,1910,2012,23,47,103,2.3,4.7,10.3,,,,,,1
3sGShQb_HwU_005692,train,ego: start_stop_or_stationary,5692,5752,12,29,61,1.2,2.9,6.1,,,,,,1
oZaUkhs_H-s_000721,train,ego: start_stop_or_stationary,721,829,57,79,109,5.7,7.9,10.9,,,,,,1
IOoVklIZLMw_003879,train,ego: start_stop_or_stationary,3879,4032,65,100,154,6.5,10.0,15.4,,,,,,1
fb5i7JlmJdg_005052,train,ego: obstacle,5052,5150,17,99,99,1.7,9.9,9.9,,,,,,1
cfrLchAShxQ_000061,train,ego: obstacle,61,210,31,100,150,3.1,10.0,15.0,,,,,,1
JkYzYrJpSoQ_000805,train,ego: obstacle,805,923,50,98,119,5.0,9.8,11.9,,,,,,1
EY8x-fyQkbk_006155,train,ego: obstacle,6155,6232,28,29,78,2.8,2.9,7.8,,,,,,1
JkYzYrJpSoQ_004658,train,ego: obstacle,4658,4770,42,91,113,4.2,9.1,11.3,,,,,,1
Hd2IzHAfkCI_001977,train,ego: obstacle,1977,2085,53,109,109,5.3,10.9,10.9,,,,,,1
t4Cvbdtebk0_001663,train,ego: obstacle,1663,1747,49,71,85,4.9,7.1,8.5,,,,,,1
yB6fjM1UUC0_001057,train,ego: obstacle,1057,1146,74,90,90,7.4,9.0,9.0,,,,,,1
UKBuDqU8qTM_002730,train,ego: obstacle,2730,2828,38,48,99,3.8,4.8,9.9,,,,,,1
JkYzYrJpSoQ_000665,train,ego: obstacle,665,803,53,96,139,5.3,9.6,13.9,,,,,,1
bhA2ckvE-TQ_002322,train,ego: obstacle,2322,2424,37,102,103,3.7,10.2,10.3,,,,,,1
DpQBo4gb6Lw_005793,train,ego: obstacle,5793,5903,29,83,111,2.9,8.3,11.1,,,,,,1
J-j5eIHg8I0_005190,train,ego: obstacle,5190,5298,63,90,109,6.3,9.0,10.9,,,,,,1
QERvirE3S5s_003989,train,ego: obstacle,3989,4062,12,52,74,1.2,5.2,7.4,,,,,,1
jFFhYwgepmY_005142,train,ego: obstacle,5142,5261,78,92,120,7.8,9.2,12.0,,,,,,1
cfrLchAShxQ_004989,train,ego: obstacle,4989,5063,41,62,75,4.1,6.2,7.5,,,,,,1
PYL3JcSsS6o_002198,train,ego: obstacle,2198,2286,32,89,89,3.2,8.9,8.9,,,,,,1
bhA2ckvE-TQ_005064,train,ego: obstacle,5064,5176,53,89,113,5.3,8.9,11.3,,,,,,1
nvVk7L3GrJQ_005883,train,ego: obstacle,5883,5957,42,53,75,4.2,5.3,7.5,,,,,,1
T89zSiaMNgM_000927,train,ego: obstacle,927,1093,82,167,167,8.2,16.7,16.7,,,,,,1
gDjeTHGWX9c_002004,train,ego: obstacle,2004,2087,17,56,84,1.7,5.6,8.4,,,,,,1
qzMjfBx1KI0_001586,train,ego: obstacle,1586,1697,29,56,112,2.9,5.6,11.2,,,,,,1
QeuzUfHIWYU_005777,train,ego: obstacle,5777,5899,37,123,123,3.7,12.3,12.3,,,,,,1
3tEZvtQZ18Q_004640,train,ego: obstacle,4640,4718,37,50,79,3.7,5.0,7.9,,,,,,1
JkYzYrJpSoQ_000073,train,ego: obstacle,73,209,39,118,137,3.9,11.8,13.7,,,,,,1
Vtpe3HAIEm4_002242,train,ego: obstacle,2242,2334,36,66,93,3.6,6.6,9.3,,,,,,1
O9uvBFovKj8_005062,train,ego: unknown,5062,5132,23,63,71,2.3,6.3,7.1,,,,,,1
QERvirE3S5s_001290,train,ego: unknown,1290,1370,44,54,81,4.4,5.4,8.1,,,,,,1
kjVywUi1WK4_001570,train,ego: unknown,1570,1656,33,76,87,3.3,7.6,8.7,,,,,,1
h55PiQMnlJY_003976,train,ego: unknown,3976,4141,79,100,166,7.9,10.0,16.6,,,,,,1
4K_6s1n6BpU_005048,train,ego: unknown,5048,5176,43,61,129,4.3,6.1,12.9,,,,,,1
jFFhYwgepmY_005473,train,ego: unknown,5473,5591,37,62,119,3.7,6.2,11.9,,,,,,1
gZbGLa253Ak_001881,train,ego: unknown,1881,1959,25,79,79,2.5,7.9,7.9,,,,,,1
HaC3LrJiTmQ_002100,train,ego: unknown,2100,2183,26,79,84,2.6,7.9,8.4,,,,,,1
Nc9SDBksPPA_005387,train,ego: unknown,5387,5467,32,47,81,3.2,4.7,8.1,,,,,,1
EY8x-fyQkbk_006334,train,ego: unknown,6334,6472,15,138,139,1.5,13.8,13.9,,,,,,1
ruiSuGHJf6Q_002447,train,ego: unknown,2447,2585,74,110,139,7.4,11.0,13.9,,,,,,1
h55PiQMnlJY_001383,train,ego: unknown,1383,1521,53,139,139,5.3,13.9,13.9,,,,,,1
UOjQsfDXjO0_005033,train,ego: unknown,5033,5151,44,60,119,4.4,6.0,11.9,,,,,,1
88LcRU7uEFE_002425,train,ego: unknown,2425,2523,37,74,99,3.7,7.4,9.9,,,,,,1
bhA2ckvE-TQ_005769,train,ego: unknown,5769,5885,30,82,117,3.0,8.2,11.7,,,,,,1
ujVRDgGVzlQ_003210,train,ego: unknown,3210,3311,89,101,102,8.9,10.1,10.2,,,,,,1
fWJbp43k644_003647,train,ego: unknown,3647,3741,30,58,95,3.0,5.8,9.5,,,,,,1
e3hXj7S3QyA_001070,train,ego: unknown,1070,1138,26,69,69,2.6,6.9,6.9,,,,,,1
Hx8FMhmdOQU_002154,train,ego: unknown,2154,2223,18,65,70,1.8,6.5,7.0,,,,,,1
jFFhYwgepmY_001858,train,ego: unknown,1858,1932,55,61,75,5.5,6.1,7.5,,,,,,1
W6YrlYyWguc_005687,train,ego: unknown,5687,5785,48,60,99,4.8,6.0,9.9,,,,,,1
3u_CIo9IaWo_001784,train,ego: unknown,1784,1887,46,79,104,4.6,7.9,10.4,,,,,,1
4wKjxDXnmYs_003732,train,ego: unknown,3732,3796,27,54,65,2.7,5.4,6.5,,,,,,1
kld-iYpdjyo_002453,val,ego: leave_to_right,2453,2611,72,152,159,7.2,15.2,15.9,,,,,,1
QeuzUfHIWYU_005648,val,ego: leave_to_right,5648,5775,30,128,128,3.0,12.8,12.8,,,,,,1
cfrLchAShxQ_004342,val,ego: leave_to_right,4342,4481,41,124,140,4.1,12.4,14.0,,,,,,1
GdyJqgxlSxs_005018,val,ego: leave_to_right,5018,5104,27,66,87,2.7,6.6,8.7,,,,,,1
Z9K13eBUwJM_002799,val,ego: leave_to_right,2799,2942,18,144,144,1.8,14.4,14.4,,,,,,1
3u_CIo9IaWo_001341,val,ego: leave_to_right,1341,1462,37,122,122,3.7,12.2,12.2,,,,,,1
sdqIDbZJfy0_000685,val,ego: leave_to_right,685,787,91,103,103,9.1,10.3,10.3,,,,,,1
V3--0ubJkNE_002472,val,ego: leave_to_right,2472,2566,44,57,95,4.4,5.7,9.5,,,,,,1
0z7J7rOpTic_006131,val,ego: leave_to_right,6131,6270,14,111,140,1.4,11.1,14.0,,,,,,1
QeuzUfHIWYU_000759,val,ego: leave_to_right,759,834,35,63,76,3.5,6.3,7.6,,,,,,1
qzMjfBx1KI0_003981,val,ego: leave_to_right,3981,4116,41,124,136,4.1,12.4,13.6,,,,,,1
gZbGLa253Ak_004311,val,ego: leave_to_right,4311,4385,27,75,75,2.7,7.5,7.5,,,,,,1
K1r3m5OrmB4_006157,val,ego: leave_to_right,6157,6232,36,76,76,3.6,7.6,7.6,,,,,,1
0qfbmt4G8Rw_000602,val,ego: leave_to_right,602,758,40,157,157,4.0,15.7,15.7,,,,,,1
4K_6s1n6BpU_006760,val,ego: leave_to_right,6760,6869,41,110,110,4.1,11.0,11.0,,,,,,1
p-fBcE77G4c_000607,val,ego: leave_to_right,607,690,54,78,84,5.4,7.8,8.4,,,,,,1
QeuzUfHIWYU_004621,val,ego: leave_to_right,4621,4726,20,73,106,2.0,7.3,10.6,,,,,,1
FqJ4IfRLKmA_000231,val,ego: leave_to_right,231,330,74,100,100,7.4,10.0,10.0,,,,,,1
f482qwPz7ns_003650,val,ego: leave_to_right,3650,3765,42,86,116,4.2,8.6,11.6,,,,,,1
Eq7_uD2yN5Y_002897,val,ego: leave_to_right,2897,2985,39,56,89,3.9,5.6,8.9,,,,,,1
DSBGS6aRzgc_002693,val,ego: leave_to_right,2693,2791,29,78,99,2.9,7.8,9.9,,,,,,1
V3--0ubJkNE_001913,val,ego: turning,1913,1980,15,42,68,1.5,4.2,6.8,,,,,,1
QERvirE3S5s_003017,val,ego: turning,3017,3101,25,69,85,2.5,6.9,8.5,,,,,,1
fWJbp43k644_001409,val,ego: turning,1409,1503,36,59,95,3.6,5.9,9.5,,,,,,1
Y4rb2_HaBdQ_001637,val,ego: turning,1637,1714,40,57,78,4.0,5.7,7.8,,,,,,1
Izf9l3VWQuo_000191,val,ego: turning,191,329,73,119,139,7.3,11.9,13.9,,,,,,1
l1XbmdmGr0Q_004168,val,ego: turning,4168,4250,20,35,83,2.0,3.5,8.3,,,,,,1
PEwiwzyTjX0_003882,val,ego: turning,3882,3953,26,45,72,2.6,4.5,7.2,,,,,,1
r6_ZhT7rmhM_001258,val,ego: turning,1258,1344,36,55,87,3.6,5.5,8.7,,,,,,1
PEwiwzyTjX0_003955,val,ego: turning,3955,4051,33,67,97,3.3,6.7,9.7,,,,,,1
ieP36TLihGM_000611,val,ego: turning,611,752,38,58,142,3.8,5.8,14.2,,,,,,1
GR4c34BIcVw_001288,val,ego: turning,1288,1346,19,55,59,1.9,5.5,5.9,,,,,,1
Hkui6PJboFg_002259,val,ego: turning,2259,2348,31,60,90,3.1,6.0,9.0,,,,,,1
a_VxrUq9PmA_003034,val,ego: turning,3034,3142,47,108,109,4.7,10.8,10.9,,,,,,1
VxWJchENocA_000248,val,ego: turning,248,306,20,48,59,2.0,4.8,5.9,,,,,,1
xjbbH74SwTg_003057,val,ego: turning,3057,3145,46,67,89,4.6,6.7,8.9,,,,,,1
kVhgFPPG-wo_001515,val,ego: turning,1515,1608,27,56,94,2.7,5.6,9.4,,,,,,1
Y4rb2_HaBdQ_001779,val,ego: turning,1779,1874,43,68,96,4.3,6.8,9.6,,,,,,1
UbDCiQVuzPY_000714,val,ego: turning,714,812,52,59,99,5.2,5.9,9.9,,,,,,1
fb5i7JlmJdg_000463,val,ego: turning,463,581,55,100,119,5.5,10.0,11.9,,,,,,1
PfJ2CudpCgE_002859,val,ego: turning,2859,2953,27,53,95,2.7,5.3,9.5,,,,,,1
RASKiMoxhOE_003190,val,ego: turning,3190,3268,13,39,79,1.3,3.9,7.9,,,,,,1
PEwiwzyTjX0_005330,val,ego: turning,5330,5392,13,42,63,1.3,4.2,6.3,,,,,,1
p-fBcE77G4c_001654,val,ego: turning,1654,1744,48,57,91,4.8,5.7,9.1,,,,,,1
Sihe6aeyLHg_005759,val,ego: turning,5759,5846,39,77,88,3.9,7.7,8.8,,,,,,1
xpOyD-qrQUw_004696,val,ego: turning,4696,4766,26,54,71,2.6,5.4,7.1,,,,,,1
ha-IeID24As_001798,val,ego: turning,1798,1884,35,67,87,3.5,6.7,8.7,,,,,,1
gDjeTHGWX9c_001111,val,ego: turning,1111,1191,28,49,81,2.8,4.9,8.1,,,,,,1
F9-aR2Ocso4_001723,val,ego: turning,1723,1778,39,56,56,3.9,5.6,5.6,,,,,,1
CyeT8rEQOpQ_004187,val,ego: turning,4187,4240,25,46,54,2.5,4.6,5.4,,,,,,1
hy433gakFeo_001634,val,ego: turning,1634,1718,31,76,85,3.1,7.6,8.5,,,,,,1
nvVk7L3GrJQ_001750,val,ego: turning,1750,1824,21,66,75,2.1,6.6,7.5,,,,,,1
TNZv-NBcV5U_002315,val,ego: turning,2315,2387,17,35,73,1.7,3.5,7.3,,,,,,1
TlBhM9Xbr2o_002879,val,ego: turning,2879,2930,27,51,52,2.7,5.1,5.2,,,,,,1
ha-IeID24As_001357,val,ego: turning,1357,1464,33,95,108,3.3,9.5,10.8,,,,,,1
xVfPBzDnI2Q_003431,val,ego: turning,3431,3508,39,61,78,3.9,6.1,7.8,,,,,,1
FqJ4IfRLKmA_001551,val,ego: turning,1551,1669,36,90,119,3.6,9.0,11.9,,,,,,1
JmwUVoOrgk8_000467,val,ego: turning,467,536,15,40,70,1.5,4.0,7.0,,,,,,1
Hx8FMhmdOQU_003691,val,ego: turning,3691,3779,25,89,89,2.5,8.9,8.9,,,,,,1
gXezhrOijmQ_000191,val,ego: turning,191,309,39,104,119,3.9,10.4,11.9,,,,,,1
CyeT8rEQOpQ_005473,val,ego: turning,5473,5547,36,55,75,3.6,5.5,7.5,,,,,,1
y1vGuUK0db4_005453,val,ego: turning,5453,5530,27,48,78,2.7,4.8,7.8,,,,,,1
JV0D-YkWHD8_002950,val,ego: turning,2950,3033,25,47,84,2.5,4.7,8.4,,,,,,1
Rrcjy5t8b20_003921,val,ego: turning,3921,3988,30,55,68,3.0,5.5,6.8,,,,,,1
zRZ9PJguIfE_000353,val,ego: turning,353,453,37,62,101,3.7,6.2,10.1,,,,,,1
3u_CIo9IaWo_000682,val,ego: turning,682,780,39,74,99,3.9,7.4,9.9,,,,,,1
4K_6s1n6BpU_001924,val,ego: turning,1924,1986,28,41,63,2.8,4.1,6.3,,,,,,1
r6_ZhT7rmhM_001797,val,ego: turning,1797,1893,48,75,97,4.8,7.5,9.7,,,,,,1
K1r3m5OrmB4_004387,val,ego: turning,4387,4479,17,70,93,1.7,7.0,9.3,,,,,,1
yB6fjM1UUC0_003415,val,ego: turning,3415,3503,39,68,89,3.9,6.8,8.9,,,,,,1
JV0D-YkWHD8_003329,val,ego: turning,3329,3416,16,57,88,1.6,5.7,8.8,,,,,,1
bcpfYpmDcp0_002167,val,ego: turning,2167,2244,49,65,78,4.9,6.5,7.8,,,,,,1
8dI7OolIEXY_004224,val,ego: turning,4224,4299,29,61,76,2.9,6.1,7.6,,,,,,1
PEwiwzyTjX0_002666,val,ego: turning,2666,2782,40,56,117,4.0,5.6,11.7,,,,,,1
hfwb3mZZ0fs_003623,val,ego: turning,3623,3712,26,60,90,2.6,6.0,9.0,,,,,,1
90gyBengKDs_002534,val,ego: turning,2534,2620,39,72,87,3.9,7.2,8.7,,,,,,1
lKMwX4nA64k_001422,val,ego: turning,1422,1527,56,69,106,5.6,6.9,10.6,,,,,,1
RPNiqsdt6-w_000401,val,ego: turning,401,519,48,75,119,4.8,7.5,11.9,,,,,,1
fTmYppzzloc_000301,val,ego: turning,301,383,31,56,83,3.1,5.6,8.3,,,,,,1
HaC3LrJiTmQ_000073,val,ego: turning,73,180,53,90,108,5.3,9.0,10.8,,,,,,1
cfrLchAShxQ_003330,val,ego: turning,3330,3404,28,56,75,2.8,5.6,7.5,,,,,,1
OWtbKblBOKI_002688,val,ego: turning,2688,2768,28,49,81,2.8,4.9,8.1,,,,,,1
4wKjxDXnmYs_001752,val,ego: turning,1752,1842,17,69,91,1.7,6.9,9.1,,,,,,1
PEwiwzyTjX0_002784,val,ego: turning,2784,2830,29,47,47,2.9,4.7,4.7,,,,,,1
8dI7OolIEXY_001929,val,ego: turning,1929,2006,25,37,78,2.5,3.7,7.8,,,,,,1
uO2zGO5ydBc_004544,val,ego: turning,4544,4623,37,49,80,3.7,4.9,8.0,,,,,,1
f482qwPz7ns_004903,val,ego: turning,4903,5001,42,62,99,4.2,6.2,9.9,,,,,,1
3u_CIo9IaWo_000970,val,ego: turning,970,1078,51,81,109,5.1,8.1,10.9,,,,,,1
r6_ZhT7rmhM_001346,val,ego: turning,1346,1390,36,45,45,3.6,4.5,4.5,,,,,,1
ezY7QrSWeWw_000485,val,ego: turning,485,542,25,50,58,2.5,5.0,5.8,,,,,,1
PfJ2CudpCgE_000311,val,ego: turning,311,404,33,79,94,3.3,7.9,9.4,,,,,,1
D_pyFV4nKd4_003233,val,ego: turning,3233,3331,47,81,99,4.7,8.1,9.9,,,,,,1
4K_6s1n6BpU_000654,val,ego: turning,654,793,68,113,140,6.8,11.3,14.0,,,,,,1
PfJ2CudpCgE_004074,val,ego: turning,4074,4171,31,79,98,3.1,7.9,9.8,,,,,,1
xpOyD-qrQUw_002254,val,ego: turning,2254,2350,48,66,97,4.8,6.6,9.7,,,,,,1
fHUJcUaW2mE_000808,val,ego: turning,808,918,49,75,111,4.9,7.5,11.1,,,,,,1
DSBGS6aRzgc_000073,val,ego: turning,73,179,39,107,107,3.9,10.7,10.7,,,,,,1
YBEYOS3A3Ic_005673,val,ego: turning,5673,5747,26,59,75,2.6,5.9,7.5,,,,,,1
Hd2IzHAfkCI_001662,val,ego: turning,1662,1760,42,80,99,4.2,8.0,9.9,,,,,,1
GJr8wKk8-YA_003494,val,ego: turning,3494,3576,25,59,83,2.5,5.9,8.3,,,,,,1
ahKX0rtdMJc_002228,val,ego: turning,2228,2326,41,84,99,4.1,8.4,9.9,,,,,,1
K1r3m5OrmB4_004601,val,ego: turning,4601,4678,16,50,78,1.6,5.0,7.8,,,,,,1
UKBuDqU8qTM_005800,val,ego: turning,5800,5935,68,87,136,6.8,8.7,13.6,,,,,,1
uFwnmh0GpBo_003116,val,ego: turning,3116,3235,43,71,120,4.3,7.1,12.0,,,,,,1
Q7VBPeGwJWw_002656,val,ego: turning,2656,2762,39,54,107,3.9,5.4,10.7,,,,,,1
RPNiqsdt6-w_003937,val,ego: turning,3937,3992,45,56,56,4.5,5.6,5.6,,,,,,1
jv7vz_55H8M_003626,val,ego: turning,3626,3720,27,65,95,2.7,6.5,9.5,,,,,,1
F9-aR2Ocso4_001883,val,ego: turning,1883,1948,30,51,66,3.0,5.1,6.6,,,,,,1
2SAby_5t94M_001221,val,ego: turning,1221,1300,13,52,80,1.3,5.2,8.0,,,,,,1
gZbGLa253Ak_003849,val,ego: turning,3849,3973,41,112,125,4.1,11.2,12.5,,,,,,1
p-fBcE77G4c_001826,val,ego: turning,1826,1908,32,48,83,3.2,4.8,8.3,,,,,,1
X8VgGb1fJDU_001233,val,ego: turning,1233,1324,34,75,92,3.4,7.5,9.2,,,,,,1
ZIts2XH28SA_000171,val,ego: turning,171,269,36,70,99,3.6,7.0,9.9,,,,,,1
Hkui6PJboFg_005484,val,ego: turning,5484,5545,24,48,62,2.4,4.8,6.2,,,,,,1
eN6y6-4C1Rc_002023,val,ego: turning,2023,2135,50,80,113,5.0,8.0,11.3,,,,,,1
0qfbmt4G8Rw_002763,val,ego: turning,2763,2854,27,60,92,2.7,6.0,9.2,,,,,,1
PfJ2CudpCgE_000747,val,ego: turning,747,825,28,54,79,2.8,5.4,7.9,,,,,,1
jKwCC2RhxJE_000475,val,ego: turning,475,573,26,58,99,2.6,5.8,9.9,,,,,,1
Hkui6PJboFg_003742,val,ego: turning,3742,3810,19,37,69,1.9,3.7,6.9,,,,,,1
JkYzYrJpSoQ_003719,val,ego: turning,3719,3844,30,64,126,3.0,6.4,12.6,,,,,,1
eWWgJznGg6U_002172,val,ego: turning,2172,2264,16,17,93,1.6,1.7,9.3,,,,,,1
GDejMONyY4U_005609,val,ego: turning,5609,5682,25,51,74,2.5,5.1,7.4,,,,,,1
3sGShQb_HwU_005754,val,ego: turning,5754,5869,35,65,116,3.5,6.5,11.6,,,,,,1
1u69z-wsDIc_003994,val,ego: turning,3994,4092,38,76,99,3.8,7.6,9.9,,,,,,1
pQdl0apLT70_001657,val,ego: turning,1657,1743,38,55,87,3.8,5.5,8.7,,,,,,1
yr0gNIxRluE_000075,val,ego: turning,75,229,43,98,155,4.3,9.8,15.5,,,,,,1
sdqIDbZJfy0_004900,val,ego: turning,4900,5018,37,77,119,3.7,7.7,11.9,,,,,,1
kVhgFPPG-wo_003856,val,ego: turning,3856,3915,25,51,60,2.5,5.1,6.0,,,,,,1
D_pyFV4nKd4_004283,val,ego: turning,4283,4348,48,66,66,4.8,6.6,6.6,,,,,,1
UOjQsfDXjO0_001417,val,ego: turning,1417,1536,65,97,120,6.5,9.7,12.0,,,,,,1
GdyJqgxlSxs_004119,val,ego: turning,4119,4175,30,51,57,3.0,5.1,5.7,,,,,,1
d2SCftR5sWc_000501,val,ego: turning,501,609,41,109,109,4.1,10.9,10.9,,,,,,1
uO2zGO5ydBc_002720,val,ego: turning,2720,2819,39,61,100,3.9,6.1,10.0,,,,,,1
UOjQsfDXjO0_001538,val,ego: turning,1538,1626,37,59,89,3.7,5.9,8.9,,,,,,1
YBEYOS3A3Ic_005830,val,ego: turning,5830,5902,31,45,73,3.1,4.5,7.3,,,,,,1
Z9K13eBUwJM_004541,val,ego: turning,4541,4616,16,51,76,1.6,5.1,7.6,,,,,,1
yr0gNIxRluE_000401,val,ego: turning,401,500,62,72,100,6.2,7.2,10.0,,,,,,1
eN6y6-4C1Rc_000726,val,ego: turning,726,808,28,45,83,2.8,4.5,8.3,,,,,,1
IQwS7BEjUxM_000703,val,ego: turning,703,819,59,84,117,5.9,8.4,11.7,,,,,,1
kjVywUi1WK4_002665,val,ego: turning,2665,2724,4,30,60,0.4,3.0,6.0,,,,,,1
W6YrlYyWguc_004796,val,ego: turning,4796,4895,28,44,100,2.8,4.4,10.0,,,,,,1
zRZ9PJguIfE_004615,val,ego: turning,4615,4723,51,74,109,5.1,7.4,10.9,,,,,,1
Z9K13eBUwJM_001323,val,ego: turning,1323,1405,16,54,83,1.6,5.4,8.3,,,,,,1
kld-iYpdjyo_002293,val,ego: turning,2293,2351,42,58,59,4.2,5.8,5.9,,,,,,1
kDo7FBuRiBs_000791,val,ego: turning,791,867,26,63,77,2.6,6.3,7.7,,,,,,1
ieP36TLihGM_000191,val,ego: turning,191,309,67,87,119,6.7,8.7,11.9,,,,,,1
EY8x-fyQkbk_001366,val,ego: turning,1366,1493,0,88,128,0.0,8.8,12.8,,,,,,1
nvVk7L3GrJQ_001565,val,ego: turning,1565,1649,36,54,85,3.6,5.4,8.5,,,,,,1
y4Evv5By6sg_000958,val,ego: turning,958,1056,41,79,99,4.1,7.9,9.9,,,,,,1
2SAby_5t94M_000905,val,ego: turning,905,999,42,63,95,4.2,6.3,9.5,,,,,,1
dZG1VKsgs60_005757,val,ego: turning,5757,5874,54,118,118,5.4,11.8,11.8,,,,,,1
UbDCiQVuzPY_001265,val,ego: turning,1265,1377,35,79,113,3.5,7.9,11.3,,,,,,1
jBbKXYgwpX0_001155,val,ego: turning,1155,1227,11,51,73,1.1,5.1,7.3,,,,,,1
4OGV0AbV91U_002729,val,ego: turning,2729,2804,27,61,76,2.7,6.1,7.6,,,,,,1
nvVk7L3GrJQ_003117,val,ego: turning,3117,3197,19,39,81,1.9,3.9,8.1,,,,,,1
HeK6zbf8I9Y_002489,val,ego: lateral,2489,2600,39,57,112,3.9,5.7,11.2,,,,,,1
3Sqeb-l1RPA_002618,val,ego: lateral,2618,2728,41,74,111,4.1,7.4,11.1,,,,,,1
gDjeTHGWX9c_004930,val,ego: lateral,4930,4999,12,46,70,1.2,4.6,7.0,,,,,,1
uO2zGO5ydBc_003462,val,ego: lateral,3462,3551,14,58,90,1.4,5.8,9.0,,,,,,1
Vtpe3HAIEm4_000061,val,ego: lateral,61,192,23,101,132,2.3,10.1,13.2,,,,,,1
UKBuDqU8qTM_003030,val,ego: lateral,3030,3148,51,86,119,5.1,8.6,11.9,,,,,,1
lKMwX4nA64k_004888,val,ego: lateral,4888,4972,43,74,85,4.3,7.4,8.5,,,,,,1
L334aqEJxys_000670,val,ego: lateral,670,818,70,113,149,7.0,11.3,14.9,,,,,,1
fWJbp43k644_002319,val,ego: lateral,2319,2371,45,53,53,4.5,5.3,5.3,,,,,,1
eN6y6-4C1Rc_001431,val,ego: lateral,1431,1522,19,72,92,1.9,7.2,9.2,,,,,,1
6E2N9ld0eHg_001473,val,ego: lateral,1473,1571,27,99,99,2.7,9.9,9.9,,,,,,1
kVhgFPPG-wo_000956,val,ego: lateral,956,1052,17,53,97,1.7,5.3,9.7,,,,,,1
PEwiwzyTjX0_005245,val,ego: lateral,5245,5328,30,55,84,3.0,5.5,8.4,,,,,,1
0qfbmt4G8Rw_000435,val,ego: lateral,435,600,57,166,166,5.7,16.6,16.6,,,,,,1
xjbbH74SwTg_001629,val,ego: lateral,1629,1727,43,69,99,4.3,6.9,9.9,,,,,,1
kjVywUi1WK4_000287,val,ego: lateral,287,379,27,76,93,2.7,7.6,9.3,,,,,,1
Hd2IzHAfkCI_004644,val,ego: lateral,4644,4782,28,108,139,2.8,10.8,13.9,,,,,,1
fTmYppzzloc_002685,val,ego: lateral,2685,2732,1,48,48,0.1,4.8,4.8,,,,,,1
vZSr9dhRxlE_001031,val,ego: lateral,1031,1106,29,58,76,2.9,5.8,7.6,,,,,,1
8dI7OolIEXY_003385,val,ego: lateral,3385,3486,49,102,102,4.9,10.2,10.2,,,,,,1
W6YrlYyWguc_001416,val,ego: lateral,1416,1534,58,85,119,5.8,8.5,11.9,,,,,,1
HaC3LrJiTmQ_000921,val,ego: lateral,921,1086,65,130,166,6.5,13.0,16.6,,,,,,1
JV0D-YkWHD8_000610,val,ego: lateral,610,687,25,78,78,2.5,7.8,7.8,,,,,,1
OWtbKblBOKI_004996,val,ego: lateral,4996,5060,13,51,65,1.3,5.1,6.5,,,,,,1
3Sqeb-l1RPA_005471,val,ego: lateral,5471,5578,35,52,108,3.5,5.2,10.8,,,,,,1
0RJPQ_97dcs_000897,val,ego: lateral,897,1187,155,208,291,15.5,20.8,29.1,,,,,,1
QERvirE3S5s_005530,val,ego: lateral,5530,5672,102,116,143,10.2,11.6,14.3,,,,,,1
t_bCDlNOhJc_001742,val,ego: lateral,1742,1986,176,213,245,17.6,21.3,24.5,,,,,,1
JV0D-YkWHD8_000312,val,ego: lateral,312,424,28,56,113,2.8,5.6,11.3,,,,,,1
EY8x-fyQkbk_004108,val,ego: lateral,4108,4240,19,53,133,1.9,5.3,13.3,,,,,,1
X8VgGb1fJDU_003186,val,ego: lateral,3186,3264,21,44,79,2.1,4.4,7.9,,,,,,1
lmykriTbncM_002431,val,ego: lateral,2431,2563,70,95,133,7.0,9.5,13.3,,,,,,1
Hfs4AlBmg70_000527,val,ego: lateral,527,574,17,45,48,1.7,4.5,4.8,,,,,,1
90gyBengKDs_004312,val,ego: lateral,4312,4392,32,69,81,3.2,6.9,8.1,,,,,,1
D_pyFV4nKd4_002196,val,ego: lateral,2196,2344,62,78,149,6.2,7.8,14.9,,,,,,1
qzMjfBx1KI0_002010,val,ego: lateral,2010,2107,25,44,98,2.5,4.4,9.8,,,,,,1
xVfPBzDnI2Q_003130,val,ego: lateral,3130,3217,32,51,88,3.2,5.1,8.8,,,,,,1
V3--0ubJkNE_001467,val,ego: lateral,1467,1569,20,49,103,2.0,4.9,10.3,,,,,,1
LfKfK4I5RPE_002617,val,ego: lateral,2617,2735,28,51,119,2.8,5.1,11.9,,,,,,1
uFwnmh0GpBo_005590,val,ego: lateral,5590,5708,47,94,119,4.7,9.4,11.9,,,,,,1
4OGV0AbV91U_004204,val,ego: lateral,4204,4277,19,55,74,1.9,5.5,7.4,,,,,,1
HaC3LrJiTmQ_000587,val,ego: lateral,587,680,33,93,94,3.3,9.3,9.4,,,,,,1
Z9K13eBUwJM_002944,val,ego: lateral,2944,3006,3,25,63,0.3,2.5,6.3,,,,,,1
Sihe6aeyLHg_002066,val,ego: lateral,2066,2162,43,59,97,4.3,5.9,9.7,,,,,,1
yhtzAKqRyXw_000428,val,ego: lateral,428,504,19,33,77,1.9,3.3,7.7,,,,,,1
2TmFM9p1KF8_003505,val,ego: lateral,3505,3617,37,91,113,3.7,9.1,11.3,,,,,,1
xVfPBzDnI2Q_003780,val,ego: lateral,3780,3869,38,58,90,3.8,5.8,9.0,,,,,,1
bFGmOp9H3MA_001738,val,ego: lateral,1738,1830,31,44,93,3.1,4.4,9.3,,,,,,1
X8VgGb1fJDU_001986,val,ego: lateral,1986,2088,33,49,103,3.3,4.9,10.3,,,,,,1
ujVRDgGVzlQ_003627,val,ego: lateral,3627,3735,42,91,109,4.2,9.1,10.9,,,,,,1
DpQBo4gb6Lw_000181,val,ego: lateral,181,279,25,87,99,2.5,8.7,9.9,,,,,,1
kld-iYpdjyo_001414,val,ego: lateral,1414,1521,31,62,108,3.1,6.2,10.8,,,,,,1
Hd2IzHAfkCI_000799,val,ego: lateral,799,897,42,93,99,4.2,9.3,9.9,,,,,,1
TlBhM9Xbr2o_002234,val,ego: lateral,2234,2303,21,36,70,2.1,3.6,7.0,,,,,,1
y1vGuUK0db4_003966,val,ego: lateral,3966,4051,23,47,86,2.3,4.7,8.6,,,,,,1
0RJPQ_97dcs_002961,val,ego: lateral,2961,3105,74,101,145,7.4,10.1,14.5,,,,,,1
nHvTqyRntbY_002250,val,ego: lateral,2250,2353,22,64,104,2.2,6.4,10.4,,,,,,1
Q7VBPeGwJWw_002954,val,ego: lateral,2954,3021,23,37,68,2.3,3.7,6.8,,,,,,1
gDjeTHGWX9c_002957,val,ego: lateral,2957,3024,29,46,68,2.9,4.6,6.8,,,,,,1
ahKX0rtdMJc_001583,val,ego: lateral,1583,1721,31,125,139,3.1,12.5,13.9,,,,,,1
yr0gNIxRluE_003613,val,ego: lateral,3613,3776,57,84,164,5.7,8.4,16.4,,,,,,1
lmykriTbncM_003206,val,ego: lateral,3206,3290,36,50,85,3.6,5.0,8.5,,,,,,1
4OGV0AbV91U_001481,val,ego: lateral,1481,1582,27,88,102,2.7,8.8,10.2,,,,,,1
WWyeuvpHmfc_002251,val,ego: lateral,2251,2351,33,57,101,3.3,5.7,10.1,,,,,,1
T89zSiaMNgM_003852,val,ego: lateral,3852,3950,41,87,99,4.1,8.7,9.9,,,,,,1
IQwS7BEjUxM_003470,val,ego: pedestrian,3470,3559,42,70,90,4.2,7.0,9.0,,,,,,1
vdLn-qswnRo_005497,val,ego: pedestrian,5497,5564,31,53,68,3.1,5.3,6.8,,,,,,1
pOJpwWmEcFg_005573,val,ego: pedestrian,5573,5661,31,53,89,3.1,5.3,8.9,,,,,,1
TNZv-NBcV5U_002242,val,ego: pedestrian,2242,2313,33,50,72,3.3,5.0,7.2,,,,,,1
D_pyFV4nKd4_003993,val,ego: pedestrian,3993,4111,41,119,119,4.1,11.9,11.9,,,,,,1
JkYzYrJpSoQ_004088,val,ego: moving_ahead_or_waiting,4088,4206,65,89,119,6.5,8.9,11.9,,,,,,1
vZSr9dhRxlE_004662,val,ego: moving_ahead_or_waiting,4662,4756,43,68,95,4.3,6.8,9.5,,,,,,1
3Sqeb-l1RPA_002900,val,ego: moving_ahead_or_waiting,2900,3005,36,66,106,3.6,6.6,10.6,,,,,,1
fWJbp43k644_001036,val,ego: moving_ahead_or_waiting,1036,1107,13,58,72,1.3,5.8,7.2,,,,,,1
t_bCDlNOhJc_003815,val,ego: moving_ahead_or_waiting,3815,3911,51,87,97,5.1,8.7,9.7,,,,,,1
JV0D-YkWHD8_003258,val,ego: moving_ahead_or_waiting,3258,3327,17,58,70,1.7,5.8,7.0,,,,,,1
HbxPs2D_eJw_001347,val,ego: moving_ahead_or_waiting,1347,1449,33,77,103,3.3,7.7,10.3,,,,,,1
hfwb3mZZ0fs_003109,val,ego: moving_ahead_or_waiting,3109,3212,26,80,104,2.6,8.0,10.4,,,,,,1
2TmFM9p1KF8_005657,val,ego: moving_ahead_or_waiting,5657,5736,15,58,80,1.5,5.8,8.0,,,,,,1
Y4rb2_HaBdQ_003055,val,ego: moving_ahead_or_waiting,3055,3147,62,79,93,6.2,7.9,9.3,,,,,,1
Vtpe3HAIEm4_002972,val,ego: moving_ahead_or_waiting,2972,3056,33,57,85,3.3,5.7,8.5,,,,,,1
nvVk7L3GrJQ_004273,val,ego: moving_ahead_or_waiting,4273,4355,36,57,83,3.6,5.7,8.3,,,,,,1
P5MjgFmqouA_000452,val,ego: moving_ahead_or_waiting,452,593,55,76,142,5.5,7.6,14.2,,,,,,1
kVhgFPPG-wo_002936,val,ego: moving_ahead_or_waiting,2936,3025,33,71,90,3.3,7.1,9.0,,,,,,1
7uTMZ5-aWKA_000590,val,ego: moving_ahead_or_waiting,590,758,72,138,169,7.2,13.8,16.9,,,,,,1
fWJbp43k644_000749,val,ego: moving_ahead_or_waiting,749,874,73,125,126,7.3,12.5,12.6,,,,,,1
PEwiwzyTjX0_002188,val,ego: moving_ahead_or_waiting,2188,2295,28,57,108,2.8,5.7,10.8,,,,,,1
fdvMUP8qvzw_001727,val,ego: moving_ahead_or_waiting,1727,1835,36,79,109,3.6,7.9,10.9,,,,,,1
TlBhM9Xbr2o_003894,val,ego: moving_ahead_or_waiting,3894,4021,72,93,128,7.2,9.3,12.8,,,,,,1
TNZv-NBcV5U_002002,val,ego: moving_ahead_or_waiting,2002,2076,27,60,75,2.7,6.0,7.5,,,,,,1
3Sqeb-l1RPA_005220,val,ego: moving_ahead_or_waiting,5220,5269,20,49,50,2.0,4.9,5.0,,,,,,1
0RJPQ_97dcs_004276,val,ego: moving_ahead_or_waiting,4276,4349,25,47,74,2.5,4.7,7.4,,,,,,1
DkjTJcCXipY_000383,val,ego: moving_ahead_or_waiting,383,456,29,69,74,2.9,6.9,7.4,,,,,,1
5vKPYV5w6pw_000934,val,ego: moving_ahead_or_waiting,934,1082,71,126,149,7.1,12.6,14.9,,,,,,1
r6_ZhT7rmhM_002951,val,ego: moving_ahead_or_waiting,2951,3011,38,59,61,3.8,5.9,6.1,,,,,,1
l1XbmdmGr0Q_002539,val,ego: moving_ahead_or_waiting,2539,2581,30,43,43,3.0,4.3,4.3,,,,,,1
GDejMONyY4U_004457,val,ego: moving_ahead_or_waiting,4457,4524,26,48,68,2.6,4.8,6.8,,,,,,1
kVhgFPPG-wo_005278,val,ego: moving_ahead_or_waiting,5278,5326,20,48,49,2.0,4.8,4.9,,,,,,1
VxWJchENocA_002424,val,ego: moving_ahead_or_waiting,2424,2526,34,60,103,3.4,6.0,10.3,,,,,,1
r6_ZhT7rmhM_004291,val,ego: moving_ahead_or_waiting,4291,4323,20,33,33,2.0,3.3,3.3,,,,,,1
EY8x-fyQkbk_000733,val,ego: moving_ahead_or_waiting,733,852,56,82,120,5.6,8.2,12.0,,,,,,1
EY8x-fyQkbk_005227,val,ego: moving_ahead_or_waiting,5227,5392,111,143,166,11.1,14.3,16.6,,,,,,1
vZSr9dhRxlE_004031,val,ego: moving_ahead_or_waiting,4031,4139,38,61,109,3.8,6.1,10.9,,,,,,1
Q7VBPeGwJWw_002086,val,ego: moving_ahead_or_waiting,2086,2172,20,75,87,2.0,7.5,8.7,,,,,,1
r6_ZhT7rmhM_001616,val,ego: moving_ahead_or_waiting,1616,1722,27,58,107,2.7,5.8,10.7,,,,,,1
bhA2ckvE-TQ_000612,val,ego: moving_ahead_or_waiting,612,720,37,77,109,3.7,7.7,10.9,,,,,,1
4wKjxDXnmYs_001421,val,ego: moving_ahead_or_waiting,1421,1489,21,54,69,2.1,5.4,6.9,,,,,,1
pWZSG2cUdEo_002955,val,ego: moving_ahead_or_waiting,2955,3026,35,45,72,3.5,4.5,7.2,,,,,,1
jKwCC2RhxJE_003274,val,ego: moving_ahead_or_waiting,3274,3348,15,53,75,1.5,5.3,7.5,,,,,,1
lmykriTbncM_004330,val,ego: moving_ahead_or_waiting,4330,4425,65,77,96,6.5,7.7,9.6,,,,,,1
hfwb3mZZ0fs_003789,val,ego: moving_ahead_or_waiting,3789,3874,33,77,86,3.3,7.7,8.6,,,,,,1
u33fdjUY_Iw_002921,val,ego: moving_ahead_or_waiting,2921,3019,46,82,99,4.6,8.2,9.9,,,,,,1
3Sqeb-l1RPA_004297,val,ego: moving_ahead_or_waiting,4297,4404,13,60,108,1.3,6.0,10.8,,,,,,1
hfwb3mZZ0fs_003472,val,ego: moving_ahead_or_waiting,3472,3554,40,68,83,4.0,6.8,8.3,,,,,,1
DSBGS6aRzgc_002272,val,ego: moving_ahead_or_waiting,2272,2395,77,91,124,7.7,9.1,12.4,,,,,,1
UjkeNSr2dXQ_001502,val,ego: moving_ahead_or_waiting,1502,1594,16,32,93,1.6,3.2,9.3,,,,,,1
h4OXsRSWLLc_001803,val,ego: moving_ahead_or_waiting,1803,1863,8,57,61,0.8,5.7,6.1,,,,,,1
xVfPBzDnI2Q_002422,val,ego: moving_ahead_or_waiting,2422,2518,47,67,97,4.7,6.7,9.7,,,,,,1
Vtpe3HAIEm4_001012,val,ego: moving_ahead_or_waiting,1012,1098,30,51,87,3.0,5.1,8.7,,,,,,1
JHfjuFrnpjA_000073,val,ego: moving_ahead_or_waiting,73,209,48,107,137,4.8,10.7,13.7,,,,,,1
PqbpIHZvjMA_003467,val,ego: moving_ahead_or_waiting,3467,3565,30,62,99,3.0,6.2,9.9,,,,,,1
Sihe6aeyLHg_002615,val,ego: moving_ahead_or_waiting,2615,2716,48,80,102,4.8,8.0,10.2,,,,,,1
lmykriTbncM_004427,val,ego: moving_ahead_or_waiting,4427,4527,68,81,101,6.8,8.1,10.1,,,,,,1
WWyeuvpHmfc_003816,val,ego: moving_ahead_or_waiting,3816,3929,42,59,114,4.2,5.9,11.4,,,,,,1
xVfPBzDnI2Q_005312,val,ego: moving_ahead_or_waiting,5312,5364,14,30,53,1.4,3.0,5.3,,,,,,1
Hkui6PJboFg_004420,val,ego: moving_ahead_or_waiting,4420,4476,11,30,57,1.1,3.0,5.7,,,,,,1
Vtpe3HAIEm4_005154,val,ego: moving_ahead_or_waiting,5154,5232,17,42,79,1.7,4.2,7.9,,,,,,1
IOoVklIZLMw_003545,val,ego: moving_ahead_or_waiting,3545,3643,24,48,99,2.4,4.8,9.9,,,,,,1
3sGShQb_HwU_004119,val,ego: moving_ahead_or_waiting,4119,4257,94,124,139,9.4,12.4,13.9,,,,,,1
VxWJchENocA_002663,val,ego: moving_ahead_or_waiting,2663,2745,26,54,83,2.6,5.4,8.3,,,,,,1
sdqIDbZJfy0_000531,val,other: turning,531,683,42,71,153,4.2,7.1,15.3,,,,,,1
Sihe6aeyLHg_000834,val,other: turning,834,945,50,94,112,5.0,9.4,11.2,,,,,,1
PqbpIHZvjMA_005053,val,other: turning,5053,5163,63,78,111,6.3,7.8,11.1,,,,,,1
T89zSiaMNgM_004415,val,other: turning,4415,4502,28,63,88,2.8,6.3,8.8,,,,,,1
X8VgGb1fJDU_001181,val,other: turning,1181,1231,36,48,51,3.6,4.8,5.1,,,,,,1
uFwnmh0GpBo_003237,val,other: turning,3237,3335,34,58,99,3.4,5.8,9.9,,,,,,1
ahKX0rtdMJc_004813,val,other: turning,4813,4881,29,64,69,2.9,6.4,6.9,,,,,,1
EY8x-fyQkbk_004577,val,other: turning,4577,4678,31,52,102,3.1,5.2,10.2,,,,,,1
sdqIDbZJfy0_003501,val,other: turning,3501,3640,35,59,140,3.5,5.9,14.0,,,,,,1
Izf9l3VWQuo_004020,val,other: turning,4020,4138,25,71,119,2.5,7.1,11.9,,,,,,1
a_VxrUq9PmA_000756,val,other: turning,756,865,37,77,110,3.7,7.7,11.0,,,,,,1
Hd2IzHAfkCI_001201,val,other: turning,1201,1300,33,94,100,3.3,9.4,10.0,,,,,,1
HzVbo46kkBA_001118,val,other: turning,1118,1219,46,67,102,4.6,6.7,10.2,,,,,,1
7uTMZ5-aWKA_004289,val,other: turning,4289,4377,43,60,89,4.3,6.0,8.9,,,,,,1
uFwnmh0GpBo_004859,val,other: turning,4859,4977,46,82,119,4.6,8.2,11.9,,,,,,1
qzMjfBx1KI0_005376,val,other: turning,5376,5443,8,30,68,0.8,3.0,6.8,,,,,,1
ahKX0rtdMJc_000291,val,other: turning,291,369,28,51,79,2.8,5.1,7.9,,,,,,1
hdOtS-BpUPY_001660,val,other: turning,1660,1770,41,99,111,4.1,9.9,11.1,,,,,,1
6E2N9ld0eHg_001083,val,other: turning,1083,1171,35,51,89,3.5,5.1,8.9,,,,,,1
RASKiMoxhOE_005361,val,other: turning,5361,5415,21,44,55,2.1,4.4,5.5,,,,,,1
D_pyFV4nKd4_001455,val,other: turning,1455,1553,47,75,99,4.7,7.5,9.9,,,,,,1
f482qwPz7ns_003854,val,other: turning,3854,3920,28,51,67,2.8,5.1,6.7,,,,,,1
DSBGS6aRzgc_000951,val,other: turning,951,1089,46,106,139,4.6,10.6,13.9,,,,,,1
4OGV0AbV91U_001924,val,other: turning,1924,1986,38,63,63,3.8,6.3,6.3,,,,,,1
kld-iYpdjyo_002835,val,other: turning,2835,2937,24,40,103,2.4,4.0,10.3,,,,,,1
hdOtS-BpUPY_000073,val,other: turning,73,189,56,108,117,5.6,10.8,11.7,,,,,,1
ZIts2XH28SA_001032,val,other: turning,1032,1130,47,59,99,4.7,5.9,9.9,,,,,,1
Nc9SDBksPPA_004005,val,other: turning,4005,4113,61,80,109,6.1,8.0,10.9,,,,,,1
fb5i7JlmJdg_005152,val,other: turning,5152,5250,35,63,99,3.5,6.3,9.9,,,,,,1
ha-IeID24As_003356,val,other: turning,3356,3427,11,32,72,1.1,3.2,7.2,,,,,,1
5vKPYV5w6pw_000295,val,other: turning,295,403,45,65,109,4.5,6.5,10.9,,,,,,1
uO2zGO5ydBc_004785,val,other: turning,4785,4871,53,77,87,5.3,7.7,8.7,,,,,,1
eN6y6-4C1Rc_000630,val,other: turning,630,720,34,50,91,3.4,5.0,9.1,,,,,,1
vdLn-qswnRo_000051,val,other: turning,51,155,27,44,105,2.7,4.4,10.5,,,,,,1
X8VgGb1fJDU_000836,val,other: turning,836,936,50,71,101,5.0,7.1,10.1,,,,,,1
mrIFkGZbNjc_003166,val,other: turning,3166,3274,48,64,109,4.8,6.4,10.9,,,,,,1
f482qwPz7ns_004566,val,other: turning,4566,4704,31,55,139,3.1,5.5,13.9,,,,,,1
kVhgFPPG-wo_002794,val,other: turning,2794,2862,32,48,69,3.2,4.8,6.9,,,,,,1
Y4rb2_HaBdQ_002130,val,other: turning,2130,2196,39,53,67,3.9,5.3,6.7,,,,,,1
PYL3JcSsS6o_004326,val,other: turning,4326,4414,25,35,89,2.5,3.5,8.9,,,,,,1
3Sqeb-l1RPA_003666,val,other: turning,3666,3759,13,41,94,1.3,4.1,9.4,,,,,,1
bhA2ckvE-TQ_003020,val,other: turning,3020,3124,39,89,105,3.9,8.9,10.5,,,,,,1
0z7J7rOpTic_000072,val,other: turning,72,189,33,104,118,3.3,10.4,11.8,,,,,,1
UKBuDqU8qTM_003470,val,other: turning,3470,3589,32,60,120,3.2,6.0,12.0,,,,,,1
JHfjuFrnpjA_002709,val,other: turning,2709,2824,76,83,116,7.6,8.3,11.6,,,,,,1
DpQBo4gb6Lw_000074,val,other: turning,74,179,24,65,106,2.4,6.5,10.6,,,,,,1
Izf9l3VWQuo_003920,val,other: turning,3920,4018,33,63,99,3.3,6.3,9.9,,,,,,1
uFwnmh0GpBo_001332,val,other: turning,1332,1420,40,58,89,4.0,5.8,8.9,,,,,,1
qYonJ4w6SZs_004111,val,other: turning,4111,4214,30,64,104,3.0,6.4,10.4,,,,,,1
ahKX0rtdMJc_004730,val,other: turning,4730,4811,27,64,82,2.7,6.4,8.2,,,,,,1
sdqIDbZJfy0_000075,val,other: turning,75,179,53,69,105,5.3,6.9,10.5,,,,,,1
D_pyFV4nKd4_001355,val,other: turning,1355,1453,15,73,99,1.5,7.3,9.9,,,,,,1
ahKX0rtdMJc_003739,val,other: turning,3739,3836,35,52,98,3.5,5.2,9.8,,,,,,1
JPfUoxTjKo4_001785,val,other: turning,1785,1870,42,67,86,4.2,6.7,8.6,,,,,,1
RPNiqsdt6-w_002447,val,other: turning,2447,2545,42,63,99,4.2,6.3,9.9,,,,,,1
bFGmOp9H3MA_002089,val,other: turning,2089,2180,27,67,92,2.7,6.7,9.2,,,,,,1
UKBuDqU8qTM_000591,val,other: turning,591,699,44,56,109,4.4,5.6,10.9,,,,,,1
l1XbmdmGr0Q_002989,val,other: turning,2989,3079,53,65,91,5.3,6.5,9.1,,,,,,1
RPNiqsdt6-w_003847,val,other: turning,3847,3935,54,86,89,5.4,8.6,8.9,,,,,,1
kN-2mc561GY_003565,val,other: turning,3565,3636,30,49,72,3.0,4.9,7.2,,,,,,1
h55PiQMnlJY_002130,val,other: turning,2130,2224,38,94,95,3.8,9.4,9.5,,,,,,1
cfrLchAShxQ_002078,val,other: turning,2078,2151,47,64,74,4.7,6.4,7.4,,,,,,1
ha-IeID24As_003429,val,other: turning,3429,3508,20,51,80,2.0,5.1,8.0,,,,,,1
P5MjgFmqouA_001039,val,other: turning,1039,1150,69,89,112,6.9,8.9,11.2,,,,,,1
kld-iYpdjyo_000558,val,other: turning,558,662,39,105,105,3.9,10.5,10.5,,,,,,1
Hx8FMhmdOQU_003461,val,other: turning,3461,3519,13,45,59,1.3,4.5,5.9,,,,,,1
88LcRU7uEFE_004160,val,other: turning,4160,4259,54,87,100,5.4,8.7,10.0,,,,,,1
Q7VBPeGwJWw_002595,val,other: turning,2595,2654,11,49,60,1.1,4.9,6.0,,,,,,1
qYonJ4w6SZs_004637,val,other: turning,4637,4731,48,60,95,4.8,6.0,9.5,,,,,,1
LfKfK4I5RPE_000932,val,other: turning,932,1050,37,55,119,3.7,5.5,11.9,,,,,,1
UOjQsfDXjO0_000075,val,other: turning,75,219,77,110,145,7.7,11.0,14.5,,,,,,1
Z9K13eBUwJM_005029,val,other: turning,5029,5091,17,49,63,1.7,4.9,6.3,,,,,,1
zRZ9PJguIfE_002411,val,other: turning,2411,2549,76,105,139,7.6,10.5,13.9,,,,,,1
L334aqEJxys_000197,val,other: turning,197,284,48,65,88,4.8,6.5,8.8,,,,,,1
2SAby_5t94M_003054,val,other: turning,3054,3121,46,65,68,4.6,6.5,6.8,,,,,,1
eN6y6-4C1Rc_006099,val,other: turning,6099,6162,19,38,64,1.9,3.8,6.4,,,,,,1
bI9JzQSrEGo_000346,val,other: turning,346,430,27,52,85,2.7,5.2,8.5,,,,,,1
fb5i7JlmJdg_001524,val,other: turning,1524,1612,46,64,89,4.6,6.4,8.9,,,,,,1
Nc9SDBksPPA_004714,val,other: turning,4714,4821,43,73,108,4.3,7.3,10.8,,,,,,1
O9uvBFovKj8_000422,val,other: turning,422,520,50,69,99,5.0,6.9,9.9,,,,,,1
6E2N9ld0eHg_000390,val,other: turning,390,508,39,85,119,3.9,8.5,11.9,,,,,,1
ha-IeID24As_004879,val,other: turning,4879,4984,43,72,106,4.3,7.2,10.6,,,,,,1
fsqORUrKLYg_004920,val,other: turning,4920,5008,44,74,89,4.4,7.4,8.9,,,,,,1
ecRog9N1Qf0_003805,val,other: turning,3805,3872,22,56,68,2.2,5.6,6.8,,,,,,1
88LcRU7uEFE_004484,val,other: turning,4484,4582,45,63,99,4.5,6.3,9.9,,,,,,1
bFGmOp9H3MA_003916,val,other: turning,3916,4011,40,69,96,4.0,6.9,9.6,,,,,,1
UOjQsfDXjO0_000361,val,other: turning,361,499,31,84,139,3.1,8.4,13.9,,,,,,1
t4Cvbdtebk0_001579,val,other: turning,1579,1661,25,66,83,2.5,6.6,8.3,,,,,,1
Hd2IzHAfkCI_003791,val,other: turning,3791,3889,35,71,99,3.5,7.1,9.9,,,,,,1
ha-IeID24As_002203,val,other: turning,2203,2291,32,56,89,3.2,5.6,8.9,,,,,,1
0qfbmt4G8Rw_002959,val,other: turning,2959,3066,37,67,108,3.7,6.7,10.8,,,,,,1
88LcRU7uEFE_005582,val,other: turning,5582,5666,42,63,85,4.2,6.3,8.5,,,,,,1
HaC3LrJiTmQ_003076,val,other: turning,3076,3255,40,158,180,4.0,15.8,18.0,,,,,,1
sdqIDbZJfy0_002551,val,other: turning,2551,2636,23,47,86,2.3,4.7,8.6,,,,,,1
ieP36TLihGM_004344,val,other: turning,4344,4442,42,62,99,4.2,6.2,9.9,,,,,,1
Izf9l3VWQuo_001651,val,other: turning,1651,1789,48,121,139,4.8,12.1,13.9,,,,,,1
0RJPQ_97dcs_004351,val,other: turning,4351,4441,38,65,91,3.8,6.5,9.1,,,,,,1
4wKjxDXnmYs_001113,val,other: turning,1113,1194,20,49,82,2.0,4.9,8.2,,,,,,1
a_VxrUq9PmA_005362,val,other: turning,5362,5450,18,48,89,1.8,4.8,8.9,,,,,,1
fb5i7JlmJdg_001214,val,other: turning,1214,1322,60,95,109,6.0,9.5,10.9,,,,,,1
l1XbmdmGr0Q_001571,val,other: turning,1571,1643,35,51,73,3.5,5.1,7.3,,,,,,1
HzVbo46kkBA_004876,val,other: turning,4876,4974,41,66,99,4.1,6.6,9.9,,,,,,1
ieP36TLihGM_001324,val,other: turning,1324,1402,13,43,79,1.3,4.3,7.9,,,,,,1
3tEZvtQZ18Q_005360,val,other: turning,5360,5468,63,80,109,6.3,8.0,10.9,,,,,,1
t_bCDlNOhJc_005521,val,other: turning,5521,5639,31,81,119,3.1,8.1,11.9,,,,,,1
L334aqEJxys_001101,val,other: turning,1101,1210,19,43,110,1.9,4.3,11.0,,,,,,1
y4Evv5By6sg_000878,val,other: turning,878,956,29,48,79,2.9,4.8,7.9,,,,,,1
4wKjxDXnmYs_001922,val,other: turning,1922,1992,24,45,71,2.4,4.5,7.1,,,,,,1
nvVk7L3GrJQ_000778,val,ego: oncoming,778,854,38,63,77,3.8,6.3,7.7,,,,,,1
Hd2IzHAfkCI_000999,val,ego: oncoming,999,1089,38,61,91,3.8,6.1,9.1,,,,,,1
Izf9l3VWQuo_004422,val,ego: oncoming,4422,4500,69,79,79,6.9,7.9,7.9,,,,,,1
T7TkJVmGyts_002658,val,ego: oncoming,2658,2776,35,62,119,3.5,6.2,11.9,,,,,,1
W6YrlYyWguc_005267,val,ego: oncoming,5267,5365,36,70,99,3.6,7.0,9.9,,,,,,1
LfKfK4I5RPE_003642,val,ego: oncoming,3642,3730,34,68,89,3.4,6.8,8.9,,,,,,1
TlBhM9Xbr2o_004364,val,ego: oncoming,4364,4443,43,63,80,4.3,6.3,8.0,,,,,,1
HzVbo46kkBA_002666,val,ego: oncoming,2666,2778,20,104,113,2.0,10.4,11.3,,,,,,1
Pbw0A-RCjcw_000075,val,ego: oncoming,75,209,70,75,135,7.0,7.5,13.5,,,,,,1
y4Evv5By6sg_001348,val,ego: oncoming,1348,1415,63,68,68,6.3,6.8,6.8,,,,,,1
lKMwX4nA64k_002408,val,ego: oncoming,2408,2492,23,36,85,2.3,3.6,8.5,,,,,,1
DSBGS6aRzgc_000471,val,ego: oncoming,471,532,54,62,62,5.4,6.2,6.2,,,,,,1
HzVbo46kkBA_000670,val,ego: oncoming,670,815,52,79,146,5.2,7.9,14.6,,,,,,1
u33fdjUY_Iw_000529,val,ego: oncoming,529,746,33,43,218,3.3,4.3,21.8,,,,,,1
YBEYOS3A3Ic_004930,val,ego: oncoming,4930,4998,32,48,69,3.2,4.8,6.9,,,,,,1
bFGmOp9H3MA_000149,val,ego: oncoming,149,353,38,51,205,3.8,5.1,20.5,,,,,,1
Izf9l3VWQuo_003768,val,ego: oncoming,3768,3918,64,133,151,6.4,13.3,15.1,,,,,,1
D_pyFV4nKd4_003413,val,ego: oncoming,3413,3490,30,45,78,3.0,4.5,7.8,,,,,,1
0qfbmt4G8Rw_002376,val,ego: oncoming,2376,2474,52,73,99,5.2,7.3,9.9,,,,,,1
6I7Dz0qF4NA_000982,val,ego: oncoming,982,1110,62,113,129,6.2,11.3,12.9,,,,,,1
X8VgGb1fJDU_000737,val,ego: oncoming,737,834,52,61,98,5.2,6.1,9.8,,,,,,1
kld-iYpdjyo_001104,val,ego: oncoming,1104,1215,42,73,112,4.2,7.3,11.2,,,,,,1
88LcRU7uEFE_005267,val,ego: oncoming,5267,5335,26,58,69,2.6,5.8,6.9,,,,,,1
3tEZvtQZ18Q_005470,val,ego: oncoming,5470,5534,39,65,65,3.9,6.5,6.5,,,,,,1
2SAby_5t94M_003123,val,ego: oncoming,3123,3201,32,76,79,3.2,7.6,7.9,,,,,,1
nADqn-DZ-Dc_000211,val,ego: oncoming,211,264,39,54,54,3.9,5.4,5.4,,,,,,1
DyzL2sahobA_000311,val,ego: oncoming,311,371,50,61,61,5.0,6.1,6.1,,,,,,1
dZG1VKsgs60_000482,val,ego: oncoming,482,580,51,61,99,5.1,6.1,9.9,,,,,,1
GDejMONyY4U_003047,val,ego: oncoming,3047,3135,16,69,89,1.6,6.9,8.9,,,,,,1
8dI7OolIEXY_001287,val,ego: oncoming,1287,1369,42,49,83,4.2,4.9,8.3,,,,,,1
Hx8FMhmdOQU_000605,val,ego: oncoming,605,713,55,80,109,5.5,8.0,10.9,,,,,,1
gXezhrOijmQ_000708,val,ego: oncoming,708,806,50,83,99,5.0,8.3,9.9,,,,,,1
QeuzUfHIWYU_001296,val,ego: oncoming,1296,1414,69,99,119,6.9,9.9,11.9,,,,,,1
DSBGS6aRzgc_002074,val,ego: oncoming,2074,2170,41,87,97,4.1,8.7,9.7,,,,,,1
mrIFkGZbNjc_001761,val,ego: oncoming,1761,1869,30,39,109,3.0,3.9,10.9,,,,,,1
gZbGLa253Ak_001152,val,ego: oncoming,1152,1250,31,80,99,3.1,8.0,9.9,,,,,,1
Hx8FMhmdOQU_004650,val,ego: oncoming,4650,4728,39,55,79,3.9,5.5,7.9,,,,,,1
sUbP4j8rAic_000382,val,ego: oncoming,382,481,40,99,100,4.0,9.9,10.0,,,,,,1
JHfjuFrnpjA_003959,val,ego: oncoming,3959,4057,35,87,99,3.5,8.7,9.9,,,,,,1
uO2zGO5ydBc_001446,val,ego: oncoming,1446,1557,24,52,112,2.4,5.2,11.2,,,,,,1
fHUJcUaW2mE_002505,val,ego: oncoming,2505,2559,31,54,55,3.1,5.4,5.5,,,,,,1
PEwiwzyTjX0_004936,val,ego: oncoming,4936,5002,42,59,67,4.2,5.9,6.7,,,,,,1
Z9K13eBUwJM_000332,val,ego: oncoming,332,459,63,88,128,6.3,8.8,12.8,,,,,,1
t4Cvbdtebk0_000075,val,ego: oncoming,75,193,65,109,119,6.5,10.9,11.9,,,,,,1
Hkui6PJboFg_004632,val,ego: oncoming,4632,4708,40,51,77,4.0,5.1,7.7,,,,,,1
xjbbH74SwTg_000075,val,ego: oncoming,75,157,74,82,83,7.4,8.2,8.3,,,,,,1
HaC3LrJiTmQ_002185,val,ego: oncoming,2185,2317,80,131,133,8.0,13.1,13.3,,,,,,1
QeuzUfHIWYU_001517,val,ego: oncoming,1517,1605,41,69,89,4.1,6.9,8.9,,,,,,1
OPj7lUQOre8_001411,val,ego: oncoming,1411,1529,69,89,119,6.9,8.9,11.9,,,,,,1
IOoVklIZLMw_004164,val,ego: oncoming,4164,4282,67,98,119,6.7,9.8,11.9,,,,,,1
Hd2IzHAfkCI_000191,val,ego: oncoming,191,299,31,60,109,3.1,6.0,10.9,,,,,,1
eN6y6-4C1Rc_000162,val,ego: oncoming,162,262,45,101,101,4.5,10.1,10.1,,,,,,1
RASKiMoxhOE_000622,val,ego: oncoming,622,733,32,60,112,3.2,6.0,11.2,,,,,,1
4OGV0AbV91U_002109,val,other: moving_ahead_or_waiting,2109,2186,17,65,78,1.7,6.5,7.8,,,,,,1
gZbGLa253Ak_002261,val,other: moving_ahead_or_waiting,2261,2382,25,71,122,2.5,7.1,12.2,,,,,,1
gZbGLa253Ak_004974,val,other: moving_ahead_or_waiting,4974,5047,25,74,74,2.5,7.4,7.4,,,,,,1
DyzL2sahobA_004389,val,other: moving_ahead_or_waiting,4389,4527,25,104,139,2.5,10.4,13.9,,,,,,1
P5MjgFmqouA_003403,val,other: moving_ahead_or_waiting,3403,3503,47,66,101,4.7,6.6,10.1,,,,,,1
bhA2ckvE-TQ_000522,val,other: moving_ahead_or_waiting,522,610,30,41,89,3.0,4.1,8.9,,,,,,1
fWJbp43k644_005345,val,other: moving_ahead_or_waiting,5345,5428,18,54,84,1.8,5.4,8.4,,,,,,1
Eq7_uD2yN5Y_005433,val,other: moving_ahead_or_waiting,5433,5531,40,64,99,4.0,6.4,9.9,,,,,,1
gXezhrOijmQ_004808,val,other: moving_ahead_or_waiting,4808,4876,27,53,69,2.7,5.3,6.9,,,,,,1
lmykriTbncM_001467,val,other: moving_ahead_or_waiting,1467,1571,38,70,105,3.8,7.0,10.5,,,,,,1
yB6fjM1UUC0_001297,val,other: moving_ahead_or_waiting,1297,1475,52,92,179,5.2,9.2,17.9,,,,,,1
hdOtS-BpUPY_002295,val,other: moving_ahead_or_waiting,2295,2453,69,90,159,6.9,9.0,15.9,,,,,,1
eN6y6-4C1Rc_003681,val,other: moving_ahead_or_waiting,3681,3771,21,61,91,2.1,6.1,9.1,,,,,,1
oZaUkhs_H-s_001806,val,other: moving_ahead_or_waiting,1806,1914,39,69,109,3.9,6.9,10.9,,,,,,1
Tsl84N96WM8_001932,val,other: moving_ahead_or_waiting,1932,2020,24,62,89,2.4,6.2,8.9,,,,,,1
Hx8FMhmdOQU_003521,val,other: moving_ahead_or_waiting,3521,3599,17,50,79,1.7,5.0,7.9,,,,,,1
DpQBo4gb6Lw_001275,val,other: moving_ahead_or_waiting,1275,1363,25,67,89,2.5,6.7,8.9,,,,,,1
HbxPs2D_eJw_000062,val,other: moving_ahead_or_waiting,62,156,52,95,95,5.2,9.5,9.5,,,,,,1
xVfPBzDnI2Q_005366,val,other: moving_ahead_or_waiting,5366,5472,32,72,107,3.2,7.2,10.7,,,,,,1
EY8x-fyQkbk_004680,val,other: moving_ahead_or_waiting,4680,4824,14,52,145,1.4,5.2,14.5,,,,,,1
L334aqEJxys_004387,val,other: moving_ahead_or_waiting,4387,4485,29,61,99,2.9,6.1,9.9,,,,,,1
IQwS7BEjUxM_001114,val,other: moving_ahead_or_waiting,1114,1199,45,60,86,4.5,6.0,8.6,,,,,,1
J-j5eIHg8I0_003655,val,other: moving_ahead_or_waiting,3655,3753,35,51,99,3.5,5.1,9.9,,,,,,1
UbDCiQVuzPY_004593,val,other: moving_ahead_or_waiting,4593,4698,26,56,106,2.6,5.6,10.6,,,,,,1
kEcbnTbgi4A_001540,val,other: moving_ahead_or_waiting,1540,1680,57,112,141,5.7,11.2,14.1,,,,,,1
eN6y6-4C1Rc_003963,val,other: moving_ahead_or_waiting,3963,4082,35,90,120,3.5,9.0,12.0,,,,,,1
d2SCftR5sWc_001401,val,other: moving_ahead_or_waiting,1401,1499,2,63,99,0.2,6.3,9.9,,,,,,1
3sGShQb_HwU_004019,val,other: moving_ahead_or_waiting,4019,4117,43,75,99,4.3,7.5,9.9,,,,,,1
9Q0FCoNxL8I_001291,val,other: moving_ahead_or_waiting,1291,1439,38,71,149,3.8,7.1,14.9,,,,,,1
7uTMZ5-aWKA_004470,val,other: moving_ahead_or_waiting,4470,4559,30,59,90,3.0,5.9,9.0,,,,,,1
vZSr9dhRxlE_000763,val,other: moving_ahead_or_waiting,763,826,19,41,64,1.9,4.1,6.4,,,,,,1
jv7vz_55H8M_002035,val,other: moving_ahead_or_waiting,2035,2141,38,83,107,3.8,8.3,10.7,,,,,,1
HNRS3w5zep8_004089,val,other: moving_ahead_or_waiting,4089,4168,37,57,80,3.7,5.7,8.0,,,,,,1
PqbpIHZvjMA_003567,val,other: moving_ahead_or_waiting,3567,3645,28,45,79,2.8,4.5,7.9,,,,,,1
LfKfK4I5RPE_005082,val,other: leave_to_left,5082,5262,32,144,181,3.2,14.4,18.1,,,,,,1
4wKjxDXnmYs_005824,val,other: leave_to_left,5824,5881,6,41,58,0.6,4.1,5.8,,,,,,1
qzMjfBx1KI0_003786,val,other: leave_to_left,3786,3897,37,77,112,3.7,7.7,11.2,,,,,,1
IQwS7BEjUxM_000316,val,other: leave_to_left,316,357,11,28,42,1.1,2.8,4.2,,,,,,1
sdqIDbZJfy0_003077,val,other: leave_to_left,3077,3196,51,74,120,5.1,7.4,12.0,,,,,,1
hdOtS-BpUPY_004133,val,other: leave_to_left,4133,4291,44,114,159,4.4,11.4,15.9,,,,,,1
vdLn-qswnRo_000678,val,other: leave_to_left,678,782,1,15,105,0.1,1.5,10.5,,,,,,1
ruiSuGHJf6Q_000631,val,other: leave_to_left,631,769,51,98,139,5.1,9.8,13.9,,,,,,1
eWWgJznGg6U_006187,val,other: leave_to_left,6187,6346,7,140,160,0.7,14.0,16.0,,,,,,1
0z7J7rOpTic_001576,val,other: leave_to_left,1576,1674,33,64,99,3.3,6.4,9.9,,,,,,1
TlBhM9Xbr2o_004297,val,other: leave_to_left,4297,4362,31,64,66,3.1,6.4,6.6,,,,,,1
ezY7QrSWeWw_000643,val,other: leave_to_left,643,718,21,65,76,2.1,6.5,7.6,,,,,,1
mrIFkGZbNjc_004231,val,other: leave_to_left,4231,4329,16,35,99,1.6,3.5,9.9,,,,,,1
LfKfK4I5RPE_000522,val,other: leave_to_left,522,630,50,78,109,5.0,7.8,10.9,,,,,,1
f482qwPz7ns_005348,val,other: leave_to_left,5348,5485,21,52,138,2.1,5.2,13.8,,,,,,1
JkYzYrJpSoQ_005112,val,other: leave_to_left,5112,5204,45,72,93,4.5,7.2,9.3,,,,,,1
bI9JzQSrEGo_003944,val,other: leave_to_left,3944,4049,37,99,106,3.7,9.9,10.6,,,,,,1
ujVRDgGVzlQ_004099,val,other: leave_to_left,4099,4240,63,142,142,6.3,14.2,14.2,,,,,,1
sUbP4j8rAic_001928,val,other: leave_to_left,1928,2036,50,95,109,5.0,9.5,10.9,,,,,,1
pOJpwWmEcFg_001081,val,other: leave_to_left,1081,1179,26,64,99,2.6,6.4,9.9,,,,,,1
uFwnmh0GpBo_003487,val,other: leave_to_left,3487,3595,61,75,109,6.1,7.5,10.9,,,,,,1
P5MjgFmqouA_003200,val,other: leave_to_left,3200,3299,29,56,100,2.9,5.6,10.0,,,,,,1
LfKfK4I5RPE_004005,val,other: leave_to_left,4005,4131,51,94,127,5.1,9.4,12.7,,,,,,1
eN6y6-4C1Rc_004958,val,other: leave_to_left,4958,5053,16,43,96,1.6,4.3,9.6,,,,,,1
HzVbo46kkBA_002576,val,other: leave_to_left,2576,2664,13,60,89,1.3,6.0,8.9,,,,,,1
kld-iYpdjyo_000664,val,other: leave_to_left,664,784,55,113,121,5.5,11.3,12.1,,,,,,1
sdqIDbZJfy0_000947,val,other: leave_to_left,947,1066,25,102,120,2.5,10.2,12.0,,,,,,1
ezY7QrSWeWw_001253,val,other: unknown,1253,1348,2,3,96,0.2,0.3,9.6,,,,,,1
9Q0FCoNxL8I_002504,val,other: unknown,2504,2685,29,153,182,2.9,15.3,18.2,,,,,,1
zRZ9PJguIfE_004835,val,other: unknown,4835,4954,26,72,120,2.6,7.2,12.0,,,,,,1
fWJbp43k644_000876,val,other: unknown,876,1034,83,152,159,8.3,15.2,15.9,,,,,,1
7uTMZ5-aWKA_004379,val,other: unknown,4379,4468,29,57,90,2.9,5.7,9.0,,,,,,1
0RJPQ_97dcs_003335,val,other: unknown,3335,3473,18,66,139,1.8,6.6,13.9,,,,,,1
fWJbp43k644_004695,val,other: lateral,4695,4804,44,87,110,4.4,8.7,11.0,,,,,,1
a_VxrUq9PmA_003255,val,other: lateral,3255,3403,32,93,149,3.2,9.3,14.9,,,,,,1
fb5i7JlmJdg_000361,val,other: lateral,361,461,33,69,101,3.3,6.9,10.1,,,,,,1
DSBGS6aRzgc_001719,val,other: lateral,1719,1840,41,122,122,4.1,12.2,12.2,,,,,,1
hfwb3mZZ0fs_001430,val,other: lateral,1430,1520,43,64,91,4.3,6.4,9.1,,,,,,1
Y4rb2_HaBdQ_003457,val,other: lateral,3457,3576,31,64,120,3.1,6.4,12.0,,,,,,1
eN6y6-4C1Rc_000052,val,other: lateral,52,157,34,68,106,3.4,6.8,10.6,,,,,,1
nHvTqyRntbY_005672,val,other: lateral,5672,5766,24,85,95,2.4,8.5,9.5,,,,,,1
hIHap634rMw_001765,val,other: lateral,1765,1829,25,57,65,2.5,5.7,6.5,,,,,,1
Nc9SDBksPPA_001573,val,other: lateral,1573,1671,52,68,99,5.2,6.8,9.9,,,,,,1
HzVbo46kkBA_003594,val,other: lateral,3594,3732,67,106,139,6.7,10.6,13.9,,,,,,1
GdyJqgxlSxs_002843,val,other: lateral,2843,2977,19,73,135,1.9,7.3,13.5,,,,,,1
oZaUkhs_H-s_004142,val,other: lateral,4142,4280,41,84,139,4.1,8.4,13.9,,,,,,1
ha-IeID24As_001247,val,other: lateral,1247,1355,32,64,109,3.2,6.4,10.9,,,,,,1
gXezhrOijmQ_004127,val,other: lateral,4127,4215,16,68,89,1.6,6.8,8.9,,,,,,1
IQwS7BEjUxM_004755,val,other: lateral,4755,4948,29,52,194,2.9,5.2,19.4,,,,,,1
PYL3JcSsS6o_004947,val,other: lateral,4947,5021,25,38,75,2.5,3.8,7.5,,,,,,1
9Q0FCoNxL8I_004595,val,other: lateral,4595,4703,47,80,109,4.7,8.0,10.9,,,,,,1
3tEZvtQZ18Q_003585,val,other: lateral,3585,3663,19,63,79,1.9,6.3,7.9,,,,,,1
PEwiwzyTjX0_000400,val,other: lateral,400,490,20,48,91,2.0,4.8,9.1,,,,,,1
nvVk7L3GrJQ_004590,val,other: lateral,4590,4705,23,77,116,2.3,7.7,11.6,,,,,,1
2TmFM9p1KF8_003888,val,other: lateral,3888,3952,32,51,65,3.2,5.1,6.5,,,,,,1
O9uvBFovKj8_004208,val,other: lateral,4208,4274,52,67,67,5.2,6.7,6.7,,,,,,1
UbDCiQVuzPY_003612,val,other: lateral,3612,3770,94,146,159,9.4,14.6,15.9,,,,,,1
3u_CIo9IaWo_002458,val,other: lateral,2458,2586,16,79,129,1.6,7.9,12.9,,,,,,1
kld-iYpdjyo_004841,val,other: lateral,4841,4977,38,81,137,3.8,8.1,13.7,,,,,,1
jv7vz_55H8M_003960,val,other: lateral,3960,4048,40,89,89,4.0,8.9,8.9,,,,,,1
pQdl0apLT70_000947,val,other: lateral,947,1028,19,44,82,1.9,4.4,8.2,,,,,,1
ruiSuGHJf6Q_002761,val,other: lateral,2761,2887,32,102,127,3.2,10.2,12.7,,,,,,1
uO2zGO5ydBc_004873,val,other: lateral,4873,4954,27,59,82,2.7,5.9,8.2,,,,,,1
gDjeTHGWX9c_002310,val,other: lateral,2310,2392,33,74,83,3.3,7.4,8.3,,,,,,1
4K_6s1n6BpU_002218,val,other: lateral,2218,2312,10,43,95,1.0,4.3,9.5,,,,,,1
xVfPBzDnI2Q_001529,val,other: lateral,1529,1604,32,46,76,3.2,4.6,7.6,,,,,,1
T89zSiaMNgM_000593,val,ego: leave_to_left,593,652,38,60,60,3.8,6.0,6.0,,,,,,1
PfJ2CudpCgE_005114,val,ego: leave_to_left,5114,5192,39,40,79,3.9,4.0,7.9,,,,,,1
Z9K13eBUwJM_004167,val,ego: leave_to_left,4167,4261,25,84,95,2.5,8.4,9.5,,,,,,1
Eq7_uD2yN5Y_005753,val,ego: leave_to_left,5753,5870,49,66,118,4.9,6.6,11.8,,,,,,1
J-j5eIHg8I0_000073,val,ego: leave_to_left,73,192,45,95,120,4.5,9.5,12.0,,,,,,1
jFFhYwgepmY_001249,val,ego: leave_to_left,1249,1457,128,182,209,12.8,18.2,20.9,,,,,,1
QeuzUfHIWYU_001607,val,ego: leave_to_left,1607,1715,59,89,109,5.9,8.9,10.9,,,,,,1
HzVbo46kkBA_000570,val,ego: leave_to_left,570,668,31,85,99,3.1,8.5,9.9,,,,,,1
xjbbH74SwTg_001159,val,ego: leave_to_left,1159,1277,51,85,119,5.1,8.5,11.9,,,,,,1
LfKfK4I5RPE_005414,val,ego: leave_to_left,5414,5553,41,109,140,4.1,10.9,14.0,,,,,,1
uFwnmh0GpBo_002910,val,ego: leave_to_left,2910,3024,49,87,115,4.9,8.7,11.5,,,,,,1
vZSr9dhRxlE_000335,val,ego: leave_to_left,335,478,63,130,144,6.3,13.0,14.4,,,,,,1
fdvMUP8qvzw_000867,val,ego: leave_to_left,867,967,55,66,101,5.5,6.6,10.1,,,,,,1
3sGShQb_HwU_001086,val,ego: leave_to_left,1086,1194,35,109,109,3.5,10.9,10.9,,,,,,1
Hd2IzHAfkCI_005643,val,ego: leave_to_left,5643,5751,25,109,109,2.5,10.9,10.9,,,,,,1
8dI7OolIEXY_002454,val,ego: leave_to_left,2454,2568,26,70,115,2.6,7.0,11.5,,,,,,1
TlBhM9Xbr2o_002590,val,ego: leave_to_left,2590,2710,41,89,121,4.1,8.9,12.1,,,,,,1
IQwS7BEjUxM_004496,val,ego: leave_to_left,4496,4567,27,66,72,2.7,6.6,7.2,,,,,,1
dZG1VKsgs60_000702,val,ego: leave_to_left,702,821,86,120,120,8.6,12.0,12.0,,,,,,1
jv7vz_55H8M_004128,val,ego: leave_to_left,4128,4286,25,143,159,2.5,14.3,15.9,,,,,,1
p8q77QzOdUs_000552,val,ego: leave_to_left,552,650,30,69,99,3.0,6.9,9.9,,,,,,1
ha-IeID24As_000807,val,ego: leave_to_left,807,956,44,116,150,4.4,11.6,15.0,,,,,,1
f482qwPz7ns_004012,val,ego: leave_to_left,4012,4140,76,113,129,7.6,11.3,12.9,,,,,,1
pWZSG2cUdEo_000786,val,ego: leave_to_left,786,906,30,88,121,3.0,8.8,12.1,,,,,,1
t4Cvbdtebk0_000797,val,ego: leave_to_left,797,895,43,76,99,4.3,7.6,9.9,,,,,,1
IOoVklIZLMw_005210,val,ego: leave_to_left,5210,5317,48,97,108,4.8,9.7,10.8,,,,,,1
JkYzYrJpSoQ_002103,val,ego: leave_to_left,2103,2169,18,67,67,1.8,6.7,6.7,,,,,,1
qzMjfBx1KI0_003477,val,other: oncoming,3477,3572,35,58,96,3.5,5.8,9.6,,,,,,1
J-j5eIHg8I0_003979,val,other: oncoming,3979,4079,35,52,101,3.5,5.2,10.1,,,,,,1
pQdl0apLT70_000173,val,other: oncoming,173,302,45,63,130,4.5,6.3,13.0,,,,,,1
ruiSuGHJf6Q_004560,val,other: oncoming,4560,4658,36,57,99,3.6,5.7,9.9,,,,,,1
Rrcjy5t8b20_003743,val,other: oncoming,3743,3826,28,68,84,2.8,6.8,8.4,,,,,,1
kjVywUi1WK4_002933,val,other: oncoming,2933,3058,68,112,126,6.8,11.2,12.6,,,,,,1
UOjQsfDXjO0_001977,val,other: oncoming,1977,2155,77,115,179,7.7,11.5,17.9,,,,,,1
OPj7lUQOre8_000075,val,other: oncoming,75,209,84,105,135,8.4,10.5,13.5,,,,,,1
bhA2ckvE-TQ_001918,val,other: oncoming,1918,2030,15,39,113,1.5,3.9,11.3,,,,,,1
JkYzYrJpSoQ_004871,val,other: oncoming,4871,4956,20,38,86,2.0,3.8,8.6,,,,,,1
vdLn-qswnRo_005566,val,other: oncoming,5566,5640,16,38,75,1.6,3.8,7.5,,,,,,1
u33fdjUY_Iw_000748,val,other: oncoming,748,849,34,72,102,3.4,7.2,10.2,,,,,,1
O9uvBFovKj8_004882,val,other: oncoming,4882,4980,46,58,99,4.6,5.8,9.9,,,,,,1
ha-IeID24As_003728,val,other: oncoming,3728,3810,42,48,83,4.2,4.8,8.3,,,,,,1
UbDCiQVuzPY_001585,val,other: oncoming,1585,1693,40,64,109,4.0,6.4,10.9,,,,,,1
pQdl0apLT70_002510,val,other: leave_to_right,2510,2605,37,76,96,3.7,7.6,9.6,,,,,,1
1u69z-wsDIc_001475,val,other: leave_to_right,1475,1573,32,63,99,3.2,6.3,9.9,,,,,,1
bFGmOp9H3MA_001227,val,other: leave_to_right,1227,1414,16,149,188,1.6,14.9,18.8,,,,,,1
88LcRU7uEFE_001701,val,other: leave_to_right,1701,1799,38,92,99,3.8,9.2,9.9,,,,,,1
J-j5eIHg8I0_001444,val,other: leave_to_right,1444,1512,20,41,69,2.0,4.1,6.9,,,,,,1
jv7vz_55H8M_002948,val,other: leave_to_right,2948,3022,8,59,75,0.8,5.9,7.5,,,,,,1
t_bCDlNOhJc_001242,val,other: leave_to_right,1242,1390,70,123,149,7.0,12.3,14.9,,,,,,1
3Sqeb-l1RPA_002283,val,other: leave_to_right,2283,2437,53,84,155,5.3,8.4,15.5,,,,,,1
ruiSuGHJf6Q_003379,val,other: leave_to_right,3379,3456,30,61,78,3.0,6.1,7.8,,,,,,1
Z9K13eBUwJM_005447,val,other: leave_to_right,5447,5555,43,88,109,4.3,8.8,10.9,,,,,,1
jv7vz_55H8M_002694,val,other: leave_to_right,2694,2812,46,87,119,4.6,8.7,11.9,,,,,,1
P5MjgFmqouA_004357,val,other: leave_to_right,4357,4475,59,98,119,5.9,9.8,11.9,,,,,,1
Z9K13eBUwJM_002323,val,other: leave_to_right,2323,2402,33,68,80,3.3,6.8,8.0,,,,,,1
GJr8wKk8-YA_003273,val,other: leave_to_right,3273,3373,27,87,101,2.7,8.7,10.1,,,,,,1
gDjeTHGWX9c_005435,val,other: leave_to_right,5435,5530,33,73,96,3.3,7.3,9.6,,,,,,1
nvVk7L3GrJQ_003349,val,other: leave_to_right,3349,3403,39,55,55,3.9,5.5,5.5,,,,,,1
qYonJ4w6SZs_000554,val,other: leave_to_right,554,702,22,64,149,2.2,6.4,14.9,,,,,,1
T89zSiaMNgM_002115,val,other: leave_to_right,2115,2238,45,84,124,4.5,8.4,12.4,,,,,,1
ruiSuGHJf6Q_001891,val,other: leave_to_right,1891,2015,44,74,125,4.4,7.4,12.5,,,,,,1
ujVRDgGVzlQ_000481,val,other: leave_to_right,481,600,56,75,120,5.6,7.5,12.0,,,,,,1
kld-iYpdjyo_006386,val,other: leave_to_right,6386,6504,39,87,119,3.9,8.7,11.9,,,,,,1
J-j5eIHg8I0_002588,val,other: leave_to_right,2588,2705,26,118,118,2.6,11.8,11.8,,,,,,1
nHvTqyRntbY_003157,val,other: leave_to_right,3157,3315,60,107,159,6.0,10.7,15.9,,,,,,1
yB6fjM1UUC0_004616,val,other: leave_to_right,4616,4734,35,89,119,3.5,8.9,11.9,,,,,,1
hdOtS-BpUPY_003430,val,other: leave_to_right,3430,3548,35,81,119,3.5,8.1,11.9,,,,,,1
OPj7lUQOre8_004286,val,other: leave_to_right,4286,4404,51,92,119,5.1,9.2,11.9,,,,,,1
fdvMUP8qvzw_002335,val,other: leave_to_right,2335,2433,35,59,99,3.5,5.9,9.9,,,,,,1
fHUJcUaW2mE_001925,val,other: leave_to_right,1925,2079,53,120,155,5.3,12.0,15.5,,,,,,1
nvVk7L3GrJQ_002979,val,other: pedestrian,2979,3049,35,62,71,3.5,6.2,7.1,,,,,,1
Pbw0A-RCjcw_001730,val,other: pedestrian,1730,1849,51,91,120,5.1,9.1,12.0,,,,,,1
Hd2IzHAfkCI_005113,val,other: pedestrian,5113,5221,27,79,109,2.7,7.9,10.9,,,,,,1
u33fdjUY_Iw_004959,val,other: pedestrian,4959,5104,33,46,146,3.3,4.6,14.6,,,,,,1
sdqIDbZJfy0_003732,val,other: pedestrian,3732,3830,51,76,99,5.1,7.6,9.9,,,,,,1
O9uvBFovKj8_003658,val,other: pedestrian,3658,3796,50,89,139,5.0,8.9,13.9,,,,,,1
6E2N9ld0eHg_004809,val,other: pedestrian,4809,4947,32,58,139,3.2,5.8,13.9,,,,,,1
Nc9SDBksPPA_004494,val,other: obstacle,4494,4592,29,46,99,2.9,4.6,9.9,,,,,,1
vZSr9dhRxlE_002644,val,other: obstacle,2644,2748,48,67,105,4.8,6.7,10.5,,,,,,1
xpOyD-qrQUw_002352,val,other: obstacle,2352,2462,35,54,111,3.5,5.4,11.1,,,,,,1
Hx8FMhmdOQU_005700,val,other: obstacle,5700,5876,21,116,177,2.1,11.6,17.7,,,,,,1
UjkeNSr2dXQ_003649,val,other: obstacle,3649,3758,39,58,110,3.9,5.8,11.0,,,,,,1
UKBuDqU8qTM_004270,val,other: start_stop_or_stationary,4270,4427,32,73,158,3.2,7.3,15.8,,,,,,1
Hkui6PJboFg_000800,val,other: start_stop_or_stationary,800,904,44,84,105,4.4,8.4,10.5,,,,,,1
DSBGS6aRzgc_002651,val,other: start_stop_or_stationary,2651,2691,11,29,41,1.1,2.9,4.1,,,,,,1
V3--0ubJkNE_003878,val,other: start_stop_or_stationary,3878,3938,26,43,61,2.6,4.3,6.1,,,,,,1
Izf9l3VWQuo_004877,val,other: start_stop_or_stationary,4877,5022,20,41,146,2.0,4.1,14.6,,,,,,1
LfKfK4I5RPE_003037,val,other: start_stop_or_stationary,3037,3235,37,57,199,3.7,5.7,19.9,,,,,,1
gZbGLa253Ak_002191,val,other: start_stop_or_stationary,2191,2259,17,56,69,1.7,5.6,6.9,,,,,,1
DSBGS6aRzgc_005653,val,ego: start_stop_or_stationary,5653,5751,38,85,99,3.8,8.5,9.9,,,,,,1
3u_CIo9IaWo_001080,val,ego: start_stop_or_stationary,1080,1199,55,89,120,5.5,8.9,12.0,,,,,,1
Hd2IzHAfkCI_005223,val,ego: start_stop_or_stationary,5223,5311,42,53,89,4.2,5.3,8.9,,,,,,1
RPNiqsdt6-w_001174,val,ego: start_stop_or_stationary,1174,1282,65,76,109,6.5,7.6,10.9,,,,,,1
5vKPYV5w6pw_003028,val,ego: start_stop_or_stationary,3028,3069,32,42,42,3.2,4.2,4.2,,,,,,1
IOoVklIZLMw_003755,val,ego: start_stop_or_stationary,3755,3877,56,92,123,5.6,9.2,12.3,,,,,,1
fsqORUrKLYg_003960,val,ego: start_stop_or_stationary,3960,4025,58,66,66,5.8,6.6,6.6,,,,,,1
JV0D-YkWHD8_004623,val,ego: obstacle,4623,4684,12,56,62,1.2,5.6,6.2,,,,,,1
Eq7_uD2yN5Y_003799,val,ego: obstacle,3799,3937,53,134,139,5.3,13.4,13.9,,,,,,1
f482qwPz7ns_005595,val,ego: obstacle,5595,5722,45,89,128,4.5,8.9,12.8,,,,,,1
Vtpe3HAIEm4_003760,val,ego: obstacle,3760,3819,25,53,60,2.5,5.3,6.0,,,,,,1
fdvMUP8qvzw_002047,val,ego: obstacle,2047,2132,51,85,86,5.1,8.5,8.6,,,,,,1
4wKjxDXnmYs_002596,val,ego: obstacle,2596,2716,47,117,121,4.7,11.7,12.1,,,,,,1
a_VxrUq9PmA_003144,val,ego: unknown,3144,3253,22,59,110,2.2,5.9,11.0,,,,,,1
yhtzAKqRyXw_001943,val,ego: unknown,1943,2052,40,82,110,4.0,8.2,11.0,,,,,,1
bcpfYpmDcp0_000624,val,ego: unknown,624,744,34,106,121,3.4,10.6,12.1,,,,,,1
8dI7OolIEXY_003747,val,ego: unknown,3747,3845,44,88,99,4.4,8.8,9.9,,,,,,1
UKBuDqU8qTM_005610,val,ego: unknown,5610,5718,66,85,109,6.6,8.5,10.9,,,,,,1
ZIts2XH28SA_001882,val,ego: unknown,1882,2004,72,111,123,7.2,11.1,12.3,,,,,,1
0RJPQ_97dcs_000387,test,ego: moving_ahead_or_waiting,387,506,41,94,120,4.1,9.4,12.0,,,,,,1
0RJPQ_97dcs_002109,test,ego: turning,2109,2192,21,44,84,2.1,4.4,8.4,,,,,,1
0RJPQ_97dcs_002604,test,ego: lateral,2604,2737,12,92,134,1.2,9.2,13.4,,,,,,1
0RJPQ_97dcs_002834,test,ego: unknown,2834,2959,59,126,126,5.9,12.6,12.6,,,,,,1
0RJPQ_97dcs_003475,test,ego: moving_ahead_or_waiting,3475,3601,42,126,127,4.2,12.6,12.7,,,,,,1
0RJPQ_97dcs_003861,test,ego: turning,3861,3931,47,65,71,4.7,6.5,7.1,,,,,,1
0RJPQ_97dcs_004443,test,other: lateral,4443,4501,10,43,59,1.0,4.3,5.9,,,,,,1
0RJPQ_97dcs_004503,test,ego: turning,4503,4563,26,53,61,2.6,5.3,6.1,,,,,,1
0RJPQ_97dcs_004565,test,ego: leave_to_left,4565,4699,22,127,135,2.2,12.7,13.5,,,,,,1
0RJPQ_97dcs_004791,test,ego: moving_ahead_or_waiting,4791,4865,23,44,75,2.3,4.4,7.5,,,,,,1
0RJPQ_97dcs_004957,test,ego: lateral,4957,5038,37,62,82,3.7,6.2,8.2,,,,,,1
0RJPQ_97dcs_005223,test,ego: turning,5223,5307,49,76,85,4.9,7.6,8.5,,,,,,1
0qfbmt4G8Rw_001201,test,ego: leave_to_left,1201,1333,63,121,133,6.3,12.1,13.3,,,,,,1
0qfbmt4G8Rw_001335,test,other: turning,1335,1415,30,59,81,3.0,5.9,8.1,,,,,,1
0qfbmt4G8Rw_001602,test,other: turning,1602,1751,75,111,150,7.5,11.1,15.0,,,,,,1
0qfbmt4G8Rw_002476,test,ego: turning,2476,2531,50,56,56,5.0,5.6,5.6,,,,,,1
0qfbmt4G8Rw_004485,test,other: turning,4485,4573,37,55,89,3.7,5.5,8.9,,,,,,1
0qfbmt4G8Rw_004658,test,other: turning,4658,4756,34,93,99,3.4,9.3,9.9,,,,,,1
0z7J7rOpTic_000441,test,ego: turning,441,550,25,49,110,2.5,4.9,11.0,,,,,,1
0z7J7rOpTic_000662,test,other: moving_ahead_or_waiting,662,750,29,48,89,2.9,4.8,8.9,,,,,,1
0z7J7rOpTic_000857,test,other: moving_ahead_or_waiting,857,951,40,60,95,4.0,6.0,9.5,,,,,,1
0z7J7rOpTic_000953,test,other: turning,953,1071,27,54,119,2.7,5.4,11.9,,,,,,1
0z7J7rOpTic_001386,test,ego: lateral,1386,1494,24,42,109,2.4,4.2,10.9,,,,,,1
0z7J7rOpTic_001971,test,ego: start_stop_or_stationary,1971,2064,60,94,94,6.0,9.4,9.4,,,,,,1
0z7J7rOpTic_002341,test,other: leave_to_right,2341,2489,37,77,149,3.7,7.7,14.9,,,,,,1
0z7J7rOpTic_002491,test,other: turning,2491,2591,24,43,101,2.4,4.3,10.1,,,,,,1
0z7J7rOpTic_006011,test,other: pedestrian,6011,6129,24,38,119,2.4,3.8,11.9,,,,,,1
1u69z-wsDIc_000565,test,other: moving_ahead_or_waiting,565,673,34,69,109,3.4,6.9,10.9,,,,,,1
1u69z-wsDIc_000785,test,other: leave_to_right,785,911,35,102,127,3.5,10.2,12.7,,,,,,1
1u69z-wsDIc_000913,test,other: leave_to_right,913,1020,44,91,108,4.4,9.1,10.8,,,,,,1
1u69z-wsDIc_002679,test,ego: turning,2679,2767,39,71,89,3.9,7.1,8.9,,,,,,1
1u69z-wsDIc_004285,test,ego: turning,4285,4383,53,69,99,5.3,6.9,9.9,,,,,,1
1u69z-wsDIc_005170,test,ego: lateral,5170,5268,47,76,99,4.7,7.6,9.9,,,,,,1
1u69z-wsDIc_005270,test,ego: turning,5270,5347,40,57,78,4.0,5.7,7.8,,,,,,1
2SAby_5t94M_000456,test,ego: pedestrian,456,560,36,43,105,3.6,4.3,10.5,,,,,,1
2SAby_5t94M_001122,test,other: leave_to_left,1122,1219,24,85,98,2.4,8.5,9.8,,,,,,1
2SAby_5t94M_001932,test,ego: pedestrian,1932,2019,26,55,88,2.6,5.5,8.8,,,,,,1
2SAby_5t94M_002605,test,other: leave_to_left,2605,2720,21,93,116,2.1,9.3,11.6,,,,,,1
2TmFM9p1KF8_000141,test,ego: turning,141,216,25,43,76,2.5,4.3,7.6,,,,,,1
2TmFM9p1KF8_000218,test,other: leave_to_right,218,376,27,63,159,2.7,6.3,15.9,,,,,,1
2TmFM9p1KF8_000378,test,ego: turning,378,478,43,78,101,4.3,7.8,10.1,,,,,,1
2TmFM9p1KF8_000480,test,ego: moving_ahead_or_waiting,480,599,19,67,120,1.9,6.7,12.0,,,,,,1
2TmFM9p1KF8_001489,test,ego: turning,1489,1609,22,58,121,2.2,5.8,12.1,,,,,,1
2TmFM9p1KF8_002228,test,ego: turning,2228,2298,18,58,71,1.8,5.8,7.1,,,,,,1
2TmFM9p1KF8_002688,test,ego: turning,2688,2768,32,53,81,3.2,5.3,8.1,,,,,,1
2TmFM9p1KF8_003139,test,ego: oncoming,3139,3218,13,43,80,1.3,4.3,8.0,,,,,,1
2TmFM9p1KF8_003220,test,ego: lateral,3220,3320,38,73,101,3.8,7.3,10.1,,,,,,1
2TmFM9p1KF8_003725,test,ego: leave_to_right,3725,3886,22,136,162,2.2,13.6,16.2,,,,,,1
2TmFM9p1KF8_004066,test,ego: turning,4066,4213,34,126,148,3.4,12.6,14.8,,,,,,1
2TmFM9p1KF8_004447,test,ego: moving_ahead_or_waiting,4447,4588,40,87,142,4.0,8.7,14.2,,,,,,1
3Sqeb-l1RPA_000905,test,other: moving_ahead_or_waiting,905,981,33,64,77,3.3,6.4,7.7,,,,,,1
3Sqeb-l1RPA_000983,test,ego: start_stop_or_stationary,983,1058,12,32,76,1.2,3.2,7.6,,,,,,1
3Sqeb-l1RPA_001528,test,ego: obstacle,1528,1649,52,90,122,5.2,9.0,12.2,,,,,,1
3Sqeb-l1RPA_001953,test,other: turning,1953,2032,28,56,80,2.8,5.6,8.0,,,,,,1
3Sqeb-l1RPA_002809,test,ego: moving_ahead_or_waiting,2809,2898,22,46,90,2.2,4.6,9.0,,,,,,1
3sGShQb_HwU_001196,test,ego: start_stop_or_stationary,1196,1274,47,56,79,4.7,5.6,7.9,,,,,,1
3sGShQb_HwU_001386,test,other: turning,1386,1494,47,77,109,4.7,7.7,10.9,,,,,,1
3sGShQb_HwU_001496,test,other: turning,1496,1605,56,84,110,5.6,8.4,11.0,,,,,,1
3sGShQb_HwU_001607,test,ego: turning,1607,1704,37,60,98,3.7,6.0,9.8,,,,,,1
3sGShQb_HwU_005285,test,ego: oncoming,5285,5393,59,79,109,5.9,7.9,10.9,,,,,,1
3sGShQb_HwU_005523,test,other: leave_to_right,5523,5649,45,86,127,4.5,8.6,12.7,,,,,,1
3tEZvtQZ18Q_000191,test,ego: oncoming,191,299,40,89,109,4.0,8.9,10.9,,,,,,1
3tEZvtQZ18Q_000691,test,other: turning,691,789,56,89,99,5.6,8.9,9.9,,,,,,1
3tEZvtQZ18Q_000901,test,other: turning,901,979,37,56,79,3.7,5.6,7.9,,,,,,1
3tEZvtQZ18Q_001071,test,other: turning,1071,1170,26,84,100,2.6,8.4,10.0,,,,,,1
3tEZvtQZ18Q_001364,test,other: oncoming,1364,1442,33,60,79,3.3,6.0,7.9,,,,,,1
3tEZvtQZ18Q_001547,test,ego: moving_ahead_or_waiting,1547,1685,48,89,139,4.8,8.9,13.9,,,,,,1
3tEZvtQZ18Q_001687,test,other: turning,1687,1805,36,119,119,3.6,11.9,11.9,,,,,,1
3tEZvtQZ18Q_001807,test,other: leave_to_right,1807,1905,37,90,99,3.7,9.0,9.9,,,,,,1
3tEZvtQZ18Q_003665,test,ego: leave_to_right,3665,3772,26,104,108,2.6,10.4,10.8,,,,,,1
3tEZvtQZ18Q_003975,test,other: pedestrian,3975,4093,44,83,119,4.4,8.3,11.9,,,,,,1
3tEZvtQZ18Q_004095,test,other: pedestrian,4095,4195,46,82,101,4.6,8.2,10.1,,,,,,1
3tEZvtQZ18Q_004470,test,ego: moving_ahead_or_waiting,4470,4638,27,66,169,2.7,6.6,16.9,,,,,,1
3tEZvtQZ18Q_004890,test,ego: start_stop_or_stationary,4890,4968,52,79,79,5.2,7.9,7.9,,,,,,1
3tEZvtQZ18Q_005180,test,other: turning,5180,5268,37,65,89,3.7,6.5,8.9,,,,,,1
3tEZvtQZ18Q_005536,test,ego: turning,5536,5589,47,54,54,4.7,5.4,5.4,,,,,,1
3tEZvtQZ18Q_005646,test,ego: oncoming,5646,5764,33,83,119,3.3,8.3,11.9,,,,,,1
3u_CIo9IaWo_000500,test,ego: oncoming,500,578,38,60,79,3.8,6.0,7.9,,,,,,1
3u_CIo9IaWo_000782,test,ego: turning,782,872,33,88,91,3.3,8.8,9.1,,,,,,1
3u_CIo9IaWo_002249,test,other: leave_to_left,2249,2353,41,82,105,4.1,8.2,10.5,,,,,,1
3u_CIo9IaWo_002355,test,ego: moving_ahead_or_waiting,2355,2456,30,102,102,3.0,10.2,10.2,,,,,,1
3u_CIo9IaWo_002588,test,ego: oncoming,2588,2690,60,82,103,6.0,8.2,10.3,,,,,,1
3u_CIo9IaWo_002793,test,ego: turning,2793,2891,39,96,99,3.9,9.6,9.9,,,,,,1
3u_CIo9IaWo_004998,test,ego: turning,4998,5091,84,94,94,8.4,9.4,9.4,,,,,,1
4K_6s1n6BpU_000319,test,ego: lateral,319,417,14,56,99,1.4,5.6,9.9,,,,,,1
4K_6s1n6BpU_000804,test,ego: moving_ahead_or_waiting,804,918,42,66,115,4.2,6.6,11.5,,,,,,1
4K_6s1n6BpU_001222,test,other: obstacle,1222,1342,37,61,121,3.7,6.1,12.1,,,,,,1
4K_6s1n6BpU_001530,test,ego: turning,1530,1674,34,50,145,3.4,5.0,14.5,,,,,,1
4K_6s1n6BpU_001997,test,ego: turning,1997,2096,34,68,100,3.4,6.8,10.0,,,,,,1
4K_6s1n6BpU_002431,test,ego: oncoming,2431,2568,11,78,138,1.1,7.8,13.8,,,,,,1
4K_6s1n6BpU_002788,test,ego: lateral,2788,2866,36,66,79,3.6,6.6,7.9,,,,,,1
4K_6s1n6BpU_004403,test,ego: lateral,4403,4502,28,60,100,2.8,6.0,10.0,,,,,,1
4K_6s1n6BpU_004597,test,ego: leave_to_left,4597,4677,25,59,81,2.5,5.9,8.1,,,,,,1
4K_6s1n6BpU_005656,test,other: lateral,5656,5824,20,157,169,2.0,15.7,16.9,,,,,,1
4OGV0AbV91U_000667,test,other: unknown,667,775,1,73,109,0.1,7.3,10.9,,,,,,1
4OGV0AbV91U_001201,test,ego: moving_ahead_or_waiting,1201,1274,32,53,74,3.2,5.3,7.4,,,,,,1
4OGV0AbV91U_001276,test,ego: lateral,1276,1378,21,73,103,2.1,7.3,10.3,,,,,,1
4OGV0AbV91U_001988,test,other: moving_ahead_or_waiting,1988,2107,32,73,120,3.2,7.3,12.0,,,,,,1
4OGV0AbV91U_003527,test,other: turning,3527,3610,41,69,84,4.1,6.9,8.4,,,,,,1
4OGV0AbV91U_003700,test,ego: pedestrian,3700,3795,42,57,96,4.2,5.7,9.6,,,,,,1
4OGV0AbV91U_004279,test,other: turning,4279,4350,18,40,72,1.8,4.0,7.2,,,,,,1
4OGV0AbV91U_004435,test,ego: moving_ahead_or_waiting,4435,4536,17,43,102,1.7,4.3,10.2,,,,,,1
4OGV0AbV91U_004538,test,other: leave_to_right,4538,4610,26,47,73,2.6,4.7,7.3,,,,,,1
4OGV0AbV91U_004771,test,other: lateral,4771,4844,12,46,74,1.2,4.6,7.4,,,,,,1
4wKjxDXnmYs_000061,test,other: leave_to_right,61,115,10,36,55,1.0,3.6,5.5,,,,,,1
4wKjxDXnmYs_000311,test,ego: moving_ahead_or_waiting,311,385,33,55,75,3.3,5.5,7.5,,,,,,1
4wKjxDXnmYs_001051,test,other: turning,1051,1111,28,59,61,2.8,5.9,6.1,,,,,,1
4wKjxDXnmYs_001254,test,other: leave_to_left,1254,1349,32,81,96,3.2,8.1,9.6,,,,,,1
4wKjxDXnmYs_001662,test,ego: lateral,1662,1750,25,52,89,2.5,5.2,8.9,,,,,,1
4wKjxDXnmYs_002899,test,ego: moving_ahead_or_waiting,2899,2976,26,56,78,2.6,5.6,7.8,,,,,,1
4wKjxDXnmYs_003500,test,other: moving_ahead_or_waiting,3500,3577,24,52,78,2.4,5.2,7.8,,,,,,1
4wKjxDXnmYs_003579,test,ego: lateral,3579,3645,30,52,67,3.0,5.2,6.7,,,,,,1
4wKjxDXnmYs_003798,test,ego: leave_to_right,3798,3886,22,63,89,2.2,6.3,8.9,,,,,,1
4wKjxDXnmYs_003888,test,ego: lateral,3888,3967,27,56,80,2.7,5.6,8.0,,,,,,1
4wKjxDXnmYs_003969,test,other: lateral,3969,4026,10,47,58,1.0,4.7,5.8,,,,,,1
4wKjxDXnmYs_004028,test,ego: turning,4028,4106,23,41,79,2.3,4.1,7.9,,,,,,1
4wKjxDXnmYs_004457,test,ego: lateral,4457,4521,40,57,65,4.0,5.7,6.5,,,,,,1
4wKjxDXnmYs_005030,test,other: lateral,5030,5096,28,51,67,2.8,5.1,6.7,,,,,,1
4wKjxDXnmYs_005161,test,other: moving_ahead_or_waiting,5161,5213,16,38,53,1.6,3.8,5.3,,,,,,1
4wKjxDXnmYs_005595,test,other: leave_to_left,5595,5662,34,66,68,3.4,6.6,6.8,,,,,,1
5vKPYV5w6pw_000181,test,ego: turning,181,293,57,76,113,5.7,7.6,11.3,,,,,,1
5vKPYV5w6pw_000623,test,other: oncoming,623,701,34,48,79,3.4,4.8,7.9,,,,,,1
5vKPYV5w6pw_000703,test,other: oncoming,703,771,37,52,69,3.7,5.2,6.9,,,,,,1
5vKPYV5w6pw_000874,test,other: moving_ahead_or_waiting,874,932,27,42,59,2.7,4.2,5.9,,,,,,1
5vKPYV5w6pw_003867,test,other: oncoming,3867,4005,35,62,139,3.5,6.2,13.9,,,,,,1
5vKPYV5w6pw_004134,test,other: turning,4134,4222,41,62,89,4.1,6.2,8.9,,,,,,1
5vKPYV5w6pw_004515,test,other: turning,4515,4613,42,64,99,4.2,6.4,9.9,,,,,,1
5vKPYV5w6pw_005297,test,other: leave_to_right,5297,5395,57,76,99,5.7,7.6,9.9,,,,,,1
6E2N9ld0eHg_000180,test,ego: turning,180,288,59,79,109,5.9,7.9,10.9,,,,,,1
6E2N9ld0eHg_000510,test,ego: turning,510,609,58,82,100,5.8,8.2,10.0,,,,,,1
6E2N9ld0eHg_001173,test,other: turning,1173,1261,53,70,89,5.3,7.0,8.9,,,,,,1
6E2N9ld0eHg_001263,test,ego: turning,1263,1371,46,108,109,4.6,10.8,10.9,,,,,,1
6E2N9ld0eHg_001813,test,ego: turning,1813,1915,42,67,103,4.2,6.7,10.3,,,,,,1
6E2N9ld0eHg_002998,test,other: moving_ahead_or_waiting,2998,3086,47,65,89,4.7,6.5,8.9,,,,,,1
6E2N9ld0eHg_003418,test,other: oncoming,3418,3506,45,65,89,4.5,6.5,8.9,,,,,,1
6E2N9ld0eHg_004179,test,other: leave_to_right,4179,4287,27,80,109,2.7,8.0,10.9,,,,,,1
6E2N9ld0eHg_004669,test,other: pedestrian,4669,4807,36,59,139,3.6,5.9,13.9,,,,,,1
6E2N9ld0eHg_005717,test,ego: leave_to_right,5717,5874,47,115,158,4.7,11.5,15.8,,,,,,1
6I7Dz0qF4NA_000869,test,other: turning,869,968,20,52,100,2.0,5.2,10.0,,,,,,1
7uTMZ5-aWKA_000490,test,ego: oncoming,490,588,31,85,99,3.1,8.5,9.9,,,,,,1
7uTMZ5-aWKA_001080,test,other: leave_to_left,1080,1189,31,79,110,3.1,7.9,11.0,,,,,,1
7uTMZ5-aWKA_001191,test,ego: leave_to_right,1191,1293,51,91,103,5.1,9.1,10.3,,,,,,1
7uTMZ5-aWKA_001505,test,ego: turning,1505,1603,42,80,99,4.2,8.0,9.9,,,,,,1
7uTMZ5-aWKA_001695,test,ego: oncoming,1695,1826,28,102,132,2.8,10.2,13.2,,,,,,1
7uTMZ5-aWKA_001975,test,ego: lateral,1975,2113,62,112,139,6.2,11.2,13.9,,,,,,1
7uTMZ5-aWKA_002115,test,other: turning,2115,2265,20,51,151,2.0,5.1,15.1,,,,,,1
7uTMZ5-aWKA_002982,test,other: leave_to_left,2982,3178,109,145,197,10.9,14.5,19.7,,,,,,1
7uTMZ5-aWKA_003948,test,ego: pedestrian,3948,4075,32,92,128,3.2,9.2,12.8,,,,,,1
88LcRU7uEFE_000073,test,ego: lateral,73,198,38,83,126,3.8,8.3,12.6,,,,,,1
88LcRU7uEFE_000511,test,ego: leave_to_left,511,610,33,71,100,3.3,7.1,10.0,,,,,,1
88LcRU7uEFE_001137,test,ego: turning,1137,1236,38,89,100,3.8,8.9,10.0,,,,,,1
88LcRU7uEFE_001468,test,ego: leave_to_left,1468,1586,47,106,119,4.7,10.6,11.9,,,,,,1
88LcRU7uEFE_002275,test,ego: unknown,2275,2423,53,104,149,5.3,10.4,14.9,,,,,,1
88LcRU7uEFE_002882,test,ego: oncoming,2882,2930,41,49,49,4.1,4.9,4.9,,,,,,1
88LcRU7uEFE_004261,test,other: moving_ahead_or_waiting,4261,4369,45,71,109,4.5,7.1,10.9,,,,,,1
8dI7OolIEXY_000286,test,ego: moving_ahead_or_waiting,286,417,63,101,132,6.3,10.1,13.2,,,,,,1
8dI7OolIEXY_000708,test,ego: lateral,708,793,30,82,86,3.0,8.2,8.6,,,,,,1
8dI7OolIEXY_000880,test,ego: lateral,880,983,33,52,104,3.3,5.2,10.4,,,,,,1
8dI7OolIEXY_001371,test,other: turning,1371,1459,21,66,89,2.1,6.6,8.9,,,,,,1
8dI7OolIEXY_004818,test,ego: leave_to_right,4818,4925,20,103,108,2.0,10.3,10.8,,,,,,1
8dI7OolIEXY_005013,test,other: moving_ahead_or_waiting,5013,5105,16,76,93,1.6,7.6,9.3,,,,,,1
8dI7OolIEXY_005194,test,ego: moving_ahead_or_waiting,5194,5287,52,71,94,5.2,7.1,9.4,,,,,,1
8dI7OolIEXY_005681,test,other: turning,5681,5839,43,76,159,4.3,7.6,15.9,,,,,,1
8dI7OolIEXY_006141,test,ego: moving_ahead_or_waiting,6141,6218,43,61,78,4.3,6.1,7.8,,,,,,1
8dI7OolIEXY_006288,test,other: lateral,6288,6354,7,47,67,0.7,4.7,6.7,,,,,,1
90gyBengKDs_000062,test,other: unknown,62,210,50,78,149,5.0,7.8,14.9,,,,,,1
90gyBengKDs_000372,test,other: leave_to_left,372,514,39,69,143,3.9,6.9,14.3,,,,,,1
90gyBengKDs_000752,test,ego: leave_to_left,752,838,21,78,87,2.1,7.8,8.7,,,,,,1
90gyBengKDs_001133,test,ego: turning,1133,1204,37,55,72,3.7,5.5,7.2,,,,,,1
90gyBengKDs_002709,test,ego: moving_ahead_or_waiting,2709,2785,18,72,77,1.8,7.2,7.7,,,,,,1
90gyBengKDs_003658,test,ego: turning,3658,3760,33,34,103,3.3,3.4,10.3,,,,,,1
90gyBengKDs_004112,test,other: lateral,4112,4189,12,40,78,1.2,4.0,7.8,,,,,,1
90gyBengKDs_004191,test,ego: oncoming,4191,4231,20,41,41,2.0,4.1,4.1,,,,,,1
90gyBengKDs_004250,test,ego: turning,4250,4310,40,59,61,4.0,5.9,6.1,,,,,,1
9Q0FCoNxL8I_000073,test,ego: oncoming,73,219,39,147,147,3.9,14.7,14.7,,,,,,1
9Q0FCoNxL8I_000676,test,other: lateral,676,784,29,84,109,2.9,8.4,10.9,,,,,,1
9Q0FCoNxL8I_001441,test,ego: oncoming,1441,1550,31,97,110,3.1,9.7,11.0,,,,,,1
9Q0FCoNxL8I_002076,test,other: moving_ahead_or_waiting,2076,2215,19,60,140,1.9,6.0,14.0,,,,,,1
9Q0FCoNxL8I_003218,test,other: moving_ahead_or_waiting,3218,3336,50,105,119,5.0,10.5,11.9,,,,,,1
9Q0FCoNxL8I_003338,test,other: pedestrian,3338,3438,29,61,101,2.9,6.1,10.1,,,,,,1
9Q0FCoNxL8I_003545,test,other: pedestrian,3545,3653,28,72,109,2.8,7.2,10.9,,,,,,1
9Q0FCoNxL8I_004096,test,other: turning,4096,4217,37,96,122,3.7,9.6,12.2,,,,,,1
9Q0FCoNxL8I_004219,test,other: leave_to_right,4219,4358,14,92,140,1.4,9.2,14.0,,,,,,1
9Q0FCoNxL8I_004705,test,ego: turning,4705,4802,34,98,98,3.4,9.8,9.8,,,,,,1
9Q0FCoNxL8I_006055,test,ego: turning,6055,6218,104,134,164,10.4,13.4,16.4,,,,,,1
CyeT8rEQOpQ_000185,test,other: leave_to_right,185,343,61,94,159,6.1,9.4,15.9,,,,,,1
CyeT8rEQOpQ_000957,test,ego: lateral,957,1008,23,45,52,2.3,4.5,5.2,,,,,,1
CyeT8rEQOpQ_001106,test,other: lateral,1106,1228,64,88,123,6.4,8.8,12.3,,,,,,1
CyeT8rEQOpQ_001407,test,ego: lateral,1407,1521,53,90,115,5.3,9.0,11.5,,,,,,1
CyeT8rEQOpQ_002190,test,ego: unknown,2190,2309,44,102,120,4.4,10.2,12.0,,,,,,1
CyeT8rEQOpQ_003424,test,ego: lateral,3424,3516,41,55,93,4.1,5.5,9.3,,,,,,1
CyeT8rEQOpQ_004542,test,ego: oncoming,4542,4635,32,78,94,3.2,7.8,9.4,,,,,,1
CyeT8rEQOpQ_005848,test,other: moving_ahead_or_waiting,5848,5954,41,69,107,4.1,6.9,10.7,,,,,,1
DSBGS6aRzgc_000561,test,ego: turning,561,659,52,73,99,5.2,7.3,9.9,,,,,,1
DSBGS6aRzgc_000851,test,ego: leave_to_right,851,949,41,79,99,4.1,7.9,9.9,,,,,,1
DSBGS6aRzgc_001418,test,ego: leave_to_left,1418,1530,64,113,113,6.4,11.3,11.3,,,,,,1
DSBGS6aRzgc_002793,test,ego: leave_to_right,2793,2872,39,53,80,3.9,5.3,8.0,,,,,,1
DSBGS6aRzgc_002874,test,other: leave_to_left,2874,2972,23,61,99,2.3,6.1,9.9,,,,,,1
DSBGS6aRzgc_005264,test,other: turning,5264,5362,27,81,99,2.7,8.1,9.9,,,,,,1
DSBGS6aRzgc_005364,test,other: leave_to_right,5364,5452,38,67,89,3.8,6.7,8.9,,,,,,1
DSBGS6aRzgc_005564,test,ego: start_stop_or_stationary,5564,5651,45,86,88,4.5,8.6,8.8,,,,,,1
D_pyFV4nKd4_000211,test,ego: moving_ahead_or_waiting,211,327,57,116,117,5.7,11.6,11.7,,,,,,1
D_pyFV4nKd4_000329,test,ego: moving_ahead_or_waiting,329,434,39,75,106,3.9,7.5,10.6,,,,,,1
D_pyFV4nKd4_000776,test,other: turning,776,876,50,74,101,5.0,7.4,10.1,,,,,,1
D_pyFV4nKd4_000878,test,other: moving_ahead_or_waiting,878,977,32,72,100,3.2,7.2,10.0,,,,,,1
D_pyFV4nKd4_001555,test,other: moving_ahead_or_waiting,1555,1663,51,109,109,5.1,10.9,10.9,,,,,,1
D_pyFV4nKd4_001836,test,other: leave_to_left,1836,1954,32,64,119,3.2,6.4,11.9,,,,,,1
D_pyFV4nKd4_001956,test,other: moving_ahead_or_waiting,1956,2094,34,116,139,3.4,11.6,13.9,,,,,,1
D_pyFV4nKd4_002096,test,other: turning,2096,2194,32,61,99,3.2,6.1,9.9,,,,,,1
D_pyFV4nKd4_002653,test,ego: oncoming,2653,2731,36,51,79,3.6,5.1,7.9,,,,,,1
D_pyFV4nKd4_002874,test,other: leave_to_left,2874,2972,37,65,99,3.7,6.5,9.9,,,,,,1
D_pyFV4nKd4_003492,test,ego: turning,3492,3571,36,65,80,3.6,6.5,8.0,,,,,,1
D_pyFV4nKd4_003573,test,ego: leave_to_left,3573,3673,16,84,101,1.6,8.4,10.1,,,,,,1
D_pyFV4nKd4_003675,test,ego: turning,3675,3802,33,103,128,3.3,10.3,12.8,,,,,,1
D_pyFV4nKd4_004350,test,ego: turning,4350,4428,37,79,79,3.7,7.9,7.9,,,,,,1
D_pyFV4nKd4_004630,test,ego: turning,4630,4708,37,53,79,3.7,5.3,7.9,,,,,,1
DpQBo4gb6Lw_000490,test,ego: moving_ahead_or_waiting,490,588,38,70,99,3.8,7.0,9.9,,,,,,1
DpQBo4gb6Lw_000590,test,ego: moving_ahead_or_waiting,590,685,36,71,96,3.6,7.1,9.6,,,,,,1
DpQBo4gb6Lw_001175,test,other: turning,1175,1273,36,74,99,3.6,7.4,9.9,,,,,,1
DpQBo4gb6Lw_001365,test,other: moving_ahead_or_waiting,1365,1473,32,63,109,3.2,6.3,10.9,,,,,,1
DpQBo4gb6Lw_002972,test,other: unknown,2972,3132,38,71,161,3.8,7.1,16.1,,,,,,1
DpQBo4gb6Lw_003738,test,other: turning,3738,3837,25,83,100,2.5,8.3,10.0,,,,,,1
DyzL2sahobA_000621,test,other: lateral,621,749,42,68,129,4.2,6.8,12.9,,,,,,1
DyzL2sahobA_002611,test,other: turning,2611,2860,25,51,250,2.5,5.1,25.0,,,,,,1
DyzL2sahobA_004003,test,other: turning,4003,4128,25,48,126,2.5,4.8,12.6,,,,,,1
DyzL2sahobA_004649,test,ego: oncoming,4649,4717,40,62,69,4.0,6.2,6.9,,,,,,1
DyzL2sahobA_004719,test,other: turning,4719,4807,28,79,89,2.8,7.9,8.9,,,,,,1
DyzL2sahobA_005120,test,ego: start_stop_or_stationary,5120,5239,36,63,120,3.6,6.3,12.0,,,,,,1
DyzL2sahobA_005780,test,other: pedestrian,5780,5876,36,57,97,3.6,5.7,9.7,,,,,,1
EJ4VM9wLNXQ_001699,test,ego: oncoming,1699,1749,41,51,51,4.1,5.1,5.1,,,,,,1
EJ4VM9wLNXQ_001770,test,other: obstacle,1770,1844,10,75,75,1.0,7.5,7.5,,,,,,1
EY8x-fyQkbk_000573,test,other: start_stop_or_stationary,573,731,9,45,159,0.9,4.5,15.9,,,,,,1
EY8x-fyQkbk_001227,test,ego: moving_ahead_or_waiting,1227,1364,97,123,138,9.7,12.3,13.8,,,,,,1
EY8x-fyQkbk_001645,test,ego: oncoming,1645,1773,36,66,129,3.6,6.6,12.9,,,,,,1
EY8x-fyQkbk_001775,test,other: leave_to_left,1775,1912,35,69,138,3.5,6.9,13.8,,,,,,1
EY8x-fyQkbk_002021,test,other: moving_ahead_or_waiting,2021,2140,30,63,120,3.0,6.3,12.0,,,,,,1
EY8x-fyQkbk_002142,test,other: moving_ahead_or_waiting,2142,2252,34,66,111,3.4,6.6,11.1,,,,,,1
EY8x-fyQkbk_002649,test,ego: leave_to_left,2649,2760,39,82,112,3.9,8.2,11.2,,,,,,1
EY8x-fyQkbk_002885,test,ego: moving_ahead_or_waiting,2885,2970,4,56,86,0.4,5.6,8.6,,,,,,1
EY8x-fyQkbk_003095,test,ego: leave_to_left,3095,3245,27,138,151,2.7,13.8,15.1,,,,,,1
EY8x-fyQkbk_003863,test,other: leave_to_left,3863,3977,26,67,115,2.6,6.7,11.5,,,,,,1
EY8x-fyQkbk_004412,test,ego: turning,4412,4478,30,60,67,3.0,6.0,6.7,,,,,,1
EY8x-fyQkbk_004480,test,other: lateral,4480,4575,28,46,96,2.8,4.6,9.6,,,,,,1
EY8x-fyQkbk_004940,test,ego: turning,4940,5027,27,75,88,2.7,7.5,8.8,,,,,,1
EY8x-fyQkbk_005029,test,ego: oncoming,5029,5100,42,49,72,4.2,4.9,7.2,,,,,,1
Eq7_uD2yN5Y_000177,test,ego: oncoming,177,265,41,58,89,4.1,5.8,8.9,,,,,,1
Eq7_uD2yN5Y_000267,test,ego: turning,267,375,45,74,109,4.5,7.4,10.9,,,,,,1
Eq7_uD2yN5Y_000377,test,ego: turning,377,495,53,119,119,5.3,11.9,11.9,,,,,,1
Eq7_uD2yN5Y_000674,test,other: turning,674,772,44,77,99,4.4,7.7,9.9,,,,,,1
Eq7_uD2yN5Y_001004,test,ego: oncoming,1004,1086,27,61,83,2.7,6.1,8.3,,,,,,1
Eq7_uD2yN5Y_001392,test,other: leave_to_right,1392,1519,45,75,128,4.5,7.5,12.8,,,,,,1
Eq7_uD2yN5Y_001521,test,ego: turning,1521,1609,46,60,89,4.6,6.0,8.9,,,,,,1
Eq7_uD2yN5Y_001731,test,ego: turning,1731,1839,36,74,109,3.6,7.4,10.9,,,,,,1
Eq7_uD2yN5Y_002416,test,ego: obstacle,2416,2504,39,89,89,3.9,8.9,8.9,,,,,,1
Eq7_uD2yN5Y_002987,test,ego: leave_to_right,2987,3098,38,89,112,3.8,8.9,11.2,,,,,,1
Eq7_uD2yN5Y_003100,test,other: oncoming,3100,3198,40,54,99,4.0,5.4,9.9,,,,,,1
Eq7_uD2yN5Y_004139,test,ego: moving_ahead_or_waiting,4139,4237,56,80,99,5.6,8.0,9.9,,,,,,1
Eq7_uD2yN5Y_004339,test,other: turning,4339,4417,29,44,79,2.9,4.4,7.9,,,,,,1
Eq7_uD2yN5Y_004509,test,ego: turning,4509,4597,40,66,89,4.0,6.6,8.9,,,,,,1
Eq7_uD2yN5Y_004599,test,other: turning,4599,4707,42,78,109,4.2,7.8,10.9,,,,,,1
Eq7_uD2yN5Y_004709,test,ego: lateral,4709,4810,41,88,102,4.1,8.8,10.2,,,,,,1
Eq7_uD2yN5Y_005052,test,ego: pedestrian,5052,5191,41,75,140,4.1,7.5,14.0,,,,,,1
F9-aR2Ocso4_001016,test,ego: lateral,1016,1100,28,55,85,2.8,5.5,8.5,,,,,,1
FqJ4IfRLKmA_000441,test,ego: turning,441,589,71,135,149,7.1,13.5,14.9,,,,,,1
FqJ4IfRLKmA_000951,test,other: turning,951,1039,38,63,89,3.8,6.3,8.9,,,,,,1
FqJ4IfRLKmA_001141,test,other: start_stop_or_stationary,1141,1279,80,107,139,8.0,10.7,13.9,,,,,,1
FqJ4IfRLKmA_001281,test,ego: oncoming,1281,1429,81,114,149,8.1,11.4,14.9,,,,,,1
FqJ4IfRLKmA_004362,test,other: moving_ahead_or_waiting,4362,4480,35,119,119,3.5,11.9,11.9,,,,,,1
GDejMONyY4U_000423,test,ego: turning,423,488,30,62,66,3.0,6.2,6.6,,,,,,1
GDejMONyY4U_003388,test,ego: leave_to_left,3388,3495,56,94,108,5.6,9.4,10.8,,,,,,1
GDejMONyY4U_003618,test,ego: turning,3618,3690,26,45,73,2.6,4.5,7.3,,,,,,1
GDejMONyY4U_004837,test,ego: turning,4837,4901,28,54,65,2.8,5.4,6.5,,,,,,1
GDejMONyY4U_005327,test,other: turning,5327,5386,26,47,60,2.6,4.7,6.0,,,,,,1
GJr8wKk8-YA_004465,test,other: turning,4465,4529,21,53,65,2.1,5.3,6.5,,,,,,1
GLZENQ5lzGA_000021,test,ego: oncoming,21,127,46,74,107,4.6,7.4,10.7,,,,,,1
GRDP68ucrBM_000061,test,ego: turning,61,140,28,70,80,2.8,7.0,8.0,,,,,,1
GYWPqbrY8Z4_000809,test,ego: turning,809,911,54,102,103,5.4,10.2,10.3,,,,,,1
GdyJqgxlSxs_000747,test,ego: turning,747,808,7,44,62,0.7,4.4,6.2,,,,,,1
GdyJqgxlSxs_001451,test,ego: oncoming,1451,1517,28,54,67,2.8,5.4,6.7,,,,,,1
GdyJqgxlSxs_001538,test,ego: leave_to_left,1538,1606,42,58,69,4.2,5.8,6.9,,,,,,1
GdyJqgxlSxs_001912,test,ego: lateral,1912,2003,19,73,92,1.9,7.3,9.2,,,,,,1
GdyJqgxlSxs_003144,test,ego: turning,3144,3226,35,51,83,3.5,5.1,8.3,,,,,,1
GdyJqgxlSxs_005638,test,ego: lateral,5638,5726,20,66,89,2.0,6.6,8.9,,,,,,1
GdyJqgxlSxs_006828,test,ego: moving_ahead_or_waiting,6828,6902,39,69,75,3.9,6.9,7.5,,,,,,1
HNRS3w5zep8_000181,test,ego: lateral,181,278,23,70,98,2.3,7.0,9.8,,,,,,1
HNRS3w5zep8_000299,test,ego: lateral,299,387,1,73,89,0.1,7.3,8.9,,,,,,1
HNRS3w5zep8_001261,test,other: turning,1261,1345,12,47,85,1.2,4.7,8.5,,,,,,1
HNRS3w5zep8_005441,test,ego: turning,5441,5507,19,44,67,1.9,4.4,6.7,,,,,,1
HaC3LrJiTmQ_000307,test,other: turning,307,398,49,65,92,4.9,6.5,9.2,,,,,,1
HaC3LrJiTmQ_001088,test,other: start_stop_or_stationary,1088,1208,61,90,121,6.1,9.0,12.1,,,,,,1
HaC3LrJiTmQ_002545,test,other: leave_to_right,2545,2718,15,158,174,1.5,15.8,17.4,,,,,,1
HaC3LrJiTmQ_002935,test,other: moving_ahead_or_waiting,2935,3074,39,81,140,3.9,8.1,14.0,,,,,,1
HaC3LrJiTmQ_005242,test,ego: lateral,5242,5339,45,77,98,4.5,7.7,9.8,,,,,,1
HaC3LrJiTmQ_005454,test,ego: unknown,5454,5502,16,49,49,1.6,4.9,4.9,,,,,,1
Hd2IzHAfkCI_000301,test,ego: oncoming,301,399,49,89,99,4.9,8.9,9.9,,,,,,1
Hd2IzHAfkCI_000719,test,ego: turning,719,797,35,66,79,3.5,6.6,7.9,,,,,,1
Hd2IzHAfkCI_001091,test,ego: turning,1091,1199,27,103,109,2.7,10.3,10.9,,,,,,1
Hd2IzHAfkCI_001392,test,other: oncoming,1392,1470,38,61,79,3.8,6.1,7.9,,,,,,1
Hd2IzHAfkCI_001762,test,ego: turning,1762,1870,57,87,109,5.7,8.7,10.9,,,,,,1
Hd2IzHAfkCI_002211,test,ego: lateral,2211,2349,1,133,139,0.1,13.3,13.9,,,,,,1
Hd2IzHAfkCI_002471,test,ego: lateral,2471,2579,26,71,109,2.6,7.1,10.9,,,,,,1
Hd2IzHAfkCI_004081,test,ego: turning,4081,4149,22,56,69,2.2,5.6,6.9,,,,,,1
Hd2IzHAfkCI_004231,test,ego: turning,4231,4319,19,45,89,1.9,4.5,8.9,,,,,,1
Hd2IzHAfkCI_004784,test,other: leave_to_right,4784,4882,43,79,99,4.3,7.9,9.9,,,,,,1
Hd2IzHAfkCI_005013,test,other: moving_ahead_or_waiting,5013,5111,40,91,99,4.0,9.1,9.9,,,,,,1
Hd2IzHAfkCI_005313,test,other: pedestrian,5313,5391,17,47,79,1.7,4.7,7.9,,,,,,1
Hd2IzHAfkCI_005753,test,ego: start_stop_or_stationary,5753,5869,80,99,117,8.0,9.9,11.7,,,,,,1
HeK6zbf8I9Y_000313,test,other: turning,313,411,16,38,99,1.6,3.8,9.9,,,,,,1
HeK6zbf8I9Y_004041,test,ego: turning,4041,4103,24,46,63,2.4,4.6,6.3,,,,,,1
Hfs4AlBmg70_005511,test,other: lateral,5511,5581,15,48,71,1.5,4.8,7.1,,,,,,1
Hfs4AlBmg70_006168,test,ego: turning,6168,6220,26,41,53,2.6,4.1,5.3,,,,,,1
Hkui6PJboFg_000498,test,ego: oncoming,498,607,26,33,110,2.6,3.3,11.0,,,,,,1
Hkui6PJboFg_001314,test,ego: turning,1314,1384,13,50,71,1.3,5.0,7.1,,,,,,1
Hkui6PJboFg_001752,test,ego: leave_to_left,1752,1908,57,98,157,5.7,9.8,15.7,,,,,,1
Hkui6PJboFg_002014,test,other: turning,2014,2097,32,60,84,3.2,6.0,8.4,,,,,,1
Hkui6PJboFg_002181,test,ego: lateral,2181,2257,17,39,77,1.7,3.9,7.7,,,,,,1
Hkui6PJboFg_002486,test,ego: turning,2486,2576,39,67,91,3.9,6.7,9.1,,,,,,1
Hkui6PJboFg_003202,test,ego: unknown,3202,3306,52,93,105,5.2,9.3,10.5,,,,,,1
Hkui6PJboFg_004478,test,ego: obstacle,4478,4553,35,57,76,3.5,5.7,7.6,,,,,,1
Hkui6PJboFg_004788,test,ego: lateral,4788,4846,15,43,59,1.5,4.3,5.9,,,,,,1
Hkui6PJboFg_004848,test,ego: moving_ahead_or_waiting,4848,4895,10,43,48,1.0,4.3,4.8,,,,,,1
Hkui6PJboFg_005596,test,other: unknown,5596,5666,22,56,71,2.2,5.6,7.1,,,,,,1
Hkui6PJboFg_005957,test,ego: turning,5957,6030,24,62,74,2.4,6.2,7.4,,,,,,1
Hx8FMhmdOQU_000173,test,ego: turning,173,261,31,74,89,3.1,7.4,8.9,,,,,,1
Hx8FMhmdOQU_000483,test,ego: moving_ahead_or_waiting,483,603,75,121,121,7.5,12.1,12.1,,,,,,1
Hx8FMhmdOQU_001107,test,ego: turning,1107,1206,35,67,100,3.5,6.7,10.0,,,,,,1
Hx8FMhmdOQU_001484,test,ego: leave_to_left,1484,1607,27,120,124,2.7,12.0,12.4,,,,,,1
Hx8FMhmdOQU_001609,test,ego: leave_to_right,1609,1787,43,168,179,4.3,16.8,17.9,,,,,,1
Hx8FMhmdOQU_002029,test,other: moving_ahead_or_waiting,2029,2152,22,60,124,2.2,6.0,12.4,,,,,,1
Hx8FMhmdOQU_003601,test,other: turning,3601,3689,21,67,89,2.1,6.7,8.9,,,,,,1
Hx8FMhmdOQU_003781,test,ego: moving_ahead_or_waiting,3781,3850,35,69,70,3.5,6.9,7.0,,,,,,1
Hx8FMhmdOQU_004252,test,ego: oncoming,4252,4346,49,57,95,4.9,5.7,9.5,,,,,,1
Hx8FMhmdOQU_005600,test,ego: pedestrian,5600,5698,39,70,99,3.9,7.0,9.9,,,,,,1
HzVbo46kkBA_000337,test,ego: obstacle,337,445,66,95,109,6.6,9.5,10.9,,,,,,1
HzVbo46kkBA_000817,test,ego: moving_ahead_or_waiting,817,916,28,75,100,2.8,7.5,10.0,,,,,,1
HzVbo46kkBA_000918,test,other: moving_ahead_or_waiting,918,1026,41,61,109,4.1,6.1,10.9,,,,,,1
HzVbo46kkBA_001622,test,other: turning,1622,1685,13,30,64,1.3,3.0,6.4,,,,,,1
HzVbo46kkBA_001687,test,ego: lateral,1687,1748,3,32,62,0.3,3.2,6.2,,,,,,1
HzVbo46kkBA_001750,test,other: lateral,1750,1859,27,109,110,2.7,10.9,11.0,,,,,,1
HzVbo46kkBA_001987,test,other: lateral,1987,2075,21,44,89,2.1,4.4,8.9,,,,,,1
HzVbo46kkBA_002328,test,ego: turning,2328,2475,74,133,148,7.4,13.3,14.8,,,,,,1
HzVbo46kkBA_003111,test,ego: turning,3111,3238,34,76,128,3.4,7.6,12.8,,,,,,1
HzVbo46kkBA_003934,test,other: leave_to_left,3934,4042,33,103,109,3.3,10.3,10.9,,,,,,1
HzVbo46kkBA_004124,test,ego: moving_ahead_or_waiting,4124,4223,40,75,100,4.0,7.5,10.0,,,,,,1
HzVbo46kkBA_004323,test,other: leave_to_right,4323,4441,41,68,119,4.1,6.8,11.9,,,,,,1
HzVbo46kkBA_004563,test,other: turning,4563,4733,19,154,171,1.9,15.4,17.1,,,,,,1
HzVbo46kkBA_005648,test,ego: turning,5648,5825,136,175,178,13.6,17.5,17.8,,,,,,1
IFhWIS-Gwps_000227,test,ego: oncoming,227,367,84,122,141,8.4,12.2,14.1,,,,,,1
IIuaTrT3pp0_000498,test,ego: moving_ahead_or_waiting,498,573,17,67,76,1.7,6.7,7.6,,,,,,1
IOoVklIZLMw_000945,test,ego: oncoming,945,1061,50,86,117,5.0,8.6,11.7,,,,,,1
IOoVklIZLMw_003435,test,ego: moving_ahead_or_waiting,3435,3543,37,53,109,3.7,5.3,10.9,,,,,,1
IQwS7BEjUxM_000147,test,other: leave_to_right,147,219,10,40,73,1.0,4.0,7.3,,,,,,1
IQwS7BEjUxM_000423,test,other: leave_to_left,423,513,31,38,91,3.1,3.8,9.1,,,,,,1
IQwS7BEjUxM_001382,test,ego: lateral,1382,1489,58,95,108,5.8,9.5,10.8,,,,,,1
IQwS7BEjUxM_001491,test,ego: leave_to_left,1491,1638,59,126,148,5.9,12.6,14.8,,,,,,1
IQwS7BEjUxM_001783,test,other: moving_ahead_or_waiting,1783,1876,41,88,94,4.1,8.8,9.4,,,,,,1
IQwS7BEjUxM_002096,test,other: lateral,2096,2237,34,95,142,3.4,9.5,14.2,,,,,,1
IQwS7BEjUxM_002239,test,ego: leave_to_right,2239,2377,57,117,139,5.7,11.7,13.9,,,,,,1
IQwS7BEjUxM_002546,test,ego: turning,2546,2664,62,92,119,6.2,9.2,11.9,,,,,,1
IQwS7BEjUxM_003370,test,other: leave_to_left,3370,3468,21,44,99,2.1,4.4,9.9,,,,,,1
Izf9l3VWQuo_000815,test,other: leave_to_left,815,923,18,83,109,1.8,8.3,10.9,,,,,,1
Izf9l3VWQuo_000925,test,ego: lateral,925,984,38,60,60,3.8,6.0,6.0,,,,,,1
Izf9l3VWQuo_001419,test,other: leave_to_left,1419,1568,40,116,150,4.0,11.6,15.0,,,,,,1
Izf9l3VWQuo_001570,test,other: oncoming,1570,1649,22,52,80,2.2,5.2,8.0,,,,,,1
Izf9l3VWQuo_002029,test,other: oncoming,2029,2150,50,88,122,5.0,8.8,12.2,,,,,,1
Izf9l3VWQuo_003613,test,other: moving_ahead_or_waiting,3613,3766,73,92,154,7.3,9.2,15.4,,,,,,1
Izf9l3VWQuo_004280,test,ego: leave_to_right,4280,4420,70,125,141,7.0,12.5,14.1,,,,,,1
Izf9l3VWQuo_005326,test,other: oncoming,5326,5434,31,50,109,3.1,5.0,10.9,,,,,,1
Izf9l3VWQuo_005523,test,other: turning,5523,5632,17,73,110,1.7,7.3,11.0,,,,,,1
Izf9l3VWQuo_005634,test,other: moving_ahead_or_waiting,5634,5732,39,60,99,3.9,6.0,9.9,,,,,,1
J-j5eIHg8I0_000194,test,ego: turning,194,251,54,58,58,5.4,5.8,5.8,,,,,,1
J-j5eIHg8I0_000723,test,other: turning,723,863,67,82,141,6.7,8.2,14.1,,,,,,1
J-j5eIHg8I0_000865,test,other: moving_ahead_or_waiting,865,992,38,86,128,3.8,8.6,12.8,,,,,,1
J-j5eIHg8I0_000994,test,ego: turning,994,1132,53,104,139,5.3,10.4,13.9,,,,,,1
J-j5eIHg8I0_001134,test,other: lateral,1134,1284,24,56,151,2.4,5.6,15.1,,,,,,1
J-j5eIHg8I0_001286,test,ego: leave_to_right,1286,1442,87,129,157,8.7,12.9,15.7,,,,,,1
J-j5eIHg8I0_001514,test,other: turning,1514,1652,60,90,139,6.0,9.0,13.9,,,,,,1
J-j5eIHg8I0_001654,test,other: turning,1654,1694,21,41,41,2.1,4.1,4.1,,,,,,1
J-j5eIHg8I0_001696,test,ego: moving_ahead_or_waiting,1696,1814,26,86,119,2.6,8.6,11.9,,,,,,1
J-j5eIHg8I0_001816,test,other: moving_ahead_or_waiting,1816,1915,31,61,100,3.1,6.1,10.0,,,,,,1
J-j5eIHg8I0_002477,test,ego: turning,2477,2586,37,79,110,3.7,7.9,11.0,,,,,,1
J-j5eIHg8I0_004416,test,other: turning,4416,4490,24,50,75,2.4,5.0,7.5,,,,,,1
J-vWxzY9H9E_000271,test,ego: turning,271,359,38,71,89,3.8,7.1,8.9,,,,,,1
JHfjuFrnpjA_000441,test,other: turning,441,549,49,68,109,4.9,6.8,10.9,,,,,,1
JHfjuFrnpjA_000551,test,other: turning,551,629,10,37,79,1.0,3.7,7.9,,,,,,1
JHfjuFrnpjA_000721,test,other: leave_to_left,721,860,73,118,140,7.3,11.8,14.0,,,,,,1
JHfjuFrnpjA_001044,test,other: turning,1044,1162,33,70,119,3.3,7.0,11.9,,,,,,1
JHfjuFrnpjA_001164,test,other: lateral,1164,1278,12,98,115,1.2,9.8,11.5,,,,,,1
JHfjuFrnpjA_002290,test,other: lateral,2290,2402,37,68,113,3.7,6.8,11.3,,,,,,1
JHfjuFrnpjA_005229,test,other: turning,5229,5317,40,61,89,4.0,6.1,8.9,,,,,,1
JHfjuFrnpjA_005930,test,other: leave_to_right,5930,6017,48,70,88,4.8,7.0,8.8,,,,,,1
JV0D-YkWHD8_000689,test,ego: lateral,689,755,0,42,67,0.0,4.2,6.7,,,,,,1
JV0D-YkWHD8_000851,test,ego: turning,851,954,43,61,104,4.3,6.1,10.4,,,,,,1
JV0D-YkWHD8_001349,test,ego: lateral,1349,1452,22,63,104,2.2,6.3,10.4,,,,,,1
JV0D-YkWHD8_001454,test,other: turning,1454,1529,21,45,76,2.1,4.5,7.6,,,,,,1
JV0D-YkWHD8_001531,test,ego: turning,1531,1597,17,42,67,1.7,4.2,6.7,,,,,,1
JV0D-YkWHD8_001686,test,ego: pedestrian,1686,1783,43,86,98,4.3,8.6,9.8,,,,,,1
JV0D-YkWHD8_002421,test,other: moving_ahead_or_waiting,2421,2514,34,76,94,3.4,7.6,9.4,,,,,,1
JV0D-YkWHD8_003492,test,ego: lateral,3492,3558,23,38,67,2.3,3.8,6.7,,,,,,1
JV0D-YkWHD8_003654,test,ego: leave_to_left,3654,3742,25,78,89,2.5,7.8,8.9,,,,,,1
JV0D-YkWHD8_003939,test,other: lateral,3939,4031,34,86,93,3.4,8.6,9.3,,,,,,1
J_ggxJD3Uy8_004713,test,ego: moving_ahead_or_waiting,4713,4782,38,66,70,3.8,6.6,7.0,,,,,,1
JkYzYrJpSoQ_001255,test,ego: moving_ahead_or_waiting,1255,1353,58,70,99,5.8,7.0,9.9,,,,,,1
JkYzYrJpSoQ_001556,test,ego: turning,1556,1644,28,66,89,2.8,6.6,8.9,,,,,,1
JkYzYrJpSoQ_002520,test,ego: turning,2520,2608,43,62,89,4.3,6.2,8.9,,,,,,1
JkYzYrJpSoQ_004208,test,ego: turning,4208,4296,42,68,89,4.2,6.8,8.9,,,,,,1
JkYzYrJpSoQ_004298,test,ego: lateral,4298,4396,46,70,99,4.6,7.0,9.9,,,,,,1
JkYzYrJpSoQ_005468,test,other: unknown,5468,5576,64,88,109,6.4,8.8,10.9,,,,,,1
JkYzYrJpSoQ_005578,test,ego: turning,5578,5676,39,71,99,3.9,7.1,9.9,,,,,,1
Jt6_hinpKpk_001303,test,other: turning,1303,1346,9,43,44,0.9,4.3,4.4,,,,,,1
K1r3m5OrmB4_001155,test,other: turning,1155,1233,19,54,79,1.9,5.4,7.9,,,,,,1
K1r3m5OrmB4_001770,test,other: leave_to_left,1770,1918,29,76,149,2.9,7.6,14.9,,,,,,1
K1r3m5OrmB4_002157,test,other: lateral,2157,2214,22,37,58,2.2,3.7,5.8,,,,,,1
K1r3m5OrmB4_002380,test,ego: leave_to_right,2380,2472,17,75,93,1.7,7.5,9.3,,,,,,1
K1r3m5OrmB4_003389,test,ego: lateral,3389,3477,20,49,89,2.0,4.9,8.9,,,,,,1
K1r3m5OrmB4_003479,test,ego: moving_ahead_or_waiting,3479,3602,8,49,124,0.8,4.9,12.4,,,,,,1
K1r3m5OrmB4_003721,test,ego: lateral,3721,3814,32,75,94,3.2,7.5,9.4,,,,,,1
K1r3m5OrmB4_004010,test,ego: turning,4010,4097,21,69,88,2.1,6.9,8.8,,,,,,1
K1r3m5OrmB4_005770,test,ego: leave_to_left,5770,5864,54,79,95,5.4,7.9,9.5,,,,,,1
K1r3m5OrmB4_005928,test,ego: lateral,5928,6003,17,51,76,1.7,5.1,7.6,,,,,,1
K1r3m5OrmB4_006472,test,ego: turning,6472,6546,38,75,75,3.8,7.5,7.5,,,,,,1
KOm5jw8vGrE_001190,test,ego: turning,1190,1246,36,51,57,3.6,5.1,5.7,,,,,,1
L334aqEJxys_001996,test,ego: leave_to_right,1996,2134,47,108,139,4.7,10.8,13.9,,,,,,1
L334aqEJxys_003180,test,ego: lateral,3180,3278,36,64,99,3.6,6.4,9.9,,,,,,1
L334aqEJxys_004170,test,ego: moving_ahead_or_waiting,4170,4295,64,96,126,6.4,9.6,12.6,,,,,,1
L334aqEJxys_004297,test,ego: moving_ahead_or_waiting,4297,4385,41,74,89,4.1,7.4,8.9,,,,,,1
L334aqEJxys_004809,test,ego: pedestrian,4809,4992,113,184,184,11.3,18.4,18.4,,,,,,1
LbKd5Ho0wDM_000635,test,other: lateral,635,721,39,72,87,3.9,7.2,8.7,,,,,,1
LfKfK4I5RPE_000321,test,ego: oncoming,321,419,49,70,99,4.9,7.0,9.9,,,,,,1
LfKfK4I5RPE_000722,test,ego: turning,722,820,56,76,99,5.6,7.6,9.9,,,,,,1
LfKfK4I5RPE_001441,test,other: leave_to_right,1441,1560,16,101,120,1.6,10.1,12.0,,,,,,1
LfKfK4I5RPE_001779,test,other: leave_to_left,1779,1887,54,90,109,5.4,9.0,10.9,,,,,,1
LfKfK4I5RPE_002296,test,ego: turning,2296,2394,45,74,99,4.5,7.4,9.9,,,,,,1
LfKfK4I5RPE_002937,test,ego: moving_ahead_or_waiting,2937,2989,36,53,53,3.6,5.3,5.3,,,,,,1
LfKfK4I5RPE_003915,test,other: oncoming,3915,4003,43,66,89,4.3,6.6,8.9,,,,,,1
LfKfK4I5RPE_004329,test,ego: turning,4329,4407,28,50,79,2.8,5.0,7.9,,,,,,1
LfKfK4I5RPE_005725,test,ego: leave_to_right,5725,5901,51,153,177,5.1,15.3,17.7,,,,,,1
Nc9SDBksPPA_000075,test,other: turning,75,169,37,55,95,3.7,5.5,9.5,,,,,,1
Nc9SDBksPPA_000531,test,other: turning,531,619,26,58,89,2.6,5.8,8.9,,,,,,1
Nc9SDBksPPA_000740,test,other: lateral,740,838,43,67,99,4.3,6.7,9.9,,,,,,1
Nc9SDBksPPA_000961,test,ego: leave_to_left,961,1137,40,155,177,4.0,15.5,17.7,,,,,,1
Nc9SDBksPPA_001462,test,other: leave_to_right,1462,1571,30,88,110,3.0,8.8,11.0,,,,,,1
Nc9SDBksPPA_001801,test,other: lateral,1801,1860,38,60,60,3.8,6.0,6.0,,,,,,1
Nc9SDBksPPA_002070,test,other: leave_to_right,2070,2185,43,92,116,4.3,9.2,11.6,,,,,,1
Nc9SDBksPPA_003515,test,ego: lateral,3515,3623,44,94,109,4.4,9.4,10.9,,,,,,1
Nc9SDBksPPA_003625,test,other: leave_to_left,3625,3733,43,63,109,4.3,6.3,10.9,,,,,,1
Nc9SDBksPPA_003925,test,other: turning,3925,4003,24,50,79,2.4,5.0,7.9,,,,,,1
Nc9SDBksPPA_004594,test,ego: turning,4594,4712,68,82,119,6.8,8.2,11.9,,,,,,1
O9uvBFovKj8_000893,test,ego: turning,893,981,23,52,89,2.3,5.2,8.9,,,,,,1
O9uvBFovKj8_001367,test,ego: oncoming,1367,1465,54,75,99,5.4,7.5,9.9,,,,,,1
O9uvBFovKj8_001577,test,other: moving_ahead_or_waiting,1577,1676,31,79,100,3.1,7.9,10.0,,,,,,1
O9uvBFovKj8_001678,test,other: leave_to_right,1678,1799,53,106,122,5.3,10.6,12.2,,,,,,1
O9uvBFovKj8_002029,test,other: leave_to_right,2029,2107,38,58,79,3.8,5.8,7.9,,,,,,1
O9uvBFovKj8_003798,test,other: pedestrian,3798,3886,31,59,89,3.1,5.9,8.9,,,,,,1
O9uvBFovKj8_004388,test,ego: turning,4388,4515,42,76,128,4.2,7.6,12.8,,,,,,1
O9uvBFovKj8_004517,test,ego: leave_to_right,4517,4630,43,92,114,4.3,9.2,11.4,,,,,,1
O9uvBFovKj8_004782,test,ego: lateral,4782,4880,23,67,99,2.3,6.7,9.9,,,,,,1
O9uvBFovKj8_005244,test,other: moving_ahead_or_waiting,5244,5322,19,34,79,1.9,3.4,7.9,,,,,,1
O9uvBFovKj8_005324,test,other: leave_to_left,5324,5432,41,79,109,4.1,7.9,10.9,,,,,,1
O9uvBFovKj8_005434,test,other: leave_to_right,5434,5573,24,53,140,2.4,5.3,14.0,,,,,,1
OPj7lUQOre8_002571,test,other: lateral,2571,2679,45,99,109,4.5,9.9,10.9,,,,,,1
OPj7lUQOre8_002681,test,ego: moving_ahead_or_waiting,2681,2819,56,83,139,5.6,8.3,13.9,,,,,,1
OPj7lUQOre8_004526,test,ego: lateral,4526,4624,39,67,99,3.9,6.7,9.9,,,,,,1
OPj7lUQOre8_005177,test,other: obstacle,5177,5285,36,55,109,3.6,5.5,10.9,,,,,,1
OPj7lUQOre8_005647,test,ego: lateral,5647,5795,61,114,149,6.1,11.4,14.9,,,,,,1
OWtbKblBOKI_001000,test,ego: lateral,1000,1139,40,104,140,4.0,10.4,14.0,,,,,,1
OWtbKblBOKI_001918,test,other: lateral,1918,1998,23,49,81,2.3,4.9,8.1,,,,,,1
OWtbKblBOKI_002459,test,ego: moving_ahead_or_waiting,2459,2551,29,71,93,2.9,7.1,9.3,,,,,,1
OWtbKblBOKI_003826,test,ego: oncoming,3826,3920,48,78,95,4.8,7.8,9.5,,,,,,1
OWtbKblBOKI_004320,test,ego: oncoming,4320,4387,15,30,68,1.5,3.0,6.8,,,,,,1
OWtbKblBOKI_004579,test,ego: moving_ahead_or_waiting,4579,4698,30,108,120,3.0,10.8,12.0,,,,,,1
OWtbKblBOKI_005062,test,ego: turning,5062,5116,9,55,55,0.9,5.5,5.5,,,,,,1
OWtbKblBOKI_005256,test,ego: turning,5256,5312,25,49,57,2.5,4.9,5.7,,,,,,1
OWtbKblBOKI_005784,test,ego: start_stop_or_stationary,5784,5900,62,108,117,6.2,10.8,11.7,,,,,,1
OWtbKblBOKI_005964,test,ego: turning,5964,6044,30,58,81,3.0,5.8,8.1,,,,,,1
OWtbKblBOKI_006046,test,ego: turning,6046,6126,36,81,81,3.6,8.1,8.1,,,,,,1
P5MjgFmqouA_000823,test,ego: lateral,823,931,41,69,109,4.1,6.9,10.9,,,,,,1
P5MjgFmqouA_001306,test,other: turning,1306,1404,44,66,99,4.4,6.6,9.9,,,,,,1
P5MjgFmqouA_001406,test,other: turning,1406,1504,42,59,99,4.2,5.9,9.9,,,,,,1
P5MjgFmqouA_004030,test,ego: oncoming,4030,4083,46,54,54,4.6,5.4,5.4,,,,,,1
PEwiwzyTjX0_000589,test,ego: lateral,589,662,2,45,74,0.2,4.5,7.4,,,,,,1
PEwiwzyTjX0_001067,test,ego: turning,1067,1167,36,70,101,3.6,7.0,10.1,,,,,,1
PEwiwzyTjX0_002297,test,ego: lateral,2297,2378,21,80,82,2.1,8.0,8.2,,,,,,1
PEwiwzyTjX0_002502,test,ego: turning,2502,2590,26,40,89,2.6,4.0,8.9,,,,,,1
PEwiwzyTjX0_004230,test,ego: leave_to_left,4230,4359,57,123,130,5.7,12.3,13.0,,,,,,1
PEwiwzyTjX0_004544,test,ego: moving_ahead_or_waiting,4544,4618,29,51,75,2.9,5.1,7.5,,,,,,1
PEwiwzyTjX0_004681,test,other: turning,4681,4738,25,36,58,2.5,3.6,5.8,,,,,,1
PEwiwzyTjX0_004740,test,ego: turning,4740,4874,46,63,135,4.6,6.3,13.5,,,,,,1
PYL3JcSsS6o_000191,test,ego: turning,191,309,71,105,119,7.1,10.5,11.9,,,,,,1
PYL3JcSsS6o_000311,test,ego: lateral,311,419,57,76,109,5.7,7.6,10.9,,,,,,1
PYL3JcSsS6o_000862,test,other: turning,862,960,31,56,99,3.1,5.6,9.9,,,,,,1
PYL3JcSsS6o_001722,test,other: oncoming,1722,1820,32,53,99,3.2,5.3,9.9,,,,,,1
PYL3JcSsS6o_001822,test,ego: oncoming,1822,1925,31,63,104,3.1,6.3,10.4,,,,,,1
PYL3JcSsS6o_002428,test,other: leave_to_right,2428,2596,38,81,169,3.8,8.1,16.9,,,,,,1
PYL3JcSsS6o_002598,test,ego: leave_to_right,2598,2736,63,88,139,6.3,8.8,13.9,,,,,,1
PYL3JcSsS6o_004036,test,other: turning,4036,4144,38,64,109,3.8,6.4,10.9,,,,,,1
PYL3JcSsS6o_005167,test,other: leave_to_right,5167,5255,32,64,89,3.2,6.4,8.9,,,,,,1
PYL3JcSsS6o_005367,test,other: lateral,5367,5455,32,55,89,3.2,5.5,8.9,,,,,,1
Pbw0A-RCjcw_000441,test,other: moving_ahead_or_waiting,441,560,48,88,120,4.8,8.8,12.0,,,,,,1
Pbw0A-RCjcw_000787,test,other: turning,787,925,57,101,139,5.7,10.1,13.9,,,,,,1
Pbw0A-RCjcw_000927,test,other: turning,927,1028,46,62,102,4.6,6.2,10.2,,,,,,1
Pbw0A-RCjcw_001030,test,other: turning,1030,1168,54,79,139,5.4,7.9,13.9,,,,,,1
Pbw0A-RCjcw_001580,test,other: pedestrian,1580,1628,12,49,49,1.2,4.9,4.9,,,,,,1
Pbw0A-RCjcw_002102,test,ego: oncoming,2102,2210,34,64,109,3.4,6.4,10.9,,,,,,1
Pbw0A-RCjcw_002642,test,other: leave_to_right,2642,2740,37,81,99,3.7,8.1,9.9,,,,,,1
Pbw0A-RCjcw_002938,test,other: turning,2938,3056,41,82,119,4.1,8.2,11.9,,,,,,1
PfJ2CudpCgE_000927,test,ego: lateral,927,1037,40,85,111,4.0,8.5,11.1,,,,,,1
PfJ2CudpCgE_002202,test,ego: moving_ahead_or_waiting,2202,2275,30,48,74,3.0,4.8,7.4,,,,,,1
PfJ2CudpCgE_002955,test,ego: turning,2955,3065,56,70,111,5.6,7.0,11.1,,,,,,1
PfJ2CudpCgE_003067,test,ego: lateral,3067,3152,31,70,86,3.1,7.0,8.6,,,,,,1
PfJ2CudpCgE_003409,test,ego: unknown,3409,3504,61,80,96,6.1,8.0,9.6,,,,,,1
PfJ2CudpCgE_003506,test,ego: lateral,3506,3612,66,88,107,6.6,8.8,10.7,,,,,,1
PfJ2CudpCgE_003831,test,ego: turning,3831,3922,35,73,92,3.5,7.3,9.2,,,,,,1
PfJ2CudpCgE_004303,test,ego: turning,4303,4393,46,73,91,4.6,7.3,9.1,,,,,,1
PfJ2CudpCgE_004728,test,ego: moving_ahead_or_waiting,4728,4814,43,81,87,4.3,8.1,8.7,,,,,,1
PfJ2CudpCgE_004816,test,other: obstacle,4816,4931,25,99,116,2.5,9.9,11.6,,,,,,1
PfJ2CudpCgE_005574,test,ego: turning,5574,5654,44,74,81,4.4,7.4,8.1,,,,,,1
PfJ2CudpCgE_005947,test,other: turning,5947,6022,28,56,76,2.8,5.6,7.6,,,,,,1
PqbpIHZvjMA_001464,test,other: turning,1464,1578,27,63,115,2.7,6.3,11.5,,,,,,1
PqbpIHZvjMA_001933,test,ego: lateral,1933,2039,22,32,107,2.2,3.2,10.7,,,,,,1
PqbpIHZvjMA_002926,test,other: oncoming,2926,3044,34,86,119,3.4,8.6,11.9,,,,,,1
PqbpIHZvjMA_003046,test,other: start_stop_or_stationary,3046,3184,75,89,139,7.5,8.9,13.9,,,,,,1
PqbpIHZvjMA_003186,test,other: moving_ahead_or_waiting,3186,3365,36,60,180,3.6,6.0,18.0,,,,,,1
PqbpIHZvjMA_003367,test,ego: leave_to_right,3367,3465,34,99,99,3.4,9.9,9.9,,,,,,1
PqbpIHZvjMA_004933,test,ego: leave_to_left,4933,4988,45,56,56,4.5,5.6,5.6,,,,,,1
PqbpIHZvjMA_005165,test,other: leave_to_left,5165,5272,24,72,108,2.4,7.2,10.8,,,,,,1
PqbpIHZvjMA_005274,test,ego: lateral,5274,5362,42,71,89,4.2,7.1,8.9,,,,,,1
Q7VBPeGwJWw_000051,test,ego: turning,51,155,31,76,105,3.1,7.6,10.5,,,,,,1
Q7VBPeGwJWw_000157,test,other: turning,157,259,22,48,103,2.2,4.8,10.3,,,,,,1
Q7VBPeGwJWw_000261,test,ego: turning,261,355,31,74,95,3.1,7.4,9.5,,,,,,1
Q7VBPeGwJWw_000938,test,other: leave_to_right,938,1021,11,40,84,1.1,4.0,8.4,,,,,,1
Q7VBPeGwJWw_001409,test,ego: turning,1409,1503,36,57,95,3.6,5.7,9.5,,,,,,1
Q7VBPeGwJWw_001505,test,ego: leave_to_right,1505,1629,19,102,125,1.9,10.2,12.5,,,,,,1
Q7VBPeGwJWw_001631,test,other: obstacle,1631,1701,29,62,71,2.9,6.2,7.1,,,,,,1
Q7VBPeGwJWw_001856,test,other: turning,1856,1962,40,72,107,4.0,7.2,10.7,,,,,,1
Q7VBPeGwJWw_002331,test,ego: lateral,2331,2429,36,61,99,3.6,6.1,9.9,,,,,,1
Q7VBPeGwJWw_002764,test,other: turning,2764,2847,25,47,84,2.5,4.7,8.4,,,,,,1
QERvirE3S5s_000052,test,other: obstacle,52,185,25,100,134,2.5,10.0,13.4,,,,,,1
QERvirE3S5s_000654,test,ego: turning,654,742,25,62,89,2.5,6.2,8.9,,,,,,1
QERvirE3S5s_001573,test,ego: lateral,1573,1662,25,75,90,2.5,7.5,9.0,,,,,,1
QERvirE3S5s_002162,test,ego: lateral,2162,2302,30,61,141,3.0,6.1,14.1,,,,,,1
QERvirE3S5s_003568,test,ego: turning,3568,3671,49,82,104,4.9,8.2,10.4,,,,,,1
QERvirE3S5s_004537,test,ego: moving_ahead_or_waiting,4537,4616,20,41,80,2.0,4.1,8.0,,,,,,1
QERvirE3S5s_005255,test,other: leave_to_right,5255,5348,32,94,94,3.2,9.4,9.4,,,,,,1
QERvirE3S5s_005834,test,ego: moving_ahead_or_waiting,5834,5931,66,82,98,6.6,8.2,9.8,,,,,,1
QeuzUfHIWYU_000469,test,other: turning,469,557,36,48,89,3.6,4.8,8.9,,,,,,1
QeuzUfHIWYU_001416,test,other: turning,1416,1515,28,57,100,2.8,5.7,10.0,,,,,,1
QeuzUfHIWYU_002767,test,ego: lateral,2767,2876,48,86,110,4.8,8.6,11.0,,,,,,1
RASKiMoxhOE_000246,test,ego: turning,246,354,36,61,109,3.6,6.1,10.9,,,,,,1
RASKiMoxhOE_000542,test,ego: oncoming,542,620,46,79,79,4.6,7.9,7.9,,,,,,1
RASKiMoxhOE_001588,test,ego: lateral,1588,1669,32,58,82,3.2,5.8,8.2,,,,,,1
RASKiMoxhOE_001671,test,ego: lateral,1671,1748,28,50,78,2.8,5.0,7.8,,,,,,1
RASKiMoxhOE_001821,test,ego: turning,1821,1895,27,52,75,2.7,5.2,7.5,,,,,,1
RASKiMoxhOE_001958,test,other: turning,1958,2042,30,46,85,3.0,4.6,8.5,,,,,,1
RASKiMoxhOE_002044,test,ego: turning,2044,2126,22,51,83,2.2,5.1,8.3,,,,,,1
RASKiMoxhOE_002350,test,ego: lateral,2350,2495,35,50,146,3.5,5.0,14.6,,,,,,1
RASKiMoxhOE_002656,test,ego: turning,2656,2730,23,44,75,2.3,4.4,7.5,,,,,,1
RASKiMoxhOE_002732,test,ego: turning,2732,2807,33,47,76,3.3,4.7,7.6,,,,,,1
RASKiMoxhOE_002809,test,ego: oncoming,2809,2906,29,64,98,2.9,6.4,9.8,,,,,,1
RASKiMoxhOE_002908,test,other: leave_to_right,2908,3018,29,73,111,2.9,7.3,11.1,,,,,,1
RASKiMoxhOE_003020,test,ego: oncoming,3020,3102,41,60,83,4.1,6.0,8.3,,,,,,1
RASKiMoxhOE_004422,test,ego: turning,4422,4500,25,61,79,2.5,6.1,7.9,,,,,,1
RASKiMoxhOE_004705,test,ego: leave_to_left,4705,4820,41,92,116,4.1,9.2,11.6,,,,,,1
RASKiMoxhOE_005128,test,ego: leave_to_left,5128,5200,21,60,73,2.1,6.0,7.3,,,,,,1
RASKiMoxhOE_005417,test,ego: lateral,5417,5458,21,42,42,2.1,4.2,4.2,,,,,,1
RASKiMoxhOE_005460,test,ego: leave_to_left,5460,5560,17,59,101,1.7,5.9,10.1,,,,,,1
RASKiMoxhOE_005562,test,other: leave_to_right,5562,5631,33,52,70,3.3,5.2,7.0,,,,,,1
RPNiqsdt6-w_000611,test,ego: oncoming,611,686,71,76,76,7.1,7.6,7.6,,,,,,1
RPNiqsdt6-w_001284,test,ego: turning,1284,1422,93,118,139,9.3,11.8,13.9,,,,,,1
RPNiqsdt6-w_001424,test,other: leave_to_right,1424,1562,50,124,139,5.0,12.4,13.9,,,,,,1
RPNiqsdt6-w_001684,test,other: oncoming,1684,1802,19,44,119,1.9,4.4,11.9,,,,,,1
RPNiqsdt6-w_003187,test,ego: lateral,3187,3335,56,106,149,5.6,10.6,14.9,,,,,,1
RPNiqsdt6-w_003547,test,other: turning,3547,3645,38,62,99,3.8,6.2,9.9,,,,,,1
RPNiqsdt6-w_004024,test,ego: turning,4024,4088,56,65,65,5.6,6.5,6.5,,,,,,1
RPNiqsdt6-w_004114,test,ego: turning,4114,4173,52,60,60,5.2,6.0,6.0,,,,,,1
RPNiqsdt6-w_004314,test,ego: leave_to_right,4314,4432,44,99,119,4.4,9.9,11.9,,,,,,1
RPNiqsdt6-w_004642,test,other: leave_to_right,4642,4780,40,115,139,4.0,11.5,13.9,,,,,,1
RPNiqsdt6-w_005025,test,other: leave_to_left,5025,5133,40,79,109,4.0,7.9,10.9,,,,,,1
RPNiqsdt6-w_005405,test,other: leave_to_left,5405,5506,22,73,102,2.2,7.3,10.2,,,,,,1
Rrcjy5t8b20_000352,test,ego: start_stop_or_stationary,352,475,27,61,124,2.7,6.1,12.4,,,,,,1
Rrcjy5t8b20_000907,test,ego: lateral,907,1004,46,70,98,4.6,7.0,9.8,,,,,,1
Rrcjy5t8b20_001006,test,ego: turning,1006,1096,31,49,91,3.1,4.9,9.1,,,,,,1
Rrcjy5t8b20_001187,test,ego: turning,1187,1270,30,52,84,3.0,5.2,8.4,,,,,,1
Rrcjy5t8b20_002784,test,ego: oncoming,2784,2995,26,44,212,2.6,4.4,21.2,,,,,,1
Rrcjy5t8b20_003448,test,ego: turning,3448,3496,10,20,49,1.0,2.0,4.9,,,,,,1
Rrcjy5t8b20_003828,test,ego: lateral,3828,3918,25,82,91,2.5,8.2,9.1,,,,,,1
Rrcjy5t8b20_004212,test,other: moving_ahead_or_waiting,4212,4285,35,48,74,3.5,4.8,7.4,,,,,,1
Sihe6aeyLHg_000052,test,ego: turning,52,153,28,48,102,2.8,4.8,10.2,,,,,,1
Sihe6aeyLHg_000242,test,ego: start_stop_or_stationary,242,349,63,82,108,6.3,8.2,10.8,,,,,,1
Sihe6aeyLHg_000602,test,ego: moving_ahead_or_waiting,602,657,45,56,56,4.5,5.6,5.6,,,,,,1
Sihe6aeyLHg_001050,test,ego: turning,1050,1137,40,74,88,4.0,7.4,8.8,,,,,,1
Sihe6aeyLHg_001139,test,ego: turning,1139,1233,60,81,95,6.0,8.1,9.5,,,,,,1
Sihe6aeyLHg_001592,test,ego: turning,1592,1678,27,56,87,2.7,5.6,8.7,,,,,,1
Sihe6aeyLHg_001779,test,other: leave_to_left,1779,1857,28,63,79,2.8,6.3,7.9,,,,,,1
Sihe6aeyLHg_002266,test,ego: lateral,2266,2364,45,66,99,4.5,6.6,9.9,,,,,,1
Sihe6aeyLHg_003418,test,other: moving_ahead_or_waiting,3418,3524,15,35,107,1.5,3.5,10.7,,,,,,1
Sihe6aeyLHg_004435,test,ego: leave_to_left,4435,4546,61,90,112,6.1,9.0,11.2,,,,,,1
Sihe6aeyLHg_005275,test,other: turning,5275,5350,36,61,76,3.6,6.1,7.6,,,,,,1
Sihe6aeyLHg_005352,test,ego: turning,5352,5428,43,51,77,4.3,5.1,7.7,,,,,,1
Sihe6aeyLHg_005590,test,ego: turning,5590,5674,36,65,85,3.6,6.5,8.5,,,,,,1
T7TkJVmGyts_000431,test,ego: turning,431,501,26,71,71,2.6,7.1,7.1,,,,,,1
T7TkJVmGyts_001011,test,other: turning,1011,1132,31,55,122,3.1,5.5,12.2,,,,,,1
T7TkJVmGyts_001508,test,ego: moving_ahead_or_waiting,1508,1626,69,89,119,6.9,8.9,11.9,,,,,,1
T7TkJVmGyts_002905,test,other: obstacle,2905,3023,51,63,119,5.1,6.3,11.9,,,,,,1
T7TkJVmGyts_003025,test,ego: oncoming,3025,3090,53,66,66,5.3,6.6,6.6,,,,,,1
T7TkJVmGyts_003265,test,other: moving_ahead_or_waiting,3265,3391,58,99,127,5.8,9.9,12.7,,,,,,1
T7TkJVmGyts_003713,test,other: moving_ahead_or_waiting,3713,3831,29,46,119,2.9,4.6,11.9,,,,,,1
T7TkJVmGyts_003933,test,other: obstacle,3933,4021,36,64,89,3.6,6.4,8.9,,,,,,1
T7TkJVmGyts_004023,test,other: turning,4023,4141,27,67,119,2.7,6.7,11.9,,,,,,1
T7TkJVmGyts_004143,test,other: turning,4143,4261,17,83,119,1.7,8.3,11.9,,,,,,1
T89zSiaMNgM_000182,test,other: leave_to_left,182,285,26,90,104,2.6,9.0,10.4,,,,,,1
T89zSiaMNgM_000287,test,other: leave_to_right,287,405,37,104,119,3.7,10.4,11.9,,,,,,1
T89zSiaMNgM_000783,test,ego: leave_to_left,783,867,54,85,85,5.4,8.5,8.5,,,,,,1
T89zSiaMNgM_001095,test,ego: oncoming,1095,1203,34,92,109,3.4,9.2,10.9,,,,,,1
T89zSiaMNgM_001205,test,other: turning,1205,1293,45,60,89,4.5,6.0,8.9,,,,,,1
T89zSiaMNgM_001989,test,other: turning,1989,2113,44,96,125,4.4,9.6,12.5,,,,,,1
T89zSiaMNgM_004104,test,other: lateral,4104,4192,18,33,89,1.8,3.3,8.9,,,,,,1
T89zSiaMNgM_004605,test,other: lateral,4605,4713,46,57,109,4.6,5.7,10.9,,,,,,1
T89zSiaMNgM_004818,test,ego: pedestrian,4818,4907,37,58,90,3.7,5.8,9.0,,,,,,1
T89zSiaMNgM_005373,test,other: obstacle,5373,5464,59,75,92,5.9,7.5,9.2,,,,,,1
TNZv-NBcV5U_000066,test,other: leave_to_left,66,154,35,56,89,3.5,5.6,8.9,,,,,,1
TNZv-NBcV5U_000472,test,ego: turning,472,551,38,53,80,3.8,5.3,8.0,,,,,,1
TNZv-NBcV5U_000553,test,other: pedestrian,553,626,39,60,74,3.9,6.0,7.4,,,,,,1
TNZv-NBcV5U_001353,test,other: turning,1353,1441,30,56,89,3.0,5.6,8.9,,,,,,1
TNZv-NBcV5U_001918,test,ego: turning,1918,2000,14,52,83,1.4,5.2,8.3,,,,,,1
TNZv-NBcV5U_002389,test,other: moving_ahead_or_waiting,2389,2493,26,50,105,2.6,5.0,10.5,,,,,,1
TNZv-NBcV5U_002495,test,other: turning,2495,2570,51,75,76,5.1,7.5,7.6,,,,,,1
TNZv-NBcV5U_002660,test,other: moving_ahead_or_waiting,2660,2766,45,68,107,4.5,6.8,10.7,,,,,,1
TNZv-NBcV5U_002856,test,ego: turning,2856,2938,9,41,83,0.9,4.1,8.3,,,,,,1
TNZv-NBcV5U_002940,test,ego: lateral,2940,3038,32,38,99,3.2,3.8,9.9,,,,,,1
TNZv-NBcV5U_003190,test,ego: turning,3190,3251,37,59,62,3.7,5.9,6.2,,,,,,1
TNZv-NBcV5U_003253,test,other: moving_ahead_or_waiting,3253,3331,29,45,79,2.9,4.5,7.9,,,,,,1
TNZv-NBcV5U_003414,test,ego: lateral,3414,3491,21,45,78,2.1,4.5,7.8,,,,,,1
TNZv-NBcV5U_003715,test,ego: turning,3715,3792,32,54,78,3.2,5.4,7.8,,,,,,1
TNZv-NBcV5U_003794,test,ego: moving_ahead_or_waiting,3794,3936,28,41,143,2.8,4.1,14.3,,,,,,1
TNZv-NBcV5U_004086,test,other: lateral,4086,4198,40,86,113,4.0,8.6,11.3,,,,,,1
TNZv-NBcV5U_004200,test,ego: turning,4200,4288,40,54,89,4.0,5.4,8.9,,,,,,1
TNZv-NBcV5U_004436,test,other: pedestrian,4436,4525,49,70,90,4.9,7.0,9.0,,,,,,1
TNZv-NBcV5U_004604,test,ego: oncoming,4604,4685,42,51,82,4.2,5.1,8.2,,,,,,1
TlBhM9Xbr2o_000416,test,ego: oncoming,416,510,37,67,95,3.7,6.7,9.5,,,,,,1
TlBhM9Xbr2o_000512,test,other: lateral,512,627,36,86,116,3.6,8.6,11.6,,,,,,1
TlBhM9Xbr2o_000629,test,ego: moving_ahead_or_waiting,629,721,42,58,93,4.2,5.8,9.3,,,,,,1
TlBhM9Xbr2o_000852,test,other: lateral,852,960,36,57,109,3.6,5.7,10.9,,,,,,1
TlBhM9Xbr2o_000962,test,ego: leave_to_left,962,1090,72,106,129,7.2,10.6,12.9,,,,,,1
TlBhM9Xbr2o_002504,test,ego: moving_ahead_or_waiting,2504,2588,15,57,85,1.5,5.7,8.5,,,,,,1
TlBhM9Xbr2o_003153,test,other: turning,3153,3231,11,26,79,1.1,2.6,7.9,,,,,,1
TlBhM9Xbr2o_003692,test,other: lateral,3692,3784,21,55,93,2.1,5.5,9.3,,,,,,1
TlBhM9Xbr2o_004105,test,other: leave_to_right,4105,4218,31,72,114,3.1,7.2,11.4,,,,,,1
Tsl84N96WM8_000441,test,other: turning,441,579,41,54,139,4.1,5.4,13.9,,,,,,1
Tsl84N96WM8_000581,test,ego: turning,581,679,60,75,99,6.0,7.5,9.9,,,,,,1
Tsl84N96WM8_001791,test,ego: moving_ahead_or_waiting,1791,1930,78,115,140,7.8,11.5,14.0,,,,,,1
Tsl84N96WM8_002262,test,ego: unknown,2262,2360,33,68,99,3.3,6.8,9.9,,,,,,1
Tsl84N96WM8_002572,test,other: moving_ahead_or_waiting,2572,2690,49,85,119,4.9,8.5,11.9,,,,,,1
Tsl84N96WM8_003271,test,other: moving_ahead_or_waiting,3271,3384,18,74,114,1.8,7.4,11.4,,,,,,1
Tsl84N96WM8_003867,test,other: moving_ahead_or_waiting,3867,3955,36,62,89,3.6,6.2,8.9,,,,,,1
Tsl84N96WM8_003957,test,other: leave_to_right,3957,4055,24,87,99,2.4,8.7,9.9,,,,,,1
Tsl84N96WM8_004167,test,ego: oncoming,4167,4265,51,82,99,5.1,8.2,9.9,,,,,,1
Tsl84N96WM8_004577,test,ego: lateral,4577,4715,52,104,139,5.2,10.4,13.9,,,,,,1
Tsl84N96WM8_004887,test,other: moving_ahead_or_waiting,4887,4965,34,49,79,3.4,4.9,7.9,,,,,,1
Tsl84N96WM8_004967,test,ego: turning,4967,5115,63,99,149,6.3,9.9,14.9,,,,,,1
Tsl84N96WM8_005117,test,other: moving_ahead_or_waiting,5117,5255,46,81,139,4.6,8.1,13.9,,,,,,1
Tsl84N96WM8_005257,test,other: leave_to_left,5257,5381,36,102,125,3.6,10.2,12.5,,,,,,1
UKBuDqU8qTM_000080,test,ego: turning,80,189,46,75,110,4.6,7.5,11.0,,,,,,1
UKBuDqU8qTM_002630,test,other: leave_to_right,2630,2728,42,73,99,4.2,7.3,9.9,,,,,,1
UKBuDqU8qTM_002910,test,ego: lateral,2910,3028,49,94,119,4.9,9.4,11.9,,,,,,1
UKBuDqU8qTM_003591,test,ego: turning,3591,3689,31,49,99,3.1,4.9,9.9,,,,,,1
UKBuDqU8qTM_003691,test,other: turning,3691,3813,25,43,123,2.5,4.3,12.3,,,,,,1
UOjQsfDXjO0_000221,test,ego: turning,221,359,87,111,139,8.7,11.1,13.9,,,,,,1
UOjQsfDXjO0_001182,test,other: turning,1182,1295,47,86,114,4.7,8.6,11.4,,,,,,1
UOjQsfDXjO0_001297,test,other: turning,1297,1415,55,80,119,5.5,8.0,11.9,,,,,,1
UOjQsfDXjO0_001628,test,ego: turning,1628,1716,48,65,89,4.8,6.5,8.9,,,,,,1
UOjQsfDXjO0_001858,test,ego: turning,1858,1975,33,62,118,3.3,6.2,11.8,,,,,,1
UOjQsfDXjO0_002157,test,other: leave_to_right,2157,2294,35,112,138,3.5,11.2,13.8,,,,,,1
UOjQsfDXjO0_002597,test,other: lateral,2597,2754,53,115,158,5.3,11.5,15.8,,,,,,1
UOjQsfDXjO0_003077,test,other: oncoming,3077,3225,85,112,149,8.5,11.2,14.9,,,,,,1
UOjQsfDXjO0_004953,test,other: turning,4953,5031,21,47,79,2.1,4.7,7.9,,,,,,1
UbDCiQVuzPY_000504,test,ego: turning,504,602,57,71,99,5.7,7.1,9.9,,,,,,1
UbDCiQVuzPY_000604,test,other: turning,604,712,64,86,109,6.4,8.6,10.9,,,,,,1
UbDCiQVuzPY_001390,test,other: lateral,1390,1473,16,77,84,1.6,7.7,8.4,,,,,,1
UbDCiQVuzPY_001475,test,other: oncoming,1475,1566,82,92,92,8.2,9.2,9.2,,,,,,1
UbDCiQVuzPY_002851,test,other: turning,2851,2949,44,61,99,4.4,6.1,9.9,,,,,,1
UbDCiQVuzPY_002951,test,ego: moving_ahead_or_waiting,2951,3059,40,86,109,4.0,8.6,10.9,,,,,,1
UbDCiQVuzPY_003492,test,ego: moving_ahead_or_waiting,3492,3610,65,84,119,6.5,8.4,11.9,,,,,,1
UbDCiQVuzPY_004082,test,other: moving_ahead_or_waiting,4082,4201,22,69,120,2.2,6.9,12.0,,,,,,1
UbDCiQVuzPY_004313,test,other: turning,4313,4451,45,74,139,4.5,7.4,13.9,,,,,,1
UjkeNSr2dXQ_000394,test,other: moving_ahead_or_waiting,394,501,28,43,108,2.8,4.3,10.8,,,,,,1
UjkeNSr2dXQ_000503,test,ego: moving_ahead_or_waiting,503,608,42,72,106,4.2,7.2,10.6,,,,,,1
UjkeNSr2dXQ_001217,test,ego: moving_ahead_or_waiting,1217,1300,47,64,84,4.7,6.4,8.4,,,,,,1
UjkeNSr2dXQ_002046,test,ego: pedestrian,2046,2129,49,57,84,4.9,5.7,8.4,,,,,,1
UjkeNSr2dXQ_003177,test,ego: turning,3177,3267,24,36,91,2.4,3.6,9.1,,,,,,1
UjkeNSr2dXQ_003339,test,ego: oncoming,3339,3463,73,85,125,7.3,8.5,12.5,,,,,,1
UjkeNSr2dXQ_003936,test,ego: turning,3936,3992,33,42,57,3.3,4.2,5.7,,,,,,1
UjkeNSr2dXQ_004035,test,other: start_stop_or_stationary,4035,4133,6,28,99,0.6,2.8,9.9,,,,,,1
UjkeNSr2dXQ_004437,test,ego: oncoming,4437,4538,35,71,102,3.5,7.1,10.2,,,,,,1
UjkeNSr2dXQ_004633,test,ego: turning,4633,4727,30,39,95,3.0,3.9,9.5,,,,,,1
V3--0ubJkNE_000150,test,ego: turning,150,233,33,60,84,3.3,6.0,8.4,,,,,,1
V3--0ubJkNE_000874,test,ego: turning,874,977,24,40,104,2.4,4.0,10.4,,,,,,1
V3--0ubJkNE_001382,test,other: turning,1382,1465,40,73,84,4.0,7.3,8.4,,,,,,1
V3--0ubJkNE_001571,test,ego: turning,1571,1658,32,43,88,3.2,4.3,8.8,,,,,,1
V3--0ubJkNE_002568,test,ego: moving_ahead_or_waiting,2568,2676,49,70,109,4.9,7.0,10.9,,,,,,1
V3--0ubJkNE_002947,test,ego: oncoming,2947,3045,45,62,99,4.5,6.2,9.9,,,,,,1
V3--0ubJkNE_003132,test,ego: turning,3132,3219,32,37,88,3.2,3.7,8.8,,,,,,1
V3--0ubJkNE_003793,test,ego: lateral,3793,3876,32,43,84,3.2,4.3,8.4,,,,,,1
V3--0ubJkNE_004309,test,ego: turning,4309,4392,27,45,84,2.7,4.5,8.4,,,,,,1
V3--0ubJkNE_005532,test,ego: turning,5532,5609,32,57,78,3.2,5.7,7.8,,,,,,1
V3--0ubJkNE_006107,test,other: lateral,6107,6215,39,68,109,3.9,6.8,10.9,,,,,,1
V3--0ubJkNE_006217,test,ego: moving_ahead_or_waiting,6217,6374,88,143,158,8.8,14.3,15.8,,,,,,1
Vtpe3HAIEm4_000194,test,other: lateral,194,300,8,27,107,0.8,2.7,10.7,,,,,,1
Vtpe3HAIEm4_000631,test,ego: lateral,631,727,30,51,97,3.0,5.1,9.7,,,,,,1
Vtpe3HAIEm4_002165,test,ego: moving_ahead_or_waiting,2165,2240,36,52,76,3.6,5.2,7.6,,,,,,1
Vtpe3HAIEm4_002565,test,other: turning,2565,2654,24,46,90,2.4,4.6,9.0,,,,,,1
Vtpe3HAIEm4_004006,test,ego: lateral,4006,4086,36,67,81,3.6,6.7,8.1,,,,,,1
Vtpe3HAIEm4_005234,test,ego: moving_ahead_or_waiting,5234,5302,23,47,69,2.3,4.7,6.9,,,,,,1
Vtpe3HAIEm4_005304,test,other: lateral,5304,5372,22,47,69,2.2,4.7,6.9,,,,,,1
Vtpe3HAIEm4_005624,test,other: turning,5624,5744,22,55,121,2.2,5.5,12.1,,,,,,1
VxWJchENocA_000308,test,ego: moving_ahead_or_waiting,308,398,42,71,91,4.2,7.1,9.1,,,,,,1
VxWJchENocA_000566,test,other: turning,566,656,35,69,91,3.5,6.9,9.1,,,,,,1
VxWJchENocA_000658,test,ego: moving_ahead_or_waiting,658,728,33,52,71,3.3,5.2,7.1,,,,,,1
VxWJchENocA_001660,test,ego: moving_ahead_or_waiting,1660,1732,20,46,73,2.0,4.6,7.3,,,,,,1
VxWJchENocA_001734,test,other: leave_to_left,1734,1825,42,68,92,4.2,6.8,9.2,,,,,,1
VxWJchENocA_001910,test,ego: lateral,1910,2021,26,59,112,2.6,5.9,11.2,,,,,,1
VxWJchENocA_002834,test,ego: lateral,2834,2926,15,72,93,1.5,7.2,9.3,,,,,,1
VxWJchENocA_003032,test,other: moving_ahead_or_waiting,3032,3101,20,46,70,2.0,4.6,7.0,,,,,,1
VxWJchENocA_003254,test,ego: oncoming,3254,3340,44,62,87,4.4,6.2,8.7,,,,,,1
VxWJchENocA_003610,test,ego: pedestrian,3610,3654,28,45,45,2.8,4.5,4.5,,,,,,1
VxWJchENocA_004081,test,ego: lateral,4081,4196,39,63,116,3.9,6.3,11.6,,,,,,1
VxWJchENocA_004338,test,ego: moving_ahead_or_waiting,4338,4450,81,97,113,8.1,9.7,11.3,,,,,,1
W6YrlYyWguc_000198,test,ego: leave_to_left,198,268,65,71,71,6.5,7.1,7.1,,,,,,1
W6YrlYyWguc_000856,test,other: leave_to_right,856,994,51,77,139,5.1,7.7,13.9,,,,,,1
W6YrlYyWguc_002556,test,other: lateral,2556,2664,40,82,109,4.0,8.2,10.9,,,,,,1
W6YrlYyWguc_002776,test,ego: unknown,2776,2875,59,73,100,5.9,7.3,10.0,,,,,,1
W6YrlYyWguc_003216,test,ego: moving_ahead_or_waiting,3216,3324,42,62,109,4.2,6.2,10.9,,,,,,1
W6YrlYyWguc_003326,test,other: lateral,3326,3444,39,87,119,3.9,8.7,11.9,,,,,,1
W6YrlYyWguc_003446,test,other: moving_ahead_or_waiting,3446,3544,33,63,99,3.3,6.3,9.9,,,,,,1
W6YrlYyWguc_003546,test,ego: turning,3546,3634,48,61,89,4.8,6.1,8.9,,,,,,1
W6YrlYyWguc_003816,test,ego: turning,3816,3895,60,75,80,6.0,7.5,8.0,,,,,,1
W6YrlYyWguc_003897,test,other: turning,3897,4015,71,96,119,7.1,9.6,11.9,,,,,,1
W6YrlYyWguc_005116,test,other: start_stop_or_stationary,5116,5265,87,137,150,8.7,13.7,15.0,,,,,,1
W6YrlYyWguc_005367,test,other: leave_to_left,5367,5475,42,84,109,4.2,8.4,10.9,,,,,,1
W6YrlYyWguc_005597,test,ego: unknown,5597,5685,41,58,89,4.1,5.8,8.9,,,,,,1
W6YrlYyWguc_005927,test,other: turning,5927,6021,55,64,95,5.5,6.4,9.5,,,,,,1
WWyeuvpHmfc_000456,test,ego: obstacle,456,545,41,61,90,4.1,6.1,9.0,,,,,,1
WWyeuvpHmfc_000835,test,ego: lateral,835,935,8,30,101,0.8,3.0,10.1,,,,,,1
WWyeuvpHmfc_001275,test,ego: lateral,1275,1361,34,55,87,3.4,5.5,8.7,,,,,,1
WWyeuvpHmfc_002174,test,ego: moving_ahead_or_waiting,2174,2249,17,37,76,1.7,3.7,7.6,,,,,,1
WWyeuvpHmfc_002770,test,ego: moving_ahead_or_waiting,2770,2846,28,53,77,2.8,5.3,7.7,,,,,,1
WWyeuvpHmfc_003931,test,ego: moving_ahead_or_waiting,3931,4008,15,33,78,1.5,3.3,7.8,,,,,,1
WWyeuvpHmfc_004101,test,ego: turning,4101,4131,21,31,31,2.1,3.1,3.1,,,,,,1
WWyeuvpHmfc_004370,test,other: leave_to_right,4370,4467,35,57,98,3.5,5.7,9.8,,,,,,1
WWyeuvpHmfc_004796,test,ego: moving_ahead_or_waiting,4796,4878,50,58,83,5.0,5.8,8.3,,,,,,1
X8VgGb1fJDU_000388,test,ego: leave_to_right,388,466,36,63,79,3.6,6.3,7.9,,,,,,1
X8VgGb1fJDU_000468,test,other: leave_to_left,468,551,29,84,84,2.9,8.4,8.4,,,,,,1
X8VgGb1fJDU_001122,test,other: turning,1122,1179,7,24,58,0.7,2.4,5.8,,,,,,1
X8VgGb1fJDU_003014,test,other: leave_to_left,3014,3090,32,57,77,3.2,5.7,7.7,,,,,,1
Y4rb2_HaBdQ_000052,test,ego: turning,52,130,35,55,79,3.5,5.5,7.9,,,,,,1
Y4rb2_HaBdQ_000329,test,ego: turning,329,414,20,47,86,2.0,4.7,8.6,,,,,,1
Y4rb2_HaBdQ_000879,test,ego: lateral,879,996,35,56,118,3.5,5.6,11.8,,,,,,1
Y4rb2_HaBdQ_001268,test,ego: turning,1268,1360,49,81,93,4.9,8.1,9.3,,,,,,1
Y4rb2_HaBdQ_001466,test,ego: obstacle,1466,1569,33,50,104,3.3,5.0,10.4,,,,,,1
Y4rb2_HaBdQ_001716,test,ego: turning,1716,1777,45,62,62,4.5,6.2,6.2,,,,,,1
Y4rb2_HaBdQ_002441,test,ego: turning,2441,2526,42,67,86,4.2,6.7,8.6,,,,,,1
Y4rb2_HaBdQ_002928,test,ego: moving_ahead_or_waiting,2928,3053,38,56,126,3.8,5.6,12.6,,,,,,1
Y4rb2_HaBdQ_003578,test,ego: moving_ahead_or_waiting,3578,3655,11,42,78,1.1,4.2,7.8,,,,,,1
Y4rb2_HaBdQ_003915,test,ego: turning,3915,4020,48,66,106,4.8,6.6,10.6,,,,,,1
Y4rb2_HaBdQ_004472,test,ego: moving_ahead_or_waiting,4472,4591,87,108,120,8.7,10.8,12.0,,,,,,1
Y4rb2_HaBdQ_005046,test,other: turning,5046,5186,35,61,141,3.5,6.1,14.1,,,,,,1
YBEYOS3A3Ic_001426,test,ego: lateral,1426,1524,39,67,99,3.9,6.7,9.9,,,,,,1
YBEYOS3A3Ic_002298,test,other: lateral,2298,2386,46,64,89,4.6,6.4,8.9,,,,,,1
YBEYOS3A3Ic_003122,test,other: turning,3122,3213,12,35,92,1.2,3.5,9.2,,,,,,1
YBEYOS3A3Ic_004305,test,ego: lateral,4305,4383,22,43,79,2.2,4.3,7.9,,,,,,1
YBEYOS3A3Ic_004577,test,ego: turning,4577,4654,37,71,78,3.7,7.1,7.8,,,,,,1
YBEYOS3A3Ic_005264,test,other: turning,5264,5347,48,66,84,4.8,6.6,8.4,,,,,,1
YBEYOS3A3Ic_005749,test,ego: turning,5749,5828,22,50,80,2.2,5.0,8.0,,,,,,1
Z9K13eBUwJM_000135,test,ego: oncoming,135,168,18,34,34,1.8,3.4,3.4,,,,,,1
Z9K13eBUwJM_001051,test,ego: lateral,1051,1165,31,100,115,3.1,10.0,11.5,,,,,,1
Z9K13eBUwJM_003427,test,other: moving_ahead_or_waiting,3427,3516,54,66,90,5.4,6.6,9.0,,,,,,1
Z9K13eBUwJM_004677,test,ego: oncoming,4677,4743,23,29,67,2.3,2.9,6.7,,,,,,1
Z9K13eBUwJM_005281,test,ego: moving_ahead_or_waiting,5281,5374,40,51,94,4.0,5.1,9.4,,,,,,1
Z9K13eBUwJM_006190,test,ego: oncoming,6190,6274,31,81,85,3.1,8.1,8.5,,,,,,1
ZIts2XH28SA_000075,test,ego: oncoming,75,169,22,47,95,2.2,4.7,9.5,,,,,,1
ZIts2XH28SA_001272,test,ego: leave_to_right,1272,1392,67,121,121,6.7,12.1,12.1,,,,,,1
ZIts2XH28SA_001782,test,other: leave_to_left,1782,1880,38,63,99,3.8,6.3,9.9,,,,,,1
ZIts2XH28SA_002402,test,other: lateral,2402,2500,50,69,99,5.0,6.9,9.9,,,,,,1
ZIts2XH28SA_003134,test,ego: leave_to_right,3134,3259,38,126,126,3.8,12.6,12.6,,,,,,1
ZIts2XH28SA_003537,test,ego: lateral,3537,3655,25,74,119,2.5,7.4,11.9,,,,,,1
ZIts2XH28SA_003657,test,ego: unknown,3657,3751,20,36,95,2.0,3.6,9.5,,,,,,1
ZIts2XH28SA_003848,test,ego: oncoming,3848,3962,43,73,115,4.3,7.3,11.5,,,,,,1
ZIts2XH28SA_004402,test,ego: unknown,4402,4520,48,76,119,4.8,7.6,11.9,,,,,,1
Zpo0kwg1XEQ_000321,test,ego: lateral,321,408,37,63,88,3.7,6.3,8.8,,,,,,1
Zpo0kwg1XEQ_000720,test,other: moving_ahead_or_waiting,720,809,41,54,90,4.1,5.4,9.0,,,,,,1
Zpo0kwg1XEQ_001043,test,other: turning,1043,1132,32,54,90,3.2,5.4,9.0,,,,,,1
Zpo0kwg1XEQ_002029,test,other: turning,2029,2129,25,44,101,2.5,4.4,10.1,,,,,,1
Zpo0kwg1XEQ_002482,test,ego: oncoming,2482,2578,28,63,97,2.8,6.3,9.7,,,,,,1
Zpo0kwg1XEQ_003224,test,ego: lateral,3224,3320,54,83,97,5.4,8.3,9.7,,,,,,1
Zpo0kwg1XEQ_003952,test,other: leave_to_left,3952,4030,37,61,79,3.7,6.1,7.9,,,,,,1
Zpo0kwg1XEQ_004129,test,ego: turning,4129,4195,29,44,67,2.9,4.4,6.7,,,,,,1
Zpo0kwg1XEQ_004447,test,other: turning,4447,4510,16,43,64,1.6,4.3,6.4,,,,,,1
a_VxrUq9PmA_000072,test,ego: turning,72,179,47,62,108,4.7,6.2,10.8,,,,,,1
a_VxrUq9PmA_000181,test,ego: oncoming,181,384,53,64,204,5.3,6.4,20.4,,,,,,1
a_VxrUq9PmA_000656,test,other: leave_to_right,656,754,26,79,99,2.6,7.9,9.9,,,,,,1
a_VxrUq9PmA_000867,test,other: turning,867,975,62,86,109,6.2,8.6,10.9,,,,,,1
a_VxrUq9PmA_000977,test,other: leave_to_right,977,1135,61,108,159,6.1,10.8,15.9,,,,,,1
a_VxrUq9PmA_001137,test,other: turning,1137,1245,40,96,109,4.0,9.6,10.9,,,,,,1
a_VxrUq9PmA_001508,test,other: leave_to_right,1508,1606,36,52,99,3.6,5.2,9.9,,,,,,1
a_VxrUq9PmA_001608,test,ego: leave_to_left,1608,1716,35,108,109,3.5,10.8,10.9,,,,,,1
a_VxrUq9PmA_001957,test,other: oncoming,1957,2095,26,80,139,2.6,8.0,13.9,,,,,,1
a_VxrUq9PmA_002357,test,other: turning,2357,2495,61,84,139,6.1,8.4,13.9,,,,,,1
a_VxrUq9PmA_002682,test,other: lateral,2682,2785,24,75,104,2.4,7.5,10.4,,,,,,1
a_VxrUq9PmA_003832,test,other: turning,3832,3971,36,85,140,3.6,8.5,14.0,,,,,,1
ahKX0rtdMJc_000073,test,other: turning,73,179,44,68,107,4.4,6.8,10.7,,,,,,1
ahKX0rtdMJc_000473,test,other: moving_ahead_or_waiting,473,670,17,51,198,1.7,5.1,19.8,,,,,,1
ahKX0rtdMJc_000962,test,other: leave_to_left,962,1130,59,134,169,5.9,13.4,16.9,,,,,,1
ahKX0rtdMJc_001382,test,ego: oncoming,1382,1480,57,71,99,5.7,7.1,9.9,,,,,,1
ahKX0rtdMJc_001482,test,other: moving_ahead_or_waiting,1482,1581,55,74,100,5.5,7.4,10.0,,,,,,1
ahKX0rtdMJc_002138,test,ego: oncoming,2138,2226,32,70,89,3.2,7.0,8.9,,,,,,1
ahKX0rtdMJc_002428,test,ego: oncoming,2428,2526,49,65,99,4.9,6.5,9.9,,,,,,1
ahKX0rtdMJc_002528,test,other: leave_to_right,2528,2639,43,60,112,4.3,6.0,11.2,,,,,,1
ahKX0rtdMJc_002641,test,other: turning,2641,2749,36,89,109,3.6,8.9,10.9,,,,,,1
ahKX0rtdMJc_002851,test,ego: unknown,2851,2949,65,99,99,6.5,9.9,9.9,,,,,,1
ahKX0rtdMJc_003639,test,other: unknown,3639,3737,22,99,99,2.2,9.9,9.9,,,,,,1
ahKX0rtdMJc_004382,test,other: turning,4382,4477,44,88,96,4.4,8.8,9.6,,,,,,1
ahKX0rtdMJc_005345,test,other: lateral,5345,5423,28,48,79,2.8,4.8,7.9,,,,,,1
bFGmOp9H3MA_000355,test,ego: oncoming,355,592,35,238,238,3.5,23.8,23.8,,,,,,1
bFGmOp9H3MA_000594,test,other: leave_to_right,594,684,17,75,91,1.7,7.5,9.1,,,,,,1
bFGmOp9H3MA_000853,test,ego: leave_to_right,853,937,49,82,85,4.9,8.2,8.5,,,,,,1
bFGmOp9H3MA_001832,test,ego: leave_to_right,1832,1985,36,154,154,3.6,15.4,15.4,,,,,,1
bFGmOp9H3MA_001987,test,other: leave_to_left,1987,2087,41,90,101,4.1,9.0,10.1,,,,,,1
bFGmOp9H3MA_002646,test,ego: turning,2646,2754,35,66,109,3.5,6.6,10.9,,,,,,1
bFGmOp9H3MA_002953,test,ego: turning,2953,3040,19,40,88,1.9,4.0,8.8,,,,,,1
bFGmOp9H3MA_003113,test,other: leave_to_left,3113,3206,33,59,94,3.3,5.9,9.4,,,,,,1
bFGmOp9H3MA_003708,test,ego: turning,3708,3832,35,116,125,3.5,11.6,12.5,,,,,,1
bFGmOp9H3MA_005278,test,ego: lateral,5278,5401,33,61,124,3.3,6.1,12.4,,,,,,1
bFGmOp9H3MA_005756,test,other: unknown,5756,5888,23,111,133,2.3,11.1,13.3,,,,,,1
bI9JzQSrEGo_000680,test,ego: oncoming,680,777,38,74,98,3.8,7.4,9.8,,,,,,1
bI9JzQSrEGo_001743,test,ego: turning,1743,1812,27,69,70,2.7,6.9,7.0,,,,,,1
bI9JzQSrEGo_003380,test,ego: lateral,3380,3427,34,48,48,3.4,4.8,4.8,,,,,,1
bI9JzQSrEGo_003840,test,ego: turning,3840,3942,44,71,103,4.4,7.1,10.3,,,,,,1
bI9JzQSrEGo_004441,test,ego: turning,4441,4532,31,64,92,3.1,6.4,9.2,,,,,,1
bI9JzQSrEGo_004672,test,ego: leave_to_left,4672,4829,60,136,158,6.0,13.6,15.8,,,,,,1
bI9JzQSrEGo_004831,test,ego: turning,4831,4899,44,69,69,4.4,6.9,6.9,,,,,,1
bI9JzQSrEGo_004901,test,ego: oncoming,4901,4987,53,84,87,5.3,8.4,8.7,,,,,,1
bcpfYpmDcp0_000541,test,ego: lateral,541,622,25,66,82,2.5,6.6,8.2,,,,,,1
bcpfYpmDcp0_000972,test,other: unknown,972,1130,30,31,159,3.0,3.1,15.9,,,,,,1
bcpfYpmDcp0_002246,test,ego: lateral,2246,2338,40,71,93,4.0,7.1,9.3,,,,,,1
bcpfYpmDcp0_003790,test,ego: oncoming,3790,3879,46,90,90,4.6,9.0,9.0,,,,,,1
bcpfYpmDcp0_003881,test,other: obstacle,3881,3952,19,35,72,1.9,3.5,7.2,,,,,,1
bcpfYpmDcp0_004277,test,ego: lateral,4277,4348,28,57,72,2.8,5.7,7.2,,,,,,1
bhA2ckvE-TQ_000072,test,ego: turning,72,167,64,96,96,6.4,9.6,9.6,,,,,,1
bhA2ckvE-TQ_000174,test,other: turning,174,309,31,65,136,3.1,6.5,13.6,,,,,,1
bhA2ckvE-TQ_000311,test,other: oncoming,311,419,55,87,109,5.5,8.7,10.9,,,,,,1
bhA2ckvE-TQ_000722,test,ego: moving_ahead_or_waiting,722,834,33,104,113,3.3,10.4,11.3,,,,,,1
bhA2ckvE-TQ_001691,test,ego: lateral,1691,1795,25,71,105,2.5,7.1,10.5,,,,,,1
bhA2ckvE-TQ_002182,test,other: leave_to_left,2182,2320,33,124,139,3.3,12.4,13.9,,,,,,1
bhA2ckvE-TQ_002807,test,ego: moving_ahead_or_waiting,2807,2905,40,99,99,4.0,9.9,9.9,,,,,,1
bhA2ckvE-TQ_003227,test,ego: moving_ahead_or_waiting,3227,3399,49,96,173,4.9,9.6,17.3,,,,,,1
bhA2ckvE-TQ_003401,test,other: leave_to_right,3401,3510,29,64,110,2.9,6.4,11.0,,,,,,1
bhA2ckvE-TQ_004401,test,ego: pedestrian,4401,4498,45,97,98,4.5,9.7,9.8,,,,,,1
bhA2ckvE-TQ_004788,test,other: turning,4788,4956,21,48,169,2.1,4.8,16.9,,,,,,1
bhA2ckvE-TQ_005336,test,other: leave_to_left,5336,5424,42,66,89,4.2,6.6,8.9,,,,,,1
bhA2ckvE-TQ_005426,test,other: unknown,5426,5538,23,83,113,2.3,8.3,11.3,,,,,,1
cfrLchAShxQ_000212,test,other: turning,212,308,27,78,97,2.7,7.8,9.7,,,,,,1
cfrLchAShxQ_000485,test,ego: turning,485,600,24,89,116,2.4,8.9,11.6,,,,,,1
cfrLchAShxQ_000602,test,other: lateral,602,750,49,103,149,4.9,10.3,14.9,,,,,,1
cfrLchAShxQ_001515,test,ego: lateral,1515,1584,19,70,70,1.9,7.0,7.0,,,,,,1
cfrLchAShxQ_001709,test,ego: turning,1709,1782,34,69,74,3.4,6.9,7.4,,,,,,1
cfrLchAShxQ_002469,test,ego: moving_ahead_or_waiting,2469,2575,16,79,107,1.6,7.9,10.7,,,,,,1
cfrLchAShxQ_002859,test,other: leave_to_left,2859,2942,48,70,84,4.8,7.0,8.4,,,,,,1
cfrLchAShxQ_003406,test,ego: lateral,3406,3555,1,104,150,0.1,10.4,15.0,,,,,,1
cfrLchAShxQ_003557,test,ego: leave_to_right,3557,3643,9,69,87,0.9,6.9,8.7,,,,,,1
cfrLchAShxQ_003645,test,other: turning,3645,3716,26,52,72,2.6,5.2,7.2,,,,,,1
cfrLchAShxQ_003718,test,other: obstacle,3718,3803,41,67,86,4.1,6.7,8.6,,,,,,1
d2SCftR5sWc_000191,test,ego: turning,191,299,36,76,109,3.6,7.6,10.9,,,,,,1
d2SCftR5sWc_001735,test,ego: oncoming,1735,1843,31,56,109,3.1,5.6,10.9,,,,,,1
d2SCftR5sWc_002095,test,ego: pedestrian,2095,2194,63,80,100,6.3,8.0,10.0,,,,,,1
d2SCftR5sWc_002296,test,ego: pedestrian,2296,2394,27,57,99,2.7,5.7,9.9,,,,,,1
d2SCftR5sWc_002396,test,other: turning,2396,2514,41,119,119,4.1,11.9,11.9,,,,,,1
d2SCftR5sWc_003882,test,ego: turning,3882,3980,21,97,99,2.1,9.7,9.9,,,,,,1
d2SCftR5sWc_003982,test,other: moving_ahead_or_waiting,3982,4070,21,51,89,2.1,5.1,8.9,,,,,,1
d2SCftR5sWc_004072,test,ego: moving_ahead_or_waiting,4072,4171,34,66,100,3.4,6.6,10.0,,,,,,1
d2SCftR5sWc_004399,test,other: moving_ahead_or_waiting,4399,4487,17,38,89,1.7,3.8,8.9,,,,,,1
d2SCftR5sWc_004489,test,other: lateral,4489,4587,47,72,99,4.7,7.2,9.9,,,,,,1
dZG1VKsgs60_000582,test,other: lateral,582,700,32,79,119,3.2,7.9,11.9,,,,,,1
dZG1VKsgs60_000825,test,ego: leave_to_left,825,934,53,102,110,5.3,10.2,11.0,,,,,,1
dZG1VKsgs60_001293,test,other: turning,1293,1451,53,75,159,5.3,7.5,15.9,,,,,,1
dZG1VKsgs60_001453,test,ego: turning,1453,1561,55,109,109,5.5,10.9,10.9,,,,,,1
dZG1VKsgs60_002129,test,ego: oncoming,2129,2264,74,95,136,7.4,9.5,13.6,,,,,,1
dZG1VKsgs60_002494,test,ego: turning,2494,2586,46,60,93,4.6,6.0,9.3,,,,,,1
dZG1VKsgs60_002768,test,ego: turning,2768,2867,32,78,100,3.2,7.8,10.0,,,,,,1
dZG1VKsgs60_004008,test,other: pedestrian,4008,4183,21,65,176,2.1,6.5,17.6,,,,,,1
dZG1VKsgs60_004721,test,other: leave_to_left,4721,4809,22,68,89,2.2,6.8,8.9,,,,,,1
dZG1VKsgs60_004811,test,other: leave_to_left,4811,4870,6,48,60,0.6,4.8,6.0,,,,,,1
dZG1VKsgs60_005432,test,other: turning,5432,5555,82,107,124,8.2,10.7,12.4,,,,,,1
e3hXj7S3QyA_000301,test,ego: oncoming,301,353,31,53,53,3.1,5.3,5.3,,,,,,1
e3hXj7S3QyA_000706,test,other: turning,706,760,16,53,55,1.6,5.3,5.5,,,,,,1
e3hXj7S3QyA_001748,test,ego: turning,1748,1804,27,57,57,2.7,5.7,5.7,,,,,,1
eA-kbOZ1_sc_000668,test,other: lateral,668,768,42,78,101,4.2,7.8,10.1,,,,,,1
eA-kbOZ1_sc_003253,test,ego: oncoming,3253,3313,12,54,61,1.2,5.4,6.1,,,,,,1
eA-kbOZ1_sc_005273,test,other: turning,5273,5333,24,50,61,2.4,5.0,6.1,,,,,,1
eN6y6-4C1Rc_000267,test,ego: lateral,267,381,36,43,115,3.6,4.3,11.5,,,,,,1
eN6y6-4C1Rc_000387,test,ego: turning,387,476,27,72,90,2.7,7.2,9.0,,,,,,1
eN6y6-4C1Rc_001527,test,ego: lateral,1527,1636,18,82,110,1.8,8.2,11.0,,,,,,1
eN6y6-4C1Rc_001843,test,ego: turning,1843,1936,43,72,94,4.3,7.2,9.4,,,,,,1
eN6y6-4C1Rc_003465,test,other: lateral,3465,3565,28,45,101,2.8,4.5,10.1,,,,,,1
eN6y6-4C1Rc_003571,test,ego: turning,3571,3676,42,98,106,4.2,9.8,10.6,,,,,,1
eN6y6-4C1Rc_003883,test,other: turning,3883,3957,31,49,75,3.1,4.9,7.5,,,,,,1
eN6y6-4C1Rc_004495,test,ego: lateral,4495,4573,11,32,79,1.1,3.2,7.9,,,,,,1
eN6y6-4C1Rc_005283,test,ego: turning,5283,5394,59,85,112,5.9,8.5,11.2,,,,,,1
eN6y6-4C1Rc_005830,test,other: obstacle,5830,5888,12,31,59,1.2,3.1,5.9,,,,,,1
eN6y6-4C1Rc_005894,test,ego: turning,5894,5962,19,47,69,1.9,4.7,6.9,,,,,,1
eN6y6-4C1Rc_005967,test,ego: turning,5967,6035,23,36,69,2.3,3.6,6.9,,,,,,1
eW9vWga9F5M_000711,test,ego: turning,711,799,28,58,89,2.8,5.8,8.9,,,,,,1
eWWgJznGg6U_000422,test,ego: leave_to_left,422,524,37,103,103,3.7,10.3,10.3,,,,,,1
eWWgJznGg6U_000731,test,ego: turning,731,788,13,52,58,1.3,5.2,5.8,,,,,,1
eWWgJznGg6U_003975,test,ego: turning,3975,4065,34,60,91,3.4,6.0,9.1,,,,,,1
eWWgJznGg6U_004947,test,other: turning,4947,5024,35,72,78,3.5,7.2,7.8,,,,,,1
eWWgJznGg6U_006506,test,other: lateral,6506,6666,67,116,161,6.7,11.6,16.1,,,,,,1
eWWgJznGg6U_006687,test,other: turning,6687,6738,19,40,52,1.9,4.0,5.2,,,,,,1
ecRog9N1Qf0_001036,test,ego: unknown,1036,1150,20,46,115,2.0,4.6,11.5,,,,,,1
ecRog9N1Qf0_002116,test,ego: pedestrian,2116,2203,32,51,88,3.2,5.1,8.8,,,,,,1
ecRog9N1Qf0_004091,test,ego: lateral,4091,4157,11,43,67,1.1,4.3,6.7,,,,,,1
ezY7QrSWeWw_000112,test,ego: oncoming,112,188,22,61,77,2.2,6.1,7.7,,,,,,1
ezY7QrSWeWw_000837,test,other: turning,837,907,36,62,71,3.6,6.2,7.1,,,,,,1
ezY7QrSWeWw_001369,test,ego: turning,1369,1418,10,35,50,1.0,3.5,5.0,,,,,,1
ezY7QrSWeWw_001606,test,ego: turning,1606,1664,18,55,59,1.8,5.5,5.9,,,,,,1
ezY7QrSWeWw_001685,test,other: unknown,1685,1752,23,24,68,2.3,2.4,6.8,,,,,,1
f482qwPz7ns_000644,test,ego: turning,644,772,57,89,129,5.7,8.9,12.9,,,,,,1
f482qwPz7ns_000774,test,ego: turning,774,914,74,120,141,7.4,12.0,14.1,,,,,,1
f482qwPz7ns_000916,test,ego: turning,916,1004,41,66,89,4.1,6.6,8.9,,,,,,1
f482qwPz7ns_002749,test,other: leave_to_right,2749,2845,43,70,97,4.3,7.0,9.7,,,,,,1
f482qwPz7ns_002847,test,ego: leave_to_left,2847,2967,37,95,121,3.7,9.5,12.1,,,,,,1
f482qwPz7ns_003534,test,ego: turning,3534,3648,56,115,115,5.6,11.5,11.5,,,,,,1
f482qwPz7ns_003922,test,other: turning,3922,4010,23,58,89,2.3,5.8,8.9,,,,,,1
f482qwPz7ns_005487,test,other: leave_to_right,5487,5593,46,81,107,4.6,8.1,10.7,,,,,,1
fHUJcUaW2mE_000920,test,ego: leave_to_left,920,1018,34,90,99,3.4,9.0,9.9,,,,,,1
fHUJcUaW2mE_001020,test,ego: turning,1020,1101,39,56,82,3.9,5.6,8.2,,,,,,1
fHUJcUaW2mE_001313,test,ego: oncoming,1313,1431,64,87,119,6.4,8.7,11.9,,,,,,1
fHUJcUaW2mE_001714,test,ego: lateral,1714,1923,34,192,210,3.4,19.2,21.0,,,,,,1
fHUJcUaW2mE_002364,test,ego: lateral,2364,2503,37,125,140,3.7,12.5,14.0,,,,,,1
fHUJcUaW2mE_002702,test,ego: moving_ahead_or_waiting,2702,2818,13,59,117,1.3,5.9,11.7,,,,,,1
fHUJcUaW2mE_002820,test,ego: oncoming,2820,2921,47,73,102,4.7,7.3,10.2,,,,,,1
fHUJcUaW2mE_003090,test,ego: moving_ahead_or_waiting,3090,3189,29,64,100,2.9,6.4,10.0,,,,,,1
fHUJcUaW2mE_003191,test,other: turning,3191,3259,35,53,69,3.5,5.3,6.9,,,,,,1
fHUJcUaW2mE_003261,test,ego: leave_to_right,3261,3380,78,120,120,7.8,12.0,12.0,,,,,,1
fTmYppzzloc_000821,test,other: lateral,821,870,2,49,50,0.2,4.9,5.0,,,,,,1
fWJbp43k644_000051,test,other: unknown,51,129,25,42,79,2.5,4.2,7.9,,,,,,1
fWJbp43k644_000436,test,ego: turning,436,531,39,57,96,3.9,5.7,9.6,,,,,,1
fWJbp43k644_000657,test,ego: oncoming,657,747,32,54,91,3.2,5.4,9.1,,,,,,1
fWJbp43k644_001197,test,ego: turning,1197,1323,33,72,127,3.3,7.2,12.7,,,,,,1
fWJbp43k644_001505,test,ego: turning,1505,1585,37,69,81,3.7,6.9,8.1,,,,,,1
fWJbp43k644_001672,test,ego: turning,1672,1761,34,58,90,3.4,5.8,9.0,,,,,,1
fWJbp43k644_002658,test,ego: leave_to_left,2658,2779,42,121,122,4.2,12.1,12.2,,,,,,1
fWJbp43k644_004034,test,ego: oncoming,4034,4134,37,72,101,3.7,7.2,10.1,,,,,,1
fWJbp43k644_004136,test,ego: lateral,4136,4273,26,51,138,2.6,5.1,13.8,,,,,,1
fWJbp43k644_005053,test,ego: moving_ahead_or_waiting,5053,5153,41,61,101,4.1,6.1,10.1,,,,,,1
fWJbp43k644_005522,test,ego: lateral,5522,5679,13,52,158,1.3,5.2,15.8,,,,,,1
fb5i7JlmJdg_000923,test,ego: turning,923,1071,73,110,149,7.3,11.0,14.9,,,,,,1
fb5i7JlmJdg_001434,test,ego: turning,1434,1522,39,55,89,3.9,5.5,8.9,,,,,,1
fb5i7JlmJdg_003069,test,other: leave_to_right,3069,3217,40,133,149,4.0,13.3,14.9,,,,,,1
fb5i7JlmJdg_004249,test,ego: start_stop_or_stationary,4249,4347,50,68,99,5.0,6.8,9.9,,,,,,1
fb5i7JlmJdg_004349,test,ego: turning,4349,4447,45,67,99,4.5,6.7,9.9,,,,,,1
fb5i7JlmJdg_004952,test,other: oncoming,4952,5050,44,57,99,4.4,5.7,9.9,,,,,,1
fb5i7JlmJdg_005362,test,other: turning,5362,5440,34,56,79,3.4,5.6,7.9,,,,,,1
fb5i7JlmJdg_005442,test,ego: oncoming,5442,5551,58,80,110,5.8,8.0,11.0,,,,,,1
fdvMUP8qvzw_001014,test,ego: oncoming,1014,1104,28,51,91,2.8,5.1,9.1,,,,,,1
fdvMUP8qvzw_001397,test,other: leave_to_right,1397,1505,45,62,109,4.5,6.2,10.9,,,,,,1
fdvMUP8qvzw_004232,test,other: turning,4232,4291,25,41,60,2.5,4.1,6.0,,,,,,1
fdvMUP8qvzw_004293,test,ego: turning,4293,4370,31,53,78,3.1,5.3,7.8,,,,,,1
fdvMUP8qvzw_005495,test,ego: unknown,5495,5593,20,69,99,2.0,6.9,9.9,,,,,,1
fsqORUrKLYg_001225,test,other: turning,1225,1333,64,86,109,6.4,8.6,10.9,,,,,,1
fsqORUrKLYg_003730,test,ego: oncoming,3730,3848,40,59,119,4.0,5.9,11.9,,,,,,1
fsqORUrKLYg_004820,test,ego: turning,4820,4918,37,71,99,3.7,7.1,9.9,,,,,,1
gDjeTHGWX9c_000403,test,ego: moving_ahead_or_waiting,403,510,37,84,108,3.7,8.4,10.8,,,,,,1
gDjeTHGWX9c_000656,test,ego: lateral,656,735,7,37,80,0.7,3.7,8.0,,,,,,1
gDjeTHGWX9c_001476,test,ego: obstacle,1476,1545,32,70,70,3.2,7.0,7.0,,,,,,1
gDjeTHGWX9c_001707,test,ego: lateral,1707,1794,36,64,88,3.6,6.4,8.8,,,,,,1
gDjeTHGWX9c_002793,test,other: turning,2793,2872,9,27,80,0.9,2.7,8.0,,,,,,1
gDjeTHGWX9c_003170,test,ego: turning,3170,3244,20,58,75,2.0,5.8,7.5,,,,,,1
gDjeTHGWX9c_003429,test,ego: lateral,3429,3508,25,66,80,2.5,6.6,8.0,,,,,,1
gDjeTHGWX9c_003510,test,ego: oncoming,3510,3599,34,58,90,3.4,5.8,9.0,,,,,,1
gDjeTHGWX9c_003722,test,ego: lateral,3722,3818,44,91,97,4.4,9.1,9.7,,,,,,1
gDjeTHGWX9c_004036,test,other: moving_ahead_or_waiting,4036,4104,25,42,69,2.5,4.2,6.9,,,,,,1
gDjeTHGWX9c_004634,test,ego: lateral,4634,4690,22,56,57,2.2,5.6,5.7,,,,,,1
gDjeTHGWX9c_005264,test,ego: moving_ahead_or_waiting,5264,5340,24,50,77,2.4,5.0,7.7,,,,,,1
gDjeTHGWX9c_005826,test,ego: lateral,5826,5912,38,83,87,3.8,8.3,8.7,,,,,,1
gDjeTHGWX9c_006247,test,other: obstacle,6247,6346,38,83,100,3.8,8.3,10.0,,,,,,1
gXezhrOijmQ_000311,test,ego: moving_ahead_or_waiting,311,399,48,73,89,4.8,7.3,8.9,,,,,,1
gXezhrOijmQ_000949,test,other: leave_to_right,949,1057,38,76,109,3.8,7.6,10.9,,,,,,1
gXezhrOijmQ_001059,test,other: lateral,1059,1152,37,94,94,3.7,9.4,9.4,,,,,,1
gXezhrOijmQ_001448,test,ego: turning,1448,1526,31,79,79,3.1,7.9,7.9,,,,,,1
gXezhrOijmQ_003917,test,other: moving_ahead_or_waiting,3917,4035,30,64,119,3.0,6.4,11.9,,,,,,1
gXezhrOijmQ_004037,test,other: moving_ahead_or_waiting,4037,4125,25,89,89,2.5,8.9,8.9,,,,,,1
gZbGLa253Ak_000073,test,ego: moving_ahead_or_waiting,73,219,49,110,147,4.9,11.0,14.7,,,,,,1
gZbGLa253Ak_000341,test,ego: turning,341,429,39,77,89,3.9,7.7,8.9,,,,,,1
gZbGLa253Ak_000932,test,other: turning,932,1040,49,83,109,4.9,8.3,10.9,,,,,,1
gZbGLa253Ak_001252,test,other: obstacle,1252,1360,42,68,109,4.2,6.8,10.9,,,,,,1
gZbGLa253Ak_001583,test,other: turning,1583,1799,79,141,217,7.9,14.1,21.7,,,,,,1
gZbGLa253Ak_001801,test,ego: unknown,1801,1879,33,79,79,3.3,7.9,7.9,,,,,,1
gZbGLa253Ak_001961,test,ego: unknown,1961,2049,46,87,89,4.6,8.7,8.9,,,,,,1
gZbGLa253Ak_002051,test,other: unknown,2051,2189,82,122,139,8.2,12.2,13.9,,,,,,1
gZbGLa253Ak_002697,test,other: leave_to_right,2697,2815,65,104,119,6.5,10.4,11.9,,,,,,1
gZbGLa253Ak_002817,test,ego: turning,2817,2905,40,72,89,4.0,7.2,8.9,,,,,,1
gZbGLa253Ak_003015,test,ego: oncoming,3015,3078,48,64,64,4.8,6.4,6.4,,,,,,1
gZbGLa253Ak_003103,test,other: turning,3103,3204,56,94,102,5.6,9.4,10.2,,,,,,1
gZbGLa253Ak_003759,test,other: turning,3759,3847,13,66,89,1.3,6.6,8.9,,,,,,1
gZbGLa253Ak_003975,test,ego: turning,3975,4073,44,68,99,4.4,6.8,9.9,,,,,,1
gZbGLa253Ak_004075,test,ego: oncoming,4075,4165,42,66,91,4.2,6.6,9.1,,,,,,1
gZbGLa253Ak_004754,test,other: leave_to_right,4754,4852,49,73,99,4.9,7.3,9.9,,,,,,1
gZbGLa253Ak_004854,test,ego: lateral,4854,4972,58,119,119,5.8,11.9,11.9,,,,,,1
h4OXsRSWLLc_000155,test,other: moving_ahead_or_waiting,155,229,8,42,75,0.8,4.2,7.5,,,,,,1
h4OXsRSWLLc_000550,test,other: obstacle,550,612,23,58,63,2.3,5.8,6.3,,,,,,1
h55PiQMnlJY_000824,test,other: turning,824,932,41,66,109,4.1,6.6,10.9,,,,,,1
h55PiQMnlJY_001034,test,other: oncoming,1034,1130,30,66,97,3.0,6.6,9.7,,,,,,1
h55PiQMnlJY_001860,test,other: moving_ahead_or_waiting,1860,1978,61,92,119,6.1,9.2,11.9,,,,,,1
h55PiQMnlJY_002326,test,ego: oncoming,2326,2424,41,69,99,4.1,6.9,9.9,,,,,,1
h55PiQMnlJY_002426,test,other: turning,2426,2569,69,110,144,6.9,11.0,14.4,,,,,,1
h55PiQMnlJY_003085,test,other: turning,3085,3173,48,69,89,4.8,6.9,8.9,,,,,,1
h55PiQMnlJY_003472,test,other: pedestrian,3472,3550,36,63,79,3.6,6.3,7.9,,,,,,1
h55PiQMnlJY_003552,test,other: pedestrian,3552,3673,37,72,122,3.7,7.2,12.2,,,,,,1
h55PiQMnlJY_004143,test,other: turning,4143,4301,56,144,159,5.6,14.4,15.9,,,,,,1
ha-IeID24As_000340,test,ego: moving_ahead_or_waiting,340,445,37,83,106,3.7,8.3,10.6,,,,,,1
ha-IeID24As_001147,test,other: obstacle,1147,1245,58,74,99,5.8,7.4,9.9,,,,,,1
ha-IeID24As_001466,test,other: turning,1466,1565,32,53,100,3.2,5.3,10.0,,,,,,1
ha-IeID24As_003932,test,ego: lateral,3932,4010,34,68,79,3.4,6.8,7.9,,,,,,1
ha-IeID24As_004213,test,ego: turning,4213,4301,35,53,89,3.5,5.3,8.9,,,,,,1
ha-IeID24As_004799,test,other: turning,4799,4877,26,45,79,2.6,4.5,7.9,,,,,,1
ha-IeID24As_005456,test,ego: pedestrian,5456,5534,31,54,79,3.1,5.4,7.9,,,,,,1
ha-IeID24As_005536,test,other: turning,5536,5654,30,49,119,3.0,4.9,11.9,,,,,,1
hdOtS-BpUPY_000303,test,ego: oncoming,303,428,65,103,126,6.5,10.3,12.6,,,,,,1
hdOtS-BpUPY_000430,test,other: leave_to_right,430,548,43,85,119,4.3,8.5,11.9,,,,,,1
hdOtS-BpUPY_000700,test,other: turning,700,818,36,113,119,3.6,11.3,11.9,,,,,,1
hdOtS-BpUPY_001450,test,other: oncoming,1450,1549,50,71,100,5.0,7.1,10.0,,,,,,1
hdOtS-BpUPY_002106,test,other: turning,2106,2203,30,62,98,3.0,6.2,9.8,,,,,,1
hdOtS-BpUPY_002777,test,ego: unknown,2777,2859,42,65,83,4.2,6.5,8.3,,,,,,1
hdOtS-BpUPY_003550,test,other: leave_to_left,3550,3648,49,66,99,4.9,6.6,9.9,,,,,,1
hdOtS-BpUPY_003911,test,other: leave_to_right,3911,3979,22,31,69,2.2,3.1,6.9,,,,,,1
hdOtS-BpUPY_003981,test,other: start_stop_or_stationary,3981,4051,29,44,71,2.9,4.4,7.1,,,,,,1
hdOtS-BpUPY_004503,test,other: start_stop_or_stationary,4503,4621,28,71,119,2.8,7.1,11.9,,,,,,1
hdOtS-BpUPY_005541,test,ego: oncoming,5541,5639,52,63,99,5.2,6.3,9.9,,,,,,1
hdOtS-BpUPY_005641,test,other: pedestrian,5641,5739,25,64,99,2.5,6.4,9.9,,,,,,1
hfwb3mZZ0fs_000136,test,ego: lateral,136,241,43,75,106,4.3,7.5,10.6,,,,,,1
hfwb3mZZ0fs_000243,test,ego: turning,243,321,34,60,79,3.4,6.0,7.9,,,,,,1
hfwb3mZZ0fs_000549,test,other: moving_ahead_or_waiting,549,667,43,96,119,4.3,9.6,11.9,,,,,,1
hfwb3mZZ0fs_000827,test,other: leave_to_right,827,971,35,115,145,3.5,11.5,14.5,,,,,,1
hfwb3mZZ0fs_000973,test,ego: turning,973,1040,33,67,68,3.3,6.7,6.8,,,,,,1
hfwb3mZZ0fs_001042,test,ego: turning,1042,1132,25,59,91,2.5,5.9,9.1,,,,,,1
hfwb3mZZ0fs_001747,test,other: lateral,1747,1823,17,71,77,1.7,7.1,7.7,,,,,,1
hfwb3mZZ0fs_001977,test,ego: lateral,1977,2056,26,66,80,2.6,6.6,8.0,,,,,,1
hfwb3mZZ0fs_002322,test,ego: moving_ahead_or_waiting,2322,2464,77,119,143,7.7,11.9,14.3,,,,,,1
hfwb3mZZ0fs_003020,test,ego: turning,3020,3107,27,75,88,2.7,7.5,8.8,,,,,,1
hfwb3mZZ0fs_004369,test,other: leave_to_right,4369,4574,61,174,206,6.1,17.4,20.6,,,,,,1
hy433gakFeo_001156,test,other: oncoming,1156,1249,14,42,94,1.4,4.2,9.4,,,,,,1
i0Ya-cy2WgY_000635,test,ego: turning,635,729,14,75,95,1.4,7.5,9.5,,,,,,1
ieP36TLihGM_000073,test,ego: turning,73,189,70,96,117,7.0,9.6,11.7,,,,,,1
ieP36TLihGM_000874,test,ego: oncoming,874,962,52,70,89,5.2,7.0,8.9,,,,,,1
ieP36TLihGM_000994,test,other: moving_ahead_or_waiting,994,1112,33,56,119,3.3,5.6,11.9,,,,,,1
ieP36TLihGM_001859,test,other: moving_ahead_or_waiting,1859,1950,22,72,92,2.2,7.2,9.2,,,,,,1
ieP36TLihGM_002282,test,other: leave_to_right,2282,2380,20,70,99,2.0,7.0,9.9,,,,,,1
ieP36TLihGM_002382,test,ego: leave_to_right,2382,2571,67,107,190,6.7,10.7,19.0,,,,,,1
ieP36TLihGM_004004,test,ego: turning,4004,4122,51,82,119,5.1,8.2,11.9,,,,,,1
ieP36TLihGM_004687,test,ego: moving_ahead_or_waiting,4687,4795,32,75,109,3.2,7.5,10.9,,,,,,1
ieP36TLihGM_005277,test,ego: moving_ahead_or_waiting,5277,5431,53,88,155,5.3,8.8,15.5,,,,,,1
jFFhYwgepmY_000073,test,ego: oncoming,73,249,81,102,177,8.1,10.2,17.7,,,,,,1
jFFhYwgepmY_001008,test,ego: turning,1008,1106,44,65,99,4.4,6.5,9.9,,,,,,1
jFFhYwgepmY_001459,test,other: leave_to_left,1459,1577,33,78,119,3.3,7.8,11.9,,,,,,1
jFFhYwgepmY_001729,test,ego: leave_to_right,1729,1856,64,73,128,6.4,7.3,12.8,,,,,,1
jFFhYwgepmY_003192,test,other: lateral,3192,3330,42,76,139,4.2,7.6,13.9,,,,,,1
jFFhYwgepmY_003332,test,other: turning,3332,3440,33,54,109,3.3,5.4,10.9,,,,,,1
jFFhYwgepmY_003442,test,other: lateral,3442,3560,38,94,119,3.8,9.4,11.9,,,,,,1
jFFhYwgepmY_004362,test,other: lateral,4362,4460,45,62,99,4.5,6.2,9.9,,,,,,1
jFFhYwgepmY_004462,test,ego: turning,4462,4570,32,76,109,3.2,7.6,10.9,,,,,,1
jFFhYwgepmY_005022,test,ego: obstacle,5022,5140,56,87,119,5.6,8.7,11.9,,,,,,1
jKwCC2RhxJE_001034,test,ego: lateral,1034,1140,44,92,107,4.4,9.2,10.7,,,,,,1
jKwCC2RhxJE_002954,test,ego: moving_ahead_or_waiting,2954,3026,10,60,73,1.0,6.0,7.3,,,,,,1
jv7vz_55H8M_000890,test,ego: turning,890,985,31,69,96,3.1,6.9,9.6,,,,,,1
jv7vz_55H8M_000987,test,ego: obstacle,987,1066,39,76,80,3.9,7.6,8.0,,,,,,1
jv7vz_55H8M_002578,test,ego: leave_to_left,2578,2692,27,109,115,2.7,10.9,11.5,,,,,,1
kDo7FBuRiBs_001846,test,ego: moving_ahead_or_waiting,1846,1934,16,75,89,1.6,7.5,8.9,,,,,,1
kN-2mc561GY_003223,test,ego: lateral,3223,3315,57,92,93,5.7,9.2,9.3,,,,,,1
kN-2mc561GY_004683,test,ego: turning,4683,4739,12,21,57,1.2,2.1,5.7,,,,,,1
kVhgFPPG-wo_001239,test,ego: turning,1239,1318,17,50,80,1.7,5.0,8.0,,,,,,1
kVhgFPPG-wo_003102,test,ego: turning,3102,3210,24,109,109,2.4,10.9,10.9,,,,,,1
kVhgFPPG-wo_003212,test,ego: leave_to_right,3212,3293,20,59,82,2.0,5.9,8.2,,,,,,1
kVhgFPPG-wo_004111,test,ego: lateral,4111,4183,2,53,73,0.2,5.3,7.3,,,,,,1
kVhgFPPG-wo_004185,test,ego: lateral,4185,4280,37,72,96,3.7,7.2,9.6,,,,,,1
kVhgFPPG-wo_004796,test,ego: lateral,4796,4906,54,101,111,5.4,10.1,11.1,,,,,,1
kVhgFPPG-wo_005182,test,other: lateral,5182,5276,20,61,95,2.0,6.1,9.5,,,,,,1
kVhgFPPG-wo_005860,test,other: leave_to_right,5860,5943,21,50,84,2.1,5.0,8.4,,,,,,1
kVhgFPPG-wo_006152,test,other: unknown,6152,6270,18,119,119,1.8,11.9,11.9,,,,,,1
kjVywUi1WK4_000476,test,other: lateral,476,572,30,64,97,3.0,6.4,9.7,,,,,,1
kjVywUi1WK4_001462,test,ego: turning,1462,1568,40,68,107,4.0,6.8,10.7,,,,,,1
kjVywUi1WK4_001658,test,other: start_stop_or_stationary,1658,1724,25,45,67,2.5,4.5,6.7,,,,,,1
kjVywUi1WK4_001814,test,ego: oncoming,1814,1925,38,112,112,3.8,11.2,11.2,,,,,,1
kjVywUi1WK4_002026,test,ego: moving_ahead_or_waiting,2026,2121,44,66,96,4.4,6.6,9.6,,,,,,1
kjVywUi1WK4_003685,test,ego: lateral,3685,3759,48,74,75,4.8,7.4,7.5,,,,,,1
kjVywUi1WK4_004128,test,ego: moving_ahead_or_waiting,4128,4245,78,106,118,7.8,10.6,11.8,,,,,,1
kld-iYpdjyo_000786,test,other: unknown,786,873,22,47,88,2.2,4.7,8.8,,,,,,1
kld-iYpdjyo_002031,test,other: lateral,2031,2129,16,62,99,1.6,6.2,9.9,,,,,,1
kld-iYpdjyo_002713,test,other: lateral,2713,2833,37,80,121,3.7,8.0,12.1,,,,,,1
kld-iYpdjyo_004278,test,ego: leave_to_right,4278,4407,35,61,130,3.5,6.1,13.0,,,,,,1
kld-iYpdjyo_004761,test,other: turning,4761,4839,27,48,79,2.7,4.8,7.9,,,,,,1
kld-iYpdjyo_004979,test,ego: lateral,4979,5064,31,58,86,3.1,5.8,8.6,,,,,,1
kld-iYpdjyo_005765,test,other: leave_to_right,5765,5913,57,97,149,5.7,9.7,14.9,,,,,,1
kld-iYpdjyo_006125,test,other: pedestrian,6125,6186,28,53,62,2.8,5.3,6.2,,,,,,1
krPRThe7R4g_000719,test,other: turning,719,794,31,57,76,3.1,5.7,7.6,,,,,,1
krPRThe7R4g_004374,test,ego: turning,4374,4447,17,35,74,1.7,3.5,7.4,,,,,,1
l1XbmdmGr0Q_000274,test,ego: lateral,274,372,38,80,99,3.8,8.0,9.9,,,,,,1
l1XbmdmGr0Q_000374,test,ego: lateral,374,448,40,52,75,4.0,5.2,7.5,,,,,,1
l1XbmdmGr0Q_000857,test,ego: oncoming,857,975,26,43,119,2.6,4.3,11.9,,,,,,1
l1XbmdmGr0Q_001914,test,other: turning,1914,2003,44,69,90,4.4,6.9,9.0,,,,,,1
l1XbmdmGr0Q_002005,test,ego: moving_ahead_or_waiting,2005,2083,25,56,79,2.5,5.6,7.9,,,,,,1
l1XbmdmGr0Q_002358,test,other: leave_to_left,2358,2458,54,85,101,5.4,8.5,10.1,,,,,,1
l1XbmdmGr0Q_003081,test,ego: lateral,3081,3168,36,64,88,3.6,6.4,8.8,,,,,,1
l1XbmdmGr0Q_004518,test,other: lateral,4518,4632,35,59,115,3.5,5.9,11.5,,,,,,1
l1XbmdmGr0Q_005056,test,ego: turning,5056,5118,16,42,63,1.6,4.2,6.3,,,,,,1
lKMwX4nA64k_000052,test,ego: oncoming,52,146,45,58,95,4.5,5.8,9.5,,,,,,1
lKMwX4nA64k_000474,test,ego: leave_to_right,474,574,36,55,101,3.6,5.5,10.1,,,,,,1
lKMwX4nA64k_001027,test,other: leave_to_left,1027,1137,16,35,111,1.6,3.5,11.1,,,,,,1
lKMwX4nA64k_001689,test,other: pedestrian,1689,1780,43,62,92,4.3,6.2,9.2,,,,,,1
lKMwX4nA64k_001782,test,other: lateral,1782,1924,7,80,143,0.7,8.0,14.3,,,,,,1
lKMwX4nA64k_002645,test,other: turning,2645,2734,50,70,90,5.0,7.0,9.0,,,,,,1
lKMwX4nA64k_003285,test,ego: lateral,3285,3386,49,73,102,4.9,7.3,10.2,,,,,,1
lKMwX4nA64k_003568,test,ego: turning,3568,3654,28,54,87,2.8,5.4,8.7,,,,,,1
lKMwX4nA64k_003913,test,other: turning,3913,4012,22,43,100,2.2,4.3,10.0,,,,,,1
lKMwX4nA64k_004789,test,ego: lateral,4789,4886,38,68,98,3.8,6.8,9.8,,,,,,1
lKMwX4nA64k_005351,test,ego: turning,5351,5417,19,46,67,1.9,4.6,6.7,,,,,,1
lmykriTbncM_002210,test,other: start_stop_or_stationary,2210,2290,24,45,81,2.4,4.5,8.1,,,,,,1
lmykriTbncM_002796,test,other: lateral,2796,2884,8,31,89,0.8,3.1,8.9,,,,,,1
lmykriTbncM_002886,test,ego: oncoming,2886,2998,46,64,113,4.6,6.4,11.3,,,,,,1
lmykriTbncM_003292,test,ego: moving_ahead_or_waiting,3292,3405,46,69,114,4.6,6.9,11.4,,,,,,1
lmykriTbncM_003990,test,ego: lateral,3990,4070,4,48,81,0.4,4.8,8.1,,,,,,1
lmykriTbncM_004072,test,other: lateral,4072,4160,50,68,89,5.0,6.8,8.9,,,,,,1
mrIFkGZbNjc_000652,test,other: turning,652,750,43,54,99,4.3,5.4,9.9,,,,,,1
mrIFkGZbNjc_000953,test,other: turning,953,1021,15,40,69,1.5,4.0,6.9,,,,,,1
mrIFkGZbNjc_001023,test,other: turning,1023,1131,48,62,109,4.8,6.2,10.9,,,,,,1
mrIFkGZbNjc_001416,test,ego: leave_to_right,1416,1554,28,94,139,2.8,9.4,13.9,,,,,,1
mrIFkGZbNjc_003436,test,other: leave_to_right,3436,3575,48,70,140,4.8,7.0,14.0,,,,,,1
nADqn-DZ-Dc_000075,test,ego: leave_to_right,75,209,44,121,135,4.4,12.1,13.5,,,,,,1
nADqn-DZ-Dc_000430,test,other: turning,430,528,53,73,99,5.3,7.3,9.9,,,,,,1
nADqn-DZ-Dc_000530,test,other: turning,530,638,52,81,109,5.2,8.1,10.9,,,,,,1
nADqn-DZ-Dc_000850,test,other: turning,850,988,82,96,139,8.2,9.6,13.9,,,,,,1
nHvTqyRntbY_000914,test,ego: unknown,914,1033,42,63,120,4.2,6.3,12.0,,,,,,1
nHvTqyRntbY_001259,test,other: turning,1259,1339,14,25,81,1.4,2.5,8.1,,,,,,1
nHvTqyRntbY_001534,test,other: moving_ahead_or_waiting,1534,1602,25,43,69,2.5,4.3,6.9,,,,,,1
nHvTqyRntbY_001604,test,other: obstacle,1604,1695,31,45,92,3.1,4.5,9.2,,,,,,1
nHvTqyRntbY_003485,test,ego: moving_ahead_or_waiting,3485,3565,34,51,81,3.4,5.1,8.1,,,,,,1
nHvTqyRntbY_003567,test,other: lateral,3567,3655,30,51,89,3.0,5.1,8.9,,,,,,1
nvVk7L3GrJQ_000051,test,other: leave_to_right,51,179,43,81,129,4.3,8.1,12.9,,,,,,1
nvVk7L3GrJQ_000181,test,other: leave_to_right,181,335,45,93,155,4.5,9.3,15.5,,,,,,1
nvVk7L3GrJQ_000856,test,ego: leave_to_right,856,999,61,142,144,6.1,14.2,14.4,,,,,,1
nvVk7L3GrJQ_001001,test,other: start_stop_or_stationary,1001,1080,27,40,80,2.7,4.0,8.0,,,,,,1
nvVk7L3GrJQ_001382,test,ego: turning,1382,1456,28,43,75,2.8,4.3,7.5,,,,,,1
nvVk7L3GrJQ_002404,test,ego: leave_to_right,2404,2529,31,76,126,3.1,7.6,12.6,,,,,,1
nvVk7L3GrJQ_002531,test,ego: turning,2531,2648,42,62,118,4.2,6.2,11.8,,,,,,1
nvVk7L3GrJQ_002895,test,other: turning,2895,2977,21,40,83,2.1,4.0,8.3,,,,,,1
nvVk7L3GrJQ_003279,test,ego: oncoming,3279,3347,42,69,69,4.2,6.9,6.9,,,,,,1
nvVk7L3GrJQ_003857,test,ego: obstacle,3857,3928,28,52,72,2.8,5.2,7.2,,,,,,1
nvVk7L3GrJQ_004517,test,ego: turning,4517,4588,35,52,72,3.5,5.2,7.2,,,,,,1
nvVk7L3GrJQ_004707,test,ego: moving_ahead_or_waiting,4707,4797,57,90,91,5.7,9.0,9.1,,,,,,1
oZaUkhs_H-s_000501,test,ego: turning,501,609,45,67,109,4.5,6.7,10.9,,,,,,1
oZaUkhs_H-s_000611,test,other: oncoming,611,719,42,82,109,4.2,8.2,10.9,,,,,,1
oZaUkhs_H-s_000927,test,ego: oncoming,927,1035,31,78,109,3.1,7.8,10.9,,,,,,1
oZaUkhs_H-s_003307,test,other: turning,3307,3375,30,48,69,3.0,4.8,6.9,,,,,,1
oZaUkhs_H-s_004282,test,ego: oncoming,4282,4360,38,60,79,3.8,6.0,7.9,,,,,,1
oZaUkhs_H-s_004563,test,other: leave_to_left,4563,4701,41,127,139,4.1,12.7,13.9,,,,,,1
oZaUkhs_H-s_005205,test,other: obstacle,5205,5303,41,71,99,4.1,7.1,9.9,,,,,,1
p-fBcE77G4c_000692,test,other: lateral,692,813,47,90,122,4.7,9.0,12.2,,,,,,1
p-fBcE77G4c_001420,test,ego: turning,1420,1504,18,30,85,1.8,3.0,8.5,,,,,,1
p-fBcE77G4c_001746,test,ego: turning,1746,1824,40,60,79,4.0,6.0,7.9,,,,,,1
p-fBcE77G4c_003212,test,ego: turning,3212,3309,29,51,98,2.9,5.1,9.8,,,,,,1
p-fBcE77G4c_003857,test,ego: moving_ahead_or_waiting,3857,3928,36,52,72,3.6,5.2,7.2,,,,,,1
p-fBcE77G4c_004839,test,other: turning,4839,4895,10,31,57,1.0,3.1,5.7,,,,,,1
p-fBcE77G4c_004988,test,other: start_stop_or_stationary,4988,5052,23,40,65,2.3,4.0,6.5,,,,,,1
p-fBcE77G4c_005054,test,ego: lateral,5054,5115,24,33,62,2.4,3.3,6.2,,,,,,1
p8q77QzOdUs_000652,test,ego: turning,652,730,33,51,79,3.3,5.1,7.9,,,,,,1
p8q77QzOdUs_005240,test,other: start_stop_or_stationary,5240,5348,51,73,109,5.1,7.3,10.9,,,,,,1
pOJpwWmEcFg_000075,test,other: turning,75,189,55,80,115,5.5,8.0,11.5,,,,,,1
pOJpwWmEcFg_000191,test,other: turning,191,279,46,61,89,4.6,6.1,8.9,,,,,,1
pOJpwWmEcFg_001615,test,other: moving_ahead_or_waiting,1615,1726,49,78,112,4.9,7.8,11.2,,,,,,1
pOJpwWmEcFg_005127,test,ego: turning,5127,5200,20,47,74,2.0,4.7,7.4,,,,,,1
pOJpwWmEcFg_005342,test,other: leave_to_right,5342,5448,38,54,107,3.8,5.4,10.7,,,,,,1
pQdl0apLT70_000061,test,other: turning,61,171,17,37,111,1.7,3.7,11.1,,,,,,1
pQdl0apLT70_000883,test,ego: turning,883,945,35,58,63,3.5,5.8,6.3,,,,,,1
pQdl0apLT70_001303,test,other: lateral,1303,1372,19,43,70,1.9,4.3,7.0,,,,,,1
pQdl0apLT70_002193,test,other: pedestrian,2193,2283,44,62,91,4.4,6.2,9.1,,,,,,1
pQdl0apLT70_002720,test,ego: turning,2720,2817,28,48,98,2.8,4.8,9.8,,,,,,1
pQdl0apLT70_003045,test,ego: lateral,3045,3131,37,50,87,3.7,5.0,8.7,,,,,,1
pQdl0apLT70_004341,test,other: leave_to_left,4341,4450,32,83,110,3.2,8.3,11.0,,,,,,1
pQdl0apLT70_004600,test,ego: oncoming,4600,4680,33,52,81,3.3,5.2,8.1,,,,,,1
pQdl0apLT70_004976,test,ego: oncoming,4976,5066,40,76,91,4.0,7.6,9.1,,,,,,1
pWZSG2cUdEo_000392,test,ego: leave_to_left,392,463,16,38,72,1.6,3.8,7.2,,,,,,1
pWZSG2cUdEo_000597,test,ego: leave_to_left,597,718,57,99,122,5.7,9.9,12.2,,,,,,1
pWZSG2cUdEo_001061,test,ego: moving_ahead_or_waiting,1061,1137,28,41,77,2.8,4.1,7.7,,,,,,1
pWZSG2cUdEo_001422,test,ego: pedestrian,1422,1518,39,49,97,3.9,4.9,9.7,,,,,,1
pWZSG2cUdEo_001753,test,ego: obstacle,1753,1887,60,93,135,6.0,9.3,13.5,,,,,,1
pWZSG2cUdEo_002536,test,other: lateral,2536,2625,44,77,90,4.4,7.7,9.0,,,,,,1
pWZSG2cUdEo_002627,test,ego: lateral,2627,2828,48,75,202,4.8,7.5,20.2,,,,,,1
pWZSG2cUdEo_003185,test,ego: turning,3185,3285,28,69,101,2.8,6.9,10.1,,,,,,1
pWZSG2cUdEo_003288,test,ego: turning,3288,3361,34,48,74,3.4,4.8,7.4,,,,,,1
pWZSG2cUdEo_003625,test,other: lateral,3625,3795,19,27,171,1.9,2.7,17.1,,,,,,1
pWZSG2cUdEo_003797,test,ego: moving_ahead_or_waiting,3797,3822,19,26,26,1.9,2.6,2.6,,,,,,1
qYonJ4w6SZs_000191,test,ego: turning,191,330,76,108,140,7.6,10.8,14.0,,,,,,1
qYonJ4w6SZs_000332,test,ego: turning,332,427,21,62,96,2.1,6.2,9.6,,,,,,1
qYonJ4w6SZs_002152,test,ego: unknown,2152,2251,38,78,100,3.8,7.8,10.0,,,,,,1
qYonJ4w6SZs_002253,test,ego: lateral,2253,2391,43,84,139,4.3,8.4,13.9,,,,,,1
qYonJ4w6SZs_002805,test,other: turning,2805,2944,60,83,140,6.0,8.3,14.0,,,,,,1
qYonJ4w6SZs_003336,test,ego: oncoming,3336,3452,64,76,117,6.4,7.6,11.7,,,,,,1
qYonJ4w6SZs_003690,test,other: turning,3690,3778,31,69,89,3.1,6.9,8.9,,,,,,1
qYonJ4w6SZs_003780,test,other: turning,3780,3870,33,62,91,3.3,6.2,9.1,,,,,,1
qYonJ4w6SZs_004844,test,other: turning,4844,4932,39,62,89,3.9,6.2,8.9,,,,,,1
qYonJ4w6SZs_005160,test,ego: turning,5160,5258,36,61,99,3.6,6.1,9.9,,,,,,1
qYonJ4w6SZs_005724,test,other: leave_to_right,5724,5841,55,96,118,5.5,9.6,11.8,,,,,,1
qzMjfBx1KI0_000603,test,other: leave_to_right,603,714,35,56,112,3.5,5.6,11.2,,,,,,1
qzMjfBx1KI0_002475,test,ego: turning,2475,2533,25,46,59,2.5,4.6,5.9,,,,,,1
qzMjfBx1KI0_002785,test,ego: lateral,2785,2868,22,47,84,2.2,4.7,8.4,,,,,,1
qzMjfBx1KI0_003085,test,ego: leave_to_right,3085,3178,27,79,94,2.7,7.9,9.4,,,,,,1
qzMjfBx1KI0_004529,test,ego: turning,4529,4629,31,41,101,3.1,4.1,10.1,,,,,,1
qzMjfBx1KI0_005445,test,ego: obstacle,5445,5496,21,43,52,2.1,4.3,5.2,,,,,,1
r6_ZhT7rmhM_000324,test,ego: turning,324,434,54,77,111,5.4,7.7,11.1,,,,,,1
r6_ZhT7rmhM_000644,test,ego: turning,644,708,24,33,65,2.4,3.3,6.5,,,,,,1
r6_ZhT7rmhM_001168,test,ego: lateral,1168,1256,34,44,89,3.4,4.4,8.9,,,,,,1
r6_ZhT7rmhM_001434,test,ego: turning,1434,1521,31,60,88,3.1,6.0,8.8,,,,,,1
r6_ZhT7rmhM_001523,test,other: lateral,1523,1614,40,67,92,4.0,6.7,9.2,,,,,,1
r6_ZhT7rmhM_001724,test,ego: moving_ahead_or_waiting,1724,1795,18,35,72,1.8,3.5,7.2,,,,,,1
r6_ZhT7rmhM_002869,test,ego: leave_to_left,2869,2949,50,81,81,5.0,8.1,8.1,,,,,,1
r6_ZhT7rmhM_004507,test,other: turning,4507,4613,54,89,107,5.4,8.9,10.7,,,,,,1
r6_ZhT7rmhM_004807,test,other: turning,4807,4890,29,44,84,2.9,4.4,8.4,,,,,,1
ruiSuGHJf6Q_000075,test,ego: turning,75,189,59,96,115,5.9,9.6,11.5,,,,,,1
ruiSuGHJf6Q_000191,test,other: turning,191,269,42,66,79,4.2,6.6,7.9,,,,,,1
ruiSuGHJf6Q_000271,test,ego: turning,271,369,54,73,99,5.4,7.3,9.9,,,,,,1
ruiSuGHJf6Q_000771,test,other: obstacle,771,879,38,71,109,3.8,7.1,10.9,,,,,,1
ruiSuGHJf6Q_001131,test,other: turning,1131,1229,42,69,99,4.2,6.9,9.9,,,,,,1
ruiSuGHJf6Q_001501,test,ego: turning,1501,1639,85,109,139,8.5,10.9,13.9,,,,,,1
ruiSuGHJf6Q_003009,test,other: leave_to_right,3009,3217,44,155,209,4.4,15.5,20.9,,,,,,1
ruiSuGHJf6Q_004479,test,other: oncoming,4479,4558,44,60,80,4.4,6.0,8.0,,,,,,1
ruiSuGHJf6Q_005729,test,ego: lateral,5729,5877,108,126,149,10.8,12.6,14.9,,,,,,1
sUbP4j8rAic_000075,test,ego: turning,75,170,47,74,96,4.7,7.4,9.6,,,,,,1
sUbP4j8rAic_000820,test,other: turning,820,928,34,64,109,3.4,6.4,10.9,,,,,,1
sUbP4j8rAic_001450,test,other: start_stop_or_stationary,1450,1538,42,61,89,4.2,6.1,8.9,,,,,,1
sUbP4j8rAic_001540,test,other: leave_to_right,1540,1691,43,111,152,4.3,11.1,15.2,,,,,,1
sUbP4j8rAic_002038,test,other: oncoming,2038,2138,39,65,101,3.9,6.5,10.1,,,,,,1
sUbP4j8rAic_003555,test,other: start_stop_or_stationary,3555,3723,18,31,169,1.8,3.1,16.9,,,,,,1
sUbP4j8rAic_003725,test,ego: oncoming,3725,3777,43,53,53,4.3,5.3,5.3,,,,,,1
sUbP4j8rAic_004739,test,ego: turning,4739,4827,33,60,89,3.3,6.0,8.9,,,,,,1
sUbP4j8rAic_005029,test,ego: leave_to_left,5029,5124,39,86,96,3.9,8.6,9.6,,,,,,1
sUbP4j8rAic_005473,test,other: leave_to_right,5473,5556,35,53,84,3.5,5.3,8.4,,,,,,1
sdqIDbZJfy0_001380,test,other: moving_ahead_or_waiting,1380,1489,31,44,110,3.1,4.4,11.0,,,,,,1
sdqIDbZJfy0_001846,test,ego: lateral,1846,1970,44,99,125,4.4,9.9,12.5,,,,,,1
sdqIDbZJfy0_002337,test,other: turning,2337,2449,35,52,113,3.5,5.2,11.3,,,,,,1
sdqIDbZJfy0_002811,test,ego: oncoming,2811,2949,61,103,139,6.1,10.3,13.9,,,,,,1
t4Cvbdtebk0_000195,test,ego: lateral,195,343,27,134,149,2.7,13.4,14.9,,,,,,1
t4Cvbdtebk0_000345,test,ego: turning,345,443,39,80,99,3.9,8.0,9.9,,,,,,1
t4Cvbdtebk0_001121,test,ego: turning,1121,1260,45,77,140,4.5,7.7,14.0,,,,,,1
t4Cvbdtebk0_001262,test,other: turning,1262,1383,37,77,122,3.7,7.7,12.2,,,,,,1
t4Cvbdtebk0_002644,test,ego: moving_ahead_or_waiting,2644,2880,103,119,237,10.3,11.9,23.7,,,,,,1
t4Cvbdtebk0_003004,test,ego: obstacle,3004,3094,40,63,91,4.0,6.3,9.1,,,,,,1
t4Cvbdtebk0_003225,test,ego: oncoming,3225,3276,44,52,52,4.4,5.2,5.2,,,,,,1
t4Cvbdtebk0_003315,test,other: turning,3315,3403,28,47,89,2.8,4.7,8.9,,,,,,1
t4Cvbdtebk0_003405,test,ego: oncoming,3405,3503,46,80,99,4.6,8.0,9.9,,,,,,1
t4Cvbdtebk0_003795,test,other: turning,3795,3933,31,53,139,3.1,5.3,13.9,,,,,,1
t4Cvbdtebk0_004215,test,ego: lateral,4215,4323,43,85,109,4.3,8.5,10.9,,,,,,1
t4Cvbdtebk0_004325,test,ego: obstacle,4325,4504,76,96,180,7.6,9.6,18.0,,,,,,1
t4Cvbdtebk0_004794,test,other: lateral,4794,4946,106,114,153,10.6,11.4,15.3,,,,,,1
t4Cvbdtebk0_005158,test,ego: leave_to_left,5158,5441,140,228,284,14.0,22.8,28.4,,,,,,1
t_bCDlNOhJc_000341,test,other: turning,341,429,29,54,89,2.9,5.4,8.9,,,,,,1
t_bCDlNOhJc_000741,test,other: turning,741,840,27,58,100,2.7,5.8,10.0,,,,,,1
t_bCDlNOhJc_002483,test,other: leave_to_right,2483,2591,32,74,109,3.2,7.4,10.9,,,,,,1
t_bCDlNOhJc_003675,test,other: moving_ahead_or_waiting,3675,3813,62,99,139,6.2,9.9,13.9,,,,,,1
t_bCDlNOhJc_003913,test,other: turning,3913,4061,94,109,149,9.4,10.9,14.9,,,,,,1
t_bCDlNOhJc_004063,test,other: turning,4063,4163,35,74,101,3.5,7.4,10.1,,,,,,1
t_bCDlNOhJc_004355,test,other: lateral,4355,4473,41,57,119,4.1,5.7,11.9,,,,,,1
t_bCDlNOhJc_004475,test,ego: lateral,4475,4664,59,151,190,5.9,15.1,19.0,,,,,,1
u33fdjUY_Iw_000076,test,ego: lateral,76,124,38,48,49,3.8,4.8,4.9,,,,,,1
u33fdjUY_Iw_001302,test,other: lateral,1302,1509,103,192,208,10.3,19.2,20.8,,,,,,1
u33fdjUY_Iw_001511,test,ego: turning,1511,1591,39,67,81,3.9,6.7,8.1,,,,,,1
u33fdjUY_Iw_001746,test,ego: turning,1746,1873,31,64,128,3.1,6.4,12.8,,,,,,1
u33fdjUY_Iw_002019,test,ego: moving_ahead_or_waiting,2019,2130,43,107,112,4.3,10.7,11.2,,,,,,1
u33fdjUY_Iw_002325,test,other: oncoming,2325,2423,46,63,99,4.6,6.3,9.9,,,,,,1
u33fdjUY_Iw_003228,test,other: moving_ahead_or_waiting,3228,3378,38,108,151,3.8,10.8,15.1,,,,,,1
u33fdjUY_Iw_005106,test,other: pedestrian,5106,5265,14,50,160,1.4,5.0,16.0,,,,,,1
uFwnmh0GpBo_000291,test,other: turning,291,489,150,167,199,15.0,16.7,19.9,,,,,,1
uFwnmh0GpBo_001232,test,other: turning,1232,1330,57,76,99,5.7,7.6,9.9,,,,,,1
uFwnmh0GpBo_002529,test,ego: lateral,2529,2667,86,105,139,8.6,10.5,13.9,,,,,,1
uFwnmh0GpBo_003026,test,other: turning,3026,3114,35,58,89,3.5,5.8,8.9,,,,,,1
uFwnmh0GpBo_004489,test,other: lateral,4489,4607,41,60,119,4.1,6.0,11.9,,,,,,1
uFwnmh0GpBo_004979,test,ego: leave_to_left,4979,5087,38,93,109,3.8,9.3,10.9,,,,,,1
uFwnmh0GpBo_005400,test,other: turning,5400,5488,27,52,89,2.7,5.2,8.9,,,,,,1
uFwnmh0GpBo_005710,test,other: leave_to_right,5710,5892,30,140,183,3.0,14.0,18.3,,,,,,1
uO2zGO5ydBc_000547,test,ego: leave_to_left,547,609,10,31,63,1.0,3.1,6.3,,,,,,1
uO2zGO5ydBc_000906,test,ego: turning,906,984,21,39,79,2.1,3.9,7.9,,,,,,1
uO2zGO5ydBc_002272,test,ego: oncoming,2272,2349,32,71,78,3.2,7.1,7.8,,,,,,1
uO2zGO5ydBc_002351,test,ego: lateral,2351,2531,76,138,181,7.6,13.8,18.1,,,,,,1
uO2zGO5ydBc_002533,test,other: turning,2533,2588,28,45,56,2.8,4.5,5.6,,,,,,1
uO2zGO5ydBc_002651,test,ego: obstacle,2651,2718,25,53,68,2.5,5.3,6.8,,,,,,1
uO2zGO5ydBc_003373,test,ego: obstacle,3373,3460,17,53,88,1.7,5.3,8.8,,,,,,1
uO2zGO5ydBc_003726,test,ego: turning,3726,3792,18,41,67,1.8,4.1,6.7,,,,,,1
uO2zGO5ydBc_004625,test,ego: lateral,4625,4700,14,46,76,1.4,4.6,7.6,,,,,,1
uO2zGO5ydBc_004956,test,other: moving_ahead_or_waiting,4956,5035,46,57,80,4.6,5.7,8.0,,,,,,1
ujVRDgGVzlQ_002028,test,ego: lateral,2028,2148,40,65,121,4.0,6.5,12.1,,,,,,1
ujVRDgGVzlQ_002385,test,ego: turning,2385,2468,32,45,84,3.2,4.5,8.4,,,,,,1
ujVRDgGVzlQ_002689,test,ego: moving_ahead_or_waiting,2689,2775,37,65,87,3.7,6.5,8.7,,,,,,1
ujVRDgGVzlQ_003036,test,ego: moving_ahead_or_waiting,3036,3140,60,74,105,6.0,7.4,10.5,,,,,,1
ujVRDgGVzlQ_003437,test,ego: oncoming,3437,3545,30,62,109,3.0,6.2,10.9,,,,,,1
ujVRDgGVzlQ_003547,test,ego: oncoming,3547,3625,30,59,79,3.0,5.9,7.9,,,,,,1
ujVRDgGVzlQ_003987,test,ego: moving_ahead_or_waiting,3987,4097,54,79,111,5.4,7.9,11.1,,,,,,1
ujVRDgGVzlQ_005123,test,other: leave_to_left,5123,5194,29,58,72,2.9,5.8,7.2,,,,,,1
ujVRDgGVzlQ_005768,test,other: lateral,5768,5854,36,57,87,3.6,5.7,8.7,,,,,,1
vZSr9dhRxlE_000175,test,other: turning,175,333,43,78,159,4.3,7.8,15.9,,,,,,1
vZSr9dhRxlE_002810,test,ego: lateral,2810,2900,31,56,91,3.1,5.6,9.1,,,,,,1
vZSr9dhRxlE_004531,test,ego: turning,4531,4587,18,35,57,1.8,3.5,5.7,,,,,,1
vdLn-qswnRo_000604,test,other: lateral,604,676,1,35,73,0.1,3.5,7.3,,,,,,1
vdLn-qswnRo_001232,test,ego: turning,1232,1331,43,62,100,4.3,6.2,10.0,,,,,,1
vdLn-qswnRo_001333,test,other: obstacle,1333,1409,26,39,77,2.6,3.9,7.7,,,,,,1
vdLn-qswnRo_001505,test,other: turning,1505,1609,27,48,105,2.7,4.8,10.5,,,,,,1
vdLn-qswnRo_001707,test,other: moving_ahead_or_waiting,1707,1845,36,56,139,3.6,5.6,13.9,,,,,,1
vdLn-qswnRo_002457,test,ego: lateral,2457,2569,31,72,113,3.1,7.2,11.3,,,,,,1
vdLn-qswnRo_004325,test,ego: turning,4325,4415,1,39,91,0.1,3.9,9.1,,,,,,1
vdLn-qswnRo_004417,test,ego: lateral,4417,4488,39,62,72,3.9,6.2,7.2,,,,,,1
vdLn-qswnRo_004935,test,ego: turning,4935,5033,51,61,99,5.1,6.1,9.9,,,,,,1
vdLn-qswnRo_005642,test,ego: turning,5642,5724,16,66,83,1.6,6.6,8.3,,,,,,1
xToi8YVZM8o_000951,test,ego: leave_to_left,951,1069,37,101,119,3.7,10.1,11.9,,,,,,1
xToi8YVZM8o_001071,test,ego: leave_to_left,1071,1198,49,116,128,4.9,11.6,12.8,,,,,,1
xToi8YVZM8o_003151,test,other: pedestrian,3151,3299,43,62,149,4.3,6.2,14.9,,,,,,1
xToi8YVZM8o_003642,test,ego: moving_ahead_or_waiting,3642,3750,27,90,109,2.7,9.0,10.9,,,,,,1
xToi8YVZM8o_003752,test,ego: moving_ahead_or_waiting,3752,3840,35,54,89,3.5,5.4,8.9,,,,,,1
xVfPBzDnI2Q_000992,test,ego: lateral,992,1105,42,88,114,4.2,8.8,11.4,,,,,,1
xVfPBzDnI2Q_001107,test,ego: turning,1107,1187,37,47,81,3.7,4.7,8.1,,,,,,1
xVfPBzDnI2Q_001454,test,ego: turning,1454,1527,17,32,74,1.7,3.2,7.4,,,,,,1
xVfPBzDnI2Q_002332,test,ego: lateral,2332,2420,39,43,89,3.9,4.3,8.9,,,,,,1
xVfPBzDnI2Q_002819,test,ego: pedestrian,2819,2896,20,31,78,2.0,3.1,7.8,,,,,,1
xVfPBzDnI2Q_005805,test,ego: lateral,5805,5913,14,36,109,1.4,3.6,10.9,,,,,,1
xjbbH74SwTg_000321,test,ego: lateral,321,409,42,68,89,4.2,6.8,8.9,,,,,,1
xjbbH74SwTg_000512,test,other: turning,512,630,69,89,119,6.9,8.9,11.9,,,,,,1
xjbbH74SwTg_001419,test,other: turning,1419,1507,30,51,89,3.0,5.1,8.9,,,,,,1
xjbbH74SwTg_002050,test,other: turning,2050,2138,41,53,89,4.1,5.3,8.9,,,,,,1
xjbbH74SwTg_002647,test,ego: turning,2647,2724,67,78,78,6.7,7.8,7.8,,,,,,1
xjbbH74SwTg_002977,test,other: leave_to_right,2977,3055,41,55,79,4.1,5.5,7.9,,,,,,1
xjbbH74SwTg_004466,test,other: oncoming,4466,4534,31,47,69,3.1,4.7,6.9,,,,,,1
xjbbH74SwTg_004536,test,other: turning,4536,4624,34,58,89,3.4,5.8,8.9,,,,,,1
xjbbH74SwTg_004766,test,other: lateral,4766,4865,48,72,100,4.8,7.2,10.0,,,,,,1
xpOyD-qrQUw_000236,test,ego: turning,236,334,49,82,99,4.9,8.2,9.9,,,,,,1
xpOyD-qrQUw_000470,test,ego: lateral,470,580,31,45,111,3.1,4.5,11.1,,,,,,1
xpOyD-qrQUw_000890,test,ego: turning,890,982,40,69,93,4.0,6.9,9.3,,,,,,1
xpOyD-qrQUw_002724,test,other: lateral,2724,2805,11,27,82,1.1,2.7,8.2,,,,,,1
xpOyD-qrQUw_002906,test,ego: moving_ahead_or_waiting,2906,3001,38,58,96,3.8,5.8,9.6,,,,,,1
xpOyD-qrQUw_003374,test,other: turning,3374,3461,51,67,88,5.1,6.7,8.8,,,,,,1
xpOyD-qrQUw_004619,test,ego: turning,4619,4672,40,54,54,4.0,5.4,5.4,,,,,,1
xpOyD-qrQUw_004837,test,ego: moving_ahead_or_waiting,4837,4894,20,34,58,2.0,3.4,5.8,,,,,,1
xpOyD-qrQUw_005108,test,other: turning,5108,5172,14,40,65,1.4,4.0,6.5,,,,,,1
y1vGuUK0db4_000230,test,ego: moving_ahead_or_waiting,230,318,26,59,89,2.6,5.9,8.9,,,,,,1
y1vGuUK0db4_001096,test,ego: turning,1096,1186,19,77,91,1.9,7.7,9.1,,,,,,1
y1vGuUK0db4_001404,test,other: lateral,1404,1542,47,77,139,4.7,7.7,13.9,,,,,,1
y1vGuUK0db4_002066,test,ego: moving_ahead_or_waiting,2066,2169,19,34,104,1.9,3.4,10.4,,,,,,1
y1vGuUK0db4_002278,test,ego: moving_ahead_or_waiting,2278,2358,24,49,81,2.4,4.9,8.1,,,,,,1
y1vGuUK0db4_002468,test,ego: turning,2468,2567,44,73,100,4.4,7.3,10.0,,,,,,1
y1vGuUK0db4_002709,test,ego: leave_to_right,2709,2812,43,66,104,4.3,6.6,10.4,,,,,,1
y1vGuUK0db4_003670,test,other: leave_to_right,3670,3777,26,65,108,2.6,6.5,10.8,,,,,,1
y1vGuUK0db4_004216,test,ego: lateral,4216,4303,27,45,88,2.7,4.5,8.8,,,,,,1
y1vGuUK0db4_004305,test,ego: moving_ahead_or_waiting,4305,4388,32,50,84,3.2,5.0,8.4,,,,,,1
y1vGuUK0db4_004495,test,ego: turning,4495,4572,22,41,78,2.2,4.1,7.8,,,,,,1
y1vGuUK0db4_005716,test,other: lateral,5716,5888,20,53,173,2.0,5.3,17.3,,,,,,1
y4Evv5By6sg_001536,test,ego: oncoming,1536,1576,34,41,41,3.4,4.1,4.1,,,,,,1
y4Evv5By6sg_004171,test,ego: leave_to_right,4171,4264,8,82,94,0.8,8.2,9.4,,,,,,1
y4Evv5By6sg_004266,test,other: oncoming,4266,4364,34,78,99,3.4,7.8,9.9,,,,,,1
y4Evv5By6sg_004366,test,ego: lateral,4366,4464,32,84,99,3.2,8.4,9.9,,,,,,1
y4Evv5By6sg_004695,test,other: turning,4695,4803,31,68,109,3.1,6.8,10.9,,,,,,1
y4Evv5By6sg_005070,test,other: leave_to_left,5070,5188,52,101,119,5.2,10.1,11.9,,,,,,1
y4Evv5By6sg_005190,test,ego: leave_to_left,5190,5317,38,111,128,3.8,11.1,12.8,,,,,,1
yB6fjM1UUC0_000241,test,other: turning,241,339,33,61,99,3.3,6.1,9.9,,,,,,1
yB6fjM1UUC0_000957,test,other: moving_ahead_or_waiting,957,1055,31,57,99,3.1,5.7,9.9,,,,,,1
yB6fjM1UUC0_001177,test,other: moving_ahead_or_waiting,1177,1295,29,49,119,2.9,4.9,11.9,,,,,,1
yB6fjM1UUC0_001713,test,other: turning,1713,1807,21,65,95,2.1,6.5,9.5,,,,,,1
yhtzAKqRyXw_000209,test,other: turning,209,326,19,37,118,1.9,3.7,11.8,,,,,,1
yhtzAKqRyXw_000506,test,ego: moving_ahead_or_waiting,506,607,22,63,102,2.2,6.3,10.2,,,,,,1
yhtzAKqRyXw_001192,test,other: leave_to_right,1192,1296,11,67,105,1.1,6.7,10.5,,,,,,1
yhtzAKqRyXw_001424,test,other: turning,1424,1492,25,40,69,2.5,4.0,6.9,,,,,,1
yhtzAKqRyXw_001494,test,ego: oncoming,1494,1648,57,86,155,5.7,8.6,15.5,,,,,,1
yhtzAKqRyXw_002226,test,other: leave_to_left,2226,2309,28,42,84,2.8,4.2,8.4,,,,,,1
yhtzAKqRyXw_002878,test,ego: lateral,2878,2992,10,57,115,1.0,5.7,11.5,,,,,,1
yhtzAKqRyXw_003574,test,ego: turning,3574,3657,25,42,84,2.5,4.2,8.4,,,,,,1
yhtzAKqRyXw_004036,test,other: leave_to_left,4036,4169,15,72,134,1.5,7.2,13.4,,,,,,1
yhtzAKqRyXw_004362,test,other: lateral,4362,4478,43,68,117,4.3,6.8,11.7,,,,,,1
yhtzAKqRyXw_004558,test,ego: turning,4558,4641,30,47,84,3.0,4.7,8.4,,,,,,1
yhtzAKqRyXw_004643,test,ego: turning,4643,4731,28,52,89,2.8,5.2,8.9,,,,,,1
yhtzAKqRyXw_004733,test,other: turning,4733,4809,16,56,77,1.6,5.6,7.7,,,,,,1
yhtzAKqRyXw_004811,test,other: start_stop_or_stationary,4811,4934,52,86,124,5.2,8.6,12.4,,,,,,1
yhtzAKqRyXw_004936,test,ego: moving_ahead_or_waiting,4936,5036,22,49,101,2.2,4.9,10.1,,,,,,1
yhtzAKqRyXw_005038,test,ego: oncoming,5038,5112,34,42,75,3.4,4.2,7.5,,,,,,1
yr0gNIxRluE_000613,test,ego: leave_to_right,613,721,52,88,109,5.2,8.8,10.9,,,,,,1
yr0gNIxRluE_000723,test,other: lateral,723,872,24,46,150,2.4,4.6,15.0,,,,,,1
yr0gNIxRluE_001170,test,other: turning,1170,1273,64,74,104,6.4,7.4,10.4,,,,,,1
yr0gNIxRluE_001361,test,other: turning,1361,1494,43,94,134,4.3,9.4,13.4,,,,,,1
yr0gNIxRluE_003972,test,other: oncoming,3972,4061,20,38,90,2.0,3.8,9.0,,,,,,1
zRZ9PJguIfE_000193,test,other: lateral,193,351,65,159,159,6.5,15.9,15.9,,,,,,1
zRZ9PJguIfE_000455,test,ego: turning,455,553,65,96,99,6.5,9.6,9.9,,,,,,1
zRZ9PJguIfE_000735,test,other: moving_ahead_or_waiting,735,834,36,51,100,3.6,5.1,10.0,,,,,,1
zRZ9PJguIfE_000836,test,ego: moving_ahead_or_waiting,836,934,31,49,99,3.1,4.9,9.9,,,,,,1
zRZ9PJguIfE_002271,test,other: oncoming,2271,2409,57,66,139,5.7,6.6,13.9,,,,,,1
zRZ9PJguIfE_003237,test,other: start_stop_or_stationary,3237,3462,48,66,226,4.8,6.6,22.6,,,,,,1
zRZ9PJguIfE_003464,test,other: leave_to_right,3464,3562,39,75,99,3.9,7.5,9.9,,,,,,1
zRZ9PJguIfE_003666,test,other: turning,3666,3764,42,58,99,4.2,5.8,9.9,,,,,,1
zRZ9PJguIfE_004415,test,other: leave_to_right,4415,4503,17,36,89,1.7,3.6,8.9,,,,,,1
zRZ9PJguIfE_004505,test,other: lateral,4505,4613,41,94,109,4.1,9.4,10.9,,,,,,1
